[     244ms] [VERBOSE] [DOM] Input elements should have autocomplete attributes (suggested: "current-password"): (More info: https://goo.gl/9p2vKq) %o @ http://127.0.0.1:4340/volumao-shampoo-250ml-ps-19629-321-p46389:0
[     244ms] [VERBOSE] [DOM] Input elements should have autocomplete attributes (suggested: "current-password"): (More info: https://goo.gl/9p2vKq) %o @ http://127.0.0.1:4340/volumao-shampoo-250ml-ps-19629-321-p46389:0
[   52711ms] [WARNING] Error with Feature-Policy header: Some features are specified in both Feature-Policy and Permissions-Policy header: payment, fullscreen, microphone, camera. Values defined in Permissions-Policy header will be used. @ :0
[   53315ms] [ERROR] Failed to load resource: the server responded with a status of 500 () @ https://fonts.cdnfonts.com/css/leelawade:0
[   53595ms] [ERROR] Failed to load resource: the server responded with a status of 404 () @ https://lolacosmetics.admin.linxcommerce.com.br/Custom/Content/Themes/Lola/Styles/Fonts/FontAwesome/all.css:0
[   54139ms] [LOG] Banner não encontrado: banner-232 @ https://d1hjvew1n9ss7u.cloudfront.net/asset.axd?id=PAEAAB-LCAAAAAAAAAOtj0EPwUAQhf-KzLnsKqu64iBu4oSbOKzt0G2qKztTkQi_3abi6Ob43vfem8wDLIMGxjuLytwM2eCuPOvZ0gRCnrd86k8hgSaGNr5llFE40CdTEyZQXKP_EtuuRREhaA5tJLcIJqM8VSqfZlIO1VilWRYT9puwhStAjyZqIKM4fm1HoPeP333qLi5bYn8RS98wNix2JV6QxNrXRizOwRRGrLbi88ygIngm_1k8YzCOusXD8w1y8dfTPAEAAA%3d%3d:754
[   54143ms] [LOG] [Debug Carrinho] Polling ativo @ https://d1hjvew1n9ss7u.cloudfront.net/asset.axd?id=PAEAAB-LCAAAAAAAAAOtj0EPwUAQhf-KzLnsKqu64iBu4oSbOKzt0G2qKztTkQi_3abi6Ob43vfem8wDLIMGxjuLytwM2eCuPOvZ0gRCnrd86k8hgSaGNr5llFE40CdTEyZQXKP_EtuuRREhaA5tJLcIJqM8VSqfZlIO1VilWRYT9puwhStAjyZqIKM4fm1HoPeP333qLi5bYn8RS98wNix2JV6QxNrXRizOwRRGrLbi88ygIngm_1k8YzCOusXD8w1y8dfTPAEAAA%3d%3d:1790
[   54221ms] [LOG] categoria @ https://d1hjvew1n9ss7u.cloudfront.net/asset.axd?id=PAEAAB-LCAAAAAAAAAOtj0EPwUAQhf-KzLnsKqu64iBu4oSbOKzt0G2qKztTkQi_3abi6Ob43vfem8wDLIMGxjuLytwM2eCuPOvZ0gRCnrd86k8hgSaGNr5llFE40CdTEyZQXKP_EtuuRREhaA5tJLcIJqM8VSqfZlIO1VilWRYT9puwhStAjyZqIKM4fm1HoPeP333qLi5bYn8RS98wNix2JV6QxNrXRizOwRRGrLbi88ygIngm_1k8YzCOusXD8w1y8dfTPAEAAA%3d%3d:1
[   54224ms] [WARNING] !! Há erros de scripts de terceiros !!
Por favor, contate a Empresa responsável pelo script.  @ https://d1hjvew1n9ss7u.cloudfront.net/assets/shjs.js?t=639255987001545277:0
[   54225ms] Uncaught Error: You must pass a string or Handlebars AST to Handlebars.compile. You passed null
    at e.compile (https://d1hjvew1n9ss7u.cloudfront.net/asset.axd?id=PAEAAB-LCAAAAAAAAAOtj0EPwUAQhf-KzLnsKqu64iBu4oSbOKzt0G2qKztTkQi_3abi6Ob43vfem8wDLIMGxjuLytwM2eCuPOvZ0gRCnrd86k8hgSaGNr5llFE40CdTEyZQXKP_EtuuRREhaA5tJLcIJqM8VSqfZlIO1VilWRYT9puwhStAjyZqIKM4fm1HoPeP333qLi5bYn8RS98wNix2JV6QxNrXRizOwRRGrLbi88ygIngm_1k8YzCOusXD8w1y8dfTPAEAAA%3d%3d:1794:49302)
    at i.compile (https://d1hjvew1n9ss7u.cloudfront.net/asset.axd?id=PAEAAB-LCAAAAAAAAAOtj0EPwUAQhf-KzLnsKqu64iBu4oSbOKzt0G2qKztTkQi_3abi6Ob43vfem8wDLIMGxjuLytwM2eCuPOvZ0gRCnrd86k8hgSaGNr5llFE40CdTEyZQXKP_EtuuRREhaA5tJLcIJqM8VSqfZlIO1VilWRYT9puwhStAjyZqIKM4fm1HoPeP333qLi5bYn8RS98wNix2JV6QxNrXRizOwRRGrLbi88ygIngm_1k8YzCOusXD8w1y8dfTPAEAAA%3d%3d:1794:343)
    at renderBasket (https://d1hjvew1n9ss7u.cloudfront.net/asset.axd?id=PAEAAB-LCAAAAAAAAAOtj0EPwUAQhf-KzLnsKqu64iBu4oSbOKzt0G2qKztTkQi_3abi6Ob43vfem8wDLIMGxjuLytwM2eCuPOvZ0gRCnrd86k8hgSaGNr5llFE40CdTEyZQXKP_EtuuRREhaA5tJLcIJqM8VSqfZlIO1VilWRYT9puwhStAjyZqIKM4fm1HoPeP333qLi5bYn8RS98wNix2JV6QxNrXRizOwRRGrLbi88ygIngm_1k8YzCOusXD8w1y8dfTPAEAAA%3d%3d:29:27)
    at <anonymous> (https://d1hjvew1n9ss7u.cloudfront.net/asset.axd?id=PAEAAB-LCAAAAAAAAAOtj0EPwUAQhf-KzLnsKqu64iBu4oSbOKzt0G2qKztTkQi_3abi6Ob43vfem8wDLIMGxjuLytwM2eCuPOvZ0gRCnrd86k8hgSaGNr5llFE40CdTEyZQXKP_EtuuRREhaA5tJLcIJqM8VSqfZlIO1VilWRYT9puwhStAjyZqIKM4fm1HoPeP333qLi5bYn8RS98wNix2JV6QxNrXRizOwRRGrLbi88ygIngm_1k8YzCOusXD8w1y8dfTPAEAAA%3d%3d:220:1)
    at f (https://d1hjvew1n9ss7u.cloudfront.net/assets/shjs.js?t=639255987001545277:0:10382)
    at fireWith (https://d1hjvew1n9ss7u.cloudfront.net/assets/shjs.js?t=639255987001545277:0:11137)
    at ready (https://d1hjvew1n9ss7u.cloudfront.net/assets/shjs.js?t=639255987001545277:0:5238)
    at r (https://d1hjvew1n9ss7u.cloudfront.net/assets/shjs.js?t=639255987001545277:0:9748)
[   54232ms] [VERBOSE] [DOM] Input elements should have autocomplete attributes (suggested: "current-password"): (More info: https://goo.gl/9p2vKq) %o @ https://www.lolacosmetics.com.br/kits:0
[   54233ms] [VERBOSE] [DOM] Input elements should have autocomplete attributes (suggested: "current-password"): (More info: https://goo.gl/9p2vKq) %o @ https://www.lolacosmetics.com.br/kits:0
[   54598ms] [ERROR] Failed to load resource: net::ERR_NAME_NOT_RESOLVED @ https://event.getblue.io/js/blue-tag.min.js:0
[   54773ms] [LOG] AffiseStorage availability: {cookie: true, localStorage: true, sessionStorage: true} @ https://rankmediabrasil.g2afse.com/websdk.js:0
[   54774ms] [LOG] Status RNK Media - ClickId: null UTM: null @ :3
[   55187ms] [WARNING] [Meta Pixel] - Invalid parameter format for currency. Please refer https://developers.facebook.com/docs/meta-pixel/reference/ for valid parameter specifications. @ https://connect.facebook.net/en_US/fbevents.js:203
[   55551ms] [INFO] É necessário definir o storeID no Plugin TrustVox @ https://d1hjvew1n9ss7u.cloudfront.net/asset.axd?id=_woAAB-LCAAAAAAAAAO9lsFunDAQhl-l4rw122w3m1D1lEfooYeqh8HMgrNgW_aYDYrSZ--EaFVgIZWK1aP9__b3Y3uwnxNJSZYQPlH6CC146ZSlLx9kBc4jfQ10_HiXbBLNpu-qKJG23FJJdoTa4yYpLAu_0m_9MM8SJhm5wErLwu3u_ma_v787bLef9p_3N4cDO-TFIQtVJNnudi-23Mgv3con2Y_n5fG-Jz4ET6ZJH4wm1JS-ZfOpamzgYKJBgkuq9FyIYb949MnL5l8JpTFljQI01B0p6YeUqbaO5DtP2AiHEizxhoh2N4TNyOt41pmj4vi1KZUekkZCRIYwEKhaJvVyHN4Za2kaFL4y1qKbY04s67i5M2evdCkkEJbGdQ3qMKTOGlZ_axEkCY_g5HRZB8o6iqxQnkwgkYM_Ic8ZmgZcVyEU43V917guA8_DM76uXg5aj7FTbR3pCJKjU2f5TGKL9ajcr8R4LOVpicRSDE7pTLDXjL470tkvneLflHE03qE5Pc7Jr5XmOla-mq7frCEis8FCgV8kvsnReaIFp4CU0X9F_3FGTMH3tafWPAkHrwW3mGHii5PAOiVxDtkLcRh56PJAZKa34Vj8DyyjUdZKntgUszanZXKtRqQtg1YxCuAXXfBQ8rtLSrQEenwuZg098-fLbwJGClv_CgAA:52
[   55739ms] Uncaught TypeError: Cannot read properties of undefined (reading 'replace')
    at validaFreteGratis (https://d1hjvew1n9ss7u.cloudfront.net/asset.axd?id=PAEAAB-LCAAAAAAAAAOtj0EPwUAQhf-KzLnsKqu64iBu4oSbOKzt0G2qKztTkQi_3abi6Ob43vfem8wDLIMGxjuLytwM2eCuPOvZ0gRCnrd86k8hgSaGNr5llFE40CdTEyZQXKP_EtuuRREhaA5tJLcIJqM8VSqfZlIO1VilWRYT9puwhStAjyZqIKM4fm1HoPeP333qLi5bYn8RS98wNix2JV6QxNrXRizOwRRGrLbi88ygIngm_1k8YzCOusXD8w1y8dfTPAEAAA%3d%3d:1:7633)
    at <anonymous> (https://d1hjvew1n9ss7u.cloudfront.net/asset.axd?id=PAEAAB-LCAAAAAAAAAOtj0EPwUAQhf-KzLnsKqu64iBu4oSbOKzt0G2qKztTkQi_3abi6Ob43vfem8wDLIMGxjuLytwM2eCuPOvZ0gRCnrd86k8hgSaGNr5llFE40CdTEyZQXKP_EtuuRREhaA5tJLcIJqM8VSqfZlIO1VilWRYT9puwhStAjyZqIKM4fm1HoPeP333qLi5bYn8RS98wNix2JV6QxNrXRizOwRRGrLbi88ygIngm_1k8YzCOusXD8w1y8dfTPAEAAA%3d%3d:1:49808)
    at dispatch (https://d1hjvew1n9ss7u.cloudfront.net/assets/shjs.js?t=639255987001545277:0:32701)
    at a (https://d1hjvew1n9ss7u.cloudfront.net/assets/shjs.js?t=639255987001545277:0:28480)
[   55565ms] [LOG] Banner não encontrado: banner-232 @ https://d1hjvew1n9ss7u.cloudfront.net/asset.axd?id=PAEAAB-LCAAAAAAAAAOtj0EPwUAQhf-KzLnsKqu64iBu4oSbOKzt0G2qKztTkQi_3abi6Ob43vfem8wDLIMGxjuLytwM2eCuPOvZ0gRCnrd86k8hgSaGNr5llFE40CdTEyZQXKP_EtuuRREhaA5tJLcIJqM8VSqfZlIO1VilWRYT9puwhStAjyZqIKM4fm1HoPeP333qLi5bYn8RS98wNix2JV6QxNrXRizOwRRGrLbi88ygIngm_1k8YzCOusXD8w1y8dfTPAEAAA%3d%3d:754
[   55660ms] [LOG] %c Widde Video Commerce %c v24604ee %c Build: 21/09/2026 20:39 %c border: 1px solid #2567f8; background: #2567f8; color: #fff; font-weight: bold; padding: 4px 8px; border-radius: 3px 0 0 0; border: 1px solid #2567f8; border-left: none; background: #FFF; color: #2567f8; font-weight: bold; padding: 4px 8px; border: 1px solid #2567f8; border-left: none; background: #f0f0f0; color: #333; font-weight: bold; padding: 4px 8px; border-radius: 0 3px 3px 0; background: transparent @ https://cdn.widde.io/assets/main.utzwjalemu.js:0
[   55773ms] [LOG] %c Tryon Widde.io %c %s %c border: 1px solid #2567f8; background: #2567f8; color: #fff; font-weight: bold; padding: 4px 8px; border-radius: 3px 0 0 3px; border: 1px solid #2567f8; background: #FFF; color: #2567f8; font-weight: bold; padding: 4px 8px; border-radius: 0 3px 3px 0; 47bf7c2 background: transparent @ https://cdn-tryon.widde.io/widde-tryon.js:86
[   55812ms] [LOG] [tryon-tracker] initialized {domain: www.lolacosmetics.com.br} @ https://cdn-tryon.widde.io/widde-tryon.js:8
[   63387ms] [WARNING] Error with Feature-Policy header: Some features are specified in both Feature-Policy and Permissions-Policy header: payment, fullscreen, microphone, camera. Values defined in Permissions-Policy header will be used. @ :0
[   64060ms] [ERROR] Failed to load resource: the server responded with a status of 500 () @ https://fonts.cdnfonts.com/css/leelawade:0
[   64483ms] [ERROR] Failed to load resource: the server responded with a status of 404 () @ https://lolacosmetics.admin.linxcommerce.com.br/Custom/Content/Themes/Lola/Styles/Fonts/FontAwesome/all.css:0
[   64543ms] [LOG] Banner não encontrado: banner-232 @ https://d1hjvew1n9ss7u.cloudfront.net/asset.axd?id=PAEAAB-LCAAAAAAAAAOtj0EPwUAQhf-KzLnsKqu64iBu4oSbOKzt0G2qKztTkQi_3abi6Ob43vfem8wDLIMGxjuLytwM2eCuPOvZ0gRCnrd86k8hgSaGNr5llFE40CdTEyZQXKP_EtuuRREhaA5tJLcIJqM8VSqfZlIO1VilWRYT9puwhStAjyZqIKM4fm1HoPeP333qLi5bYn8RS98wNix2JV6QxNrXRizOwRRGrLbi88ygIngm_1k8YzCOusXD8w1y8dfTPAEAAA%3d%3d:754
[   64545ms] [LOG] [Debug Carrinho] Polling ativo @ https://d1hjvew1n9ss7u.cloudfront.net/asset.axd?id=PAEAAB-LCAAAAAAAAAOtj0EPwUAQhf-KzLnsKqu64iBu4oSbOKzt0G2qKztTkQi_3abi6Ob43vfem8wDLIMGxjuLytwM2eCuPOvZ0gRCnrd86k8hgSaGNr5llFE40CdTEyZQXKP_EtuuRREhaA5tJLcIJqM8VSqfZlIO1VilWRYT9puwhStAjyZqIKM4fm1HoPeP333qLi5bYn8RS98wNix2JV6QxNrXRizOwRRGrLbi88ygIngm_1k8YzCOusXD8w1y8dfTPAEAAA%3d%3d:1790
[   64589ms] [LOG] categoria @ https://d1hjvew1n9ss7u.cloudfront.net/asset.axd?id=PAEAAB-LCAAAAAAAAAOtj0EPwUAQhf-KzLnsKqu64iBu4oSbOKzt0G2qKztTkQi_3abi6Ob43vfem8wDLIMGxjuLytwM2eCuPOvZ0gRCnrd86k8hgSaGNr5llFE40CdTEyZQXKP_EtuuRREhaA5tJLcIJqM8VSqfZlIO1VilWRYT9puwhStAjyZqIKM4fm1HoPeP333qLi5bYn8RS98wNix2JV6QxNrXRizOwRRGrLbi88ygIngm_1k8YzCOusXD8w1y8dfTPAEAAA%3d%3d:1
[   64590ms] [WARNING] !! Há erros de scripts de terceiros !!
Por favor, contate a Empresa responsável pelo script.  @ https://d1hjvew1n9ss7u.cloudfront.net/assets/shjs.js?t=639255987001545277:0
[   64592ms] Uncaught Error: You must pass a string or Handlebars AST to Handlebars.compile. You passed null
    at e.compile (https://d1hjvew1n9ss7u.cloudfront.net/asset.axd?id=PAEAAB-LCAAAAAAAAAOtj0EPwUAQhf-KzLnsKqu64iBu4oSbOKzt0G2qKztTkQi_3abi6Ob43vfem8wDLIMGxjuLytwM2eCuPOvZ0gRCnrd86k8hgSaGNr5llFE40CdTEyZQXKP_EtuuRREhaA5tJLcIJqM8VSqfZlIO1VilWRYT9puwhStAjyZqIKM4fm1HoPeP333qLi5bYn8RS98wNix2JV6QxNrXRizOwRRGrLbi88ygIngm_1k8YzCOusXD8w1y8dfTPAEAAA%3d%3d:1794:49302)
    at i.compile (https://d1hjvew1n9ss7u.cloudfront.net/asset.axd?id=PAEAAB-LCAAAAAAAAAOtj0EPwUAQhf-KzLnsKqu64iBu4oSbOKzt0G2qKztTkQi_3abi6Ob43vfem8wDLIMGxjuLytwM2eCuPOvZ0gRCnrd86k8hgSaGNr5llFE40CdTEyZQXKP_EtuuRREhaA5tJLcIJqM8VSqfZlIO1VilWRYT9puwhStAjyZqIKM4fm1HoPeP333qLi5bYn8RS98wNix2JV6QxNrXRizOwRRGrLbi88ygIngm_1k8YzCOusXD8w1y8dfTPAEAAA%3d%3d:1794:343)
    at renderBasket (https://d1hjvew1n9ss7u.cloudfront.net/asset.axd?id=PAEAAB-LCAAAAAAAAAOtj0EPwUAQhf-KzLnsKqu64iBu4oSbOKzt0G2qKztTkQi_3abi6Ob43vfem8wDLIMGxjuLytwM2eCuPOvZ0gRCnrd86k8hgSaGNr5llFE40CdTEyZQXKP_EtuuRREhaA5tJLcIJqM8VSqfZlIO1VilWRYT9puwhStAjyZqIKM4fm1HoPeP333qLi5bYn8RS98wNix2JV6QxNrXRizOwRRGrLbi88ygIngm_1k8YzCOusXD8w1y8dfTPAEAAA%3d%3d:29:27)
    at <anonymous> (https://d1hjvew1n9ss7u.cloudfront.net/asset.axd?id=PAEAAB-LCAAAAAAAAAOtj0EPwUAQhf-KzLnsKqu64iBu4oSbOKzt0G2qKztTkQi_3abi6Ob43vfem8wDLIMGxjuLytwM2eCuPOvZ0gRCnrd86k8hgSaGNr5llFE40CdTEyZQXKP_EtuuRREhaA5tJLcIJqM8VSqfZlIO1VilWRYT9puwhStAjyZqIKM4fm1HoPeP333qLi5bYn8RS98wNix2JV6QxNrXRizOwRRGrLbi88ygIngm_1k8YzCOusXD8w1y8dfTPAEAAA%3d%3d:220:1)
    at f (https://d1hjvew1n9ss7u.cloudfront.net/assets/shjs.js?t=639255987001545277:0:10382)
    at fireWith (https://d1hjvew1n9ss7u.cloudfront.net/assets/shjs.js?t=639255987001545277:0:11137)
    at ready (https://d1hjvew1n9ss7u.cloudfront.net/assets/shjs.js?t=639255987001545277:0:5238)
    at r (https://d1hjvew1n9ss7u.cloudfront.net/assets/shjs.js?t=639255987001545277:0:9748)
[   64595ms] [VERBOSE] [DOM] Input elements should have autocomplete attributes (suggested: "current-password"): (More info: https://goo.gl/9p2vKq) %o @ https://www.lolacosmetics.com.br/tratamentos:0
[   64595ms] [VERBOSE] [DOM] Input elements should have autocomplete attributes (suggested: "current-password"): (More info: https://goo.gl/9p2vKq) %o @ https://www.lolacosmetics.com.br/tratamentos:0
[   64677ms] [ERROR] Failed to load resource: net::ERR_NAME_NOT_RESOLVED @ https://event.getblue.io/js/blue-tag.min.js:0
[   64767ms] [LOG] AffiseStorage availability: {cookie: true, localStorage: true, sessionStorage: true} @ https://rankmediabrasil.g2afse.com/websdk.js:0
[   64768ms] [LOG] Status RNK Media - ClickId: null UTM: null @ :3
[   64864ms] [WARNING] [Meta Pixel] - Invalid parameter format for currency. Please refer https://developers.facebook.com/docs/meta-pixel/reference/ for valid parameter specifications. @ https://connect.facebook.net/en_US/fbevents.js:203
[   65129ms] [INFO] É necessário definir o storeID no Plugin TrustVox @ https://d1hjvew1n9ss7u.cloudfront.net/asset.axd?id=_woAAB-LCAAAAAAAAAO9lsFunDAQhl-l4rw122w3m1D1lEfooYeqh8HMgrNgW_aYDYrSZ--EaFVgIZWK1aP9__b3Y3uwnxNJSZYQPlH6CC146ZSlLx9kBc4jfQ10_HiXbBLNpu-qKJG23FJJdoTa4yYpLAu_0m_9MM8SJhm5wErLwu3u_ma_v787bLef9p_3N4cDO-TFIQtVJNnudi-23Mgv3con2Y_n5fG-Jz4ET6ZJH4wm1JS-ZfOpamzgYKJBgkuq9FyIYb949MnL5l8JpTFljQI01B0p6YeUqbaO5DtP2AiHEizxhoh2N4TNyOt41pmj4vi1KZUekkZCRIYwEKhaJvVyHN4Za2kaFL4y1qKbY04s67i5M2evdCkkEJbGdQ3qMKTOGlZ_axEkCY_g5HRZB8o6iqxQnkwgkYM_Ic8ZmgZcVyEU43V917guA8_DM76uXg5aj7FTbR3pCJKjU2f5TGKL9ajcr8R4LOVpicRSDE7pTLDXjL470tkvneLflHE03qE5Pc7Jr5XmOla-mq7frCEis8FCgV8kvsnReaIFp4CU0X9F_3FGTMH3tafWPAkHrwW3mGHii5PAOiVxDtkLcRh56PJAZKa34Vj8DyyjUdZKntgUszanZXKtRqQtg1YxCuAXXfBQ8rtLSrQEenwuZg098-fLbwJGClv_CgAA:52
[   65135ms] Uncaught TypeError: Cannot read properties of undefined (reading 'replace')
    at validaFreteGratis (https://d1hjvew1n9ss7u.cloudfront.net/asset.axd?id=PAEAAB-LCAAAAAAAAAOtj0EPwUAQhf-KzLnsKqu64iBu4oSbOKzt0G2qKztTkQi_3abi6Ob43vfem8wDLIMGxjuLytwM2eCuPOvZ0gRCnrd86k8hgSaGNr5llFE40CdTEyZQXKP_EtuuRREhaA5tJLcIJqM8VSqfZlIO1VilWRYT9puwhStAjyZqIKM4fm1HoPeP333qLi5bYn8RS98wNix2JV6QxNrXRizOwRRGrLbi88ygIngm_1k8YzCOusXD8w1y8dfTPAEAAA%3d%3d:1:7633)
    at <anonymous> (https://d1hjvew1n9ss7u.cloudfront.net/asset.axd?id=PAEAAB-LCAAAAAAAAAOtj0EPwUAQhf-KzLnsKqu64iBu4oSbOKzt0G2qKztTkQi_3abi6Ob43vfem8wDLIMGxjuLytwM2eCuPOvZ0gRCnrd86k8hgSaGNr5llFE40CdTEyZQXKP_EtuuRREhaA5tJLcIJqM8VSqfZlIO1VilWRYT9puwhStAjyZqIKM4fm1HoPeP333qLi5bYn8RS98wNix2JV6QxNrXRizOwRRGrLbi88ygIngm_1k8YzCOusXD8w1y8dfTPAEAAA%3d%3d:1:49808)
    at dispatch (https://d1hjvew1n9ss7u.cloudfront.net/assets/shjs.js?t=639255987001545277:0:32701)
    at a (https://d1hjvew1n9ss7u.cloudfront.net/assets/shjs.js?t=639255987001545277:0:28480)
[   65133ms] [LOG] Banner não encontrado: banner-232 @ https://d1hjvew1n9ss7u.cloudfront.net/asset.axd?id=PAEAAB-LCAAAAAAAAAOtj0EPwUAQhf-KzLnsKqu64iBu4oSbOKzt0G2qKztTkQi_3abi6Ob43vfem8wDLIMGxjuLytwM2eCuPOvZ0gRCnrd86k8hgSaGNr5llFE40CdTEyZQXKP_EtuuRREhaA5tJLcIJqM8VSqfZlIO1VilWRYT9puwhStAjyZqIKM4fm1HoPeP333qLi5bYn8RS98wNix2JV6QxNrXRizOwRRGrLbi88ygIngm_1k8YzCOusXD8w1y8dfTPAEAAA%3d%3d:754
[   65164ms] [LOG] %c Widde Video Commerce %c v24604ee %c Build: 21/09/2026 20:39 %c border: 1px solid #2567f8; background: #2567f8; color: #fff; font-weight: bold; padding: 4px 8px; border-radius: 3px 0 0 0; border: 1px solid #2567f8; border-left: none; background: #FFF; color: #2567f8; font-weight: bold; padding: 4px 8px; border: 1px solid #2567f8; border-left: none; background: #f0f0f0; color: #333; font-weight: bold; padding: 4px 8px; border-radius: 0 3px 3px 0; background: transparent @ https://cdn.widde.io/assets/main.utzwjalemu.js:0
[   65250ms] [LOG] %c Tryon Widde.io %c %s %c border: 1px solid #2567f8; background: #2567f8; color: #fff; font-weight: bold; padding: 4px 8px; border-radius: 3px 0 0 3px; border: 1px solid #2567f8; background: #FFF; color: #2567f8; font-weight: bold; padding: 4px 8px; border-radius: 0 3px 3px 0; 47bf7c2 background: transparent @ https://cdn-tryon.widde.io/widde-tryon.js:86
[   65265ms] [LOG] [tryon-tracker] initialized {domain: www.lolacosmetics.com.br} @ https://cdn-tryon.widde.io/widde-tryon.js:8
[   71870ms] [WARNING] Error with Feature-Policy header: Some features are specified in both Feature-Policy and Permissions-Policy header: payment, fullscreen, microphone, camera. Values defined in Permissions-Policy header will be used. @ :0
[   72409ms] [ERROR] Failed to load resource: the server responded with a status of 500 () @ https://fonts.cdnfonts.com/css/leelawade:0
[   72838ms] [ERROR] Failed to load resource: the server responded with a status of 404 () @ https://lolacosmetics.admin.linxcommerce.com.br/Custom/Content/Themes/Lola/Styles/Fonts/FontAwesome/all.css:0
[   72923ms] [LOG] Banner não encontrado: banner-232 @ https://d1hjvew1n9ss7u.cloudfront.net/asset.axd?id=PAEAAB-LCAAAAAAAAAOtj0EPwUAQhf-KzLnsKqu64iBu4oSbOKzt0G2qKztTkQi_3abi6Ob43vfem8wDLIMGxjuLytwM2eCuPOvZ0gRCnrd86k8hgSaGNr5llFE40CdTEyZQXKP_EtuuRREhaA5tJLcIJqM8VSqfZlIO1VilWRYT9puwhStAjyZqIKM4fm1HoPeP333qLi5bYn8RS98wNix2JV6QxNrXRizOwRRGrLbi88ygIngm_1k8YzCOusXD8w1y8dfTPAEAAA%3d%3d:754
[   72924ms] [LOG] [Debug Carrinho] Polling ativo @ https://d1hjvew1n9ss7u.cloudfront.net/asset.axd?id=PAEAAB-LCAAAAAAAAAOtj0EPwUAQhf-KzLnsKqu64iBu4oSbOKzt0G2qKztTkQi_3abi6Ob43vfem8wDLIMGxjuLytwM2eCuPOvZ0gRCnrd86k8hgSaGNr5llFE40CdTEyZQXKP_EtuuRREhaA5tJLcIJqM8VSqfZlIO1VilWRYT9puwhStAjyZqIKM4fm1HoPeP333qLi5bYn8RS98wNix2JV6QxNrXRizOwRRGrLbi88ygIngm_1k8YzCOusXD8w1y8dfTPAEAAA%3d%3d:1790
[   72961ms] [LOG] categoria @ https://d1hjvew1n9ss7u.cloudfront.net/asset.axd?id=PAEAAB-LCAAAAAAAAAOtj0EPwUAQhf-KzLnsKqu64iBu4oSbOKzt0G2qKztTkQi_3abi6Ob43vfem8wDLIMGxjuLytwM2eCuPOvZ0gRCnrd86k8hgSaGNr5llFE40CdTEyZQXKP_EtuuRREhaA5tJLcIJqM8VSqfZlIO1VilWRYT9puwhStAjyZqIKM4fm1HoPeP333qLi5bYn8RS98wNix2JV6QxNrXRizOwRRGrLbi88ygIngm_1k8YzCOusXD8w1y8dfTPAEAAA%3d%3d:1
[   72962ms] [WARNING] !! Há erros de scripts de terceiros !!
Por favor, contate a Empresa responsável pelo script.  @ https://d1hjvew1n9ss7u.cloudfront.net/assets/shjs.js?t=639255987001545277:0
[   72963ms] Uncaught Error: You must pass a string or Handlebars AST to Handlebars.compile. You passed null
    at e.compile (https://d1hjvew1n9ss7u.cloudfront.net/asset.axd?id=PAEAAB-LCAAAAAAAAAOtj0EPwUAQhf-KzLnsKqu64iBu4oSbOKzt0G2qKztTkQi_3abi6Ob43vfem8wDLIMGxjuLytwM2eCuPOvZ0gRCnrd86k8hgSaGNr5llFE40CdTEyZQXKP_EtuuRREhaA5tJLcIJqM8VSqfZlIO1VilWRYT9puwhStAjyZqIKM4fm1HoPeP333qLi5bYn8RS98wNix2JV6QxNrXRizOwRRGrLbi88ygIngm_1k8YzCOusXD8w1y8dfTPAEAAA%3d%3d:1794:49302)
    at i.compile (https://d1hjvew1n9ss7u.cloudfront.net/asset.axd?id=PAEAAB-LCAAAAAAAAAOtj0EPwUAQhf-KzLnsKqu64iBu4oSbOKzt0G2qKztTkQi_3abi6Ob43vfem8wDLIMGxjuLytwM2eCuPOvZ0gRCnrd86k8hgSaGNr5llFE40CdTEyZQXKP_EtuuRREhaA5tJLcIJqM8VSqfZlIO1VilWRYT9puwhStAjyZqIKM4fm1HoPeP333qLi5bYn8RS98wNix2JV6QxNrXRizOwRRGrLbi88ygIngm_1k8YzCOusXD8w1y8dfTPAEAAA%3d%3d:1794:343)
    at renderBasket (https://d1hjvew1n9ss7u.cloudfront.net/asset.axd?id=PAEAAB-LCAAAAAAAAAOtj0EPwUAQhf-KzLnsKqu64iBu4oSbOKzt0G2qKztTkQi_3abi6Ob43vfem8wDLIMGxjuLytwM2eCuPOvZ0gRCnrd86k8hgSaGNr5llFE40CdTEyZQXKP_EtuuRREhaA5tJLcIJqM8VSqfZlIO1VilWRYT9puwhStAjyZqIKM4fm1HoPeP333qLi5bYn8RS98wNix2JV6QxNrXRizOwRRGrLbi88ygIngm_1k8YzCOusXD8w1y8dfTPAEAAA%3d%3d:29:27)
    at <anonymous> (https://d1hjvew1n9ss7u.cloudfront.net/asset.axd?id=PAEAAB-LCAAAAAAAAAOtj0EPwUAQhf-KzLnsKqu64iBu4oSbOKzt0G2qKztTkQi_3abi6Ob43vfem8wDLIMGxjuLytwM2eCuPOvZ0gRCnrd86k8hgSaGNr5llFE40CdTEyZQXKP_EtuuRREhaA5tJLcIJqM8VSqfZlIO1VilWRYT9puwhStAjyZqIKM4fm1HoPeP333qLi5bYn8RS98wNix2JV6QxNrXRizOwRRGrLbi88ygIngm_1k8YzCOusXD8w1y8dfTPAEAAA%3d%3d:220:1)
    at f (https://d1hjvew1n9ss7u.cloudfront.net/assets/shjs.js?t=639255987001545277:0:10382)
    at fireWith (https://d1hjvew1n9ss7u.cloudfront.net/assets/shjs.js?t=639255987001545277:0:11137)
    at ready (https://d1hjvew1n9ss7u.cloudfront.net/assets/shjs.js?t=639255987001545277:0:5238)
    at r (https://d1hjvew1n9ss7u.cloudfront.net/assets/shjs.js?t=639255987001545277:0:9748)
[   72966ms] [VERBOSE] [DOM] Input elements should have autocomplete attributes (suggested: "current-password"): (More info: https://goo.gl/9p2vKq) %o @ https://www.lolacosmetics.com.br/tipos-de-cabelo:0
[   72966ms] [VERBOSE] [DOM] Input elements should have autocomplete attributes (suggested: "current-password"): (More info: https://goo.gl/9p2vKq) %o @ https://www.lolacosmetics.com.br/tipos-de-cabelo:0
[   72984ms] [ERROR] Failed to load resource: net::ERR_NAME_NOT_RESOLVED @ https://event.getblue.io/js/blue-tag.min.js:0
[   73127ms] [LOG] AffiseStorage availability: {cookie: true, localStorage: true, sessionStorage: true} @ https://rankmediabrasil.g2afse.com/websdk.js:0
[   73128ms] [LOG] Status RNK Media - ClickId: null UTM: null @ :3
[   73240ms] [WARNING] [Meta Pixel] - Invalid parameter format for currency. Please refer https://developers.facebook.com/docs/meta-pixel/reference/ for valid parameter specifications. @ https://connect.facebook.net/en_US/fbevents.js:203
[   73423ms] [INFO] É necessário definir o storeID no Plugin TrustVox @ https://d1hjvew1n9ss7u.cloudfront.net/asset.axd?id=_woAAB-LCAAAAAAAAAO9lsFunDAQhl-l4rw122w3m1D1lEfooYeqh8HMgrNgW_aYDYrSZ--EaFVgIZWK1aP9__b3Y3uwnxNJSZYQPlH6CC146ZSlLx9kBc4jfQ10_HiXbBLNpu-qKJG23FJJdoTa4yYpLAu_0m_9MM8SJhm5wErLwu3u_ma_v787bLef9p_3N4cDO-TFIQtVJNnudi-23Mgv3con2Y_n5fG-Jz4ET6ZJH4wm1JS-ZfOpamzgYKJBgkuq9FyIYb949MnL5l8JpTFljQI01B0p6YeUqbaO5DtP2AiHEizxhoh2N4TNyOt41pmj4vi1KZUekkZCRIYwEKhaJvVyHN4Za2kaFL4y1qKbY04s67i5M2evdCkkEJbGdQ3qMKTOGlZ_axEkCY_g5HRZB8o6iqxQnkwgkYM_Ic8ZmgZcVyEU43V917guA8_DM76uXg5aj7FTbR3pCJKjU2f5TGKL9ajcr8R4LOVpicRSDE7pTLDXjL470tkvneLflHE03qE5Pc7Jr5XmOla-mq7frCEis8FCgV8kvsnReaIFp4CU0X9F_3FGTMH3tafWPAkHrwW3mGHii5PAOiVxDtkLcRh56PJAZKa34Vj8DyyjUdZKntgUszanZXKtRqQtg1YxCuAXXfBQ8rtLSrQEenwuZg098-fLbwJGClv_CgAA:52
[   73430ms] Uncaught TypeError: Cannot read properties of undefined (reading 'replace')
    at validaFreteGratis (https://d1hjvew1n9ss7u.cloudfront.net/asset.axd?id=PAEAAB-LCAAAAAAAAAOtj0EPwUAQhf-KzLnsKqu64iBu4oSbOKzt0G2qKztTkQi_3abi6Ob43vfem8wDLIMGxjuLytwM2eCuPOvZ0gRCnrd86k8hgSaGNr5llFE40CdTEyZQXKP_EtuuRREhaA5tJLcIJqM8VSqfZlIO1VilWRYT9puwhStAjyZqIKM4fm1HoPeP333qLi5bYn8RS98wNix2JV6QxNrXRizOwRRGrLbi88ygIngm_1k8YzCOusXD8w1y8dfTPAEAAA%3d%3d:1:7633)
    at <anonymous> (https://d1hjvew1n9ss7u.cloudfront.net/asset.axd?id=PAEAAB-LCAAAAAAAAAOtj0EPwUAQhf-KzLnsKqu64iBu4oSbOKzt0G2qKztTkQi_3abi6Ob43vfem8wDLIMGxjuLytwM2eCuPOvZ0gRCnrd86k8hgSaGNr5llFE40CdTEyZQXKP_EtuuRREhaA5tJLcIJqM8VSqfZlIO1VilWRYT9puwhStAjyZqIKM4fm1HoPeP333qLi5bYn8RS98wNix2JV6QxNrXRizOwRRGrLbi88ygIngm_1k8YzCOusXD8w1y8dfTPAEAAA%3d%3d:1:49808)
    at dispatch (https://d1hjvew1n9ss7u.cloudfront.net/assets/shjs.js?t=639255987001545277:0:32701)
    at a (https://d1hjvew1n9ss7u.cloudfront.net/assets/shjs.js?t=639255987001545277:0:28480)
[   73428ms] [LOG] Banner não encontrado: banner-232 @ https://d1hjvew1n9ss7u.cloudfront.net/asset.axd?id=PAEAAB-LCAAAAAAAAAOtj0EPwUAQhf-KzLnsKqu64iBu4oSbOKzt0G2qKztTkQi_3abi6Ob43vfem8wDLIMGxjuLytwM2eCuPOvZ0gRCnrd86k8hgSaGNr5llFE40CdTEyZQXKP_EtuuRREhaA5tJLcIJqM8VSqfZlIO1VilWRYT9puwhStAjyZqIKM4fm1HoPeP333qLi5bYn8RS98wNix2JV6QxNrXRizOwRRGrLbi88ygIngm_1k8YzCOusXD8w1y8dfTPAEAAA%3d%3d:754
[   73447ms] [LOG] %c Widde Video Commerce %c v24604ee %c Build: 21/09/2026 20:39 %c border: 1px solid #2567f8; background: #2567f8; color: #fff; font-weight: bold; padding: 4px 8px; border-radius: 3px 0 0 0; border: 1px solid #2567f8; border-left: none; background: #FFF; color: #2567f8; font-weight: bold; padding: 4px 8px; border: 1px solid #2567f8; border-left: none; background: #f0f0f0; color: #333; font-weight: bold; padding: 4px 8px; border-radius: 0 3px 3px 0; background: transparent @ https://cdn.widde.io/assets/main.utzwjalemu.js:0
[   73524ms] [LOG] %c Tryon Widde.io %c %s %c border: 1px solid #2567f8; background: #2567f8; color: #fff; font-weight: bold; padding: 4px 8px; border-radius: 3px 0 0 3px; border: 1px solid #2567f8; background: #FFF; color: #2567f8; font-weight: bold; padding: 4px 8px; border-radius: 0 3px 3px 0; 47bf7c2 background: transparent @ https://cdn-tryon.widde.io/widde-tryon.js:86
[   73545ms] [LOG] [tryon-tracker] initialized {domain: www.lolacosmetics.com.br} @ https://cdn-tryon.widde.io/widde-tryon.js:8
[   80454ms] [WARNING] Error with Feature-Policy header: Some features are specified in both Feature-Policy and Permissions-Policy header: payment, fullscreen, microphone, camera. Values defined in Permissions-Policy header will be used. @ :0
[   80854ms] [ERROR] Failed to load resource: the server responded with a status of 500 () @ https://fonts.cdnfonts.com/css/leelawade:0
[   81131ms] [ERROR] Failed to load resource: the server responded with a status of 404 () @ https://lolacosmetics.admin.linxcommerce.com.br/Custom/Content/Themes/Lola/Styles/Fonts/FontAwesome/all.css:0
[   81213ms] [LOG] Banner não encontrado: banner-232 @ https://d1hjvew1n9ss7u.cloudfront.net/asset.axd?id=PAEAAB-LCAAAAAAAAAOtj0EPwUAQhf-KzLnsKqu64iBu4oSbOKzt0G2qKztTkQi_3abi6Ob43vfem8wDLIMGxjuLytwM2eCuPOvZ0gRCnrd86k8hgSaGNr5llFE40CdTEyZQXKP_EtuuRREhaA5tJLcIJqM8VSqfZlIO1VilWRYT9puwhStAjyZqIKM4fm1HoPeP333qLi5bYn8RS98wNix2JV6QxNrXRizOwRRGrLbi88ygIngm_1k8YzCOusXD8w1y8dfTPAEAAA%3d%3d:754
[   81214ms] [LOG] [Debug Carrinho] Polling ativo @ https://d1hjvew1n9ss7u.cloudfront.net/asset.axd?id=PAEAAB-LCAAAAAAAAAOtj0EPwUAQhf-KzLnsKqu64iBu4oSbOKzt0G2qKztTkQi_3abi6Ob43vfem8wDLIMGxjuLytwM2eCuPOvZ0gRCnrd86k8hgSaGNr5llFE40CdTEyZQXKP_EtuuRREhaA5tJLcIJqM8VSqfZlIO1VilWRYT9puwhStAjyZqIKM4fm1HoPeP333qLi5bYn8RS98wNix2JV6QxNrXRizOwRRGrLbi88ygIngm_1k8YzCOusXD8w1y8dfTPAEAAA%3d%3d:1790
[   81262ms] [LOG] categoria @ https://d1hjvew1n9ss7u.cloudfront.net/asset.axd?id=PAEAAB-LCAAAAAAAAAOtj0EPwUAQhf-KzLnsKqu64iBu4oSbOKzt0G2qKztTkQi_3abi6Ob43vfem8wDLIMGxjuLytwM2eCuPOvZ0gRCnrd86k8hgSaGNr5llFE40CdTEyZQXKP_EtuuRREhaA5tJLcIJqM8VSqfZlIO1VilWRYT9puwhStAjyZqIKM4fm1HoPeP333qLi5bYn8RS98wNix2JV6QxNrXRizOwRRGrLbi88ygIngm_1k8YzCOusXD8w1y8dfTPAEAAA%3d%3d:1
[   81263ms] [WARNING] !! Há erros de scripts de terceiros !!
Por favor, contate a Empresa responsável pelo script.  @ https://d1hjvew1n9ss7u.cloudfront.net/assets/shjs.js?t=639255987001545277:0
[   81266ms] Uncaught Error: You must pass a string or Handlebars AST to Handlebars.compile. You passed null
    at e.compile (https://d1hjvew1n9ss7u.cloudfront.net/asset.axd?id=PAEAAB-LCAAAAAAAAAOtj0EPwUAQhf-KzLnsKqu64iBu4oSbOKzt0G2qKztTkQi_3abi6Ob43vfem8wDLIMGxjuLytwM2eCuPOvZ0gRCnrd86k8hgSaGNr5llFE40CdTEyZQXKP_EtuuRREhaA5tJLcIJqM8VSqfZlIO1VilWRYT9puwhStAjyZqIKM4fm1HoPeP333qLi5bYn8RS98wNix2JV6QxNrXRizOwRRGrLbi88ygIngm_1k8YzCOusXD8w1y8dfTPAEAAA%3d%3d:1794:49302)
    at i.compile (https://d1hjvew1n9ss7u.cloudfront.net/asset.axd?id=PAEAAB-LCAAAAAAAAAOtj0EPwUAQhf-KzLnsKqu64iBu4oSbOKzt0G2qKztTkQi_3abi6Ob43vfem8wDLIMGxjuLytwM2eCuPOvZ0gRCnrd86k8hgSaGNr5llFE40CdTEyZQXKP_EtuuRREhaA5tJLcIJqM8VSqfZlIO1VilWRYT9puwhStAjyZqIKM4fm1HoPeP333qLi5bYn8RS98wNix2JV6QxNrXRizOwRRGrLbi88ygIngm_1k8YzCOusXD8w1y8dfTPAEAAA%3d%3d:1794:343)
    at renderBasket (https://d1hjvew1n9ss7u.cloudfront.net/asset.axd?id=PAEAAB-LCAAAAAAAAAOtj0EPwUAQhf-KzLnsKqu64iBu4oSbOKzt0G2qKztTkQi_3abi6Ob43vfem8wDLIMGxjuLytwM2eCuPOvZ0gRCnrd86k8hgSaGNr5llFE40CdTEyZQXKP_EtuuRREhaA5tJLcIJqM8VSqfZlIO1VilWRYT9puwhStAjyZqIKM4fm1HoPeP333qLi5bYn8RS98wNix2JV6QxNrXRizOwRRGrLbi88ygIngm_1k8YzCOusXD8w1y8dfTPAEAAA%3d%3d:29:27)
    at <anonymous> (https://d1hjvew1n9ss7u.cloudfront.net/asset.axd?id=PAEAAB-LCAAAAAAAAAOtj0EPwUAQhf-KzLnsKqu64iBu4oSbOKzt0G2qKztTkQi_3abi6Ob43vfem8wDLIMGxjuLytwM2eCuPOvZ0gRCnrd86k8hgSaGNr5llFE40CdTEyZQXKP_EtuuRREhaA5tJLcIJqM8VSqfZlIO1VilWRYT9puwhStAjyZqIKM4fm1HoPeP333qLi5bYn8RS98wNix2JV6QxNrXRizOwRRGrLbi88ygIngm_1k8YzCOusXD8w1y8dfTPAEAAA%3d%3d:220:1)
    at f (https://d1hjvew1n9ss7u.cloudfront.net/assets/shjs.js?t=639255987001545277:0:10382)
    at fireWith (https://d1hjvew1n9ss7u.cloudfront.net/assets/shjs.js?t=639255987001545277:0:11137)
    at ready (https://d1hjvew1n9ss7u.cloudfront.net/assets/shjs.js?t=639255987001545277:0:5238)
    at r (https://d1hjvew1n9ss7u.cloudfront.net/assets/shjs.js?t=639255987001545277:0:9748)
[   81268ms] [VERBOSE] [DOM] Input elements should have autocomplete attributes (suggested: "current-password"): (More info: https://goo.gl/9p2vKq) %o @ https://www.lolacosmetics.com.br/colecoes:0
[   81268ms] [VERBOSE] [DOM] Input elements should have autocomplete attributes (suggested: "current-password"): (More info: https://goo.gl/9p2vKq) %o @ https://www.lolacosmetics.com.br/colecoes:0
[   81291ms] [ERROR] Failed to load resource: net::ERR_NAME_NOT_RESOLVED @ https://event.getblue.io/js/blue-tag.min.js:0
[   81430ms] [LOG] AffiseStorage availability: {cookie: true, localStorage: true, sessionStorage: true} @ https://rankmediabrasil.g2afse.com/websdk.js:0
[   81430ms] [LOG] Status RNK Media - ClickId: null UTM: null @ :3
[   81539ms] [WARNING] [Meta Pixel] - Invalid parameter format for currency. Please refer https://developers.facebook.com/docs/meta-pixel/reference/ for valid parameter specifications. @ https://connect.facebook.net/en_US/fbevents.js:203
[   81750ms] [INFO] É necessário definir o storeID no Plugin TrustVox @ https://d1hjvew1n9ss7u.cloudfront.net/asset.axd?id=_woAAB-LCAAAAAAAAAO9lsFunDAQhl-l4rw122w3m1D1lEfooYeqh8HMgrNgW_aYDYrSZ--EaFVgIZWK1aP9__b3Y3uwnxNJSZYQPlH6CC146ZSlLx9kBc4jfQ10_HiXbBLNpu-qKJG23FJJdoTa4yYpLAu_0m_9MM8SJhm5wErLwu3u_ma_v787bLef9p_3N4cDO-TFIQtVJNnudi-23Mgv3con2Y_n5fG-Jz4ET6ZJH4wm1JS-ZfOpamzgYKJBgkuq9FyIYb949MnL5l8JpTFljQI01B0p6YeUqbaO5DtP2AiHEizxhoh2N4TNyOt41pmj4vi1KZUekkZCRIYwEKhaJvVyHN4Za2kaFL4y1qKbY04s67i5M2evdCkkEJbGdQ3qMKTOGlZ_axEkCY_g5HRZB8o6iqxQnkwgkYM_Ic8ZmgZcVyEU43V917guA8_DM76uXg5aj7FTbR3pCJKjU2f5TGKL9ajcr8R4LOVpicRSDE7pTLDXjL470tkvneLflHE03qE5Pc7Jr5XmOla-mq7frCEis8FCgV8kvsnReaIFp4CU0X9F_3FGTMH3tafWPAkHrwW3mGHii5PAOiVxDtkLcRh56PJAZKa34Vj8DyyjUdZKntgUszanZXKtRqQtg1YxCuAXXfBQ8rtLSrQEenwuZg098-fLbwJGClv_CgAA:52
[   81759ms] Uncaught TypeError: Cannot read properties of undefined (reading 'replace')
    at validaFreteGratis (https://d1hjvew1n9ss7u.cloudfront.net/asset.axd?id=PAEAAB-LCAAAAAAAAAOtj0EPwUAQhf-KzLnsKqu64iBu4oSbOKzt0G2qKztTkQi_3abi6Ob43vfem8wDLIMGxjuLytwM2eCuPOvZ0gRCnrd86k8hgSaGNr5llFE40CdTEyZQXKP_EtuuRREhaA5tJLcIJqM8VSqfZlIO1VilWRYT9puwhStAjyZqIKM4fm1HoPeP333qLi5bYn8RS98wNix2JV6QxNrXRizOwRRGrLbi88ygIngm_1k8YzCOusXD8w1y8dfTPAEAAA%3d%3d:1:7633)
    at <anonymous> (https://d1hjvew1n9ss7u.cloudfront.net/asset.axd?id=PAEAAB-LCAAAAAAAAAOtj0EPwUAQhf-KzLnsKqu64iBu4oSbOKzt0G2qKztTkQi_3abi6Ob43vfem8wDLIMGxjuLytwM2eCuPOvZ0gRCnrd86k8hgSaGNr5llFE40CdTEyZQXKP_EtuuRREhaA5tJLcIJqM8VSqfZlIO1VilWRYT9puwhStAjyZqIKM4fm1HoPeP333qLi5bYn8RS98wNix2JV6QxNrXRizOwRRGrLbi88ygIngm_1k8YzCOusXD8w1y8dfTPAEAAA%3d%3d:1:49808)
    at dispatch (https://d1hjvew1n9ss7u.cloudfront.net/assets/shjs.js?t=639255987001545277:0:32701)
    at a (https://d1hjvew1n9ss7u.cloudfront.net/assets/shjs.js?t=639255987001545277:0:28480)
[   81755ms] [LOG] Banner não encontrado: banner-232 @ https://d1hjvew1n9ss7u.cloudfront.net/asset.axd?id=PAEAAB-LCAAAAAAAAAOtj0EPwUAQhf-KzLnsKqu64iBu4oSbOKzt0G2qKztTkQi_3abi6Ob43vfem8wDLIMGxjuLytwM2eCuPOvZ0gRCnrd86k8hgSaGNr5llFE40CdTEyZQXKP_EtuuRREhaA5tJLcIJqM8VSqfZlIO1VilWRYT9puwhStAjyZqIKM4fm1HoPeP333qLi5bYn8RS98wNix2JV6QxNrXRizOwRRGrLbi88ygIngm_1k8YzCOusXD8w1y8dfTPAEAAA%3d%3d:754
[   81782ms] [LOG] %c Widde Video Commerce %c v24604ee %c Build: 21/09/2026 20:39 %c border: 1px solid #2567f8; background: #2567f8; color: #fff; font-weight: bold; padding: 4px 8px; border-radius: 3px 0 0 0; border: 1px solid #2567f8; border-left: none; background: #FFF; color: #2567f8; font-weight: bold; padding: 4px 8px; border: 1px solid #2567f8; border-left: none; background: #f0f0f0; color: #333; font-weight: bold; padding: 4px 8px; border-radius: 0 3px 3px 0; background: transparent @ https://cdn.widde.io/assets/main.utzwjalemu.js:0
[   81826ms] [LOG] %c Tryon Widde.io %c %s %c border: 1px solid #2567f8; background: #2567f8; color: #fff; font-weight: bold; padding: 4px 8px; border-radius: 3px 0 0 3px; border: 1px solid #2567f8; background: #FFF; color: #2567f8; font-weight: bold; padding: 4px 8px; border-radius: 0 3px 3px 0; 47bf7c2 background: transparent @ https://cdn-tryon.widde.io/widde-tryon.js:86
[   81844ms] [LOG] [tryon-tracker] initialized {domain: www.lolacosmetics.com.br} @ https://cdn-tryon.widde.io/widde-tryon.js:8
[   89220ms] [WARNING] Error with Feature-Policy header: Some features are specified in both Feature-Policy and Permissions-Policy header: payment, fullscreen, microphone, camera. Values defined in Permissions-Policy header will be used. @ :0
[   89769ms] [ERROR] Failed to load resource: the server responded with a status of 500 () @ https://fonts.cdnfonts.com/css/leelawade:0
[   90193ms] [ERROR] Failed to load resource: the server responded with a status of 404 () @ https://lolacosmetics.admin.linxcommerce.com.br/Custom/Content/Themes/Lola/Styles/Fonts/FontAwesome/all.css:0
[   90264ms] [LOG] Banner não encontrado: banner-232 @ https://d1hjvew1n9ss7u.cloudfront.net/asset.axd?id=PAEAAB-LCAAAAAAAAAOtj0EPwUAQhf-KzLnsKqu64iBu4oSbOKzt0G2qKztTkQi_3abi6Ob43vfem8wDLIMGxjuLytwM2eCuPOvZ0gRCnrd86k8hgSaGNr5llFE40CdTEyZQXKP_EtuuRREhaA5tJLcIJqM8VSqfZlIO1VilWRYT9puwhStAjyZqIKM4fm1HoPeP333qLi5bYn8RS98wNix2JV6QxNrXRizOwRRGrLbi88ygIngm_1k8YzCOusXD8w1y8dfTPAEAAA%3d%3d:754
[   90265ms] [LOG] [Debug Carrinho] Polling ativo @ https://d1hjvew1n9ss7u.cloudfront.net/asset.axd?id=PAEAAB-LCAAAAAAAAAOtj0EPwUAQhf-KzLnsKqu64iBu4oSbOKzt0G2qKztTkQi_3abi6Ob43vfem8wDLIMGxjuLytwM2eCuPOvZ0gRCnrd86k8hgSaGNr5llFE40CdTEyZQXKP_EtuuRREhaA5tJLcIJqM8VSqfZlIO1VilWRYT9puwhStAjyZqIKM4fm1HoPeP333qLi5bYn8RS98wNix2JV6QxNrXRizOwRRGrLbi88ygIngm_1k8YzCOusXD8w1y8dfTPAEAAA%3d%3d:1790
[   90303ms] [LOG] categoria @ https://d1hjvew1n9ss7u.cloudfront.net/asset.axd?id=PAEAAB-LCAAAAAAAAAOtj0EPwUAQhf-KzLnsKqu64iBu4oSbOKzt0G2qKztTkQi_3abi6Ob43vfem8wDLIMGxjuLytwM2eCuPOvZ0gRCnrd86k8hgSaGNr5llFE40CdTEyZQXKP_EtuuRREhaA5tJLcIJqM8VSqfZlIO1VilWRYT9puwhStAjyZqIKM4fm1HoPeP333qLi5bYn8RS98wNix2JV6QxNrXRizOwRRGrLbi88ygIngm_1k8YzCOusXD8w1y8dfTPAEAAA%3d%3d:1
[   90304ms] [WARNING] !! Há erros de scripts de terceiros !!
Por favor, contate a Empresa responsável pelo script.  @ https://d1hjvew1n9ss7u.cloudfront.net/assets/shjs.js?t=639255987001545277:0
[   90305ms] Uncaught Error: You must pass a string or Handlebars AST to Handlebars.compile. You passed null
    at e.compile (https://d1hjvew1n9ss7u.cloudfront.net/asset.axd?id=PAEAAB-LCAAAAAAAAAOtj0EPwUAQhf-KzLnsKqu64iBu4oSbOKzt0G2qKztTkQi_3abi6Ob43vfem8wDLIMGxjuLytwM2eCuPOvZ0gRCnrd86k8hgSaGNr5llFE40CdTEyZQXKP_EtuuRREhaA5tJLcIJqM8VSqfZlIO1VilWRYT9puwhStAjyZqIKM4fm1HoPeP333qLi5bYn8RS98wNix2JV6QxNrXRizOwRRGrLbi88ygIngm_1k8YzCOusXD8w1y8dfTPAEAAA%3d%3d:1794:49302)
    at i.compile (https://d1hjvew1n9ss7u.cloudfront.net/asset.axd?id=PAEAAB-LCAAAAAAAAAOtj0EPwUAQhf-KzLnsKqu64iBu4oSbOKzt0G2qKztTkQi_3abi6Ob43vfem8wDLIMGxjuLytwM2eCuPOvZ0gRCnrd86k8hgSaGNr5llFE40CdTEyZQXKP_EtuuRREhaA5tJLcIJqM8VSqfZlIO1VilWRYT9puwhStAjyZqIKM4fm1HoPeP333qLi5bYn8RS98wNix2JV6QxNrXRizOwRRGrLbi88ygIngm_1k8YzCOusXD8w1y8dfTPAEAAA%3d%3d:1794:343)
    at renderBasket (https://d1hjvew1n9ss7u.cloudfront.net/asset.axd?id=PAEAAB-LCAAAAAAAAAOtj0EPwUAQhf-KzLnsKqu64iBu4oSbOKzt0G2qKztTkQi_3abi6Ob43vfem8wDLIMGxjuLytwM2eCuPOvZ0gRCnrd86k8hgSaGNr5llFE40CdTEyZQXKP_EtuuRREhaA5tJLcIJqM8VSqfZlIO1VilWRYT9puwhStAjyZqIKM4fm1HoPeP333qLi5bYn8RS98wNix2JV6QxNrXRizOwRRGrLbi88ygIngm_1k8YzCOusXD8w1y8dfTPAEAAA%3d%3d:29:27)
    at <anonymous> (https://d1hjvew1n9ss7u.cloudfront.net/asset.axd?id=PAEAAB-LCAAAAAAAAAOtj0EPwUAQhf-KzLnsKqu64iBu4oSbOKzt0G2qKztTkQi_3abi6Ob43vfem8wDLIMGxjuLytwM2eCuPOvZ0gRCnrd86k8hgSaGNr5llFE40CdTEyZQXKP_EtuuRREhaA5tJLcIJqM8VSqfZlIO1VilWRYT9puwhStAjyZqIKM4fm1HoPeP333qLi5bYn8RS98wNix2JV6QxNrXRizOwRRGrLbi88ygIngm_1k8YzCOusXD8w1y8dfTPAEAAA%3d%3d:220:1)
    at f (https://d1hjvew1n9ss7u.cloudfront.net/assets/shjs.js?t=639255987001545277:0:10382)
    at fireWith (https://d1hjvew1n9ss7u.cloudfront.net/assets/shjs.js?t=639255987001545277:0:11137)
    at ready (https://d1hjvew1n9ss7u.cloudfront.net/assets/shjs.js?t=639255987001545277:0:5238)
    at r (https://d1hjvew1n9ss7u.cloudfront.net/assets/shjs.js?t=639255987001545277:0:9748)
[   90308ms] [VERBOSE] [DOM] Input elements should have autocomplete attributes (suggested: "current-password"): (More info: https://goo.gl/9p2vKq) %o @ https://www.lolacosmetics.com.br/lancamentos:0
[   90308ms] [VERBOSE] [DOM] Input elements should have autocomplete attributes (suggested: "current-password"): (More info: https://goo.gl/9p2vKq) %o @ https://www.lolacosmetics.com.br/lancamentos:0
[   90365ms] [ERROR] Failed to load resource: net::ERR_NAME_NOT_RESOLVED @ https://event.getblue.io/js/blue-tag.min.js:0
[   90488ms] [LOG] AffiseStorage availability: {cookie: true, localStorage: true, sessionStorage: true} @ https://rankmediabrasil.g2afse.com/websdk.js:0
[   90489ms] [LOG] Status RNK Media - ClickId: null UTM: null @ :3
[   90523ms] [WARNING] [Meta Pixel] - Invalid parameter format for currency. Please refer https://developers.facebook.com/docs/meta-pixel/reference/ for valid parameter specifications. @ https://connect.facebook.net/en_US/fbevents.js:203
[   90726ms] [INFO] É necessário definir o storeID no Plugin TrustVox @ https://d1hjvew1n9ss7u.cloudfront.net/asset.axd?id=_woAAB-LCAAAAAAAAAO9lsFunDAQhl-l4rw122w3m1D1lEfooYeqh8HMgrNgW_aYDYrSZ--EaFVgIZWK1aP9__b3Y3uwnxNJSZYQPlH6CC146ZSlLx9kBc4jfQ10_HiXbBLNpu-qKJG23FJJdoTa4yYpLAu_0m_9MM8SJhm5wErLwu3u_ma_v787bLef9p_3N4cDO-TFIQtVJNnudi-23Mgv3con2Y_n5fG-Jz4ET6ZJH4wm1JS-ZfOpamzgYKJBgkuq9FyIYb949MnL5l8JpTFljQI01B0p6YeUqbaO5DtP2AiHEizxhoh2N4TNyOt41pmj4vi1KZUekkZCRIYwEKhaJvVyHN4Za2kaFL4y1qKbY04s67i5M2evdCkkEJbGdQ3qMKTOGlZ_axEkCY_g5HRZB8o6iqxQnkwgkYM_Ic8ZmgZcVyEU43V917guA8_DM76uXg5aj7FTbR3pCJKjU2f5TGKL9ajcr8R4LOVpicRSDE7pTLDXjL470tkvneLflHE03qE5Pc7Jr5XmOla-mq7frCEis8FCgV8kvsnReaIFp4CU0X9F_3FGTMH3tafWPAkHrwW3mGHii5PAOiVxDtkLcRh56PJAZKa34Vj8DyyjUdZKntgUszanZXKtRqQtg1YxCuAXXfBQ8rtLSrQEenwuZg098-fLbwJGClv_CgAA:52
[   90732ms] Uncaught TypeError: Cannot read properties of undefined (reading 'replace')
    at validaFreteGratis (https://d1hjvew1n9ss7u.cloudfront.net/asset.axd?id=PAEAAB-LCAAAAAAAAAOtj0EPwUAQhf-KzLnsKqu64iBu4oSbOKzt0G2qKztTkQi_3abi6Ob43vfem8wDLIMGxjuLytwM2eCuPOvZ0gRCnrd86k8hgSaGNr5llFE40CdTEyZQXKP_EtuuRREhaA5tJLcIJqM8VSqfZlIO1VilWRYT9puwhStAjyZqIKM4fm1HoPeP333qLi5bYn8RS98wNix2JV6QxNrXRizOwRRGrLbi88ygIngm_1k8YzCOusXD8w1y8dfTPAEAAA%3d%3d:1:7633)
    at <anonymous> (https://d1hjvew1n9ss7u.cloudfront.net/asset.axd?id=PAEAAB-LCAAAAAAAAAOtj0EPwUAQhf-KzLnsKqu64iBu4oSbOKzt0G2qKztTkQi_3abi6Ob43vfem8wDLIMGxjuLytwM2eCuPOvZ0gRCnrd86k8hgSaGNr5llFE40CdTEyZQXKP_EtuuRREhaA5tJLcIJqM8VSqfZlIO1VilWRYT9puwhStAjyZqIKM4fm1HoPeP333qLi5bYn8RS98wNix2JV6QxNrXRizOwRRGrLbi88ygIngm_1k8YzCOusXD8w1y8dfTPAEAAA%3d%3d:1:49808)
    at dispatch (https://d1hjvew1n9ss7u.cloudfront.net/assets/shjs.js?t=639255987001545277:0:32701)
    at a (https://d1hjvew1n9ss7u.cloudfront.net/assets/shjs.js?t=639255987001545277:0:28480)
    at <anonymous> (https://www.gstatic.com/recaptcha/releases/zqB-6Xpbd3lCIvi7Tr2D0pob/recaptcha__pt_br.js:803:212)
    at <anonymous> (https://www.gstatic.com/recaptcha/releases/zqB-6Xpbd3lCIvi7Tr2D0pob/recaptcha__pt_br.js:784:32)
    at <anonymous> (https://www.gstatic.com/recaptcha/releases/zqB-6Xpbd3lCIvi7Tr2D0pob/recaptcha__pt_br.js:395:214)
    at <anonymous> (https://www.gstatic.com/recaptcha/releases/zqB-6Xpbd3lCIvi7Tr2D0pob/recaptcha__pt_br.js:346:242)
    at w.next (https://www.gstatic.com/recaptcha/releases/zqB-6Xpbd3lCIvi7Tr2D0pob/recaptcha__pt_br.js:372:55)
    at <anonymous> (https://www.gstatic.com/recaptcha/releases/zqB-6Xpbd3lCIvi7Tr2D0pob/recaptcha__pt_br.js:507:143)
    at <anonymous> (https://www.gstatic.com/recaptcha/releases/zqB-6Xpbd3lCIvi7Tr2D0pob/recaptcha__pt_br.js:507:36)
    at <anonymous> (https://www.gstatic.com/recaptcha/releases/zqB-6Xpbd3lCIvi7Tr2D0pob/recaptcha__pt_br.js:411:65)
    at <anonymous> (https://www.gstatic.com/recaptcha/releases/zqB-6Xpbd3lCIvi7Tr2D0pob/recaptcha__pt_br.js:395:159)
    at <anonymous> (https://www.gstatic.com/recaptcha/releases/zqB-6Xpbd3lCIvi7Tr2D0pob/recaptcha__pt_br.js:563:246)
    at <anonymous> (https://www.gstatic.com/recaptcha/releases/zqB-6Xpbd3lCIvi7Tr2D0pob/recaptcha__pt_br.js:346:242)
    at w.next (https://www.gstatic.com/recaptcha/releases/zqB-6Xpbd3lCIvi7Tr2D0pob/recaptcha__pt_br.js:372:55)
    at <anonymous> (https://www.gstatic.com/recaptcha/releases/zqB-6Xpbd3lCIvi7Tr2D0pob/recaptcha__pt_br.js:507:143)
    at <anonymous> (https://www.gstatic.com/recaptcha/releases/zqB-6Xpbd3lCIvi7Tr2D0pob/recaptcha__pt_br.js:507:36)
    at <anonymous> (https://www.gstatic.com/recaptcha/releases/zqB-6Xpbd3lCIvi7Tr2D0pob/recaptcha__pt_br.js:411:65)
    at <anonymous> (https://www.gstatic.com/recaptcha/releases/zqB-6Xpbd3lCIvi7Tr2D0pob/recaptcha__pt_br.js:563:147)
    at <anonymous> (https://www.gstatic.com/recaptcha/releases/zqB-6Xpbd3lCIvi7Tr2D0pob/recaptcha__pt_br.js:794:232)
    at mx (https://www.gstatic.com/recaptcha/releases/zqB-6Xpbd3lCIvi7Tr2D0pob/recaptcha__pt_br.js:1087:229)
    at D (https://www.gstatic.com/recaptcha/releases/zqB-6Xpbd3lCIvi7Tr2D0pob/recaptcha__pt_br.js:471:206)
[   90730ms] [LOG] Banner não encontrado: banner-232 @ https://d1hjvew1n9ss7u.cloudfront.net/asset.axd?id=PAEAAB-LCAAAAAAAAAOtj0EPwUAQhf-KzLnsKqu64iBu4oSbOKzt0G2qKztTkQi_3abi6Ob43vfem8wDLIMGxjuLytwM2eCuPOvZ0gRCnrd86k8hgSaGNr5llFE40CdTEyZQXKP_EtuuRREhaA5tJLcIJqM8VSqfZlIO1VilWRYT9puwhStAjyZqIKM4fm1HoPeP333qLi5bYn8RS98wNix2JV6QxNrXRizOwRRGrLbi88ygIngm_1k8YzCOusXD8w1y8dfTPAEAAA%3d%3d:754
[   90750ms] [LOG] %c Widde Video Commerce %c v24604ee %c Build: 21/09/2026 20:39 %c border: 1px solid #2567f8; background: #2567f8; color: #fff; font-weight: bold; padding: 4px 8px; border-radius: 3px 0 0 0; border: 1px solid #2567f8; border-left: none; background: #FFF; color: #2567f8; font-weight: bold; padding: 4px 8px; border: 1px solid #2567f8; border-left: none; background: #f0f0f0; color: #333; font-weight: bold; padding: 4px 8px; border-radius: 0 3px 3px 0; background: transparent @ https://cdn.widde.io/assets/main.utzwjalemu.js:0
[   90834ms] [LOG] %c Tryon Widde.io %c %s %c border: 1px solid #2567f8; background: #2567f8; color: #fff; font-weight: bold; padding: 4px 8px; border-radius: 3px 0 0 3px; border: 1px solid #2567f8; background: #FFF; color: #2567f8; font-weight: bold; padding: 4px 8px; border-radius: 0 3px 3px 0; 47bf7c2 background: transparent @ https://cdn-tryon.widde.io/widde-tryon.js:86
[   90849ms] [LOG] [tryon-tracker] initialized {domain: www.lolacosmetics.com.br} @ https://cdn-tryon.widde.io/widde-tryon.js:8
[   97141ms] [WARNING] Error with Feature-Policy header: Some features are specified in both Feature-Policy and Permissions-Policy header: payment, fullscreen, microphone, camera. Values defined in Permissions-Policy header will be used. @ :0
[   97683ms] [ERROR] Failed to load resource: the server responded with a status of 500 () @ https://fonts.cdnfonts.com/css/leelawade:0
[   98105ms] [ERROR] Failed to load resource: the server responded with a status of 404 () @ https://lolacosmetics.admin.linxcommerce.com.br/Custom/Content/Themes/Lola/Styles/Fonts/FontAwesome/all.css:0
[   98193ms] [LOG] Banner não encontrado: banner-232 @ https://d1hjvew1n9ss7u.cloudfront.net/asset.axd?id=PAEAAB-LCAAAAAAAAAOtj0EPwUAQhf-KzLnsKqu64iBu4oSbOKzt0G2qKztTkQi_3abi6Ob43vfem8wDLIMGxjuLytwM2eCuPOvZ0gRCnrd86k8hgSaGNr5llFE40CdTEyZQXKP_EtuuRREhaA5tJLcIJqM8VSqfZlIO1VilWRYT9puwhStAjyZqIKM4fm1HoPeP333qLi5bYn8RS98wNix2JV6QxNrXRizOwRRGrLbi88ygIngm_1k8YzCOusXD8w1y8dfTPAEAAA%3d%3d:754
[   98195ms] [LOG] [Debug Carrinho] Polling ativo @ https://d1hjvew1n9ss7u.cloudfront.net/asset.axd?id=PAEAAB-LCAAAAAAAAAOtj0EPwUAQhf-KzLnsKqu64iBu4oSbOKzt0G2qKztTkQi_3abi6Ob43vfem8wDLIMGxjuLytwM2eCuPOvZ0gRCnrd86k8hgSaGNr5llFE40CdTEyZQXKP_EtuuRREhaA5tJLcIJqM8VSqfZlIO1VilWRYT9puwhStAjyZqIKM4fm1HoPeP333qLi5bYn8RS98wNix2JV6QxNrXRizOwRRGrLbi88ygIngm_1k8YzCOusXD8w1y8dfTPAEAAA%3d%3d:1790
[   98232ms] [LOG] categoria @ https://d1hjvew1n9ss7u.cloudfront.net/asset.axd?id=PAEAAB-LCAAAAAAAAAOtj0EPwUAQhf-KzLnsKqu64iBu4oSbOKzt0G2qKztTkQi_3abi6Ob43vfem8wDLIMGxjuLytwM2eCuPOvZ0gRCnrd86k8hgSaGNr5llFE40CdTEyZQXKP_EtuuRREhaA5tJLcIJqM8VSqfZlIO1VilWRYT9puwhStAjyZqIKM4fm1HoPeP333qLi5bYn8RS98wNix2JV6QxNrXRizOwRRGrLbi88ygIngm_1k8YzCOusXD8w1y8dfTPAEAAA%3d%3d:1
[   98232ms] [WARNING] !! Há erros de scripts de terceiros !!
Por favor, contate a Empresa responsável pelo script.  @ https://d1hjvew1n9ss7u.cloudfront.net/assets/shjs.js?t=639255987001545277:0
[   98234ms] Uncaught Error: You must pass a string or Handlebars AST to Handlebars.compile. You passed null
    at e.compile (https://d1hjvew1n9ss7u.cloudfront.net/asset.axd?id=PAEAAB-LCAAAAAAAAAOtj0EPwUAQhf-KzLnsKqu64iBu4oSbOKzt0G2qKztTkQi_3abi6Ob43vfem8wDLIMGxjuLytwM2eCuPOvZ0gRCnrd86k8hgSaGNr5llFE40CdTEyZQXKP_EtuuRREhaA5tJLcIJqM8VSqfZlIO1VilWRYT9puwhStAjyZqIKM4fm1HoPeP333qLi5bYn8RS98wNix2JV6QxNrXRizOwRRGrLbi88ygIngm_1k8YzCOusXD8w1y8dfTPAEAAA%3d%3d:1794:49302)
    at i.compile (https://d1hjvew1n9ss7u.cloudfront.net/asset.axd?id=PAEAAB-LCAAAAAAAAAOtj0EPwUAQhf-KzLnsKqu64iBu4oSbOKzt0G2qKztTkQi_3abi6Ob43vfem8wDLIMGxjuLytwM2eCuPOvZ0gRCnrd86k8hgSaGNr5llFE40CdTEyZQXKP_EtuuRREhaA5tJLcIJqM8VSqfZlIO1VilWRYT9puwhStAjyZqIKM4fm1HoPeP333qLi5bYn8RS98wNix2JV6QxNrXRizOwRRGrLbi88ygIngm_1k8YzCOusXD8w1y8dfTPAEAAA%3d%3d:1794:343)
    at renderBasket (https://d1hjvew1n9ss7u.cloudfront.net/asset.axd?id=PAEAAB-LCAAAAAAAAAOtj0EPwUAQhf-KzLnsKqu64iBu4oSbOKzt0G2qKztTkQi_3abi6Ob43vfem8wDLIMGxjuLytwM2eCuPOvZ0gRCnrd86k8hgSaGNr5llFE40CdTEyZQXKP_EtuuRREhaA5tJLcIJqM8VSqfZlIO1VilWRYT9puwhStAjyZqIKM4fm1HoPeP333qLi5bYn8RS98wNix2JV6QxNrXRizOwRRGrLbi88ygIngm_1k8YzCOusXD8w1y8dfTPAEAAA%3d%3d:29:27)
    at <anonymous> (https://d1hjvew1n9ss7u.cloudfront.net/asset.axd?id=PAEAAB-LCAAAAAAAAAOtj0EPwUAQhf-KzLnsKqu64iBu4oSbOKzt0G2qKztTkQi_3abi6Ob43vfem8wDLIMGxjuLytwM2eCuPOvZ0gRCnrd86k8hgSaGNr5llFE40CdTEyZQXKP_EtuuRREhaA5tJLcIJqM8VSqfZlIO1VilWRYT9puwhStAjyZqIKM4fm1HoPeP333qLi5bYn8RS98wNix2JV6QxNrXRizOwRRGrLbi88ygIngm_1k8YzCOusXD8w1y8dfTPAEAAA%3d%3d:220:1)
    at f (https://d1hjvew1n9ss7u.cloudfront.net/assets/shjs.js?t=639255987001545277:0:10382)
    at fireWith (https://d1hjvew1n9ss7u.cloudfront.net/assets/shjs.js?t=639255987001545277:0:11137)
    at ready (https://d1hjvew1n9ss7u.cloudfront.net/assets/shjs.js?t=639255987001545277:0:5238)
    at r (https://d1hjvew1n9ss7u.cloudfront.net/assets/shjs.js?t=639255987001545277:0:9748)
[   98237ms] [VERBOSE] [DOM] Input elements should have autocomplete attributes (suggested: "current-password"): (More info: https://goo.gl/9p2vKq) %o @ https://www.lolacosmetics.com.br/promocao:0
[   98237ms] [VERBOSE] [DOM] Input elements should have autocomplete attributes (suggested: "current-password"): (More info: https://goo.gl/9p2vKq) %o @ https://www.lolacosmetics.com.br/promocao:0
[   98253ms] [ERROR] Failed to load resource: net::ERR_NAME_NOT_RESOLVED @ https://event.getblue.io/js/blue-tag.min.js:0
[   98374ms] [LOG] AffiseStorage availability: {cookie: true, localStorage: true, sessionStorage: true} @ https://rankmediabrasil.g2afse.com/websdk.js:0
[   98374ms] [LOG] Status RNK Media - ClickId: null UTM: null @ :3
[   98492ms] [WARNING] [Meta Pixel] - Invalid parameter format for currency. Please refer https://developers.facebook.com/docs/meta-pixel/reference/ for valid parameter specifications. @ https://connect.facebook.net/en_US/fbevents.js:203
[   98750ms] [INFO] É necessário definir o storeID no Plugin TrustVox @ https://d1hjvew1n9ss7u.cloudfront.net/asset.axd?id=_woAAB-LCAAAAAAAAAO9lsFunDAQhl-l4rw122w3m1D1lEfooYeqh8HMgrNgW_aYDYrSZ--EaFVgIZWK1aP9__b3Y3uwnxNJSZYQPlH6CC146ZSlLx9kBc4jfQ10_HiXbBLNpu-qKJG23FJJdoTa4yYpLAu_0m_9MM8SJhm5wErLwu3u_ma_v787bLef9p_3N4cDO-TFIQtVJNnudi-23Mgv3con2Y_n5fG-Jz4ET6ZJH4wm1JS-ZfOpamzgYKJBgkuq9FyIYb949MnL5l8JpTFljQI01B0p6YeUqbaO5DtP2AiHEizxhoh2N4TNyOt41pmj4vi1KZUekkZCRIYwEKhaJvVyHN4Za2kaFL4y1qKbY04s67i5M2evdCkkEJbGdQ3qMKTOGlZ_axEkCY_g5HRZB8o6iqxQnkwgkYM_Ic8ZmgZcVyEU43V917guA8_DM76uXg5aj7FTbR3pCJKjU2f5TGKL9ajcr8R4LOVpicRSDE7pTLDXjL470tkvneLflHE03qE5Pc7Jr5XmOla-mq7frCEis8FCgV8kvsnReaIFp4CU0X9F_3FGTMH3tafWPAkHrwW3mGHii5PAOiVxDtkLcRh56PJAZKa34Vj8DyyjUdZKntgUszanZXKtRqQtg1YxCuAXXfBQ8rtLSrQEenwuZg098-fLbwJGClv_CgAA:52
[   98756ms] Uncaught TypeError: Cannot read properties of undefined (reading 'replace')
    at validaFreteGratis (https://d1hjvew1n9ss7u.cloudfront.net/asset.axd?id=PAEAAB-LCAAAAAAAAAOtj0EPwUAQhf-KzLnsKqu64iBu4oSbOKzt0G2qKztTkQi_3abi6Ob43vfem8wDLIMGxjuLytwM2eCuPOvZ0gRCnrd86k8hgSaGNr5llFE40CdTEyZQXKP_EtuuRREhaA5tJLcIJqM8VSqfZlIO1VilWRYT9puwhStAjyZqIKM4fm1HoPeP333qLi5bYn8RS98wNix2JV6QxNrXRizOwRRGrLbi88ygIngm_1k8YzCOusXD8w1y8dfTPAEAAA%3d%3d:1:7633)
    at <anonymous> (https://d1hjvew1n9ss7u.cloudfront.net/asset.axd?id=PAEAAB-LCAAAAAAAAAOtj0EPwUAQhf-KzLnsKqu64iBu4oSbOKzt0G2qKztTkQi_3abi6Ob43vfem8wDLIMGxjuLytwM2eCuPOvZ0gRCnrd86k8hgSaGNr5llFE40CdTEyZQXKP_EtuuRREhaA5tJLcIJqM8VSqfZlIO1VilWRYT9puwhStAjyZqIKM4fm1HoPeP333qLi5bYn8RS98wNix2JV6QxNrXRizOwRRGrLbi88ygIngm_1k8YzCOusXD8w1y8dfTPAEAAA%3d%3d:1:49808)
    at dispatch (https://d1hjvew1n9ss7u.cloudfront.net/assets/shjs.js?t=639255987001545277:0:32701)
    at a (https://d1hjvew1n9ss7u.cloudfront.net/assets/shjs.js?t=639255987001545277:0:28480)
[   98754ms] [LOG] Banner não encontrado: banner-232 @ https://d1hjvew1n9ss7u.cloudfront.net/asset.axd?id=PAEAAB-LCAAAAAAAAAOtj0EPwUAQhf-KzLnsKqu64iBu4oSbOKzt0G2qKztTkQi_3abi6Ob43vfem8wDLIMGxjuLytwM2eCuPOvZ0gRCnrd86k8hgSaGNr5llFE40CdTEyZQXKP_EtuuRREhaA5tJLcIJqM8VSqfZlIO1VilWRYT9puwhStAjyZqIKM4fm1HoPeP333qLi5bYn8RS98wNix2JV6QxNrXRizOwRRGrLbi88ygIngm_1k8YzCOusXD8w1y8dfTPAEAAA%3d%3d:754
[   98781ms] [LOG] %c Widde Video Commerce %c v24604ee %c Build: 21/09/2026 20:39 %c border: 1px solid #2567f8; background: #2567f8; color: #fff; font-weight: bold; padding: 4px 8px; border-radius: 3px 0 0 0; border: 1px solid #2567f8; border-left: none; background: #FFF; color: #2567f8; font-weight: bold; padding: 4px 8px; border: 1px solid #2567f8; border-left: none; background: #f0f0f0; color: #333; font-weight: bold; padding: 4px 8px; border-radius: 0 3px 3px 0; background: transparent @ https://cdn.widde.io/assets/main.utzwjalemu.js:0
[   98805ms] [LOG] %c Tryon Widde.io %c %s %c border: 1px solid #2567f8; background: #2567f8; color: #fff; font-weight: bold; padding: 4px 8px; border-radius: 3px 0 0 3px; border: 1px solid #2567f8; background: #FFF; color: #2567f8; font-weight: bold; padding: 4px 8px; border-radius: 0 3px 3px 0; 47bf7c2 background: transparent @ https://cdn-tryon.widde.io/widde-tryon.js:86
[   98820ms] [LOG] [tryon-tracker] initialized {domain: www.lolacosmetics.com.br} @ https://cdn-tryon.widde.io/widde-tryon.js:8
[  105280ms] [WARNING] Error with Feature-Policy header: Some features are specified in both Feature-Policy and Permissions-Policy header: payment, fullscreen, microphone, camera. Values defined in Permissions-Policy header will be used. @ :0
[  105692ms] [ERROR] Failed to load resource: the server responded with a status of 500 () @ https://fonts.cdnfonts.com/css/leelawade:0
[  105980ms] [ERROR] Failed to load resource: the server responded with a status of 404 () @ https://lolacosmetics.admin.linxcommerce.com.br/Custom/Content/Themes/Lola/Styles/Fonts/FontAwesome/all.css:0
[  106047ms] [LOG] Banner não encontrado: banner-232 @ https://d1hjvew1n9ss7u.cloudfront.net/asset.axd?id=PAEAAB-LCAAAAAAAAAOtj0EPwUAQhf-KzLnsKqu64iBu4oSbOKzt0G2qKztTkQi_3abi6Ob43vfem8wDLIMGxjuLytwM2eCuPOvZ0gRCnrd86k8hgSaGNr5llFE40CdTEyZQXKP_EtuuRREhaA5tJLcIJqM8VSqfZlIO1VilWRYT9puwhStAjyZqIKM4fm1HoPeP333qLi5bYn8RS98wNix2JV6QxNrXRizOwRRGrLbi88ygIngm_1k8YzCOusXD8w1y8dfTPAEAAA%3d%3d:754
[  106048ms] [LOG] [Debug Carrinho] Polling ativo @ https://d1hjvew1n9ss7u.cloudfront.net/asset.axd?id=PAEAAB-LCAAAAAAAAAOtj0EPwUAQhf-KzLnsKqu64iBu4oSbOKzt0G2qKztTkQi_3abi6Ob43vfem8wDLIMGxjuLytwM2eCuPOvZ0gRCnrd86k8hgSaGNr5llFE40CdTEyZQXKP_EtuuRREhaA5tJLcIJqM8VSqfZlIO1VilWRYT9puwhStAjyZqIKM4fm1HoPeP333qLi5bYn8RS98wNix2JV6QxNrXRizOwRRGrLbi88ygIngm_1k8YzCOusXD8w1y8dfTPAEAAA%3d%3d:1790
[  106089ms] [LOG] categoria @ https://d1hjvew1n9ss7u.cloudfront.net/asset.axd?id=PAEAAB-LCAAAAAAAAAOtj0EPwUAQhf-KzLnsKqu64iBu4oSbOKzt0G2qKztTkQi_3abi6Ob43vfem8wDLIMGxjuLytwM2eCuPOvZ0gRCnrd86k8hgSaGNr5llFE40CdTEyZQXKP_EtuuRREhaA5tJLcIJqM8VSqfZlIO1VilWRYT9puwhStAjyZqIKM4fm1HoPeP333qLi5bYn8RS98wNix2JV6QxNrXRizOwRRGrLbi88ygIngm_1k8YzCOusXD8w1y8dfTPAEAAA%3d%3d:1
[  106090ms] [WARNING] !! Há erros de scripts de terceiros !!
Por favor, contate a Empresa responsável pelo script.  @ https://d1hjvew1n9ss7u.cloudfront.net/assets/shjs.js?t=639255987001545277:0
[  106091ms] Uncaught Error: You must pass a string or Handlebars AST to Handlebars.compile. You passed null
    at e.compile (https://d1hjvew1n9ss7u.cloudfront.net/asset.axd?id=PAEAAB-LCAAAAAAAAAOtj0EPwUAQhf-KzLnsKqu64iBu4oSbOKzt0G2qKztTkQi_3abi6Ob43vfem8wDLIMGxjuLytwM2eCuPOvZ0gRCnrd86k8hgSaGNr5llFE40CdTEyZQXKP_EtuuRREhaA5tJLcIJqM8VSqfZlIO1VilWRYT9puwhStAjyZqIKM4fm1HoPeP333qLi5bYn8RS98wNix2JV6QxNrXRizOwRRGrLbi88ygIngm_1k8YzCOusXD8w1y8dfTPAEAAA%3d%3d:1794:49302)
    at i.compile (https://d1hjvew1n9ss7u.cloudfront.net/asset.axd?id=PAEAAB-LCAAAAAAAAAOtj0EPwUAQhf-KzLnsKqu64iBu4oSbOKzt0G2qKztTkQi_3abi6Ob43vfem8wDLIMGxjuLytwM2eCuPOvZ0gRCnrd86k8hgSaGNr5llFE40CdTEyZQXKP_EtuuRREhaA5tJLcIJqM8VSqfZlIO1VilWRYT9puwhStAjyZqIKM4fm1HoPeP333qLi5bYn8RS98wNix2JV6QxNrXRizOwRRGrLbi88ygIngm_1k8YzCOusXD8w1y8dfTPAEAAA%3d%3d:1794:343)
    at renderBasket (https://d1hjvew1n9ss7u.cloudfront.net/asset.axd?id=PAEAAB-LCAAAAAAAAAOtj0EPwUAQhf-KzLnsKqu64iBu4oSbOKzt0G2qKztTkQi_3abi6Ob43vfem8wDLIMGxjuLytwM2eCuPOvZ0gRCnrd86k8hgSaGNr5llFE40CdTEyZQXKP_EtuuRREhaA5tJLcIJqM8VSqfZlIO1VilWRYT9puwhStAjyZqIKM4fm1HoPeP333qLi5bYn8RS98wNix2JV6QxNrXRizOwRRGrLbi88ygIngm_1k8YzCOusXD8w1y8dfTPAEAAA%3d%3d:29:27)
    at <anonymous> (https://d1hjvew1n9ss7u.cloudfront.net/asset.axd?id=PAEAAB-LCAAAAAAAAAOtj0EPwUAQhf-KzLnsKqu64iBu4oSbOKzt0G2qKztTkQi_3abi6Ob43vfem8wDLIMGxjuLytwM2eCuPOvZ0gRCnrd86k8hgSaGNr5llFE40CdTEyZQXKP_EtuuRREhaA5tJLcIJqM8VSqfZlIO1VilWRYT9puwhStAjyZqIKM4fm1HoPeP333qLi5bYn8RS98wNix2JV6QxNrXRizOwRRGrLbi88ygIngm_1k8YzCOusXD8w1y8dfTPAEAAA%3d%3d:220:1)
    at f (https://d1hjvew1n9ss7u.cloudfront.net/assets/shjs.js?t=639255987001545277:0:10382)
    at fireWith (https://d1hjvew1n9ss7u.cloudfront.net/assets/shjs.js?t=639255987001545277:0:11137)
    at ready (https://d1hjvew1n9ss7u.cloudfront.net/assets/shjs.js?t=639255987001545277:0:5238)
    at r (https://d1hjvew1n9ss7u.cloudfront.net/assets/shjs.js?t=639255987001545277:0:9748)
[  106094ms] [VERBOSE] [DOM] Input elements should have autocomplete attributes (suggested: "current-password"): (More info: https://goo.gl/9p2vKq) %o @ https://www.lolacosmetics.com.br/tratamentos/cronograma-capilar:0
[  106094ms] [VERBOSE] [DOM] Input elements should have autocomplete attributes (suggested: "current-password"): (More info: https://goo.gl/9p2vKq) %o @ https://www.lolacosmetics.com.br/tratamentos/cronograma-capilar:0
[  106141ms] [ERROR] Failed to load resource: net::ERR_NAME_NOT_RESOLVED @ https://event.getblue.io/js/blue-tag.min.js:0
[  106272ms] [LOG] AffiseStorage availability: {cookie: true, localStorage: true, sessionStorage: true} @ https://rankmediabrasil.g2afse.com/websdk.js:0
[  106272ms] [LOG] Status RNK Media - ClickId: null UTM: null @ :3
[  106312ms] [WARNING] [Meta Pixel] - Invalid parameter format for currency. Please refer https://developers.facebook.com/docs/meta-pixel/reference/ for valid parameter specifications. @ https://connect.facebook.net/en_US/fbevents.js:203
[  107184ms] [INFO] É necessário definir o storeID no Plugin TrustVox @ https://d1hjvew1n9ss7u.cloudfront.net/asset.axd?id=_woAAB-LCAAAAAAAAAO9lsFunDAQhl-l4rw122w3m1D1lEfooYeqh8HMgrNgW_aYDYrSZ--EaFVgIZWK1aP9__b3Y3uwnxNJSZYQPlH6CC146ZSlLx9kBc4jfQ10_HiXbBLNpu-qKJG23FJJdoTa4yYpLAu_0m_9MM8SJhm5wErLwu3u_ma_v787bLef9p_3N4cDO-TFIQtVJNnudi-23Mgv3con2Y_n5fG-Jz4ET6ZJH4wm1JS-ZfOpamzgYKJBgkuq9FyIYb949MnL5l8JpTFljQI01B0p6YeUqbaO5DtP2AiHEizxhoh2N4TNyOt41pmj4vi1KZUekkZCRIYwEKhaJvVyHN4Za2kaFL4y1qKbY04s67i5M2evdCkkEJbGdQ3qMKTOGlZ_axEkCY_g5HRZB8o6iqxQnkwgkYM_Ic8ZmgZcVyEU43V917guA8_DM76uXg5aj7FTbR3pCJKjU2f5TGKL9ajcr8R4LOVpicRSDE7pTLDXjL470tkvneLflHE03qE5Pc7Jr5XmOla-mq7frCEis8FCgV8kvsnReaIFp4CU0X9F_3FGTMH3tafWPAkHrwW3mGHii5PAOiVxDtkLcRh56PJAZKa34Vj8DyyjUdZKntgUszanZXKtRqQtg1YxCuAXXfBQ8rtLSrQEenwuZg098-fLbwJGClv_CgAA:52
[  107190ms] Uncaught TypeError: Cannot read properties of undefined (reading 'replace')
    at validaFreteGratis (https://d1hjvew1n9ss7u.cloudfront.net/asset.axd?id=PAEAAB-LCAAAAAAAAAOtj0EPwUAQhf-KzLnsKqu64iBu4oSbOKzt0G2qKztTkQi_3abi6Ob43vfem8wDLIMGxjuLytwM2eCuPOvZ0gRCnrd86k8hgSaGNr5llFE40CdTEyZQXKP_EtuuRREhaA5tJLcIJqM8VSqfZlIO1VilWRYT9puwhStAjyZqIKM4fm1HoPeP333qLi5bYn8RS98wNix2JV6QxNrXRizOwRRGrLbi88ygIngm_1k8YzCOusXD8w1y8dfTPAEAAA%3d%3d:1:7633)
    at <anonymous> (https://d1hjvew1n9ss7u.cloudfront.net/asset.axd?id=PAEAAB-LCAAAAAAAAAOtj0EPwUAQhf-KzLnsKqu64iBu4oSbOKzt0G2qKztTkQi_3abi6Ob43vfem8wDLIMGxjuLytwM2eCuPOvZ0gRCnrd86k8hgSaGNr5llFE40CdTEyZQXKP_EtuuRREhaA5tJLcIJqM8VSqfZlIO1VilWRYT9puwhStAjyZqIKM4fm1HoPeP333qLi5bYn8RS98wNix2JV6QxNrXRizOwRRGrLbi88ygIngm_1k8YzCOusXD8w1y8dfTPAEAAA%3d%3d:1:49808)
    at dispatch (https://d1hjvew1n9ss7u.cloudfront.net/assets/shjs.js?t=639255987001545277:0:32701)
    at a (https://d1hjvew1n9ss7u.cloudfront.net/assets/shjs.js?t=639255987001545277:0:28480)
[  107189ms] [LOG] Banner não encontrado: banner-232 @ https://d1hjvew1n9ss7u.cloudfront.net/asset.axd?id=PAEAAB-LCAAAAAAAAAOtj0EPwUAQhf-KzLnsKqu64iBu4oSbOKzt0G2qKztTkQi_3abi6Ob43vfem8wDLIMGxjuLytwM2eCuPOvZ0gRCnrd86k8hgSaGNr5llFE40CdTEyZQXKP_EtuuRREhaA5tJLcIJqM8VSqfZlIO1VilWRYT9puwhStAjyZqIKM4fm1HoPeP333qLi5bYn8RS98wNix2JV6QxNrXRizOwRRGrLbi88ygIngm_1k8YzCOusXD8w1y8dfTPAEAAA%3d%3d:754
[  107203ms] [LOG] %c Widde Video Commerce %c v24604ee %c Build: 21/09/2026 20:39 %c border: 1px solid #2567f8; background: #2567f8; color: #fff; font-weight: bold; padding: 4px 8px; border-radius: 3px 0 0 0; border: 1px solid #2567f8; border-left: none; background: #FFF; color: #2567f8; font-weight: bold; padding: 4px 8px; border: 1px solid #2567f8; border-left: none; background: #f0f0f0; color: #333; font-weight: bold; padding: 4px 8px; border-radius: 0 3px 3px 0; background: transparent @ https://cdn.widde.io/assets/main.utzwjalemu.js:0
[  107296ms] [LOG] %c Tryon Widde.io %c %s %c border: 1px solid #2567f8; background: #2567f8; color: #fff; font-weight: bold; padding: 4px 8px; border-radius: 3px 0 0 3px; border: 1px solid #2567f8; background: #FFF; color: #2567f8; font-weight: bold; padding: 4px 8px; border-radius: 0 3px 3px 0; 47bf7c2 background: transparent @ https://cdn-tryon.widde.io/widde-tryon.js:86
[  107313ms] [LOG] [tryon-tracker] initialized {domain: www.lolacosmetics.com.br} @ https://cdn-tryon.widde.io/widde-tryon.js:8
[  113577ms] [WARNING] Error with Feature-Policy header: Some features are specified in both Feature-Policy and Permissions-Policy header: payment, fullscreen, microphone, camera. Values defined in Permissions-Policy header will be used. @ :0
[  113975ms] [ERROR] Failed to load resource: the server responded with a status of 500 () @ https://fonts.cdnfonts.com/css/leelawade:0
[  114263ms] [ERROR] Failed to load resource: the server responded with a status of 404 () @ https://lolacosmetics.admin.linxcommerce.com.br/Custom/Content/Themes/Lola/Styles/Fonts/FontAwesome/all.css:0
[  114406ms] [ERROR] Failed to load resource: net::ERR_NAME_NOT_RESOLVED @ https://event.getblue.io/js/blue-tag.min.js:0
[  114463ms] [LOG] Banner não encontrado: banner-232 @ https://d1hjvew1n9ss7u.cloudfront.net/asset.axd?id=PAEAAB-LCAAAAAAAAAOtj0EPwUAQhf-KzLnsKqu64iBu4oSbOKzt0G2qKztTkQi_3abi6Ob43vfem8wDLIMGxjuLytwM2eCuPOvZ0gRCnrd86k8hgSaGNr5llFE40CdTEyZQXKP_EtuuRREhaA5tJLcIJqM8VSqfZlIO1VilWRYT9puwhStAjyZqIKM4fm1HoPeP333qLi5bYn8RS98wNix2JV6QxNrXRizOwRRGrLbi88ygIngm_1k8YzCOusXD8w1y8dfTPAEAAA%3d%3d:754
[  114464ms] [LOG] [Debug Carrinho] Polling ativo @ https://d1hjvew1n9ss7u.cloudfront.net/asset.axd?id=PAEAAB-LCAAAAAAAAAOtj0EPwUAQhf-KzLnsKqu64iBu4oSbOKzt0G2qKztTkQi_3abi6Ob43vfem8wDLIMGxjuLytwM2eCuPOvZ0gRCnrd86k8hgSaGNr5llFE40CdTEyZQXKP_EtuuRREhaA5tJLcIJqM8VSqfZlIO1VilWRYT9puwhStAjyZqIKM4fm1HoPeP333qLi5bYn8RS98wNix2JV6QxNrXRizOwRRGrLbi88ygIngm_1k8YzCOusXD8w1y8dfTPAEAAA%3d%3d:1790
[  114498ms] [LOG] categoria @ https://d1hjvew1n9ss7u.cloudfront.net/asset.axd?id=PAEAAB-LCAAAAAAAAAOtj0EPwUAQhf-KzLnsKqu64iBu4oSbOKzt0G2qKztTkQi_3abi6Ob43vfem8wDLIMGxjuLytwM2eCuPOvZ0gRCnrd86k8hgSaGNr5llFE40CdTEyZQXKP_EtuuRREhaA5tJLcIJqM8VSqfZlIO1VilWRYT9puwhStAjyZqIKM4fm1HoPeP333qLi5bYn8RS98wNix2JV6QxNrXRizOwRRGrLbi88ygIngm_1k8YzCOusXD8w1y8dfTPAEAAA%3d%3d:1
[  114499ms] [WARNING] !! Há erros de scripts de terceiros !!
Por favor, contate a Empresa responsável pelo script.  @ https://d1hjvew1n9ss7u.cloudfront.net/assets/shjs.js?t=639255987001545277:0
[  114499ms] Uncaught Error: You must pass a string or Handlebars AST to Handlebars.compile. You passed null
    at e.compile (https://d1hjvew1n9ss7u.cloudfront.net/asset.axd?id=PAEAAB-LCAAAAAAAAAOtj0EPwUAQhf-KzLnsKqu64iBu4oSbOKzt0G2qKztTkQi_3abi6Ob43vfem8wDLIMGxjuLytwM2eCuPOvZ0gRCnrd86k8hgSaGNr5llFE40CdTEyZQXKP_EtuuRREhaA5tJLcIJqM8VSqfZlIO1VilWRYT9puwhStAjyZqIKM4fm1HoPeP333qLi5bYn8RS98wNix2JV6QxNrXRizOwRRGrLbi88ygIngm_1k8YzCOusXD8w1y8dfTPAEAAA%3d%3d:1794:49302)
    at i.compile (https://d1hjvew1n9ss7u.cloudfront.net/asset.axd?id=PAEAAB-LCAAAAAAAAAOtj0EPwUAQhf-KzLnsKqu64iBu4oSbOKzt0G2qKztTkQi_3abi6Ob43vfem8wDLIMGxjuLytwM2eCuPOvZ0gRCnrd86k8hgSaGNr5llFE40CdTEyZQXKP_EtuuRREhaA5tJLcIJqM8VSqfZlIO1VilWRYT9puwhStAjyZqIKM4fm1HoPeP333qLi5bYn8RS98wNix2JV6QxNrXRizOwRRGrLbi88ygIngm_1k8YzCOusXD8w1y8dfTPAEAAA%3d%3d:1794:343)
    at renderBasket (https://d1hjvew1n9ss7u.cloudfront.net/asset.axd?id=PAEAAB-LCAAAAAAAAAOtj0EPwUAQhf-KzLnsKqu64iBu4oSbOKzt0G2qKztTkQi_3abi6Ob43vfem8wDLIMGxjuLytwM2eCuPOvZ0gRCnrd86k8hgSaGNr5llFE40CdTEyZQXKP_EtuuRREhaA5tJLcIJqM8VSqfZlIO1VilWRYT9puwhStAjyZqIKM4fm1HoPeP333qLi5bYn8RS98wNix2JV6QxNrXRizOwRRGrLbi88ygIngm_1k8YzCOusXD8w1y8dfTPAEAAA%3d%3d:29:27)
    at <anonymous> (https://d1hjvew1n9ss7u.cloudfront.net/asset.axd?id=PAEAAB-LCAAAAAAAAAOtj0EPwUAQhf-KzLnsKqu64iBu4oSbOKzt0G2qKztTkQi_3abi6Ob43vfem8wDLIMGxjuLytwM2eCuPOvZ0gRCnrd86k8hgSaGNr5llFE40CdTEyZQXKP_EtuuRREhaA5tJLcIJqM8VSqfZlIO1VilWRYT9puwhStAjyZqIKM4fm1HoPeP333qLi5bYn8RS98wNix2JV6QxNrXRizOwRRGrLbi88ygIngm_1k8YzCOusXD8w1y8dfTPAEAAA%3d%3d:220:1)
    at f (https://d1hjvew1n9ss7u.cloudfront.net/assets/shjs.js?t=639255987001545277:0:10382)
    at fireWith (https://d1hjvew1n9ss7u.cloudfront.net/assets/shjs.js?t=639255987001545277:0:11137)
    at ready (https://d1hjvew1n9ss7u.cloudfront.net/assets/shjs.js?t=639255987001545277:0:5238)
    at r (https://d1hjvew1n9ss7u.cloudfront.net/assets/shjs.js?t=639255987001545277:0:9748)
[  114503ms] [VERBOSE] [DOM] Input elements should have autocomplete attributes (suggested: "current-password"): (More info: https://goo.gl/9p2vKq) %o @ https://www.lolacosmetics.com.br/colecoes/babados-da-lola:0
[  114503ms] [VERBOSE] [DOM] Input elements should have autocomplete attributes (suggested: "current-password"): (More info: https://goo.gl/9p2vKq) %o @ https://www.lolacosmetics.com.br/colecoes/babados-da-lola:0
[  114537ms] [LOG] AffiseStorage availability: {cookie: true, localStorage: true, sessionStorage: true} @ https://rankmediabrasil.g2afse.com/websdk.js:0
[  114538ms] [LOG] Status RNK Media - ClickId: null UTM: null @ :3
[  114554ms] [WARNING] [Meta Pixel] - Invalid parameter format for currency. Please refer https://developers.facebook.com/docs/meta-pixel/reference/ for valid parameter specifications. @ https://connect.facebook.net/en_US/fbevents.js:203
[  114809ms] [INFO] É necessário definir o storeID no Plugin TrustVox @ https://d1hjvew1n9ss7u.cloudfront.net/asset.axd?id=CQsAAB-LCAAAAAAAAAO9lsFunDAQhl-l4rw122zJJlv1lEfooYeqh8HMgrNgW54xGxSlz16HaBVgoZWK1SP-f_v7MTPYz4nk5JAwPnH6CC2QdMrylw-yAkfIXz0fP94lm0QH03dVlMjb8KSSwxFqwk1S2CD8Sr_10yhImBzY-aC0Qbjd3d9k2f3dfrv9lH3Obvb74JAXhyxUkRx2t5nYhof8MqwoOfx4Xp5PPfHBE5smfTCaUXP6lo1S1VgfgokGGS6p0nMhhuPikZKXzb8SSmPKGgVoqDtWkoaUqbaORB0xNsKhBMvhg4h2N4TNyOt41pmjCvFrUyo9JI2EiAxhwHO1TOrlOLwz1tI0KKgy1qKbY04s67i5M2dSuhQSGEvjuga1H1JnDavftfCSBSE4Od3WgbKOIiuUJ-NZ5EAnDGv6pgHXVQjFeF__aFyXIawTVnzdvRy0HmOn2jrSEWSIzp0NNYkt1qN2vxJjsEpnvL2m9MORarJ0Kvw-jOPxzs3pcSqyVjr0l6KqVsRzhTkyRGQ2WCigReKbHJ0nWnAKWBn9V_S7M2KKcI4St-ZJOHhthMUME1-cBNYpiXPIXojDyH2Xe2YzPaXG4n9gGY2yVvIUTDF7c9om12pE2jJoFaOAcNPyBGW4D0mJlkGP62LWEOtc0HimGpmXzoZ3vSf-fPkNwB1u7QkLAAA%3d:49
[  114814ms] Uncaught TypeError: Cannot read properties of undefined (reading 'replace')
    at validaFreteGratis (https://d1hjvew1n9ss7u.cloudfront.net/asset.axd?id=PAEAAB-LCAAAAAAAAAOtj0EPwUAQhf-KzLnsKqu64iBu4oSbOKzt0G2qKztTkQi_3abi6Ob43vfem8wDLIMGxjuLytwM2eCuPOvZ0gRCnrd86k8hgSaGNr5llFE40CdTEyZQXKP_EtuuRREhaA5tJLcIJqM8VSqfZlIO1VilWRYT9puwhStAjyZqIKM4fm1HoPeP333qLi5bYn8RS98wNix2JV6QxNrXRizOwRRGrLbi88ygIngm_1k8YzCOusXD8w1y8dfTPAEAAA%3d%3d:1:7633)
    at <anonymous> (https://d1hjvew1n9ss7u.cloudfront.net/asset.axd?id=PAEAAB-LCAAAAAAAAAOtj0EPwUAQhf-KzLnsKqu64iBu4oSbOKzt0G2qKztTkQi_3abi6Ob43vfem8wDLIMGxjuLytwM2eCuPOvZ0gRCnrd86k8hgSaGNr5llFE40CdTEyZQXKP_EtuuRREhaA5tJLcIJqM8VSqfZlIO1VilWRYT9puwhStAjyZqIKM4fm1HoPeP333qLi5bYn8RS98wNix2JV6QxNrXRizOwRRGrLbi88ygIngm_1k8YzCOusXD8w1y8dfTPAEAAA%3d%3d:1:49808)
    at dispatch (https://d1hjvew1n9ss7u.cloudfront.net/assets/shjs.js?t=639255987001545277:0:32701)
    at a (https://d1hjvew1n9ss7u.cloudfront.net/assets/shjs.js?t=639255987001545277:0:28480)
[  114813ms] [LOG] Banner não encontrado: banner-232 @ https://d1hjvew1n9ss7u.cloudfront.net/asset.axd?id=PAEAAB-LCAAAAAAAAAOtj0EPwUAQhf-KzLnsKqu64iBu4oSbOKzt0G2qKztTkQi_3abi6Ob43vfem8wDLIMGxjuLytwM2eCuPOvZ0gRCnrd86k8hgSaGNr5llFE40CdTEyZQXKP_EtuuRREhaA5tJLcIJqM8VSqfZlIO1VilWRYT9puwhStAjyZqIKM4fm1HoPeP333qLi5bYn8RS98wNix2JV6QxNrXRizOwRRGrLbi88ygIngm_1k8YzCOusXD8w1y8dfTPAEAAA%3d%3d:754
[  114837ms] [LOG] %c Widde Video Commerce %c v24604ee %c Build: 21/09/2026 20:39 %c border: 1px solid #2567f8; background: #2567f8; color: #fff; font-weight: bold; padding: 4px 8px; border-radius: 3px 0 0 0; border: 1px solid #2567f8; border-left: none; background: #FFF; color: #2567f8; font-weight: bold; padding: 4px 8px; border: 1px solid #2567f8; border-left: none; background: #f0f0f0; color: #333; font-weight: bold; padding: 4px 8px; border-radius: 0 3px 3px 0; background: transparent @ https://cdn.widde.io/assets/main.utzwjalemu.js:0
[  114931ms] [LOG] %c Tryon Widde.io %c %s %c border: 1px solid #2567f8; background: #2567f8; color: #fff; font-weight: bold; padding: 4px 8px; border-radius: 3px 0 0 3px; border: 1px solid #2567f8; background: #FFF; color: #2567f8; font-weight: bold; padding: 4px 8px; border-radius: 0 3px 3px 0; 47bf7c2 background: transparent @ https://cdn-tryon.widde.io/widde-tryon.js:86
[  114941ms] [LOG] [tryon-tracker] initialized {domain: www.lolacosmetics.com.br} @ https://cdn-tryon.widde.io/widde-tryon.js:8
[  120538ms] [WARNING] Error with Feature-Policy header: Some features are specified in both Feature-Policy and Permissions-Policy header: payment, fullscreen, microphone, camera. Values defined in Permissions-Policy header will be used. @ :0
[  120821ms] [ERROR] Failed to load resource: the server responded with a status of 500 () @ https://fonts.cdnfonts.com/css/leelawade:0
[  121073ms] [ERROR] Failed to load resource: the server responded with a status of 404 () @ https://lolacosmetics.admin.linxcommerce.com.br/Custom/Content/Themes/Lola/Styles/Fonts/FontAwesome/all.css:0
[  121116ms] [LOG] Trustvox rating | PDP: 46389 tipo: 3 @ https://www.lolacosmetics.com.br/volumao-shampoo-250ml-ps-19629-321-p46389:16
[  121116ms] [LOG] Trustvox rating | ID final usado = 46389 @ https://www.lolacosmetics.com.br/volumao-shampoo-250ml-ps-19629-321-p46389:16
[  121117ms] [LOG] Trustvox PDP | product: 46389 | type: 3 | usedId: 46389 @ https://www.lolacosmetics.com.br/volumao-shampoo-250ml-ps-19629-321-p46389:44
[  121246ms] [LOG] Banner não encontrado: banner-232 @ https://d1hjvew1n9ss7u.cloudfront.net/asset.axd?id=PAEAAB-LCAAAAAAAAAOtj0EPwUAQhf-KzLnsKqu64iBu4oSbOKzt0G2qKztTkQi_3abi6Ob43vfem8wDLIMGxjuLytwM2eCuPOvZ0gRCnrd86k8hgSaGNr5llFE40CdTEyZQXKP_EtuuRREhaA5tJLcIJqM8VSqfZlIO1VilWRYT9puwhStAjyZqIKM4fm1HoPeP333qLi5bYn8RS98wNix2JV6QxNrXRizOwRRGrLbi88ygIngm_1k8YzCOusXD8w1y8dfTPAEAAA%3d%3d:754
[  121248ms] [LOG] [Debug Carrinho] Polling ativo @ https://d1hjvew1n9ss7u.cloudfront.net/asset.axd?id=PAEAAB-LCAAAAAAAAAOtj0EPwUAQhf-KzLnsKqu64iBu4oSbOKzt0G2qKztTkQi_3abi6Ob43vfem8wDLIMGxjuLytwM2eCuPOvZ0gRCnrd86k8hgSaGNr5llFE40CdTEyZQXKP_EtuuRREhaA5tJLcIJqM8VSqfZlIO1VilWRYT9puwhStAjyZqIKM4fm1HoPeP333qLi5bYn8RS98wNix2JV6QxNrXRizOwRRGrLbi88ygIngm_1k8YzCOusXD8w1y8dfTPAEAAA%3d%3d:1790
[  121312ms] [LOG] add @ https://d1hjvew1n9ss7u.cloudfront.net/asset.axd?id=PAEAAB-LCAAAAAAAAAOtj0EPwUAQhf-KzLnsKqu64iBu4oSbOKzt0G2qKztTkQi_3abi6Ob43vfem8wDLIMGxjuLytwM2eCuPOvZ0gRCnrd86k8hgSaGNr5llFE40CdTEyZQXKP_EtuuRREhaA5tJLcIJqM8VSqfZlIO1VilWRYT9puwhStAjyZqIKM4fm1HoPeP333qLi5bYn8RS98wNix2JV6QxNrXRizOwRRGrLbi88ygIngm_1k8YzCOusXD8w1y8dfTPAEAAA%3d%3d:1
[  121313ms] [WARNING] !! Há erros de scripts de terceiros !!
Por favor, contate a Empresa responsável pelo script.  @ https://d1hjvew1n9ss7u.cloudfront.net/assets/shjs.js?t=639255987001545277:0
[  121314ms] Uncaught Error: You must pass a string or Handlebars AST to Handlebars.compile. You passed null
    at e.compile (https://d1hjvew1n9ss7u.cloudfront.net/asset.axd?id=PAEAAB-LCAAAAAAAAAOtj0EPwUAQhf-KzLnsKqu64iBu4oSbOKzt0G2qKztTkQi_3abi6Ob43vfem8wDLIMGxjuLytwM2eCuPOvZ0gRCnrd86k8hgSaGNr5llFE40CdTEyZQXKP_EtuuRREhaA5tJLcIJqM8VSqfZlIO1VilWRYT9puwhStAjyZqIKM4fm1HoPeP333qLi5bYn8RS98wNix2JV6QxNrXRizOwRRGrLbi88ygIngm_1k8YzCOusXD8w1y8dfTPAEAAA%3d%3d:1794:49302)
    at i.compile (https://d1hjvew1n9ss7u.cloudfront.net/asset.axd?id=PAEAAB-LCAAAAAAAAAOtj0EPwUAQhf-KzLnsKqu64iBu4oSbOKzt0G2qKztTkQi_3abi6Ob43vfem8wDLIMGxjuLytwM2eCuPOvZ0gRCnrd86k8hgSaGNr5llFE40CdTEyZQXKP_EtuuRREhaA5tJLcIJqM8VSqfZlIO1VilWRYT9puwhStAjyZqIKM4fm1HoPeP333qLi5bYn8RS98wNix2JV6QxNrXRizOwRRGrLbi88ygIngm_1k8YzCOusXD8w1y8dfTPAEAAA%3d%3d:1794:343)
    at renderBasket (https://d1hjvew1n9ss7u.cloudfront.net/asset.axd?id=PAEAAB-LCAAAAAAAAAOtj0EPwUAQhf-KzLnsKqu64iBu4oSbOKzt0G2qKztTkQi_3abi6Ob43vfem8wDLIMGxjuLytwM2eCuPOvZ0gRCnrd86k8hgSaGNr5llFE40CdTEyZQXKP_EtuuRREhaA5tJLcIJqM8VSqfZlIO1VilWRYT9puwhStAjyZqIKM4fm1HoPeP333qLi5bYn8RS98wNix2JV6QxNrXRizOwRRGrLbi88ygIngm_1k8YzCOusXD8w1y8dfTPAEAAA%3d%3d:29:27)
    at <anonymous> (https://d1hjvew1n9ss7u.cloudfront.net/asset.axd?id=PAEAAB-LCAAAAAAAAAOtj0EPwUAQhf-KzLnsKqu64iBu4oSbOKzt0G2qKztTkQi_3abi6Ob43vfem8wDLIMGxjuLytwM2eCuPOvZ0gRCnrd86k8hgSaGNr5llFE40CdTEyZQXKP_EtuuRREhaA5tJLcIJqM8VSqfZlIO1VilWRYT9puwhStAjyZqIKM4fm1HoPeP333qLi5bYn8RS98wNix2JV6QxNrXRizOwRRGrLbi88ygIngm_1k8YzCOusXD8w1y8dfTPAEAAA%3d%3d:220:1)
    at f (https://d1hjvew1n9ss7u.cloudfront.net/assets/shjs.js?t=639255987001545277:0:10382)
    at fireWith (https://d1hjvew1n9ss7u.cloudfront.net/assets/shjs.js?t=639255987001545277:0:11137)
    at ready (https://d1hjvew1n9ss7u.cloudfront.net/assets/shjs.js?t=639255987001545277:0:5238)
    at r (https://d1hjvew1n9ss7u.cloudfront.net/assets/shjs.js?t=639255987001545277:0:9748)
[  121316ms] [VERBOSE] [DOM] Input elements should have autocomplete attributes (suggested: "current-password"): (More info: https://goo.gl/9p2vKq) %o @ https://www.lolacosmetics.com.br/volumao-shampoo-250ml-ps-19629-321-p46389:0
[  121316ms] [VERBOSE] [DOM] Input elements should have autocomplete attributes (suggested: "current-password"): (More info: https://goo.gl/9p2vKq) %o @ https://www.lolacosmetics.com.br/volumao-shampoo-250ml-ps-19629-321-p46389:0
[  121405ms] [ERROR] Failed to load resource: net::ERR_NAME_NOT_RESOLVED @ https://event.getblue.io/js/blue-tag.min.js:0
[  121405ms] [LOG] AffiseStorage availability: {cookie: true, localStorage: true, sessionStorage: true} @ https://rankmediabrasil.g2afse.com/websdk.js:0
[  121406ms] [LOG] Status RNK Media - ClickId: null UTM: null @ :3
[  121499ms] [WARNING] [Meta Pixel] - Invalid parameter format for currency. Please refer https://developers.facebook.com/docs/meta-pixel/reference/ for valid parameter specifications. @ https://connect.facebook.net/en_US/fbevents.js:203
[  121506ms] [ERROR] Failed to load resource: the server responded with a status of 404 () @ https://d1hjvew1n9ss7u.cloudfront.net/Custom/Content/Themes/Lola/Agrada/CSS/ajax-loader.gif:0
[  121711ms] Uncaught TypeError: Cannot read properties of undefined (reading 'replace')
    at validaFreteGratis (https://d1hjvew1n9ss7u.cloudfront.net/asset.axd?id=PAEAAB-LCAAAAAAAAAOtj0EPwUAQhf-KzLnsKqu64iBu4oSbOKzt0G2qKztTkQi_3abi6Ob43vfem8wDLIMGxjuLytwM2eCuPOvZ0gRCnrd86k8hgSaGNr5llFE40CdTEyZQXKP_EtuuRREhaA5tJLcIJqM8VSqfZlIO1VilWRYT9puwhStAjyZqIKM4fm1HoPeP333qLi5bYn8RS98wNix2JV6QxNrXRizOwRRGrLbi88ygIngm_1k8YzCOusXD8w1y8dfTPAEAAA%3d%3d:1:7633)
    at <anonymous> (https://d1hjvew1n9ss7u.cloudfront.net/asset.axd?id=PAEAAB-LCAAAAAAAAAOtj0EPwUAQhf-KzLnsKqu64iBu4oSbOKzt0G2qKztTkQi_3abi6Ob43vfem8wDLIMGxjuLytwM2eCuPOvZ0gRCnrd86k8hgSaGNr5llFE40CdTEyZQXKP_EtuuRREhaA5tJLcIJqM8VSqfZlIO1VilWRYT9puwhStAjyZqIKM4fm1HoPeP333qLi5bYn8RS98wNix2JV6QxNrXRizOwRRGrLbi88ygIngm_1k8YzCOusXD8w1y8dfTPAEAAA%3d%3d:1:49808)
    at dispatch (https://d1hjvew1n9ss7u.cloudfront.net/assets/shjs.js?t=639255987001545277:0:32701)
    at a (https://d1hjvew1n9ss7u.cloudfront.net/assets/shjs.js?t=639255987001545277:0:28480)
[  121710ms] [LOG] Banner não encontrado: banner-232 @ https://d1hjvew1n9ss7u.cloudfront.net/asset.axd?id=PAEAAB-LCAAAAAAAAAOtj0EPwUAQhf-KzLnsKqu64iBu4oSbOKzt0G2qKztTkQi_3abi6Ob43vfem8wDLIMGxjuLytwM2eCuPOvZ0gRCnrd86k8hgSaGNr5llFE40CdTEyZQXKP_EtuuRREhaA5tJLcIJqM8VSqfZlIO1VilWRYT9puwhStAjyZqIKM4fm1HoPeP333qLi5bYn8RS98wNix2JV6QxNrXRizOwRRGrLbi88ygIngm_1k8YzCOusXD8w1y8dfTPAEAAA%3d%3d:754
[  121733ms] [LOG] %c Widde Video Commerce %c v24604ee %c Build: 21/09/2026 20:39 %c border: 1px solid #2567f8; background: #2567f8; color: #fff; font-weight: bold; padding: 4px 8px; border-radius: 3px 0 0 0; border: 1px solid #2567f8; border-left: none; background: #FFF; color: #2567f8; font-weight: bold; padding: 4px 8px; border: 1px solid #2567f8; border-left: none; background: #f0f0f0; color: #333; font-weight: bold; padding: 4px 8px; border-radius: 0 3px 3px 0; background: transparent @ https://cdn.widde.io/assets/main.utzwjalemu.js:0
[  121736ms] [ERROR] Error decoding JWT: Error: Invalid JWT format
    at u0 (https://cdn.widde.io/assets/shared-utils.58MPgxdv.js:99:89838)
    at e (https://cdn.widde.io/assets/shared-utils.58MPgxdv.js:99:90502)
    at d0.startNativation (https://cdn.widde.io/assets/shared-utils.58MPgxdv.js:99:90616)
    at d0.registerNavigation (https://cdn.widde.io/assets/shared-utils.58MPgxdv.js:99:91609)
    at e (https://cdn.widde.io/assets/main.utzwjalemu.js:1:21655) @ https://cdn.widde.io/assets/shared-utils.58MPgxdv.js:98
[  121927ms] Uncaught (in promise) TypeError: Cannot read properties of null (reading 'store_id')
    at loadAnswersSummaries (https://static.trustvox.com.br/sincero/sincero.js:0:378910)
    at <anonymous> (https://static.trustvox.com.br/sincero/sincero.js:0:104392)
    at r.dispatch (https://static.trustvox.com.br/sincero/sincero.js:0:106041)
    at dispatch (https://static.trustvox.com.br/sincero/sincero.js:0:102087)
    at <anonymous> (https://static.trustvox.com.br/sincero/sincero.js:0:365471)
[  121932ms] Uncaught (in promise) TypeError: Cannot read properties of null (reading 'store_id')
    at loadProfiles (https://static.trustvox.com.br/sincero/sincero.js:0:376806)
    at <anonymous> (https://static.trustvox.com.br/sincero/sincero.js:0:104392)
    at r.dispatch (https://static.trustvox.com.br/sincero/sincero.js:0:106041)
    at dispatch (https://static.trustvox.com.br/sincero/sincero.js:0:102087)
    at t.context.a.dispatch (https://static.trustvox.com.br/sincero/sincero.js:0:103635)
    at <anonymous> (https://static.trustvox.com.br/sincero/sincero.js:0:376597)
[  122187ms] [LOG] %c Tryon Widde.io %c %s %c border: 1px solid #2567f8; background: #2567f8; color: #fff; font-weight: bold; padding: 4px 8px; border-radius: 3px 0 0 3px; border: 1px solid #2567f8; background: #FFF; color: #2567f8; font-weight: bold; padding: 4px 8px; border-radius: 0 3px 3px 0; 47bf7c2 background: transparent @ https://cdn-tryon.widde.io/widde-tryon.js:86
[  122206ms] [LOG] [tryon-tracker] initialized {domain: www.lolacosmetics.com.br} @ https://cdn-tryon.widde.io/widde-tryon.js:8
[  130097ms] [WARNING] The resource https://fonts.cdnfonts.com/css/leelawade was preloaded using link preload but not used within a few seconds from the window's load event. Please make sure it has an appropriate `as` value and it is preloaded intentionally. @ https://www.lolacosmetics.com.br/volumao-shampoo-250ml-ps-19629-321-p46389:0
[  134725ms] [WARNING] Error with Feature-Policy header: Some features are specified in both Feature-Policy and Permissions-Policy header: payment, fullscreen, microphone, camera. Values defined in Permissions-Policy header will be used. @ :0
[  135017ms] [ERROR] Failed to load resource: the server responded with a status of 500 () @ https://fonts.cdnfonts.com/css/leelawade:0
[  135276ms] [ERROR] Failed to load resource: the server responded with a status of 404 () @ https://lolacosmetics.admin.linxcommerce.com.br/Custom/Content/Themes/Lola/Styles/Fonts/FontAwesome/all.css:0
[  135342ms] [LOG] Banner não encontrado: banner-232 @ https://d1hjvew1n9ss7u.cloudfront.net/asset.axd?id=PAEAAB-LCAAAAAAAAAOtj0EPwUAQhf-KzLnsKqu64iBu4oSbOKzt0G2qKztTkQi_3abi6Ob43vfem8wDLIMGxjuLytwM2eCuPOvZ0gRCnrd86k8hgSaGNr5llFE40CdTEyZQXKP_EtuuRREhaA5tJLcIJqM8VSqfZlIO1VilWRYT9puwhStAjyZqIKM4fm1HoPeP333qLi5bYn8RS98wNix2JV6QxNrXRizOwRRGrLbi88ygIngm_1k8YzCOusXD8w1y8dfTPAEAAA%3d%3d:754
[  135345ms] [LOG] [Debug Carrinho] Polling ativo @ https://d1hjvew1n9ss7u.cloudfront.net/asset.axd?id=PAEAAB-LCAAAAAAAAAOtj0EPwUAQhf-KzLnsKqu64iBu4oSbOKzt0G2qKztTkQi_3abi6Ob43vfem8wDLIMGxjuLytwM2eCuPOvZ0gRCnrd86k8hgSaGNr5llFE40CdTEyZQXKP_EtuuRREhaA5tJLcIJqM8VSqfZlIO1VilWRYT9puwhStAjyZqIKM4fm1HoPeP333qLi5bYn8RS98wNix2JV6QxNrXRizOwRRGrLbi88ygIngm_1k8YzCOusXD8w1y8dfTPAEAAA%3d%3d:1790
[  135393ms] [LOG] categoria @ https://d1hjvew1n9ss7u.cloudfront.net/asset.axd?id=PAEAAB-LCAAAAAAAAAOtj0EPwUAQhf-KzLnsKqu64iBu4oSbOKzt0G2qKztTkQi_3abi6Ob43vfem8wDLIMGxjuLytwM2eCuPOvZ0gRCnrd86k8hgSaGNr5llFE40CdTEyZQXKP_EtuuRREhaA5tJLcIJqM8VSqfZlIO1VilWRYT9puwhStAjyZqIKM4fm1HoPeP333qLi5bYn8RS98wNix2JV6QxNrXRizOwRRGrLbi88ygIngm_1k8YzCOusXD8w1y8dfTPAEAAA%3d%3d:1
[  135394ms] [WARNING] !! Há erros de scripts de terceiros !!
Por favor, contate a Empresa responsável pelo script.  @ https://d1hjvew1n9ss7u.cloudfront.net/assets/shjs.js?t=639255987001545277:0
[  135397ms] Uncaught Error: You must pass a string or Handlebars AST to Handlebars.compile. You passed null
    at e.compile (https://d1hjvew1n9ss7u.cloudfront.net/asset.axd?id=PAEAAB-LCAAAAAAAAAOtj0EPwUAQhf-KzLnsKqu64iBu4oSbOKzt0G2qKztTkQi_3abi6Ob43vfem8wDLIMGxjuLytwM2eCuPOvZ0gRCnrd86k8hgSaGNr5llFE40CdTEyZQXKP_EtuuRREhaA5tJLcIJqM8VSqfZlIO1VilWRYT9puwhStAjyZqIKM4fm1HoPeP333qLi5bYn8RS98wNix2JV6QxNrXRizOwRRGrLbi88ygIngm_1k8YzCOusXD8w1y8dfTPAEAAA%3d%3d:1794:49302)
    at i.compile (https://d1hjvew1n9ss7u.cloudfront.net/asset.axd?id=PAEAAB-LCAAAAAAAAAOtj0EPwUAQhf-KzLnsKqu64iBu4oSbOKzt0G2qKztTkQi_3abi6Ob43vfem8wDLIMGxjuLytwM2eCuPOvZ0gRCnrd86k8hgSaGNr5llFE40CdTEyZQXKP_EtuuRREhaA5tJLcIJqM8VSqfZlIO1VilWRYT9puwhStAjyZqIKM4fm1HoPeP333qLi5bYn8RS98wNix2JV6QxNrXRizOwRRGrLbi88ygIngm_1k8YzCOusXD8w1y8dfTPAEAAA%3d%3d:1794:343)
    at renderBasket (https://d1hjvew1n9ss7u.cloudfront.net/asset.axd?id=PAEAAB-LCAAAAAAAAAOtj0EPwUAQhf-KzLnsKqu64iBu4oSbOKzt0G2qKztTkQi_3abi6Ob43vfem8wDLIMGxjuLytwM2eCuPOvZ0gRCnrd86k8hgSaGNr5llFE40CdTEyZQXKP_EtuuRREhaA5tJLcIJqM8VSqfZlIO1VilWRYT9puwhStAjyZqIKM4fm1HoPeP333qLi5bYn8RS98wNix2JV6QxNrXRizOwRRGrLbi88ygIngm_1k8YzCOusXD8w1y8dfTPAEAAA%3d%3d:29:27)
    at <anonymous> (https://d1hjvew1n9ss7u.cloudfront.net/asset.axd?id=PAEAAB-LCAAAAAAAAAOtj0EPwUAQhf-KzLnsKqu64iBu4oSbOKzt0G2qKztTkQi_3abi6Ob43vfem8wDLIMGxjuLytwM2eCuPOvZ0gRCnrd86k8hgSaGNr5llFE40CdTEyZQXKP_EtuuRREhaA5tJLcIJqM8VSqfZlIO1VilWRYT9puwhStAjyZqIKM4fm1HoPeP333qLi5bYn8RS98wNix2JV6QxNrXRizOwRRGrLbi88ygIngm_1k8YzCOusXD8w1y8dfTPAEAAA%3d%3d:220:1)
    at f (https://d1hjvew1n9ss7u.cloudfront.net/assets/shjs.js?t=639255987001545277:0:10382)
    at fireWith (https://d1hjvew1n9ss7u.cloudfront.net/assets/shjs.js?t=639255987001545277:0:11137)
    at ready (https://d1hjvew1n9ss7u.cloudfront.net/assets/shjs.js?t=639255987001545277:0:5238)
    at r (https://d1hjvew1n9ss7u.cloudfront.net/assets/shjs.js?t=639255987001545277:0:9748)
[  135398ms] [VERBOSE] [DOM] Input elements should have autocomplete attributes (suggested: "current-password"): (More info: https://goo.gl/9p2vKq) %o @ https://www.lolacosmetics.com.br/kits:0
[  135398ms] [VERBOSE] [DOM] Input elements should have autocomplete attributes (suggested: "current-password"): (More info: https://goo.gl/9p2vKq) %o @ https://www.lolacosmetics.com.br/kits:0
[  135461ms] [ERROR] Failed to load resource: net::ERR_NAME_NOT_RESOLVED @ https://event.getblue.io/js/blue-tag.min.js:0
[  135558ms] [LOG] AffiseStorage availability: {cookie: true, localStorage: true, sessionStorage: true} @ https://rankmediabrasil.g2afse.com/websdk.js:0
[  135558ms] [LOG] Status RNK Media - ClickId: null UTM: null @ :3
[  135653ms] [WARNING] [Meta Pixel] - Invalid parameter format for currency. Please refer https://developers.facebook.com/docs/meta-pixel/reference/ for valid parameter specifications. @ https://connect.facebook.net/en_US/fbevents.js:203
[  135859ms] [INFO] É necessário definir o storeID no Plugin TrustVox @ https://d1hjvew1n9ss7u.cloudfront.net/asset.axd?id=_woAAB-LCAAAAAAAAAO9lsFunDAQhl-l4rw122w3m1D1lEfooYeqh8HMgrNgW_aYDYrSZ--EaFVgIZWK1aP9__b3Y3uwnxNJSZYQPlH6CC146ZSlLx9kBc4jfQ10_HiXbBLNpu-qKJG23FJJdoTa4yYpLAu_0m_9MM8SJhm5wErLwu3u_ma_v787bLef9p_3N4cDO-TFIQtVJNnudi-23Mgv3con2Y_n5fG-Jz4ET6ZJH4wm1JS-ZfOpamzgYKJBgkuq9FyIYb949MnL5l8JpTFljQI01B0p6YeUqbaO5DtP2AiHEizxhoh2N4TNyOt41pmj4vi1KZUekkZCRIYwEKhaJvVyHN4Za2kaFL4y1qKbY04s67i5M2evdCkkEJbGdQ3qMKTOGlZ_axEkCY_g5HRZB8o6iqxQnkwgkYM_Ic8ZmgZcVyEU43V917guA8_DM76uXg5aj7FTbR3pCJKjU2f5TGKL9ajcr8R4LOVpicRSDE7pTLDXjL470tkvneLflHE03qE5Pc7Jr5XmOla-mq7frCEis8FCgV8kvsnReaIFp4CU0X9F_3FGTMH3tafWPAkHrwW3mGHii5PAOiVxDtkLcRh56PJAZKa34Vj8DyyjUdZKntgUszanZXKtRqQtg1YxCuAXXfBQ8rtLSrQEenwuZg098-fLbwJGClv_CgAA:52
[  135869ms] Uncaught TypeError: Cannot read properties of undefined (reading 'replace')
    at validaFreteGratis (https://d1hjvew1n9ss7u.cloudfront.net/asset.axd?id=PAEAAB-LCAAAAAAAAAOtj0EPwUAQhf-KzLnsKqu64iBu4oSbOKzt0G2qKztTkQi_3abi6Ob43vfem8wDLIMGxjuLytwM2eCuPOvZ0gRCnrd86k8hgSaGNr5llFE40CdTEyZQXKP_EtuuRREhaA5tJLcIJqM8VSqfZlIO1VilWRYT9puwhStAjyZqIKM4fm1HoPeP333qLi5bYn8RS98wNix2JV6QxNrXRizOwRRGrLbi88ygIngm_1k8YzCOusXD8w1y8dfTPAEAAA%3d%3d:1:7633)
    at <anonymous> (https://d1hjvew1n9ss7u.cloudfront.net/asset.axd?id=PAEAAB-LCAAAAAAAAAOtj0EPwUAQhf-KzLnsKqu64iBu4oSbOKzt0G2qKztTkQi_3abi6Ob43vfem8wDLIMGxjuLytwM2eCuPOvZ0gRCnrd86k8hgSaGNr5llFE40CdTEyZQXKP_EtuuRREhaA5tJLcIJqM8VSqfZlIO1VilWRYT9puwhStAjyZqIKM4fm1HoPeP333qLi5bYn8RS98wNix2JV6QxNrXRizOwRRGrLbi88ygIngm_1k8YzCOusXD8w1y8dfTPAEAAA%3d%3d:1:49808)
    at dispatch (https://d1hjvew1n9ss7u.cloudfront.net/assets/shjs.js?t=639255987001545277:0:32701)
    at a (https://d1hjvew1n9ss7u.cloudfront.net/assets/shjs.js?t=639255987001545277:0:28480)
[  135864ms] [LOG] Banner não encontrado: banner-232 @ https://d1hjvew1n9ss7u.cloudfront.net/asset.axd?id=PAEAAB-LCAAAAAAAAAOtj0EPwUAQhf-KzLnsKqu64iBu4oSbOKzt0G2qKztTkQi_3abi6Ob43vfem8wDLIMGxjuLytwM2eCuPOvZ0gRCnrd86k8hgSaGNr5llFE40CdTEyZQXKP_EtuuRREhaA5tJLcIJqM8VSqfZlIO1VilWRYT9puwhStAjyZqIKM4fm1HoPeP333qLi5bYn8RS98wNix2JV6QxNrXRizOwRRGrLbi88ygIngm_1k8YzCOusXD8w1y8dfTPAEAAA%3d%3d:754
[  135893ms] [LOG] %c Widde Video Commerce %c v24604ee %c Build: 21/09/2026 20:39 %c border: 1px solid #2567f8; background: #2567f8; color: #fff; font-weight: bold; padding: 4px 8px; border-radius: 3px 0 0 0; border: 1px solid #2567f8; border-left: none; background: #FFF; color: #2567f8; font-weight: bold; padding: 4px 8px; border: 1px solid #2567f8; border-left: none; background: #f0f0f0; color: #333; font-weight: bold; padding: 4px 8px; border-radius: 0 3px 3px 0; background: transparent @ https://cdn.widde.io/assets/main.utzwjalemu.js:0
[  135932ms] [LOG] %c Tryon Widde.io %c %s %c border: 1px solid #2567f8; background: #2567f8; color: #fff; font-weight: bold; padding: 4px 8px; border-radius: 3px 0 0 3px; border: 1px solid #2567f8; background: #FFF; color: #2567f8; font-weight: bold; padding: 4px 8px; border-radius: 0 3px 3px 0; 47bf7c2 background: transparent @ https://cdn-tryon.widde.io/widde-tryon.js:86
[  135946ms] [LOG] [tryon-tracker] initialized {domain: www.lolacosmetics.com.br} @ https://cdn-tryon.widde.io/widde-tryon.js:8
[  141914ms] [WARNING] Error with Feature-Policy header: Some features are specified in both Feature-Policy and Permissions-Policy header: payment, fullscreen, microphone, camera. Values defined in Permissions-Policy header will be used. @ :0
[  142198ms] [ERROR] Failed to load resource: the server responded with a status of 500 () @ https://fonts.cdnfonts.com/css/leelawade:0
[  142450ms] [ERROR] Failed to load resource: the server responded with a status of 404 () @ https://lolacosmetics.admin.linxcommerce.com.br/Custom/Content/Themes/Lola/Styles/Fonts/FontAwesome/all.css:0
[  142503ms] [LOG] Banner não encontrado: banner-232 @ https://d1hjvew1n9ss7u.cloudfront.net/asset.axd?id=PAEAAB-LCAAAAAAAAAOtj0EPwUAQhf-KzLnsKqu64iBu4oSbOKzt0G2qKztTkQi_3abi6Ob43vfem8wDLIMGxjuLytwM2eCuPOvZ0gRCnrd86k8hgSaGNr5llFE40CdTEyZQXKP_EtuuRREhaA5tJLcIJqM8VSqfZlIO1VilWRYT9puwhStAjyZqIKM4fm1HoPeP333qLi5bYn8RS98wNix2JV6QxNrXRizOwRRGrLbi88ygIngm_1k8YzCOusXD8w1y8dfTPAEAAA%3d%3d:754
[  142504ms] [LOG] [Debug Carrinho] Polling ativo @ https://d1hjvew1n9ss7u.cloudfront.net/asset.axd?id=PAEAAB-LCAAAAAAAAAOtj0EPwUAQhf-KzLnsKqu64iBu4oSbOKzt0G2qKztTkQi_3abi6Ob43vfem8wDLIMGxjuLytwM2eCuPOvZ0gRCnrd86k8hgSaGNr5llFE40CdTEyZQXKP_EtuuRREhaA5tJLcIJqM8VSqfZlIO1VilWRYT9puwhStAjyZqIKM4fm1HoPeP333qLi5bYn8RS98wNix2JV6QxNrXRizOwRRGrLbi88ygIngm_1k8YzCOusXD8w1y8dfTPAEAAA%3d%3d:1790
[  142546ms] [LOG] categoria @ https://d1hjvew1n9ss7u.cloudfront.net/asset.axd?id=PAEAAB-LCAAAAAAAAAOtj0EPwUAQhf-KzLnsKqu64iBu4oSbOKzt0G2qKztTkQi_3abi6Ob43vfem8wDLIMGxjuLytwM2eCuPOvZ0gRCnrd86k8hgSaGNr5llFE40CdTEyZQXKP_EtuuRREhaA5tJLcIJqM8VSqfZlIO1VilWRYT9puwhStAjyZqIKM4fm1HoPeP333qLi5bYn8RS98wNix2JV6QxNrXRizOwRRGrLbi88ygIngm_1k8YzCOusXD8w1y8dfTPAEAAA%3d%3d:1
[  142547ms] [WARNING] !! Há erros de scripts de terceiros !!
Por favor, contate a Empresa responsável pelo script.  @ https://d1hjvew1n9ss7u.cloudfront.net/assets/shjs.js?t=639255987001545277:0
[  142550ms] Uncaught Error: You must pass a string or Handlebars AST to Handlebars.compile. You passed null
    at e.compile (https://d1hjvew1n9ss7u.cloudfront.net/asset.axd?id=PAEAAB-LCAAAAAAAAAOtj0EPwUAQhf-KzLnsKqu64iBu4oSbOKzt0G2qKztTkQi_3abi6Ob43vfem8wDLIMGxjuLytwM2eCuPOvZ0gRCnrd86k8hgSaGNr5llFE40CdTEyZQXKP_EtuuRREhaA5tJLcIJqM8VSqfZlIO1VilWRYT9puwhStAjyZqIKM4fm1HoPeP333qLi5bYn8RS98wNix2JV6QxNrXRizOwRRGrLbi88ygIngm_1k8YzCOusXD8w1y8dfTPAEAAA%3d%3d:1794:49302)
    at i.compile (https://d1hjvew1n9ss7u.cloudfront.net/asset.axd?id=PAEAAB-LCAAAAAAAAAOtj0EPwUAQhf-KzLnsKqu64iBu4oSbOKzt0G2qKztTkQi_3abi6Ob43vfem8wDLIMGxjuLytwM2eCuPOvZ0gRCnrd86k8hgSaGNr5llFE40CdTEyZQXKP_EtuuRREhaA5tJLcIJqM8VSqfZlIO1VilWRYT9puwhStAjyZqIKM4fm1HoPeP333qLi5bYn8RS98wNix2JV6QxNrXRizOwRRGrLbi88ygIngm_1k8YzCOusXD8w1y8dfTPAEAAA%3d%3d:1794:343)
    at renderBasket (https://d1hjvew1n9ss7u.cloudfront.net/asset.axd?id=PAEAAB-LCAAAAAAAAAOtj0EPwUAQhf-KzLnsKqu64iBu4oSbOKzt0G2qKztTkQi_3abi6Ob43vfem8wDLIMGxjuLytwM2eCuPOvZ0gRCnrd86k8hgSaGNr5llFE40CdTEyZQXKP_EtuuRREhaA5tJLcIJqM8VSqfZlIO1VilWRYT9puwhStAjyZqIKM4fm1HoPeP333qLi5bYn8RS98wNix2JV6QxNrXRizOwRRGrLbi88ygIngm_1k8YzCOusXD8w1y8dfTPAEAAA%3d%3d:29:27)
    at <anonymous> (https://d1hjvew1n9ss7u.cloudfront.net/asset.axd?id=PAEAAB-LCAAAAAAAAAOtj0EPwUAQhf-KzLnsKqu64iBu4oSbOKzt0G2qKztTkQi_3abi6Ob43vfem8wDLIMGxjuLytwM2eCuPOvZ0gRCnrd86k8hgSaGNr5llFE40CdTEyZQXKP_EtuuRREhaA5tJLcIJqM8VSqfZlIO1VilWRYT9puwhStAjyZqIKM4fm1HoPeP333qLi5bYn8RS98wNix2JV6QxNrXRizOwRRGrLbi88ygIngm_1k8YzCOusXD8w1y8dfTPAEAAA%3d%3d:220:1)
    at f (https://d1hjvew1n9ss7u.cloudfront.net/assets/shjs.js?t=639255987001545277:0:10382)
    at fireWith (https://d1hjvew1n9ss7u.cloudfront.net/assets/shjs.js?t=639255987001545277:0:11137)
    at ready (https://d1hjvew1n9ss7u.cloudfront.net/assets/shjs.js?t=639255987001545277:0:5238)
    at r (https://d1hjvew1n9ss7u.cloudfront.net/assets/shjs.js?t=639255987001545277:0:9748)
[  142551ms] [VERBOSE] [DOM] Input elements should have autocomplete attributes (suggested: "current-password"): (More info: https://goo.gl/9p2vKq) %o @ https://www.lolacosmetics.com.br/tratamentos:0
[  142551ms] [VERBOSE] [DOM] Input elements should have autocomplete attributes (suggested: "current-password"): (More info: https://goo.gl/9p2vKq) %o @ https://www.lolacosmetics.com.br/tratamentos:0
[  142634ms] [ERROR] Failed to load resource: net::ERR_NAME_NOT_RESOLVED @ https://event.getblue.io/js/blue-tag.min.js:0
[  142749ms] [LOG] AffiseStorage availability: {cookie: true, localStorage: true, sessionStorage: true} @ https://rankmediabrasil.g2afse.com/websdk.js:0
[  142749ms] [LOG] Status RNK Media - ClickId: null UTM: null @ :3
[  142791ms] [WARNING] [Meta Pixel] - Invalid parameter format for currency. Please refer https://developers.facebook.com/docs/meta-pixel/reference/ for valid parameter specifications. @ https://connect.facebook.net/en_US/fbevents.js:203
[  142972ms] [INFO] É necessário definir o storeID no Plugin TrustVox @ https://d1hjvew1n9ss7u.cloudfront.net/asset.axd?id=_woAAB-LCAAAAAAAAAO9lsFunDAQhl-l4rw122w3m1D1lEfooYeqh8HMgrNgW_aYDYrSZ--EaFVgIZWK1aP9__b3Y3uwnxNJSZYQPlH6CC146ZSlLx9kBc4jfQ10_HiXbBLNpu-qKJG23FJJdoTa4yYpLAu_0m_9MM8SJhm5wErLwu3u_ma_v787bLef9p_3N4cDO-TFIQtVJNnudi-23Mgv3con2Y_n5fG-Jz4ET6ZJH4wm1JS-ZfOpamzgYKJBgkuq9FyIYb949MnL5l8JpTFljQI01B0p6YeUqbaO5DtP2AiHEizxhoh2N4TNyOt41pmj4vi1KZUekkZCRIYwEKhaJvVyHN4Za2kaFL4y1qKbY04s67i5M2evdCkkEJbGdQ3qMKTOGlZ_axEkCY_g5HRZB8o6iqxQnkwgkYM_Ic8ZmgZcVyEU43V917guA8_DM76uXg5aj7FTbR3pCJKjU2f5TGKL9ajcr8R4LOVpicRSDE7pTLDXjL470tkvneLflHE03qE5Pc7Jr5XmOla-mq7frCEis8FCgV8kvsnReaIFp4CU0X9F_3FGTMH3tafWPAkHrwW3mGHii5PAOiVxDtkLcRh56PJAZKa34Vj8DyyjUdZKntgUszanZXKtRqQtg1YxCuAXXfBQ8rtLSrQEenwuZg098-fLbwJGClv_CgAA:52
[  142978ms] Uncaught TypeError: Cannot read properties of undefined (reading 'replace')
    at validaFreteGratis (https://d1hjvew1n9ss7u.cloudfront.net/asset.axd?id=PAEAAB-LCAAAAAAAAAOtj0EPwUAQhf-KzLnsKqu64iBu4oSbOKzt0G2qKztTkQi_3abi6Ob43vfem8wDLIMGxjuLytwM2eCuPOvZ0gRCnrd86k8hgSaGNr5llFE40CdTEyZQXKP_EtuuRREhaA5tJLcIJqM8VSqfZlIO1VilWRYT9puwhStAjyZqIKM4fm1HoPeP333qLi5bYn8RS98wNix2JV6QxNrXRizOwRRGrLbi88ygIngm_1k8YzCOusXD8w1y8dfTPAEAAA%3d%3d:1:7633)
    at <anonymous> (https://d1hjvew1n9ss7u.cloudfront.net/asset.axd?id=PAEAAB-LCAAAAAAAAAOtj0EPwUAQhf-KzLnsKqu64iBu4oSbOKzt0G2qKztTkQi_3abi6Ob43vfem8wDLIMGxjuLytwM2eCuPOvZ0gRCnrd86k8hgSaGNr5llFE40CdTEyZQXKP_EtuuRREhaA5tJLcIJqM8VSqfZlIO1VilWRYT9puwhStAjyZqIKM4fm1HoPeP333qLi5bYn8RS98wNix2JV6QxNrXRizOwRRGrLbi88ygIngm_1k8YzCOusXD8w1y8dfTPAEAAA%3d%3d:1:49808)
    at dispatch (https://d1hjvew1n9ss7u.cloudfront.net/assets/shjs.js?t=639255987001545277:0:32701)
    at a (https://d1hjvew1n9ss7u.cloudfront.net/assets/shjs.js?t=639255987001545277:0:28480)
    at <anonymous> (https://www.gstatic.com/recaptcha/releases/zqB-6Xpbd3lCIvi7Tr2D0pob/recaptcha__pt_br.js:803:212)
    at <anonymous> (https://www.gstatic.com/recaptcha/releases/zqB-6Xpbd3lCIvi7Tr2D0pob/recaptcha__pt_br.js:784:32)
    at <anonymous> (https://www.gstatic.com/recaptcha/releases/zqB-6Xpbd3lCIvi7Tr2D0pob/recaptcha__pt_br.js:395:214)
    at <anonymous> (https://www.gstatic.com/recaptcha/releases/zqB-6Xpbd3lCIvi7Tr2D0pob/recaptcha__pt_br.js:346:242)
    at w.next (https://www.gstatic.com/recaptcha/releases/zqB-6Xpbd3lCIvi7Tr2D0pob/recaptcha__pt_br.js:372:55)
    at <anonymous> (https://www.gstatic.com/recaptcha/releases/zqB-6Xpbd3lCIvi7Tr2D0pob/recaptcha__pt_br.js:507:143)
    at <anonymous> (https://www.gstatic.com/recaptcha/releases/zqB-6Xpbd3lCIvi7Tr2D0pob/recaptcha__pt_br.js:507:36)
    at <anonymous> (https://www.gstatic.com/recaptcha/releases/zqB-6Xpbd3lCIvi7Tr2D0pob/recaptcha__pt_br.js:411:65)
    at <anonymous> (https://www.gstatic.com/recaptcha/releases/zqB-6Xpbd3lCIvi7Tr2D0pob/recaptcha__pt_br.js:395:159)
    at <anonymous> (https://www.gstatic.com/recaptcha/releases/zqB-6Xpbd3lCIvi7Tr2D0pob/recaptcha__pt_br.js:563:246)
    at <anonymous> (https://www.gstatic.com/recaptcha/releases/zqB-6Xpbd3lCIvi7Tr2D0pob/recaptcha__pt_br.js:346:242)
    at w.next (https://www.gstatic.com/recaptcha/releases/zqB-6Xpbd3lCIvi7Tr2D0pob/recaptcha__pt_br.js:372:55)
    at <anonymous> (https://www.gstatic.com/recaptcha/releases/zqB-6Xpbd3lCIvi7Tr2D0pob/recaptcha__pt_br.js:507:143)
    at <anonymous> (https://www.gstatic.com/recaptcha/releases/zqB-6Xpbd3lCIvi7Tr2D0pob/recaptcha__pt_br.js:507:36)
    at <anonymous> (https://www.gstatic.com/recaptcha/releases/zqB-6Xpbd3lCIvi7Tr2D0pob/recaptcha__pt_br.js:411:65)
    at <anonymous> (https://www.gstatic.com/recaptcha/releases/zqB-6Xpbd3lCIvi7Tr2D0pob/recaptcha__pt_br.js:563:147)
    at <anonymous> (https://www.gstatic.com/recaptcha/releases/zqB-6Xpbd3lCIvi7Tr2D0pob/recaptcha__pt_br.js:794:232)
    at mx (https://www.gstatic.com/recaptcha/releases/zqB-6Xpbd3lCIvi7Tr2D0pob/recaptcha__pt_br.js:1087:229)
    at D (https://www.gstatic.com/recaptcha/releases/zqB-6Xpbd3lCIvi7Tr2D0pob/recaptcha__pt_br.js:471:206)
[  142977ms] [LOG] Banner não encontrado: banner-232 @ https://d1hjvew1n9ss7u.cloudfront.net/asset.axd?id=PAEAAB-LCAAAAAAAAAOtj0EPwUAQhf-KzLnsKqu64iBu4oSbOKzt0G2qKztTkQi_3abi6Ob43vfem8wDLIMGxjuLytwM2eCuPOvZ0gRCnrd86k8hgSaGNr5llFE40CdTEyZQXKP_EtuuRREhaA5tJLcIJqM8VSqfZlIO1VilWRYT9puwhStAjyZqIKM4fm1HoPeP333qLi5bYn8RS98wNix2JV6QxNrXRizOwRRGrLbi88ygIngm_1k8YzCOusXD8w1y8dfTPAEAAA%3d%3d:754
[  142999ms] [LOG] %c Widde Video Commerce %c v24604ee %c Build: 21/09/2026 20:39 %c border: 1px solid #2567f8; background: #2567f8; color: #fff; font-weight: bold; padding: 4px 8px; border-radius: 3px 0 0 0; border: 1px solid #2567f8; border-left: none; background: #FFF; color: #2567f8; font-weight: bold; padding: 4px 8px; border: 1px solid #2567f8; border-left: none; background: #f0f0f0; color: #333; font-weight: bold; padding: 4px 8px; border-radius: 0 3px 3px 0; background: transparent @ https://cdn.widde.io/assets/main.utzwjalemu.js:0
[  143074ms] [LOG] %c Tryon Widde.io %c %s %c border: 1px solid #2567f8; background: #2567f8; color: #fff; font-weight: bold; padding: 4px 8px; border-radius: 3px 0 0 3px; border: 1px solid #2567f8; background: #FFF; color: #2567f8; font-weight: bold; padding: 4px 8px; border-radius: 0 3px 3px 0; 47bf7c2 background: transparent @ https://cdn-tryon.widde.io/widde-tryon.js:86
[  143088ms] [LOG] [tryon-tracker] initialized {domain: www.lolacosmetics.com.br} @ https://cdn-tryon.widde.io/widde-tryon.js:8
[  148978ms] [WARNING] Error with Feature-Policy header: Some features are specified in both Feature-Policy and Permissions-Policy header: payment, fullscreen, microphone, camera. Values defined in Permissions-Policy header will be used. @ :0
[  149261ms] [ERROR] Failed to load resource: the server responded with a status of 500 () @ https://fonts.cdnfonts.com/css/leelawade:0
[  149667ms] [ERROR] Failed to load resource: the server responded with a status of 404 () @ https://lolacosmetics.admin.linxcommerce.com.br/Custom/Content/Themes/Lola/Styles/Fonts/FontAwesome/all.css:0
[  149725ms] [LOG] Banner não encontrado: banner-232 @ https://d1hjvew1n9ss7u.cloudfront.net/asset.axd?id=PAEAAB-LCAAAAAAAAAOtj0EPwUAQhf-KzLnsKqu64iBu4oSbOKzt0G2qKztTkQi_3abi6Ob43vfem8wDLIMGxjuLytwM2eCuPOvZ0gRCnrd86k8hgSaGNr5llFE40CdTEyZQXKP_EtuuRREhaA5tJLcIJqM8VSqfZlIO1VilWRYT9puwhStAjyZqIKM4fm1HoPeP333qLi5bYn8RS98wNix2JV6QxNrXRizOwRRGrLbi88ygIngm_1k8YzCOusXD8w1y8dfTPAEAAA%3d%3d:754
[  149727ms] [LOG] [Debug Carrinho] Polling ativo @ https://d1hjvew1n9ss7u.cloudfront.net/asset.axd?id=PAEAAB-LCAAAAAAAAAOtj0EPwUAQhf-KzLnsKqu64iBu4oSbOKzt0G2qKztTkQi_3abi6Ob43vfem8wDLIMGxjuLytwM2eCuPOvZ0gRCnrd86k8hgSaGNr5llFE40CdTEyZQXKP_EtuuRREhaA5tJLcIJqM8VSqfZlIO1VilWRYT9puwhStAjyZqIKM4fm1HoPeP333qLi5bYn8RS98wNix2JV6QxNrXRizOwRRGrLbi88ygIngm_1k8YzCOusXD8w1y8dfTPAEAAA%3d%3d:1790
[  149777ms] [LOG] categoria @ https://d1hjvew1n9ss7u.cloudfront.net/asset.axd?id=PAEAAB-LCAAAAAAAAAOtj0EPwUAQhf-KzLnsKqu64iBu4oSbOKzt0G2qKztTkQi_3abi6Ob43vfem8wDLIMGxjuLytwM2eCuPOvZ0gRCnrd86k8hgSaGNr5llFE40CdTEyZQXKP_EtuuRREhaA5tJLcIJqM8VSqfZlIO1VilWRYT9puwhStAjyZqIKM4fm1HoPeP333qLi5bYn8RS98wNix2JV6QxNrXRizOwRRGrLbi88ygIngm_1k8YzCOusXD8w1y8dfTPAEAAA%3d%3d:1
[  149778ms] [WARNING] !! Há erros de scripts de terceiros !!
Por favor, contate a Empresa responsável pelo script.  @ https://d1hjvew1n9ss7u.cloudfront.net/assets/shjs.js?t=639255987001545277:0
[  149785ms] Uncaught Error: You must pass a string or Handlebars AST to Handlebars.compile. You passed null
    at e.compile (https://d1hjvew1n9ss7u.cloudfront.net/asset.axd?id=PAEAAB-LCAAAAAAAAAOtj0EPwUAQhf-KzLnsKqu64iBu4oSbOKzt0G2qKztTkQi_3abi6Ob43vfem8wDLIMGxjuLytwM2eCuPOvZ0gRCnrd86k8hgSaGNr5llFE40CdTEyZQXKP_EtuuRREhaA5tJLcIJqM8VSqfZlIO1VilWRYT9puwhStAjyZqIKM4fm1HoPeP333qLi5bYn8RS98wNix2JV6QxNrXRizOwRRGrLbi88ygIngm_1k8YzCOusXD8w1y8dfTPAEAAA%3d%3d:1794:49302)
    at i.compile (https://d1hjvew1n9ss7u.cloudfront.net/asset.axd?id=PAEAAB-LCAAAAAAAAAOtj0EPwUAQhf-KzLnsKqu64iBu4oSbOKzt0G2qKztTkQi_3abi6Ob43vfem8wDLIMGxjuLytwM2eCuPOvZ0gRCnrd86k8hgSaGNr5llFE40CdTEyZQXKP_EtuuRREhaA5tJLcIJqM8VSqfZlIO1VilWRYT9puwhStAjyZqIKM4fm1HoPeP333qLi5bYn8RS98wNix2JV6QxNrXRizOwRRGrLbi88ygIngm_1k8YzCOusXD8w1y8dfTPAEAAA%3d%3d:1794:343)
    at renderBasket (https://d1hjvew1n9ss7u.cloudfront.net/asset.axd?id=PAEAAB-LCAAAAAAAAAOtj0EPwUAQhf-KzLnsKqu64iBu4oSbOKzt0G2qKztTkQi_3abi6Ob43vfem8wDLIMGxjuLytwM2eCuPOvZ0gRCnrd86k8hgSaGNr5llFE40CdTEyZQXKP_EtuuRREhaA5tJLcIJqM8VSqfZlIO1VilWRYT9puwhStAjyZqIKM4fm1HoPeP333qLi5bYn8RS98wNix2JV6QxNrXRizOwRRGrLbi88ygIngm_1k8YzCOusXD8w1y8dfTPAEAAA%3d%3d:29:27)
    at <anonymous> (https://d1hjvew1n9ss7u.cloudfront.net/asset.axd?id=PAEAAB-LCAAAAAAAAAOtj0EPwUAQhf-KzLnsKqu64iBu4oSbOKzt0G2qKztTkQi_3abi6Ob43vfem8wDLIMGxjuLytwM2eCuPOvZ0gRCnrd86k8hgSaGNr5llFE40CdTEyZQXKP_EtuuRREhaA5tJLcIJqM8VSqfZlIO1VilWRYT9puwhStAjyZqIKM4fm1HoPeP333qLi5bYn8RS98wNix2JV6QxNrXRizOwRRGrLbi88ygIngm_1k8YzCOusXD8w1y8dfTPAEAAA%3d%3d:220:1)
    at f (https://d1hjvew1n9ss7u.cloudfront.net/assets/shjs.js?t=639255987001545277:0:10382)
    at fireWith (https://d1hjvew1n9ss7u.cloudfront.net/assets/shjs.js?t=639255987001545277:0:11137)
    at ready (https://d1hjvew1n9ss7u.cloudfront.net/assets/shjs.js?t=639255987001545277:0:5238)
    at r (https://d1hjvew1n9ss7u.cloudfront.net/assets/shjs.js?t=639255987001545277:0:9748)
[  149782ms] [VERBOSE] [DOM] Input elements should have autocomplete attributes (suggested: "current-password"): (More info: https://goo.gl/9p2vKq) %o @ https://www.lolacosmetics.com.br/tipos-de-cabelo:0
[  149782ms] [VERBOSE] [DOM] Input elements should have autocomplete attributes (suggested: "current-password"): (More info: https://goo.gl/9p2vKq) %o @ https://www.lolacosmetics.com.br/tipos-de-cabelo:0
[  149851ms] [ERROR] Failed to load resource: net::ERR_NAME_NOT_RESOLVED @ https://event.getblue.io/js/blue-tag.min.js:0
[  149959ms] [LOG] AffiseStorage availability: {cookie: true, localStorage: true, sessionStorage: true} @ https://rankmediabrasil.g2afse.com/websdk.js:0
[  149960ms] [LOG] Status RNK Media - ClickId: null UTM: null @ :3
[  150004ms] [WARNING] [Meta Pixel] - Invalid parameter format for currency. Please refer https://developers.facebook.com/docs/meta-pixel/reference/ for valid parameter specifications. @ https://connect.facebook.net/en_US/fbevents.js:203
[  150278ms] [INFO] É necessário definir o storeID no Plugin TrustVox @ https://d1hjvew1n9ss7u.cloudfront.net/asset.axd?id=_woAAB-LCAAAAAAAAAO9lsFunDAQhl-l4rw122w3m1D1lEfooYeqh8HMgrNgW_aYDYrSZ--EaFVgIZWK1aP9__b3Y3uwnxNJSZYQPlH6CC146ZSlLx9kBc4jfQ10_HiXbBLNpu-qKJG23FJJdoTa4yYpLAu_0m_9MM8SJhm5wErLwu3u_ma_v787bLef9p_3N4cDO-TFIQtVJNnudi-23Mgv3con2Y_n5fG-Jz4ET6ZJH4wm1JS-ZfOpamzgYKJBgkuq9FyIYb949MnL5l8JpTFljQI01B0p6YeUqbaO5DtP2AiHEizxhoh2N4TNyOt41pmj4vi1KZUekkZCRIYwEKhaJvVyHN4Za2kaFL4y1qKbY04s67i5M2evdCkkEJbGdQ3qMKTOGlZ_axEkCY_g5HRZB8o6iqxQnkwgkYM_Ic8ZmgZcVyEU43V917guA8_DM76uXg5aj7FTbR3pCJKjU2f5TGKL9ajcr8R4LOVpicRSDE7pTLDXjL470tkvneLflHE03qE5Pc7Jr5XmOla-mq7frCEis8FCgV8kvsnReaIFp4CU0X9F_3FGTMH3tafWPAkHrwW3mGHii5PAOiVxDtkLcRh56PJAZKa34Vj8DyyjUdZKntgUszanZXKtRqQtg1YxCuAXXfBQ8rtLSrQEenwuZg098-fLbwJGClv_CgAA:52
[  150285ms] Uncaught TypeError: Cannot read properties of undefined (reading 'replace')
    at validaFreteGratis (https://d1hjvew1n9ss7u.cloudfront.net/asset.axd?id=PAEAAB-LCAAAAAAAAAOtj0EPwUAQhf-KzLnsKqu64iBu4oSbOKzt0G2qKztTkQi_3abi6Ob43vfem8wDLIMGxjuLytwM2eCuPOvZ0gRCnrd86k8hgSaGNr5llFE40CdTEyZQXKP_EtuuRREhaA5tJLcIJqM8VSqfZlIO1VilWRYT9puwhStAjyZqIKM4fm1HoPeP333qLi5bYn8RS98wNix2JV6QxNrXRizOwRRGrLbi88ygIngm_1k8YzCOusXD8w1y8dfTPAEAAA%3d%3d:1:7633)
    at <anonymous> (https://d1hjvew1n9ss7u.cloudfront.net/asset.axd?id=PAEAAB-LCAAAAAAAAAOtj0EPwUAQhf-KzLnsKqu64iBu4oSbOKzt0G2qKztTkQi_3abi6Ob43vfem8wDLIMGxjuLytwM2eCuPOvZ0gRCnrd86k8hgSaGNr5llFE40CdTEyZQXKP_EtuuRREhaA5tJLcIJqM8VSqfZlIO1VilWRYT9puwhStAjyZqIKM4fm1HoPeP333qLi5bYn8RS98wNix2JV6QxNrXRizOwRRGrLbi88ygIngm_1k8YzCOusXD8w1y8dfTPAEAAA%3d%3d:1:49808)
    at dispatch (https://d1hjvew1n9ss7u.cloudfront.net/assets/shjs.js?t=639255987001545277:0:32701)
    at a (https://d1hjvew1n9ss7u.cloudfront.net/assets/shjs.js?t=639255987001545277:0:28480)
[  150283ms] [LOG] Banner não encontrado: banner-232 @ https://d1hjvew1n9ss7u.cloudfront.net/asset.axd?id=PAEAAB-LCAAAAAAAAAOtj0EPwUAQhf-KzLnsKqu64iBu4oSbOKzt0G2qKztTkQi_3abi6Ob43vfem8wDLIMGxjuLytwM2eCuPOvZ0gRCnrd86k8hgSaGNr5llFE40CdTEyZQXKP_EtuuRREhaA5tJLcIJqM8VSqfZlIO1VilWRYT9puwhStAjyZqIKM4fm1HoPeP333qLi5bYn8RS98wNix2JV6QxNrXRizOwRRGrLbi88ygIngm_1k8YzCOusXD8w1y8dfTPAEAAA%3d%3d:754
[  150302ms] [LOG] %c Widde Video Commerce %c v24604ee %c Build: 21/09/2026 20:39 %c border: 1px solid #2567f8; background: #2567f8; color: #fff; font-weight: bold; padding: 4px 8px; border-radius: 3px 0 0 0; border: 1px solid #2567f8; border-left: none; background: #FFF; color: #2567f8; font-weight: bold; padding: 4px 8px; border: 1px solid #2567f8; border-left: none; background: #f0f0f0; color: #333; font-weight: bold; padding: 4px 8px; border-radius: 0 3px 3px 0; background: transparent @ https://cdn.widde.io/assets/main.utzwjalemu.js:0
[  150306ms] [ERROR] Error decoding JWT: Error: Invalid JWT format
    at u0 (https://cdn.widde.io/assets/shared-utils.58MPgxdv.js:99:89838)
    at e (https://cdn.widde.io/assets/shared-utils.58MPgxdv.js:99:90502)
    at d0.startNativation (https://cdn.widde.io/assets/shared-utils.58MPgxdv.js:99:90616)
    at d0.registerNavigation (https://cdn.widde.io/assets/shared-utils.58MPgxdv.js:99:91609)
    at e (https://cdn.widde.io/assets/main.utzwjalemu.js:1:21655) @ https://cdn.widde.io/assets/shared-utils.58MPgxdv.js:98
[  150320ms] [LOG] %c Tryon Widde.io %c %s %c border: 1px solid #2567f8; background: #2567f8; color: #fff; font-weight: bold; padding: 4px 8px; border-radius: 3px 0 0 3px; border: 1px solid #2567f8; background: #FFF; color: #2567f8; font-weight: bold; padding: 4px 8px; border-radius: 0 3px 3px 0; 47bf7c2 background: transparent @ https://cdn-tryon.widde.io/widde-tryon.js:86
[  150333ms] [LOG] [tryon-tracker] initialized {domain: www.lolacosmetics.com.br} @ https://cdn-tryon.widde.io/widde-tryon.js:8
[  156481ms] [WARNING] Error with Feature-Policy header: Some features are specified in both Feature-Policy and Permissions-Policy header: payment, fullscreen, microphone, camera. Values defined in Permissions-Policy header will be used. @ :0
[  156764ms] [ERROR] Failed to load resource: the server responded with a status of 500 () @ https://fonts.cdnfonts.com/css/leelawade:0
[  157012ms] [ERROR] Failed to load resource: the server responded with a status of 404 () @ https://lolacosmetics.admin.linxcommerce.com.br/Custom/Content/Themes/Lola/Styles/Fonts/FontAwesome/all.css:0
[  157069ms] [LOG] Banner não encontrado: banner-232 @ https://d1hjvew1n9ss7u.cloudfront.net/asset.axd?id=PAEAAB-LCAAAAAAAAAOtj0EPwUAQhf-KzLnsKqu64iBu4oSbOKzt0G2qKztTkQi_3abi6Ob43vfem8wDLIMGxjuLytwM2eCuPOvZ0gRCnrd86k8hgSaGNr5llFE40CdTEyZQXKP_EtuuRREhaA5tJLcIJqM8VSqfZlIO1VilWRYT9puwhStAjyZqIKM4fm1HoPeP333qLi5bYn8RS98wNix2JV6QxNrXRizOwRRGrLbi88ygIngm_1k8YzCOusXD8w1y8dfTPAEAAA%3d%3d:754
[  157070ms] [LOG] [Debug Carrinho] Polling ativo @ https://d1hjvew1n9ss7u.cloudfront.net/asset.axd?id=PAEAAB-LCAAAAAAAAAOtj0EPwUAQhf-KzLnsKqu64iBu4oSbOKzt0G2qKztTkQi_3abi6Ob43vfem8wDLIMGxjuLytwM2eCuPOvZ0gRCnrd86k8hgSaGNr5llFE40CdTEyZQXKP_EtuuRREhaA5tJLcIJqM8VSqfZlIO1VilWRYT9puwhStAjyZqIKM4fm1HoPeP333qLi5bYn8RS98wNix2JV6QxNrXRizOwRRGrLbi88ygIngm_1k8YzCOusXD8w1y8dfTPAEAAA%3d%3d:1790
[  157135ms] [LOG] categoria @ https://d1hjvew1n9ss7u.cloudfront.net/asset.axd?id=PAEAAB-LCAAAAAAAAAOtj0EPwUAQhf-KzLnsKqu64iBu4oSbOKzt0G2qKztTkQi_3abi6Ob43vfem8wDLIMGxjuLytwM2eCuPOvZ0gRCnrd86k8hgSaGNr5llFE40CdTEyZQXKP_EtuuRREhaA5tJLcIJqM8VSqfZlIO1VilWRYT9puwhStAjyZqIKM4fm1HoPeP333qLi5bYn8RS98wNix2JV6QxNrXRizOwRRGrLbi88ygIngm_1k8YzCOusXD8w1y8dfTPAEAAA%3d%3d:1
[  157136ms] [WARNING] !! Há erros de scripts de terceiros !!
Por favor, contate a Empresa responsável pelo script.  @ https://d1hjvew1n9ss7u.cloudfront.net/assets/shjs.js?t=639255987001545277:0
[  157139ms] Uncaught Error: You must pass a string or Handlebars AST to Handlebars.compile. You passed null
    at e.compile (https://d1hjvew1n9ss7u.cloudfront.net/asset.axd?id=PAEAAB-LCAAAAAAAAAOtj0EPwUAQhf-KzLnsKqu64iBu4oSbOKzt0G2qKztTkQi_3abi6Ob43vfem8wDLIMGxjuLytwM2eCuPOvZ0gRCnrd86k8hgSaGNr5llFE40CdTEyZQXKP_EtuuRREhaA5tJLcIJqM8VSqfZlIO1VilWRYT9puwhStAjyZqIKM4fm1HoPeP333qLi5bYn8RS98wNix2JV6QxNrXRizOwRRGrLbi88ygIngm_1k8YzCOusXD8w1y8dfTPAEAAA%3d%3d:1794:49302)
    at i.compile (https://d1hjvew1n9ss7u.cloudfront.net/asset.axd?id=PAEAAB-LCAAAAAAAAAOtj0EPwUAQhf-KzLnsKqu64iBu4oSbOKzt0G2qKztTkQi_3abi6Ob43vfem8wDLIMGxjuLytwM2eCuPOvZ0gRCnrd86k8hgSaGNr5llFE40CdTEyZQXKP_EtuuRREhaA5tJLcIJqM8VSqfZlIO1VilWRYT9puwhStAjyZqIKM4fm1HoPeP333qLi5bYn8RS98wNix2JV6QxNrXRizOwRRGrLbi88ygIngm_1k8YzCOusXD8w1y8dfTPAEAAA%3d%3d:1794:343)
    at renderBasket (https://d1hjvew1n9ss7u.cloudfront.net/asset.axd?id=PAEAAB-LCAAAAAAAAAOtj0EPwUAQhf-KzLnsKqu64iBu4oSbOKzt0G2qKztTkQi_3abi6Ob43vfem8wDLIMGxjuLytwM2eCuPOvZ0gRCnrd86k8hgSaGNr5llFE40CdTEyZQXKP_EtuuRREhaA5tJLcIJqM8VSqfZlIO1VilWRYT9puwhStAjyZqIKM4fm1HoPeP333qLi5bYn8RS98wNix2JV6QxNrXRizOwRRGrLbi88ygIngm_1k8YzCOusXD8w1y8dfTPAEAAA%3d%3d:29:27)
    at <anonymous> (https://d1hjvew1n9ss7u.cloudfront.net/asset.axd?id=PAEAAB-LCAAAAAAAAAOtj0EPwUAQhf-KzLnsKqu64iBu4oSbOKzt0G2qKztTkQi_3abi6Ob43vfem8wDLIMGxjuLytwM2eCuPOvZ0gRCnrd86k8hgSaGNr5llFE40CdTEyZQXKP_EtuuRREhaA5tJLcIJqM8VSqfZlIO1VilWRYT9puwhStAjyZqIKM4fm1HoPeP333qLi5bYn8RS98wNix2JV6QxNrXRizOwRRGrLbi88ygIngm_1k8YzCOusXD8w1y8dfTPAEAAA%3d%3d:220:1)
    at f (https://d1hjvew1n9ss7u.cloudfront.net/assets/shjs.js?t=639255987001545277:0:10382)
    at fireWith (https://d1hjvew1n9ss7u.cloudfront.net/assets/shjs.js?t=639255987001545277:0:11137)
    at ready (https://d1hjvew1n9ss7u.cloudfront.net/assets/shjs.js?t=639255987001545277:0:5238)
    at r (https://d1hjvew1n9ss7u.cloudfront.net/assets/shjs.js?t=639255987001545277:0:9748)
[  157141ms] [VERBOSE] [DOM] Input elements should have autocomplete attributes (suggested: "current-password"): (More info: https://goo.gl/9p2vKq) %o @ https://www.lolacosmetics.com.br/colecoes:0
[  157141ms] [VERBOSE] [DOM] Input elements should have autocomplete attributes (suggested: "current-password"): (More info: https://goo.gl/9p2vKq) %o @ https://www.lolacosmetics.com.br/colecoes:0
[  157171ms] [ERROR] Failed to load resource: net::ERR_NAME_NOT_RESOLVED @ https://event.getblue.io/js/blue-tag.min.js:0
[  157284ms] [LOG] AffiseStorage availability: {cookie: true, localStorage: true, sessionStorage: true} @ https://rankmediabrasil.g2afse.com/websdk.js:0
[  157285ms] [LOG] Status RNK Media - ClickId: null UTM: null @ :3
[  157484ms] [WARNING] [Meta Pixel] - Invalid parameter format for currency. Please refer https://developers.facebook.com/docs/meta-pixel/reference/ for valid parameter specifications. @ https://connect.facebook.net/en_US/fbevents.js:203
[  157763ms] [INFO] É necessário definir o storeID no Plugin TrustVox @ https://d1hjvew1n9ss7u.cloudfront.net/asset.axd?id=_woAAB-LCAAAAAAAAAO9lsFunDAQhl-l4rw122w3m1D1lEfooYeqh8HMgrNgW_aYDYrSZ--EaFVgIZWK1aP9__b3Y3uwnxNJSZYQPlH6CC146ZSlLx9kBc4jfQ10_HiXbBLNpu-qKJG23FJJdoTa4yYpLAu_0m_9MM8SJhm5wErLwu3u_ma_v787bLef9p_3N4cDO-TFIQtVJNnudi-23Mgv3con2Y_n5fG-Jz4ET6ZJH4wm1JS-ZfOpamzgYKJBgkuq9FyIYb949MnL5l8JpTFljQI01B0p6YeUqbaO5DtP2AiHEizxhoh2N4TNyOt41pmj4vi1KZUekkZCRIYwEKhaJvVyHN4Za2kaFL4y1qKbY04s67i5M2evdCkkEJbGdQ3qMKTOGlZ_axEkCY_g5HRZB8o6iqxQnkwgkYM_Ic8ZmgZcVyEU43V917guA8_DM76uXg5aj7FTbR3pCJKjU2f5TGKL9ajcr8R4LOVpicRSDE7pTLDXjL470tkvneLflHE03qE5Pc7Jr5XmOla-mq7frCEis8FCgV8kvsnReaIFp4CU0X9F_3FGTMH3tafWPAkHrwW3mGHii5PAOiVxDtkLcRh56PJAZKa34Vj8DyyjUdZKntgUszanZXKtRqQtg1YxCuAXXfBQ8rtLSrQEenwuZg098-fLbwJGClv_CgAA:52
[  157767ms] Uncaught TypeError: Cannot read properties of undefined (reading 'replace')
    at validaFreteGratis (https://d1hjvew1n9ss7u.cloudfront.net/asset.axd?id=PAEAAB-LCAAAAAAAAAOtj0EPwUAQhf-KzLnsKqu64iBu4oSbOKzt0G2qKztTkQi_3abi6Ob43vfem8wDLIMGxjuLytwM2eCuPOvZ0gRCnrd86k8hgSaGNr5llFE40CdTEyZQXKP_EtuuRREhaA5tJLcIJqM8VSqfZlIO1VilWRYT9puwhStAjyZqIKM4fm1HoPeP333qLi5bYn8RS98wNix2JV6QxNrXRizOwRRGrLbi88ygIngm_1k8YzCOusXD8w1y8dfTPAEAAA%3d%3d:1:7633)
    at <anonymous> (https://d1hjvew1n9ss7u.cloudfront.net/asset.axd?id=PAEAAB-LCAAAAAAAAAOtj0EPwUAQhf-KzLnsKqu64iBu4oSbOKzt0G2qKztTkQi_3abi6Ob43vfem8wDLIMGxjuLytwM2eCuPOvZ0gRCnrd86k8hgSaGNr5llFE40CdTEyZQXKP_EtuuRREhaA5tJLcIJqM8VSqfZlIO1VilWRYT9puwhStAjyZqIKM4fm1HoPeP333qLi5bYn8RS98wNix2JV6QxNrXRizOwRRGrLbi88ygIngm_1k8YzCOusXD8w1y8dfTPAEAAA%3d%3d:1:49808)
    at dispatch (https://d1hjvew1n9ss7u.cloudfront.net/assets/shjs.js?t=639255987001545277:0:32701)
    at a (https://d1hjvew1n9ss7u.cloudfront.net/assets/shjs.js?t=639255987001545277:0:28480)
[  157766ms] [LOG] Banner não encontrado: banner-232 @ https://d1hjvew1n9ss7u.cloudfront.net/asset.axd?id=PAEAAB-LCAAAAAAAAAOtj0EPwUAQhf-KzLnsKqu64iBu4oSbOKzt0G2qKztTkQi_3abi6Ob43vfem8wDLIMGxjuLytwM2eCuPOvZ0gRCnrd86k8hgSaGNr5llFE40CdTEyZQXKP_EtuuRREhaA5tJLcIJqM8VSqfZlIO1VilWRYT9puwhStAjyZqIKM4fm1HoPeP333qLi5bYn8RS98wNix2JV6QxNrXRizOwRRGrLbi88ygIngm_1k8YzCOusXD8w1y8dfTPAEAAA%3d%3d:754
[  157789ms] [LOG] %c Widde Video Commerce %c v24604ee %c Build: 21/09/2026 20:39 %c border: 1px solid #2567f8; background: #2567f8; color: #fff; font-weight: bold; padding: 4px 8px; border-radius: 3px 0 0 0; border: 1px solid #2567f8; border-left: none; background: #FFF; color: #2567f8; font-weight: bold; padding: 4px 8px; border: 1px solid #2567f8; border-left: none; background: #f0f0f0; color: #333; font-weight: bold; padding: 4px 8px; border-radius: 0 3px 3px 0; background: transparent @ https://cdn.widde.io/assets/main.utzwjalemu.js:0
[  157863ms] [LOG] %c Tryon Widde.io %c %s %c border: 1px solid #2567f8; background: #2567f8; color: #fff; font-weight: bold; padding: 4px 8px; border-radius: 3px 0 0 3px; border: 1px solid #2567f8; background: #FFF; color: #2567f8; font-weight: bold; padding: 4px 8px; border-radius: 0 3px 3px 0; 47bf7c2 background: transparent @ https://cdn-tryon.widde.io/widde-tryon.js:86
[  157880ms] [LOG] [tryon-tracker] initialized {domain: www.lolacosmetics.com.br} @ https://cdn-tryon.widde.io/widde-tryon.js:8
[  163911ms] [WARNING] Error with Feature-Policy header: Some features are specified in both Feature-Policy and Permissions-Policy header: payment, fullscreen, microphone, camera. Values defined in Permissions-Policy header will be used. @ :0
[  164199ms] [ERROR] Failed to load resource: the server responded with a status of 500 () @ https://fonts.cdnfonts.com/css/leelawade:0
[  164452ms] [ERROR] Failed to load resource: the server responded with a status of 404 () @ https://lolacosmetics.admin.linxcommerce.com.br/Custom/Content/Themes/Lola/Styles/Fonts/FontAwesome/all.css:0
[  164504ms] [LOG] Banner não encontrado: banner-232 @ https://d1hjvew1n9ss7u.cloudfront.net/asset.axd?id=PAEAAB-LCAAAAAAAAAOtj0EPwUAQhf-KzLnsKqu64iBu4oSbOKzt0G2qKztTkQi_3abi6Ob43vfem8wDLIMGxjuLytwM2eCuPOvZ0gRCnrd86k8hgSaGNr5llFE40CdTEyZQXKP_EtuuRREhaA5tJLcIJqM8VSqfZlIO1VilWRYT9puwhStAjyZqIKM4fm1HoPeP333qLi5bYn8RS98wNix2JV6QxNrXRizOwRRGrLbi88ygIngm_1k8YzCOusXD8w1y8dfTPAEAAA%3d%3d:754
[  164505ms] [LOG] [Debug Carrinho] Polling ativo @ https://d1hjvew1n9ss7u.cloudfront.net/asset.axd?id=PAEAAB-LCAAAAAAAAAOtj0EPwUAQhf-KzLnsKqu64iBu4oSbOKzt0G2qKztTkQi_3abi6Ob43vfem8wDLIMGxjuLytwM2eCuPOvZ0gRCnrd86k8hgSaGNr5llFE40CdTEyZQXKP_EtuuRREhaA5tJLcIJqM8VSqfZlIO1VilWRYT9puwhStAjyZqIKM4fm1HoPeP333qLi5bYn8RS98wNix2JV6QxNrXRizOwRRGrLbi88ygIngm_1k8YzCOusXD8w1y8dfTPAEAAA%3d%3d:1790
[  164571ms] [LOG] categoria @ https://d1hjvew1n9ss7u.cloudfront.net/asset.axd?id=PAEAAB-LCAAAAAAAAAOtj0EPwUAQhf-KzLnsKqu64iBu4oSbOKzt0G2qKztTkQi_3abi6Ob43vfem8wDLIMGxjuLytwM2eCuPOvZ0gRCnrd86k8hgSaGNr5llFE40CdTEyZQXKP_EtuuRREhaA5tJLcIJqM8VSqfZlIO1VilWRYT9puwhStAjyZqIKM4fm1HoPeP333qLi5bYn8RS98wNix2JV6QxNrXRizOwRRGrLbi88ygIngm_1k8YzCOusXD8w1y8dfTPAEAAA%3d%3d:1
[  164573ms] [WARNING] !! Há erros de scripts de terceiros !!
Por favor, contate a Empresa responsável pelo script.  @ https://d1hjvew1n9ss7u.cloudfront.net/assets/shjs.js?t=639255987001545277:0
[  164575ms] Uncaught Error: You must pass a string or Handlebars AST to Handlebars.compile. You passed null
    at e.compile (https://d1hjvew1n9ss7u.cloudfront.net/asset.axd?id=PAEAAB-LCAAAAAAAAAOtj0EPwUAQhf-KzLnsKqu64iBu4oSbOKzt0G2qKztTkQi_3abi6Ob43vfem8wDLIMGxjuLytwM2eCuPOvZ0gRCnrd86k8hgSaGNr5llFE40CdTEyZQXKP_EtuuRREhaA5tJLcIJqM8VSqfZlIO1VilWRYT9puwhStAjyZqIKM4fm1HoPeP333qLi5bYn8RS98wNix2JV6QxNrXRizOwRRGrLbi88ygIngm_1k8YzCOusXD8w1y8dfTPAEAAA%3d%3d:1794:49302)
    at i.compile (https://d1hjvew1n9ss7u.cloudfront.net/asset.axd?id=PAEAAB-LCAAAAAAAAAOtj0EPwUAQhf-KzLnsKqu64iBu4oSbOKzt0G2qKztTkQi_3abi6Ob43vfem8wDLIMGxjuLytwM2eCuPOvZ0gRCnrd86k8hgSaGNr5llFE40CdTEyZQXKP_EtuuRREhaA5tJLcIJqM8VSqfZlIO1VilWRYT9puwhStAjyZqIKM4fm1HoPeP333qLi5bYn8RS98wNix2JV6QxNrXRizOwRRGrLbi88ygIngm_1k8YzCOusXD8w1y8dfTPAEAAA%3d%3d:1794:343)
    at renderBasket (https://d1hjvew1n9ss7u.cloudfront.net/asset.axd?id=PAEAAB-LCAAAAAAAAAOtj0EPwUAQhf-KzLnsKqu64iBu4oSbOKzt0G2qKztTkQi_3abi6Ob43vfem8wDLIMGxjuLytwM2eCuPOvZ0gRCnrd86k8hgSaGNr5llFE40CdTEyZQXKP_EtuuRREhaA5tJLcIJqM8VSqfZlIO1VilWRYT9puwhStAjyZqIKM4fm1HoPeP333qLi5bYn8RS98wNix2JV6QxNrXRizOwRRGrLbi88ygIngm_1k8YzCOusXD8w1y8dfTPAEAAA%3d%3d:29:27)
    at <anonymous> (https://d1hjvew1n9ss7u.cloudfront.net/asset.axd?id=PAEAAB-LCAAAAAAAAAOtj0EPwUAQhf-KzLnsKqu64iBu4oSbOKzt0G2qKztTkQi_3abi6Ob43vfem8wDLIMGxjuLytwM2eCuPOvZ0gRCnrd86k8hgSaGNr5llFE40CdTEyZQXKP_EtuuRREhaA5tJLcIJqM8VSqfZlIO1VilWRYT9puwhStAjyZqIKM4fm1HoPeP333qLi5bYn8RS98wNix2JV6QxNrXRizOwRRGrLbi88ygIngm_1k8YzCOusXD8w1y8dfTPAEAAA%3d%3d:220:1)
    at f (https://d1hjvew1n9ss7u.cloudfront.net/assets/shjs.js?t=639255987001545277:0:10382)
    at fireWith (https://d1hjvew1n9ss7u.cloudfront.net/assets/shjs.js?t=639255987001545277:0:11137)
    at ready (https://d1hjvew1n9ss7u.cloudfront.net/assets/shjs.js?t=639255987001545277:0:5238)
    at r (https://d1hjvew1n9ss7u.cloudfront.net/assets/shjs.js?t=639255987001545277:0:9748)
[  164577ms] [VERBOSE] [DOM] Input elements should have autocomplete attributes (suggested: "current-password"): (More info: https://goo.gl/9p2vKq) %o @ https://www.lolacosmetics.com.br/lancamentos:0
[  164577ms] [VERBOSE] [DOM] Input elements should have autocomplete attributes (suggested: "current-password"): (More info: https://goo.gl/9p2vKq) %o @ https://www.lolacosmetics.com.br/lancamentos:0
[  164675ms] [ERROR] Failed to load resource: net::ERR_NAME_NOT_RESOLVED @ https://event.getblue.io/js/blue-tag.min.js:0
[  164766ms] [LOG] AffiseStorage availability: {cookie: true, localStorage: true, sessionStorage: true} @ https://rankmediabrasil.g2afse.com/websdk.js:0
[  164769ms] [LOG] Status RNK Media - ClickId: null UTM: null @ :3
[  164850ms] [WARNING] [Meta Pixel] - Invalid parameter format for currency. Please refer https://developers.facebook.com/docs/meta-pixel/reference/ for valid parameter specifications. @ https://connect.facebook.net/en_US/fbevents.js:203
[  165138ms] [INFO] É necessário definir o storeID no Plugin TrustVox @ https://d1hjvew1n9ss7u.cloudfront.net/asset.axd?id=_woAAB-LCAAAAAAAAAO9lsFunDAQhl-l4rw122w3m1D1lEfooYeqh8HMgrNgW_aYDYrSZ--EaFVgIZWK1aP9__b3Y3uwnxNJSZYQPlH6CC146ZSlLx9kBc4jfQ10_HiXbBLNpu-qKJG23FJJdoTa4yYpLAu_0m_9MM8SJhm5wErLwu3u_ma_v787bLef9p_3N4cDO-TFIQtVJNnudi-23Mgv3con2Y_n5fG-Jz4ET6ZJH4wm1JS-ZfOpamzgYKJBgkuq9FyIYb949MnL5l8JpTFljQI01B0p6YeUqbaO5DtP2AiHEizxhoh2N4TNyOt41pmj4vi1KZUekkZCRIYwEKhaJvVyHN4Za2kaFL4y1qKbY04s67i5M2evdCkkEJbGdQ3qMKTOGlZ_axEkCY_g5HRZB8o6iqxQnkwgkYM_Ic8ZmgZcVyEU43V917guA8_DM76uXg5aj7FTbR3pCJKjU2f5TGKL9ajcr8R4LOVpicRSDE7pTLDXjL470tkvneLflHE03qE5Pc7Jr5XmOla-mq7frCEis8FCgV8kvsnReaIFp4CU0X9F_3FGTMH3tafWPAkHrwW3mGHii5PAOiVxDtkLcRh56PJAZKa34Vj8DyyjUdZKntgUszanZXKtRqQtg1YxCuAXXfBQ8rtLSrQEenwuZg098-fLbwJGClv_CgAA:52
[  165144ms] Uncaught TypeError: Cannot read properties of undefined (reading 'replace')
    at validaFreteGratis (https://d1hjvew1n9ss7u.cloudfront.net/asset.axd?id=PAEAAB-LCAAAAAAAAAOtj0EPwUAQhf-KzLnsKqu64iBu4oSbOKzt0G2qKztTkQi_3abi6Ob43vfem8wDLIMGxjuLytwM2eCuPOvZ0gRCnrd86k8hgSaGNr5llFE40CdTEyZQXKP_EtuuRREhaA5tJLcIJqM8VSqfZlIO1VilWRYT9puwhStAjyZqIKM4fm1HoPeP333qLi5bYn8RS98wNix2JV6QxNrXRizOwRRGrLbi88ygIngm_1k8YzCOusXD8w1y8dfTPAEAAA%3d%3d:1:7633)
    at <anonymous> (https://d1hjvew1n9ss7u.cloudfront.net/asset.axd?id=PAEAAB-LCAAAAAAAAAOtj0EPwUAQhf-KzLnsKqu64iBu4oSbOKzt0G2qKztTkQi_3abi6Ob43vfem8wDLIMGxjuLytwM2eCuPOvZ0gRCnrd86k8hgSaGNr5llFE40CdTEyZQXKP_EtuuRREhaA5tJLcIJqM8VSqfZlIO1VilWRYT9puwhStAjyZqIKM4fm1HoPeP333qLi5bYn8RS98wNix2JV6QxNrXRizOwRRGrLbi88ygIngm_1k8YzCOusXD8w1y8dfTPAEAAA%3d%3d:1:49808)
    at dispatch (https://d1hjvew1n9ss7u.cloudfront.net/assets/shjs.js?t=639255987001545277:0:32701)
    at a (https://d1hjvew1n9ss7u.cloudfront.net/assets/shjs.js?t=639255987001545277:0:28480)
[  165143ms] [LOG] Banner não encontrado: banner-232 @ https://d1hjvew1n9ss7u.cloudfront.net/asset.axd?id=PAEAAB-LCAAAAAAAAAOtj0EPwUAQhf-KzLnsKqu64iBu4oSbOKzt0G2qKztTkQi_3abi6Ob43vfem8wDLIMGxjuLytwM2eCuPOvZ0gRCnrd86k8hgSaGNr5llFE40CdTEyZQXKP_EtuuRREhaA5tJLcIJqM8VSqfZlIO1VilWRYT9puwhStAjyZqIKM4fm1HoPeP333qLi5bYn8RS98wNix2JV6QxNrXRizOwRRGrLbi88ygIngm_1k8YzCOusXD8w1y8dfTPAEAAA%3d%3d:754
[  165168ms] [LOG] %c Widde Video Commerce %c v24604ee %c Build: 21/09/2026 20:39 %c border: 1px solid #2567f8; background: #2567f8; color: #fff; font-weight: bold; padding: 4px 8px; border-radius: 3px 0 0 0; border: 1px solid #2567f8; border-left: none; background: #FFF; color: #2567f8; font-weight: bold; padding: 4px 8px; border: 1px solid #2567f8; border-left: none; background: #f0f0f0; color: #333; font-weight: bold; padding: 4px 8px; border-radius: 0 3px 3px 0; background: transparent @ https://cdn.widde.io/assets/main.utzwjalemu.js:0
[  165238ms] [LOG] %c Tryon Widde.io %c %s %c border: 1px solid #2567f8; background: #2567f8; color: #fff; font-weight: bold; padding: 4px 8px; border-radius: 3px 0 0 3px; border: 1px solid #2567f8; background: #FFF; color: #2567f8; font-weight: bold; padding: 4px 8px; border-radius: 0 3px 3px 0; 47bf7c2 background: transparent @ https://cdn-tryon.widde.io/widde-tryon.js:86
[  165251ms] [LOG] [tryon-tracker] initialized {domain: www.lolacosmetics.com.br} @ https://cdn-tryon.widde.io/widde-tryon.js:8
[  171239ms] [WARNING] Error with Feature-Policy header: Some features are specified in both Feature-Policy and Permissions-Policy header: payment, fullscreen, microphone, camera. Values defined in Permissions-Policy header will be used. @ :0
[  171522ms] [ERROR] Failed to load resource: the server responded with a status of 500 () @ https://fonts.cdnfonts.com/css/leelawade:0
[  171778ms] [ERROR] Failed to load resource: the server responded with a status of 404 () @ https://lolacosmetics.admin.linxcommerce.com.br/Custom/Content/Themes/Lola/Styles/Fonts/FontAwesome/all.css:0
[  171828ms] [LOG] Banner não encontrado: banner-232 @ https://d1hjvew1n9ss7u.cloudfront.net/asset.axd?id=PAEAAB-LCAAAAAAAAAOtj0EPwUAQhf-KzLnsKqu64iBu4oSbOKzt0G2qKztTkQi_3abi6Ob43vfem8wDLIMGxjuLytwM2eCuPOvZ0gRCnrd86k8hgSaGNr5llFE40CdTEyZQXKP_EtuuRREhaA5tJLcIJqM8VSqfZlIO1VilWRYT9puwhStAjyZqIKM4fm1HoPeP333qLi5bYn8RS98wNix2JV6QxNrXRizOwRRGrLbi88ygIngm_1k8YzCOusXD8w1y8dfTPAEAAA%3d%3d:754
[  171831ms] [LOG] [Debug Carrinho] Polling ativo @ https://d1hjvew1n9ss7u.cloudfront.net/asset.axd?id=PAEAAB-LCAAAAAAAAAOtj0EPwUAQhf-KzLnsKqu64iBu4oSbOKzt0G2qKztTkQi_3abi6Ob43vfem8wDLIMGxjuLytwM2eCuPOvZ0gRCnrd86k8hgSaGNr5llFE40CdTEyZQXKP_EtuuRREhaA5tJLcIJqM8VSqfZlIO1VilWRYT9puwhStAjyZqIKM4fm1HoPeP333qLi5bYn8RS98wNix2JV6QxNrXRizOwRRGrLbi88ygIngm_1k8YzCOusXD8w1y8dfTPAEAAA%3d%3d:1790
[  171886ms] [LOG] categoria @ https://d1hjvew1n9ss7u.cloudfront.net/asset.axd?id=PAEAAB-LCAAAAAAAAAOtj0EPwUAQhf-KzLnsKqu64iBu4oSbOKzt0G2qKztTkQi_3abi6Ob43vfem8wDLIMGxjuLytwM2eCuPOvZ0gRCnrd86k8hgSaGNr5llFE40CdTEyZQXKP_EtuuRREhaA5tJLcIJqM8VSqfZlIO1VilWRYT9puwhStAjyZqIKM4fm1HoPeP333qLi5bYn8RS98wNix2JV6QxNrXRizOwRRGrLbi88ygIngm_1k8YzCOusXD8w1y8dfTPAEAAA%3d%3d:1
[  171887ms] [WARNING] !! Há erros de scripts de terceiros !!
Por favor, contate a Empresa responsável pelo script.  @ https://d1hjvew1n9ss7u.cloudfront.net/assets/shjs.js?t=639255987001545277:0
[  171889ms] Uncaught Error: You must pass a string or Handlebars AST to Handlebars.compile. You passed null
    at e.compile (https://d1hjvew1n9ss7u.cloudfront.net/asset.axd?id=PAEAAB-LCAAAAAAAAAOtj0EPwUAQhf-KzLnsKqu64iBu4oSbOKzt0G2qKztTkQi_3abi6Ob43vfem8wDLIMGxjuLytwM2eCuPOvZ0gRCnrd86k8hgSaGNr5llFE40CdTEyZQXKP_EtuuRREhaA5tJLcIJqM8VSqfZlIO1VilWRYT9puwhStAjyZqIKM4fm1HoPeP333qLi5bYn8RS98wNix2JV6QxNrXRizOwRRGrLbi88ygIngm_1k8YzCOusXD8w1y8dfTPAEAAA%3d%3d:1794:49302)
    at i.compile (https://d1hjvew1n9ss7u.cloudfront.net/asset.axd?id=PAEAAB-LCAAAAAAAAAOtj0EPwUAQhf-KzLnsKqu64iBu4oSbOKzt0G2qKztTkQi_3abi6Ob43vfem8wDLIMGxjuLytwM2eCuPOvZ0gRCnrd86k8hgSaGNr5llFE40CdTEyZQXKP_EtuuRREhaA5tJLcIJqM8VSqfZlIO1VilWRYT9puwhStAjyZqIKM4fm1HoPeP333qLi5bYn8RS98wNix2JV6QxNrXRizOwRRGrLbi88ygIngm_1k8YzCOusXD8w1y8dfTPAEAAA%3d%3d:1794:343)
    at renderBasket (https://d1hjvew1n9ss7u.cloudfront.net/asset.axd?id=PAEAAB-LCAAAAAAAAAOtj0EPwUAQhf-KzLnsKqu64iBu4oSbOKzt0G2qKztTkQi_3abi6Ob43vfem8wDLIMGxjuLytwM2eCuPOvZ0gRCnrd86k8hgSaGNr5llFE40CdTEyZQXKP_EtuuRREhaA5tJLcIJqM8VSqfZlIO1VilWRYT9puwhStAjyZqIKM4fm1HoPeP333qLi5bYn8RS98wNix2JV6QxNrXRizOwRRGrLbi88ygIngm_1k8YzCOusXD8w1y8dfTPAEAAA%3d%3d:29:27)
    at <anonymous> (https://d1hjvew1n9ss7u.cloudfront.net/asset.axd?id=PAEAAB-LCAAAAAAAAAOtj0EPwUAQhf-KzLnsKqu64iBu4oSbOKzt0G2qKztTkQi_3abi6Ob43vfem8wDLIMGxjuLytwM2eCuPOvZ0gRCnrd86k8hgSaGNr5llFE40CdTEyZQXKP_EtuuRREhaA5tJLcIJqM8VSqfZlIO1VilWRYT9puwhStAjyZqIKM4fm1HoPeP333qLi5bYn8RS98wNix2JV6QxNrXRizOwRRGrLbi88ygIngm_1k8YzCOusXD8w1y8dfTPAEAAA%3d%3d:220:1)
    at f (https://d1hjvew1n9ss7u.cloudfront.net/assets/shjs.js?t=639255987001545277:0:10382)
    at fireWith (https://d1hjvew1n9ss7u.cloudfront.net/assets/shjs.js?t=639255987001545277:0:11137)
    at ready (https://d1hjvew1n9ss7u.cloudfront.net/assets/shjs.js?t=639255987001545277:0:5238)
    at r (https://d1hjvew1n9ss7u.cloudfront.net/assets/shjs.js?t=639255987001545277:0:9748)
[  171891ms] [VERBOSE] [DOM] Input elements should have autocomplete attributes (suggested: "current-password"): (More info: https://goo.gl/9p2vKq) %o @ https://www.lolacosmetics.com.br/promocao:0
[  171891ms] [VERBOSE] [DOM] Input elements should have autocomplete attributes (suggested: "current-password"): (More info: https://goo.gl/9p2vKq) %o @ https://www.lolacosmetics.com.br/promocao:0
[  171953ms] [ERROR] Failed to load resource: net::ERR_NAME_NOT_RESOLVED @ https://event.getblue.io/js/blue-tag.min.js:0
[  172086ms] [LOG] AffiseStorage availability: {cookie: true, localStorage: true, sessionStorage: true} @ https://rankmediabrasil.g2afse.com/websdk.js:0
[  172086ms] [LOG] Status RNK Media - ClickId: null UTM: null @ :3
[  172124ms] [WARNING] [Meta Pixel] - Invalid parameter format for currency. Please refer https://developers.facebook.com/docs/meta-pixel/reference/ for valid parameter specifications. @ https://connect.facebook.net/en_US/fbevents.js:203
[  172384ms] [INFO] É necessário definir o storeID no Plugin TrustVox @ https://d1hjvew1n9ss7u.cloudfront.net/asset.axd?id=_woAAB-LCAAAAAAAAAO9lsFunDAQhl-l4rw122w3m1D1lEfooYeqh8HMgrNgW_aYDYrSZ--EaFVgIZWK1aP9__b3Y3uwnxNJSZYQPlH6CC146ZSlLx9kBc4jfQ10_HiXbBLNpu-qKJG23FJJdoTa4yYpLAu_0m_9MM8SJhm5wErLwu3u_ma_v787bLef9p_3N4cDO-TFIQtVJNnudi-23Mgv3con2Y_n5fG-Jz4ET6ZJH4wm1JS-ZfOpamzgYKJBgkuq9FyIYb949MnL5l8JpTFljQI01B0p6YeUqbaO5DtP2AiHEizxhoh2N4TNyOt41pmj4vi1KZUekkZCRIYwEKhaJvVyHN4Za2kaFL4y1qKbY04s67i5M2evdCkkEJbGdQ3qMKTOGlZ_axEkCY_g5HRZB8o6iqxQnkwgkYM_Ic8ZmgZcVyEU43V917guA8_DM76uXg5aj7FTbR3pCJKjU2f5TGKL9ajcr8R4LOVpicRSDE7pTLDXjL470tkvneLflHE03qE5Pc7Jr5XmOla-mq7frCEis8FCgV8kvsnReaIFp4CU0X9F_3FGTMH3tafWPAkHrwW3mGHii5PAOiVxDtkLcRh56PJAZKa34Vj8DyyjUdZKntgUszanZXKtRqQtg1YxCuAXXfBQ8rtLSrQEenwuZg098-fLbwJGClv_CgAA:52
[  172389ms] Uncaught TypeError: Cannot read properties of undefined (reading 'replace')
    at validaFreteGratis (https://d1hjvew1n9ss7u.cloudfront.net/asset.axd?id=PAEAAB-LCAAAAAAAAAOtj0EPwUAQhf-KzLnsKqu64iBu4oSbOKzt0G2qKztTkQi_3abi6Ob43vfem8wDLIMGxjuLytwM2eCuPOvZ0gRCnrd86k8hgSaGNr5llFE40CdTEyZQXKP_EtuuRREhaA5tJLcIJqM8VSqfZlIO1VilWRYT9puwhStAjyZqIKM4fm1HoPeP333qLi5bYn8RS98wNix2JV6QxNrXRizOwRRGrLbi88ygIngm_1k8YzCOusXD8w1y8dfTPAEAAA%3d%3d:1:7633)
    at <anonymous> (https://d1hjvew1n9ss7u.cloudfront.net/asset.axd?id=PAEAAB-LCAAAAAAAAAOtj0EPwUAQhf-KzLnsKqu64iBu4oSbOKzt0G2qKztTkQi_3abi6Ob43vfem8wDLIMGxjuLytwM2eCuPOvZ0gRCnrd86k8hgSaGNr5llFE40CdTEyZQXKP_EtuuRREhaA5tJLcIJqM8VSqfZlIO1VilWRYT9puwhStAjyZqIKM4fm1HoPeP333qLi5bYn8RS98wNix2JV6QxNrXRizOwRRGrLbi88ygIngm_1k8YzCOusXD8w1y8dfTPAEAAA%3d%3d:1:49808)
    at dispatch (https://d1hjvew1n9ss7u.cloudfront.net/assets/shjs.js?t=639255987001545277:0:32701)
    at a (https://d1hjvew1n9ss7u.cloudfront.net/assets/shjs.js?t=639255987001545277:0:28480)
[  172388ms] [LOG] Banner não encontrado: banner-232 @ https://d1hjvew1n9ss7u.cloudfront.net/asset.axd?id=PAEAAB-LCAAAAAAAAAOtj0EPwUAQhf-KzLnsKqu64iBu4oSbOKzt0G2qKztTkQi_3abi6Ob43vfem8wDLIMGxjuLytwM2eCuPOvZ0gRCnrd86k8hgSaGNr5llFE40CdTEyZQXKP_EtuuRREhaA5tJLcIJqM8VSqfZlIO1VilWRYT9puwhStAjyZqIKM4fm1HoPeP333qLi5bYn8RS98wNix2JV6QxNrXRizOwRRGrLbi88ygIngm_1k8YzCOusXD8w1y8dfTPAEAAA%3d%3d:754
[  172412ms] [LOG] %c Widde Video Commerce %c v24604ee %c Build: 21/09/2026 20:39 %c border: 1px solid #2567f8; background: #2567f8; color: #fff; font-weight: bold; padding: 4px 8px; border-radius: 3px 0 0 0; border: 1px solid #2567f8; border-left: none; background: #FFF; color: #2567f8; font-weight: bold; padding: 4px 8px; border: 1px solid #2567f8; border-left: none; background: #f0f0f0; color: #333; font-weight: bold; padding: 4px 8px; border-radius: 0 3px 3px 0; background: transparent @ https://cdn.widde.io/assets/main.utzwjalemu.js:0
[  172490ms] [LOG] %c Tryon Widde.io %c %s %c border: 1px solid #2567f8; background: #2567f8; color: #fff; font-weight: bold; padding: 4px 8px; border-radius: 3px 0 0 3px; border: 1px solid #2567f8; background: #FFF; color: #2567f8; font-weight: bold; padding: 4px 8px; border-radius: 0 3px 3px 0; 47bf7c2 background: transparent @ https://cdn-tryon.widde.io/widde-tryon.js:86
[  172503ms] [LOG] [tryon-tracker] initialized {domain: www.lolacosmetics.com.br} @ https://cdn-tryon.widde.io/widde-tryon.js:8
[  178356ms] [WARNING] Error with Feature-Policy header: Some features are specified in both Feature-Policy and Permissions-Policy header: payment, fullscreen, microphone, camera. Values defined in Permissions-Policy header will be used. @ :0
[  178642ms] [ERROR] Failed to load resource: the server responded with a status of 500 () @ https://fonts.cdnfonts.com/css/leelawade:0
[  179042ms] [ERROR] Failed to load resource: the server responded with a status of 404 () @ https://lolacosmetics.admin.linxcommerce.com.br/Custom/Content/Themes/Lola/Styles/Fonts/FontAwesome/all.css:0
[  179104ms] [LOG] Banner não encontrado: banner-232 @ https://d1hjvew1n9ss7u.cloudfront.net/asset.axd?id=PAEAAB-LCAAAAAAAAAOtj0EPwUAQhf-KzLnsKqu64iBu4oSbOKzt0G2qKztTkQi_3abi6Ob43vfem8wDLIMGxjuLytwM2eCuPOvZ0gRCnrd86k8hgSaGNr5llFE40CdTEyZQXKP_EtuuRREhaA5tJLcIJqM8VSqfZlIO1VilWRYT9puwhStAjyZqIKM4fm1HoPeP333qLi5bYn8RS98wNix2JV6QxNrXRizOwRRGrLbi88ygIngm_1k8YzCOusXD8w1y8dfTPAEAAA%3d%3d:754
[  179106ms] [LOG] [Debug Carrinho] Polling ativo @ https://d1hjvew1n9ss7u.cloudfront.net/asset.axd?id=PAEAAB-LCAAAAAAAAAOtj0EPwUAQhf-KzLnsKqu64iBu4oSbOKzt0G2qKztTkQi_3abi6Ob43vfem8wDLIMGxjuLytwM2eCuPOvZ0gRCnrd86k8hgSaGNr5llFE40CdTEyZQXKP_EtuuRREhaA5tJLcIJqM8VSqfZlIO1VilWRYT9puwhStAjyZqIKM4fm1HoPeP333qLi5bYn8RS98wNix2JV6QxNrXRizOwRRGrLbi88ygIngm_1k8YzCOusXD8w1y8dfTPAEAAA%3d%3d:1790
[  179147ms] [LOG] categoria @ https://d1hjvew1n9ss7u.cloudfront.net/asset.axd?id=PAEAAB-LCAAAAAAAAAOtj0EPwUAQhf-KzLnsKqu64iBu4oSbOKzt0G2qKztTkQi_3abi6Ob43vfem8wDLIMGxjuLytwM2eCuPOvZ0gRCnrd86k8hgSaGNr5llFE40CdTEyZQXKP_EtuuRREhaA5tJLcIJqM8VSqfZlIO1VilWRYT9puwhStAjyZqIKM4fm1HoPeP333qLi5bYn8RS98wNix2JV6QxNrXRizOwRRGrLbi88ygIngm_1k8YzCOusXD8w1y8dfTPAEAAA%3d%3d:1
[  179147ms] [WARNING] !! Há erros de scripts de terceiros !!
Por favor, contate a Empresa responsável pelo script.  @ https://d1hjvew1n9ss7u.cloudfront.net/assets/shjs.js?t=639255987001545277:0
[  179149ms] Uncaught Error: You must pass a string or Handlebars AST to Handlebars.compile. You passed null
    at e.compile (https://d1hjvew1n9ss7u.cloudfront.net/asset.axd?id=PAEAAB-LCAAAAAAAAAOtj0EPwUAQhf-KzLnsKqu64iBu4oSbOKzt0G2qKztTkQi_3abi6Ob43vfem8wDLIMGxjuLytwM2eCuPOvZ0gRCnrd86k8hgSaGNr5llFE40CdTEyZQXKP_EtuuRREhaA5tJLcIJqM8VSqfZlIO1VilWRYT9puwhStAjyZqIKM4fm1HoPeP333qLi5bYn8RS98wNix2JV6QxNrXRizOwRRGrLbi88ygIngm_1k8YzCOusXD8w1y8dfTPAEAAA%3d%3d:1794:49302)
    at i.compile (https://d1hjvew1n9ss7u.cloudfront.net/asset.axd?id=PAEAAB-LCAAAAAAAAAOtj0EPwUAQhf-KzLnsKqu64iBu4oSbOKzt0G2qKztTkQi_3abi6Ob43vfem8wDLIMGxjuLytwM2eCuPOvZ0gRCnrd86k8hgSaGNr5llFE40CdTEyZQXKP_EtuuRREhaA5tJLcIJqM8VSqfZlIO1VilWRYT9puwhStAjyZqIKM4fm1HoPeP333qLi5bYn8RS98wNix2JV6QxNrXRizOwRRGrLbi88ygIngm_1k8YzCOusXD8w1y8dfTPAEAAA%3d%3d:1794:343)
    at renderBasket (https://d1hjvew1n9ss7u.cloudfront.net/asset.axd?id=PAEAAB-LCAAAAAAAAAOtj0EPwUAQhf-KzLnsKqu64iBu4oSbOKzt0G2qKztTkQi_3abi6Ob43vfem8wDLIMGxjuLytwM2eCuPOvZ0gRCnrd86k8hgSaGNr5llFE40CdTEyZQXKP_EtuuRREhaA5tJLcIJqM8VSqfZlIO1VilWRYT9puwhStAjyZqIKM4fm1HoPeP333qLi5bYn8RS98wNix2JV6QxNrXRizOwRRGrLbi88ygIngm_1k8YzCOusXD8w1y8dfTPAEAAA%3d%3d:29:27)
    at <anonymous> (https://d1hjvew1n9ss7u.cloudfront.net/asset.axd?id=PAEAAB-LCAAAAAAAAAOtj0EPwUAQhf-KzLnsKqu64iBu4oSbOKzt0G2qKztTkQi_3abi6Ob43vfem8wDLIMGxjuLytwM2eCuPOvZ0gRCnrd86k8hgSaGNr5llFE40CdTEyZQXKP_EtuuRREhaA5tJLcIJqM8VSqfZlIO1VilWRYT9puwhStAjyZqIKM4fm1HoPeP333qLi5bYn8RS98wNix2JV6QxNrXRizOwRRGrLbi88ygIngm_1k8YzCOusXD8w1y8dfTPAEAAA%3d%3d:220:1)
    at f (https://d1hjvew1n9ss7u.cloudfront.net/assets/shjs.js?t=639255987001545277:0:10382)
    at fireWith (https://d1hjvew1n9ss7u.cloudfront.net/assets/shjs.js?t=639255987001545277:0:11137)
    at ready (https://d1hjvew1n9ss7u.cloudfront.net/assets/shjs.js?t=639255987001545277:0:5238)
    at r (https://d1hjvew1n9ss7u.cloudfront.net/assets/shjs.js?t=639255987001545277:0:9748)
[  179152ms] [VERBOSE] [DOM] Input elements should have autocomplete attributes (suggested: "current-password"): (More info: https://goo.gl/9p2vKq) %o @ https://www.lolacosmetics.com.br/tratamentos/cronograma-capilar:0
[  179152ms] [VERBOSE] [DOM] Input elements should have autocomplete attributes (suggested: "current-password"): (More info: https://goo.gl/9p2vKq) %o @ https://www.lolacosmetics.com.br/tratamentos/cronograma-capilar:0
[  179205ms] [ERROR] Failed to load resource: net::ERR_NAME_NOT_RESOLVED @ https://event.getblue.io/js/blue-tag.min.js:0
[  179348ms] [LOG] AffiseStorage availability: {cookie: true, localStorage: true, sessionStorage: true} @ https://rankmediabrasil.g2afse.com/websdk.js:0
[  179348ms] [LOG] Status RNK Media - ClickId: null UTM: null @ :3
[  179385ms] [WARNING] [Meta Pixel] - Invalid parameter format for currency. Please refer https://developers.facebook.com/docs/meta-pixel/reference/ for valid parameter specifications. @ https://connect.facebook.net/en_US/fbevents.js:203
[  179656ms] [INFO] É necessário definir o storeID no Plugin TrustVox @ https://d1hjvew1n9ss7u.cloudfront.net/asset.axd?id=_woAAB-LCAAAAAAAAAO9lsFunDAQhl-l4rw122w3m1D1lEfooYeqh8HMgrNgW_aYDYrSZ--EaFVgIZWK1aP9__b3Y3uwnxNJSZYQPlH6CC146ZSlLx9kBc4jfQ10_HiXbBLNpu-qKJG23FJJdoTa4yYpLAu_0m_9MM8SJhm5wErLwu3u_ma_v787bLef9p_3N4cDO-TFIQtVJNnudi-23Mgv3con2Y_n5fG-Jz4ET6ZJH4wm1JS-ZfOpamzgYKJBgkuq9FyIYb949MnL5l8JpTFljQI01B0p6YeUqbaO5DtP2AiHEizxhoh2N4TNyOt41pmj4vi1KZUekkZCRIYwEKhaJvVyHN4Za2kaFL4y1qKbY04s67i5M2evdCkkEJbGdQ3qMKTOGlZ_axEkCY_g5HRZB8o6iqxQnkwgkYM_Ic8ZmgZcVyEU43V917guA8_DM76uXg5aj7FTbR3pCJKjU2f5TGKL9ajcr8R4LOVpicRSDE7pTLDXjL470tkvneLflHE03qE5Pc7Jr5XmOla-mq7frCEis8FCgV8kvsnReaIFp4CU0X9F_3FGTMH3tafWPAkHrwW3mGHii5PAOiVxDtkLcRh56PJAZKa34Vj8DyyjUdZKntgUszanZXKtRqQtg1YxCuAXXfBQ8rtLSrQEenwuZg098-fLbwJGClv_CgAA:52
[  179662ms] Uncaught TypeError: Cannot read properties of undefined (reading 'replace')
    at validaFreteGratis (https://d1hjvew1n9ss7u.cloudfront.net/asset.axd?id=PAEAAB-LCAAAAAAAAAOtj0EPwUAQhf-KzLnsKqu64iBu4oSbOKzt0G2qKztTkQi_3abi6Ob43vfem8wDLIMGxjuLytwM2eCuPOvZ0gRCnrd86k8hgSaGNr5llFE40CdTEyZQXKP_EtuuRREhaA5tJLcIJqM8VSqfZlIO1VilWRYT9puwhStAjyZqIKM4fm1HoPeP333qLi5bYn8RS98wNix2JV6QxNrXRizOwRRGrLbi88ygIngm_1k8YzCOusXD8w1y8dfTPAEAAA%3d%3d:1:7633)
    at <anonymous> (https://d1hjvew1n9ss7u.cloudfront.net/asset.axd?id=PAEAAB-LCAAAAAAAAAOtj0EPwUAQhf-KzLnsKqu64iBu4oSbOKzt0G2qKztTkQi_3abi6Ob43vfem8wDLIMGxjuLytwM2eCuPOvZ0gRCnrd86k8hgSaGNr5llFE40CdTEyZQXKP_EtuuRREhaA5tJLcIJqM8VSqfZlIO1VilWRYT9puwhStAjyZqIKM4fm1HoPeP333qLi5bYn8RS98wNix2JV6QxNrXRizOwRRGrLbi88ygIngm_1k8YzCOusXD8w1y8dfTPAEAAA%3d%3d:1:49808)
    at dispatch (https://d1hjvew1n9ss7u.cloudfront.net/assets/shjs.js?t=639255987001545277:0:32701)
    at a (https://d1hjvew1n9ss7u.cloudfront.net/assets/shjs.js?t=639255987001545277:0:28480)
[  179659ms] [LOG] Banner não encontrado: banner-232 @ https://d1hjvew1n9ss7u.cloudfront.net/asset.axd?id=PAEAAB-LCAAAAAAAAAOtj0EPwUAQhf-KzLnsKqu64iBu4oSbOKzt0G2qKztTkQi_3abi6Ob43vfem8wDLIMGxjuLytwM2eCuPOvZ0gRCnrd86k8hgSaGNr5llFE40CdTEyZQXKP_EtuuRREhaA5tJLcIJqM8VSqfZlIO1VilWRYT9puwhStAjyZqIKM4fm1HoPeP333qLi5bYn8RS98wNix2JV6QxNrXRizOwRRGrLbi88ygIngm_1k8YzCOusXD8w1y8dfTPAEAAA%3d%3d:754
[  179688ms] [LOG] %c Widde Video Commerce %c v24604ee %c Build: 21/09/2026 20:39 %c border: 1px solid #2567f8; background: #2567f8; color: #fff; font-weight: bold; padding: 4px 8px; border-radius: 3px 0 0 0; border: 1px solid #2567f8; border-left: none; background: #FFF; color: #2567f8; font-weight: bold; padding: 4px 8px; border: 1px solid #2567f8; border-left: none; background: #f0f0f0; color: #333; font-weight: bold; padding: 4px 8px; border-radius: 0 3px 3px 0; background: transparent @ https://cdn.widde.io/assets/main.utzwjalemu.js:0
[  179705ms] [LOG] %c Tryon Widde.io %c %s %c border: 1px solid #2567f8; background: #2567f8; color: #fff; font-weight: bold; padding: 4px 8px; border-radius: 3px 0 0 3px; border: 1px solid #2567f8; background: #FFF; color: #2567f8; font-weight: bold; padding: 4px 8px; border-radius: 0 3px 3px 0; 47bf7c2 background: transparent @ https://cdn-tryon.widde.io/widde-tryon.js:86
[  179717ms] [LOG] [tryon-tracker] initialized {domain: www.lolacosmetics.com.br} @ https://cdn-tryon.widde.io/widde-tryon.js:8
[  185623ms] [WARNING] Error with Feature-Policy header: Some features are specified in both Feature-Policy and Permissions-Policy header: payment, fullscreen, microphone, camera. Values defined in Permissions-Policy header will be used. @ :0
[  185922ms] [ERROR] Failed to load resource: the server responded with a status of 500 () @ https://fonts.cdnfonts.com/css/leelawade:0
[  186297ms] [ERROR] Failed to load resource: the server responded with a status of 404 () @ https://lolacosmetics.admin.linxcommerce.com.br/Custom/Content/Themes/Lola/Styles/Fonts/FontAwesome/all.css:0
[  186340ms] [LOG] Banner não encontrado: banner-232 @ https://d1hjvew1n9ss7u.cloudfront.net/asset.axd?id=PAEAAB-LCAAAAAAAAAOtj0EPwUAQhf-KzLnsKqu64iBu4oSbOKzt0G2qKztTkQi_3abi6Ob43vfem8wDLIMGxjuLytwM2eCuPOvZ0gRCnrd86k8hgSaGNr5llFE40CdTEyZQXKP_EtuuRREhaA5tJLcIJqM8VSqfZlIO1VilWRYT9puwhStAjyZqIKM4fm1HoPeP333qLi5bYn8RS98wNix2JV6QxNrXRizOwRRGrLbi88ygIngm_1k8YzCOusXD8w1y8dfTPAEAAA%3d%3d:754
[  186342ms] [LOG] [Debug Carrinho] Polling ativo @ https://d1hjvew1n9ss7u.cloudfront.net/asset.axd?id=PAEAAB-LCAAAAAAAAAOtj0EPwUAQhf-KzLnsKqu64iBu4oSbOKzt0G2qKztTkQi_3abi6Ob43vfem8wDLIMGxjuLytwM2eCuPOvZ0gRCnrd86k8hgSaGNr5llFE40CdTEyZQXKP_EtuuRREhaA5tJLcIJqM8VSqfZlIO1VilWRYT9puwhStAjyZqIKM4fm1HoPeP333qLi5bYn8RS98wNix2JV6QxNrXRizOwRRGrLbi88ygIngm_1k8YzCOusXD8w1y8dfTPAEAAA%3d%3d:1790
[  186378ms] [LOG] categoria @ https://d1hjvew1n9ss7u.cloudfront.net/asset.axd?id=PAEAAB-LCAAAAAAAAAOtj0EPwUAQhf-KzLnsKqu64iBu4oSbOKzt0G2qKztTkQi_3abi6Ob43vfem8wDLIMGxjuLytwM2eCuPOvZ0gRCnrd86k8hgSaGNr5llFE40CdTEyZQXKP_EtuuRREhaA5tJLcIJqM8VSqfZlIO1VilWRYT9puwhStAjyZqIKM4fm1HoPeP333qLi5bYn8RS98wNix2JV6QxNrXRizOwRRGrLbi88ygIngm_1k8YzCOusXD8w1y8dfTPAEAAA%3d%3d:1
[  186379ms] [WARNING] !! Há erros de scripts de terceiros !!
Por favor, contate a Empresa responsável pelo script.  @ https://d1hjvew1n9ss7u.cloudfront.net/assets/shjs.js?t=639255987001545277:0
[  186381ms] Uncaught Error: You must pass a string or Handlebars AST to Handlebars.compile. You passed null
    at e.compile (https://d1hjvew1n9ss7u.cloudfront.net/asset.axd?id=PAEAAB-LCAAAAAAAAAOtj0EPwUAQhf-KzLnsKqu64iBu4oSbOKzt0G2qKztTkQi_3abi6Ob43vfem8wDLIMGxjuLytwM2eCuPOvZ0gRCnrd86k8hgSaGNr5llFE40CdTEyZQXKP_EtuuRREhaA5tJLcIJqM8VSqfZlIO1VilWRYT9puwhStAjyZqIKM4fm1HoPeP333qLi5bYn8RS98wNix2JV6QxNrXRizOwRRGrLbi88ygIngm_1k8YzCOusXD8w1y8dfTPAEAAA%3d%3d:1794:49302)
    at i.compile (https://d1hjvew1n9ss7u.cloudfront.net/asset.axd?id=PAEAAB-LCAAAAAAAAAOtj0EPwUAQhf-KzLnsKqu64iBu4oSbOKzt0G2qKztTkQi_3abi6Ob43vfem8wDLIMGxjuLytwM2eCuPOvZ0gRCnrd86k8hgSaGNr5llFE40CdTEyZQXKP_EtuuRREhaA5tJLcIJqM8VSqfZlIO1VilWRYT9puwhStAjyZqIKM4fm1HoPeP333qLi5bYn8RS98wNix2JV6QxNrXRizOwRRGrLbi88ygIngm_1k8YzCOusXD8w1y8dfTPAEAAA%3d%3d:1794:343)
    at renderBasket (https://d1hjvew1n9ss7u.cloudfront.net/asset.axd?id=PAEAAB-LCAAAAAAAAAOtj0EPwUAQhf-KzLnsKqu64iBu4oSbOKzt0G2qKztTkQi_3abi6Ob43vfem8wDLIMGxjuLytwM2eCuPOvZ0gRCnrd86k8hgSaGNr5llFE40CdTEyZQXKP_EtuuRREhaA5tJLcIJqM8VSqfZlIO1VilWRYT9puwhStAjyZqIKM4fm1HoPeP333qLi5bYn8RS98wNix2JV6QxNrXRizOwRRGrLbi88ygIngm_1k8YzCOusXD8w1y8dfTPAEAAA%3d%3d:29:27)
    at <anonymous> (https://d1hjvew1n9ss7u.cloudfront.net/asset.axd?id=PAEAAB-LCAAAAAAAAAOtj0EPwUAQhf-KzLnsKqu64iBu4oSbOKzt0G2qKztTkQi_3abi6Ob43vfem8wDLIMGxjuLytwM2eCuPOvZ0gRCnrd86k8hgSaGNr5llFE40CdTEyZQXKP_EtuuRREhaA5tJLcIJqM8VSqfZlIO1VilWRYT9puwhStAjyZqIKM4fm1HoPeP333qLi5bYn8RS98wNix2JV6QxNrXRizOwRRGrLbi88ygIngm_1k8YzCOusXD8w1y8dfTPAEAAA%3d%3d:220:1)
    at f (https://d1hjvew1n9ss7u.cloudfront.net/assets/shjs.js?t=639255987001545277:0:10382)
    at fireWith (https://d1hjvew1n9ss7u.cloudfront.net/assets/shjs.js?t=639255987001545277:0:11137)
    at ready (https://d1hjvew1n9ss7u.cloudfront.net/assets/shjs.js?t=639255987001545277:0:5238)
    at r (https://d1hjvew1n9ss7u.cloudfront.net/assets/shjs.js?t=639255987001545277:0:9748)
[  186382ms] [VERBOSE] [DOM] Input elements should have autocomplete attributes (suggested: "current-password"): (More info: https://goo.gl/9p2vKq) %o @ https://www.lolacosmetics.com.br/colecoes/babados-da-lola:0
[  186382ms] [VERBOSE] [DOM] Input elements should have autocomplete attributes (suggested: "current-password"): (More info: https://goo.gl/9p2vKq) %o @ https://www.lolacosmetics.com.br/colecoes/babados-da-lola:0
[  186420ms] [ERROR] Failed to load resource: net::ERR_NAME_NOT_RESOLVED @ https://event.getblue.io/js/blue-tag.min.js:0
[  186560ms] [LOG] AffiseStorage availability: {cookie: true, localStorage: true, sessionStorage: true} @ https://rankmediabrasil.g2afse.com/websdk.js:0
[  186560ms] [LOG] Status RNK Media - ClickId: null UTM: null @ :3
[  186585ms] [WARNING] [Meta Pixel] - Invalid parameter format for currency. Please refer https://developers.facebook.com/docs/meta-pixel/reference/ for valid parameter specifications. @ https://connect.facebook.net/en_US/fbevents.js:203
[  186849ms] [INFO] É necessário definir o storeID no Plugin TrustVox @ https://d1hjvew1n9ss7u.cloudfront.net/asset.axd?id=CQsAAB-LCAAAAAAAAAO9lsFunDAQhl-l4rw122zJJlv1lEfooYeqh8HMgrNgW54xGxSlz16HaBVgoZWK1SP-f_v7MTPYz4nk5JAwPnH6CC2QdMrylw-yAkfIXz0fP94lm0QH03dVlMjb8KSSwxFqwk1S2CD8Sr_10yhImBzY-aC0Qbjd3d9k2f3dfrv9lH3Obvb74JAXhyxUkRx2t5nYhof8MqwoOfx4Xp5PPfHBE5smfTCaUXP6lo1S1VgfgokGGS6p0nMhhuPikZKXzb8SSmPKGgVoqDtWkoaUqbaORB0xNsKhBMvhg4h2N4TNyOt41pmjCvFrUyo9JI2EiAxhwHO1TOrlOLwz1tI0KKgy1qKbY04s67i5M2dSuhQSGEvjuga1H1JnDavftfCSBSE4Od3WgbKOIiuUJ-NZ5EAnDGv6pgHXVQjFeF__aFyXIawTVnzdvRy0HmOn2jrSEWSIzp0NNYkt1qN2vxJjsEpnvL2m9MORarJ0Kvw-jOPxzs3pcSqyVjr0l6KqVsRzhTkyRGQ2WCigReKbHJ0nWnAKWBn9V_S7M2KKcI4St-ZJOHhthMUME1-cBNYpiXPIXojDyH2Xe2YzPaXG4n9gGY2yVvIUTDF7c9om12pE2jJoFaOAcNPyBGW4D0mJlkGP62LWEOtc0HimGpmXzoZ3vSf-fPkNwB1u7QkLAAA%3d:49
[  186855ms] Uncaught TypeError: Cannot read properties of undefined (reading 'replace')
    at validaFreteGratis (https://d1hjvew1n9ss7u.cloudfront.net/asset.axd?id=PAEAAB-LCAAAAAAAAAOtj0EPwUAQhf-KzLnsKqu64iBu4oSbOKzt0G2qKztTkQi_3abi6Ob43vfem8wDLIMGxjuLytwM2eCuPOvZ0gRCnrd86k8hgSaGNr5llFE40CdTEyZQXKP_EtuuRREhaA5tJLcIJqM8VSqfZlIO1VilWRYT9puwhStAjyZqIKM4fm1HoPeP333qLi5bYn8RS98wNix2JV6QxNrXRizOwRRGrLbi88ygIngm_1k8YzCOusXD8w1y8dfTPAEAAA%3d%3d:1:7633)
    at <anonymous> (https://d1hjvew1n9ss7u.cloudfront.net/asset.axd?id=PAEAAB-LCAAAAAAAAAOtj0EPwUAQhf-KzLnsKqu64iBu4oSbOKzt0G2qKztTkQi_3abi6Ob43vfem8wDLIMGxjuLytwM2eCuPOvZ0gRCnrd86k8hgSaGNr5llFE40CdTEyZQXKP_EtuuRREhaA5tJLcIJqM8VSqfZlIO1VilWRYT9puwhStAjyZqIKM4fm1HoPeP333qLi5bYn8RS98wNix2JV6QxNrXRizOwRRGrLbi88ygIngm_1k8YzCOusXD8w1y8dfTPAEAAA%3d%3d:1:49808)
    at dispatch (https://d1hjvew1n9ss7u.cloudfront.net/assets/shjs.js?t=639255987001545277:0:32701)
    at a (https://d1hjvew1n9ss7u.cloudfront.net/assets/shjs.js?t=639255987001545277:0:28480)
[  186854ms] [LOG] Banner não encontrado: banner-232 @ https://d1hjvew1n9ss7u.cloudfront.net/asset.axd?id=PAEAAB-LCAAAAAAAAAOtj0EPwUAQhf-KzLnsKqu64iBu4oSbOKzt0G2qKztTkQi_3abi6Ob43vfem8wDLIMGxjuLytwM2eCuPOvZ0gRCnrd86k8hgSaGNr5llFE40CdTEyZQXKP_EtuuRREhaA5tJLcIJqM8VSqfZlIO1VilWRYT9puwhStAjyZqIKM4fm1HoPeP333qLi5bYn8RS98wNix2JV6QxNrXRizOwRRGrLbi88ygIngm_1k8YzCOusXD8w1y8dfTPAEAAA%3d%3d:754
[  186870ms] [LOG] %c Widde Video Commerce %c v24604ee %c Build: 21/09/2026 20:39 %c border: 1px solid #2567f8; background: #2567f8; color: #fff; font-weight: bold; padding: 4px 8px; border-radius: 3px 0 0 0; border: 1px solid #2567f8; border-left: none; background: #FFF; color: #2567f8; font-weight: bold; padding: 4px 8px; border: 1px solid #2567f8; border-left: none; background: #f0f0f0; color: #333; font-weight: bold; padding: 4px 8px; border-radius: 0 3px 3px 0; background: transparent @ https://cdn.widde.io/assets/main.utzwjalemu.js:0
[  186966ms] [LOG] %c Tryon Widde.io %c %s %c border: 1px solid #2567f8; background: #2567f8; color: #fff; font-weight: bold; padding: 4px 8px; border-radius: 3px 0 0 3px; border: 1px solid #2567f8; background: #FFF; color: #2567f8; font-weight: bold; padding: 4px 8px; border-radius: 0 3px 3px 0; 47bf7c2 background: transparent @ https://cdn-tryon.widde.io/widde-tryon.js:86
[  186982ms] [LOG] [tryon-tracker] initialized {domain: www.lolacosmetics.com.br} @ https://cdn-tryon.widde.io/widde-tryon.js:8
[  192618ms] [WARNING] Error with Feature-Policy header: Some features are specified in both Feature-Policy and Permissions-Policy header: payment, fullscreen, microphone, camera. Values defined in Permissions-Policy header will be used. @ :0
[  192899ms] [ERROR] Failed to load resource: the server responded with a status of 500 () @ https://fonts.cdnfonts.com/css/leelawade:0
[  193156ms] [ERROR] Failed to load resource: the server responded with a status of 404 () @ https://lolacosmetics.admin.linxcommerce.com.br/Custom/Content/Themes/Lola/Styles/Fonts/FontAwesome/all.css:0
[  193162ms] [LOG] Trustvox rating | PDP: 46389 tipo: 3 @ https://www.lolacosmetics.com.br/volumao-shampoo-250ml-ps-19629-321-p46389:16
[  193162ms] [LOG] Trustvox rating | ID final usado = 46389 @ https://www.lolacosmetics.com.br/volumao-shampoo-250ml-ps-19629-321-p46389:16
[  193163ms] [LOG] Trustvox PDP | product: 46389 | type: 3 | usedId: 46389 @ https://www.lolacosmetics.com.br/volumao-shampoo-250ml-ps-19629-321-p46389:44
[  193197ms] [LOG] Banner não encontrado: banner-232 @ https://d1hjvew1n9ss7u.cloudfront.net/asset.axd?id=PAEAAB-LCAAAAAAAAAOtj0EPwUAQhf-KzLnsKqu64iBu4oSbOKzt0G2qKztTkQi_3abi6Ob43vfem8wDLIMGxjuLytwM2eCuPOvZ0gRCnrd86k8hgSaGNr5llFE40CdTEyZQXKP_EtuuRREhaA5tJLcIJqM8VSqfZlIO1VilWRYT9puwhStAjyZqIKM4fm1HoPeP333qLi5bYn8RS98wNix2JV6QxNrXRizOwRRGrLbi88ygIngm_1k8YzCOusXD8w1y8dfTPAEAAA%3d%3d:754
[  193198ms] [LOG] [Debug Carrinho] Polling ativo @ https://d1hjvew1n9ss7u.cloudfront.net/asset.axd?id=PAEAAB-LCAAAAAAAAAOtj0EPwUAQhf-KzLnsKqu64iBu4oSbOKzt0G2qKztTkQi_3abi6Ob43vfem8wDLIMGxjuLytwM2eCuPOvZ0gRCnrd86k8hgSaGNr5llFE40CdTEyZQXKP_EtuuRREhaA5tJLcIJqM8VSqfZlIO1VilWRYT9puwhStAjyZqIKM4fm1HoPeP333qLi5bYn8RS98wNix2JV6QxNrXRizOwRRGrLbi88ygIngm_1k8YzCOusXD8w1y8dfTPAEAAA%3d%3d:1790
[  193251ms] [LOG] add @ https://d1hjvew1n9ss7u.cloudfront.net/asset.axd?id=PAEAAB-LCAAAAAAAAAOtj0EPwUAQhf-KzLnsKqu64iBu4oSbOKzt0G2qKztTkQi_3abi6Ob43vfem8wDLIMGxjuLytwM2eCuPOvZ0gRCnrd86k8hgSaGNr5llFE40CdTEyZQXKP_EtuuRREhaA5tJLcIJqM8VSqfZlIO1VilWRYT9puwhStAjyZqIKM4fm1HoPeP333qLi5bYn8RS98wNix2JV6QxNrXRizOwRRGrLbi88ygIngm_1k8YzCOusXD8w1y8dfTPAEAAA%3d%3d:1
[  193253ms] [WARNING] !! Há erros de scripts de terceiros !!
Por favor, contate a Empresa responsável pelo script.  @ https://d1hjvew1n9ss7u.cloudfront.net/assets/shjs.js?t=639255987001545277:0
[  193254ms] Uncaught Error: You must pass a string or Handlebars AST to Handlebars.compile. You passed null
    at e.compile (https://d1hjvew1n9ss7u.cloudfront.net/asset.axd?id=PAEAAB-LCAAAAAAAAAOtj0EPwUAQhf-KzLnsKqu64iBu4oSbOKzt0G2qKztTkQi_3abi6Ob43vfem8wDLIMGxjuLytwM2eCuPOvZ0gRCnrd86k8hgSaGNr5llFE40CdTEyZQXKP_EtuuRREhaA5tJLcIJqM8VSqfZlIO1VilWRYT9puwhStAjyZqIKM4fm1HoPeP333qLi5bYn8RS98wNix2JV6QxNrXRizOwRRGrLbi88ygIngm_1k8YzCOusXD8w1y8dfTPAEAAA%3d%3d:1794:49302)
    at i.compile (https://d1hjvew1n9ss7u.cloudfront.net/asset.axd?id=PAEAAB-LCAAAAAAAAAOtj0EPwUAQhf-KzLnsKqu64iBu4oSbOKzt0G2qKztTkQi_3abi6Ob43vfem8wDLIMGxjuLytwM2eCuPOvZ0gRCnrd86k8hgSaGNr5llFE40CdTEyZQXKP_EtuuRREhaA5tJLcIJqM8VSqfZlIO1VilWRYT9puwhStAjyZqIKM4fm1HoPeP333qLi5bYn8RS98wNix2JV6QxNrXRizOwRRGrLbi88ygIngm_1k8YzCOusXD8w1y8dfTPAEAAA%3d%3d:1794:343)
    at renderBasket (https://d1hjvew1n9ss7u.cloudfront.net/asset.axd?id=PAEAAB-LCAAAAAAAAAOtj0EPwUAQhf-KzLnsKqu64iBu4oSbOKzt0G2qKztTkQi_3abi6Ob43vfem8wDLIMGxjuLytwM2eCuPOvZ0gRCnrd86k8hgSaGNr5llFE40CdTEyZQXKP_EtuuRREhaA5tJLcIJqM8VSqfZlIO1VilWRYT9puwhStAjyZqIKM4fm1HoPeP333qLi5bYn8RS98wNix2JV6QxNrXRizOwRRGrLbi88ygIngm_1k8YzCOusXD8w1y8dfTPAEAAA%3d%3d:29:27)
    at <anonymous> (https://d1hjvew1n9ss7u.cloudfront.net/asset.axd?id=PAEAAB-LCAAAAAAAAAOtj0EPwUAQhf-KzLnsKqu64iBu4oSbOKzt0G2qKztTkQi_3abi6Ob43vfem8wDLIMGxjuLytwM2eCuPOvZ0gRCnrd86k8hgSaGNr5llFE40CdTEyZQXKP_EtuuRREhaA5tJLcIJqM8VSqfZlIO1VilWRYT9puwhStAjyZqIKM4fm1HoPeP333qLi5bYn8RS98wNix2JV6QxNrXRizOwRRGrLbi88ygIngm_1k8YzCOusXD8w1y8dfTPAEAAA%3d%3d:220:1)
    at f (https://d1hjvew1n9ss7u.cloudfront.net/assets/shjs.js?t=639255987001545277:0:10382)
    at fireWith (https://d1hjvew1n9ss7u.cloudfront.net/assets/shjs.js?t=639255987001545277:0:11137)
    at ready (https://d1hjvew1n9ss7u.cloudfront.net/assets/shjs.js?t=639255987001545277:0:5238)
    at r (https://d1hjvew1n9ss7u.cloudfront.net/assets/shjs.js?t=639255987001545277:0:9748)
[  193256ms] [VERBOSE] [DOM] Input elements should have autocomplete attributes (suggested: "current-password"): (More info: https://goo.gl/9p2vKq) %o @ https://www.lolacosmetics.com.br/volumao-shampoo-250ml-ps-19629-321-p46389:0
[  193256ms] [VERBOSE] [DOM] Input elements should have autocomplete attributes (suggested: "current-password"): (More info: https://goo.gl/9p2vKq) %o @ https://www.lolacosmetics.com.br/volumao-shampoo-250ml-ps-19629-321-p46389:0
[  193364ms] [ERROR] Failed to load resource: net::ERR_NAME_NOT_RESOLVED @ https://event.getblue.io/js/blue-tag.min.js:0
[  193422ms] [LOG] AffiseStorage availability: {cookie: true, localStorage: true, sessionStorage: true} @ https://rankmediabrasil.g2afse.com/websdk.js:0
[  193422ms] [LOG] Status RNK Media - ClickId: null UTM: null @ :3
[  193454ms] [WARNING] [Meta Pixel] - Invalid parameter format for currency. Please refer https://developers.facebook.com/docs/meta-pixel/reference/ for valid parameter specifications. @ https://connect.facebook.net/en_US/fbevents.js:203
[  193482ms] [ERROR] Failed to load resource: the server responded with a status of 404 () @ https://d1hjvew1n9ss7u.cloudfront.net/Custom/Content/Themes/Lola/Agrada/CSS/ajax-loader.gif:0
[  193771ms] Uncaught TypeError: Cannot read properties of undefined (reading 'replace')
    at validaFreteGratis (https://d1hjvew1n9ss7u.cloudfront.net/asset.axd?id=PAEAAB-LCAAAAAAAAAOtj0EPwUAQhf-KzLnsKqu64iBu4oSbOKzt0G2qKztTkQi_3abi6Ob43vfem8wDLIMGxjuLytwM2eCuPOvZ0gRCnrd86k8hgSaGNr5llFE40CdTEyZQXKP_EtuuRREhaA5tJLcIJqM8VSqfZlIO1VilWRYT9puwhStAjyZqIKM4fm1HoPeP333qLi5bYn8RS98wNix2JV6QxNrXRizOwRRGrLbi88ygIngm_1k8YzCOusXD8w1y8dfTPAEAAA%3d%3d:1:7633)
    at <anonymous> (https://d1hjvew1n9ss7u.cloudfront.net/asset.axd?id=PAEAAB-LCAAAAAAAAAOtj0EPwUAQhf-KzLnsKqu64iBu4oSbOKzt0G2qKztTkQi_3abi6Ob43vfem8wDLIMGxjuLytwM2eCuPOvZ0gRCnrd86k8hgSaGNr5llFE40CdTEyZQXKP_EtuuRREhaA5tJLcIJqM8VSqfZlIO1VilWRYT9puwhStAjyZqIKM4fm1HoPeP333qLi5bYn8RS98wNix2JV6QxNrXRizOwRRGrLbi88ygIngm_1k8YzCOusXD8w1y8dfTPAEAAA%3d%3d:1:49808)
    at dispatch (https://d1hjvew1n9ss7u.cloudfront.net/assets/shjs.js?t=639255987001545277:0:32701)
    at a (https://d1hjvew1n9ss7u.cloudfront.net/assets/shjs.js?t=639255987001545277:0:28480)
[  193770ms] [LOG] Banner não encontrado: banner-232 @ https://d1hjvew1n9ss7u.cloudfront.net/asset.axd?id=PAEAAB-LCAAAAAAAAAOtj0EPwUAQhf-KzLnsKqu64iBu4oSbOKzt0G2qKztTkQi_3abi6Ob43vfem8wDLIMGxjuLytwM2eCuPOvZ0gRCnrd86k8hgSaGNr5llFE40CdTEyZQXKP_EtuuRREhaA5tJLcIJqM8VSqfZlIO1VilWRYT9puwhStAjyZqIKM4fm1HoPeP333qLi5bYn8RS98wNix2JV6QxNrXRizOwRRGrLbi88ygIngm_1k8YzCOusXD8w1y8dfTPAEAAA%3d%3d:754
[  193797ms] [LOG] %c Widde Video Commerce %c v24604ee %c Build: 21/09/2026 20:39 %c border: 1px solid #2567f8; background: #2567f8; color: #fff; font-weight: bold; padding: 4px 8px; border-radius: 3px 0 0 0; border: 1px solid #2567f8; border-left: none; background: #FFF; color: #2567f8; font-weight: bold; padding: 4px 8px; border: 1px solid #2567f8; border-left: none; background: #f0f0f0; color: #333; font-weight: bold; padding: 4px 8px; border-radius: 0 3px 3px 0; background: transparent @ https://cdn.widde.io/assets/main.utzwjalemu.js:0
[  193950ms] [LOG] %c Tryon Widde.io %c %s %c border: 1px solid #2567f8; background: #2567f8; color: #fff; font-weight: bold; padding: 4px 8px; border-radius: 3px 0 0 3px; border: 1px solid #2567f8; background: #FFF; color: #2567f8; font-weight: bold; padding: 4px 8px; border-radius: 0 3px 3px 0; 47bf7c2 background: transparent @ https://cdn-tryon.widde.io/widde-tryon.js:86
[  193964ms] [LOG] [tryon-tracker] initialized {domain: www.lolacosmetics.com.br} @ https://cdn-tryon.widde.io/widde-tryon.js:8
[  200066ms] [WARNING] Error with Feature-Policy header: Some features are specified in both Feature-Policy and Permissions-Policy header: payment, fullscreen, microphone, camera. Values defined in Permissions-Policy header will be used. @ :0
[  200469ms] [ERROR] Failed to load resource: the server responded with a status of 500 () @ https://fonts.cdnfonts.com/css/leelawade:0
[  200748ms] [ERROR] Failed to load resource: the server responded with a status of 404 () @ https://lolacosmetics.admin.linxcommerce.com.br/Custom/Content/Themes/Lola/Styles/Fonts/FontAwesome/all.css:0
[  200760ms] [LOG] Trustvox rating | PDP: 46345 tipo: 7 @ https://www.lolacosmetics.com.br/kit-a-formula-lamelar-p46345:50
[  200760ms] [LOG] Trustvox rating | childId: 46294 -> parent (childId-1): 46293 @ https://www.lolacosmetics.com.br/kit-a-formula-lamelar-p46345:50
[  200760ms] [LOG] Trustvox rating | ID final usado = 46293 @ https://www.lolacosmetics.com.br/kit-a-formula-lamelar-p46345:50
[  200791ms] [LOG] {Items: Array(0), VariationPath: /, VariationLevel: 1, ProductPath: /7.46345/5.46338/, ProductLevel: 1} @ https://www.lolacosmetics.com.br/kit-a-formula-lamelar-p46345:50
[  200792ms] [LOG] {Items: Array(0), VariationPath: /, VariationLevel: 1, ProductPath: /7.46345/5.46340/, ProductLevel: 1} @ https://www.lolacosmetics.com.br/kit-a-formula-lamelar-p46345:50
[  200792ms] [LOG] {Items: Array(0), VariationPath: /, VariationLevel: 1, ProductPath: /7.46345/5.46294/, ProductLevel: 1} @ https://www.lolacosmetics.com.br/kit-a-formula-lamelar-p46345:50
[  200793ms] [LOG] Trustvox PDP | product: 46345 | type: 7 | childId: 46294 | usedId: 46293 @ https://www.lolacosmetics.com.br/kit-a-formula-lamelar-p46345:111
[  200928ms] [LOG] Banner não encontrado: banner-232 @ https://d1hjvew1n9ss7u.cloudfront.net/asset.axd?id=PAEAAB-LCAAAAAAAAAOtj0EPwUAQhf-KzLnsKqu64iBu4oSbOKzt0G2qKztTkQi_3abi6Ob43vfem8wDLIMGxjuLytwM2eCuPOvZ0gRCnrd86k8hgSaGNr5llFE40CdTEyZQXKP_EtuuRREhaA5tJLcIJqM8VSqfZlIO1VilWRYT9puwhStAjyZqIKM4fm1HoPeP333qLi5bYn8RS98wNix2JV6QxNrXRizOwRRGrLbi88ygIngm_1k8YzCOusXD8w1y8dfTPAEAAA%3d%3d:754
[  200929ms] [LOG] [Debug Carrinho] Polling ativo @ https://d1hjvew1n9ss7u.cloudfront.net/asset.axd?id=PAEAAB-LCAAAAAAAAAOtj0EPwUAQhf-KzLnsKqu64iBu4oSbOKzt0G2qKztTkQi_3abi6Ob43vfem8wDLIMGxjuLytwM2eCuPOvZ0gRCnrd86k8hgSaGNr5llFE40CdTEyZQXKP_EtuuRREhaA5tJLcIJqM8VSqfZlIO1VilWRYT9puwhStAjyZqIKM4fm1HoPeP333qLi5bYn8RS98wNix2JV6QxNrXRizOwRRGrLbi88ygIngm_1k8YzCOusXD8w1y8dfTPAEAAA%3d%3d:1790
[  200981ms] [LOG] add @ https://d1hjvew1n9ss7u.cloudfront.net/asset.axd?id=PAEAAB-LCAAAAAAAAAOtj0EPwUAQhf-KzLnsKqu64iBu4oSbOKzt0G2qKztTkQi_3abi6Ob43vfem8wDLIMGxjuLytwM2eCuPOvZ0gRCnrd86k8hgSaGNr5llFE40CdTEyZQXKP_EtuuRREhaA5tJLcIJqM8VSqfZlIO1VilWRYT9puwhStAjyZqIKM4fm1HoPeP333qLi5bYn8RS98wNix2JV6QxNrXRizOwRRGrLbi88ygIngm_1k8YzCOusXD8w1y8dfTPAEAAA%3d%3d:1
[  200982ms] [WARNING] !! Há erros de scripts de terceiros !!
Por favor, contate a Empresa responsável pelo script.  @ https://d1hjvew1n9ss7u.cloudfront.net/assets/shjs.js?t=639255987001545277:0
[  200983ms] Uncaught Error: You must pass a string or Handlebars AST to Handlebars.compile. You passed null
    at e.compile (https://d1hjvew1n9ss7u.cloudfront.net/asset.axd?id=PAEAAB-LCAAAAAAAAAOtj0EPwUAQhf-KzLnsKqu64iBu4oSbOKzt0G2qKztTkQi_3abi6Ob43vfem8wDLIMGxjuLytwM2eCuPOvZ0gRCnrd86k8hgSaGNr5llFE40CdTEyZQXKP_EtuuRREhaA5tJLcIJqM8VSqfZlIO1VilWRYT9puwhStAjyZqIKM4fm1HoPeP333qLi5bYn8RS98wNix2JV6QxNrXRizOwRRGrLbi88ygIngm_1k8YzCOusXD8w1y8dfTPAEAAA%3d%3d:1794:49302)
    at i.compile (https://d1hjvew1n9ss7u.cloudfront.net/asset.axd?id=PAEAAB-LCAAAAAAAAAOtj0EPwUAQhf-KzLnsKqu64iBu4oSbOKzt0G2qKztTkQi_3abi6Ob43vfem8wDLIMGxjuLytwM2eCuPOvZ0gRCnrd86k8hgSaGNr5llFE40CdTEyZQXKP_EtuuRREhaA5tJLcIJqM8VSqfZlIO1VilWRYT9puwhStAjyZqIKM4fm1HoPeP333qLi5bYn8RS98wNix2JV6QxNrXRizOwRRGrLbi88ygIngm_1k8YzCOusXD8w1y8dfTPAEAAA%3d%3d:1794:343)
    at renderBasket (https://d1hjvew1n9ss7u.cloudfront.net/asset.axd?id=PAEAAB-LCAAAAAAAAAOtj0EPwUAQhf-KzLnsKqu64iBu4oSbOKzt0G2qKztTkQi_3abi6Ob43vfem8wDLIMGxjuLytwM2eCuPOvZ0gRCnrd86k8hgSaGNr5llFE40CdTEyZQXKP_EtuuRREhaA5tJLcIJqM8VSqfZlIO1VilWRYT9puwhStAjyZqIKM4fm1HoPeP333qLi5bYn8RS98wNix2JV6QxNrXRizOwRRGrLbi88ygIngm_1k8YzCOusXD8w1y8dfTPAEAAA%3d%3d:29:27)
    at <anonymous> (https://d1hjvew1n9ss7u.cloudfront.net/asset.axd?id=PAEAAB-LCAAAAAAAAAOtj0EPwUAQhf-KzLnsKqu64iBu4oSbOKzt0G2qKztTkQi_3abi6Ob43vfem8wDLIMGxjuLytwM2eCuPOvZ0gRCnrd86k8hgSaGNr5llFE40CdTEyZQXKP_EtuuRREhaA5tJLcIJqM8VSqfZlIO1VilWRYT9puwhStAjyZqIKM4fm1HoPeP333qLi5bYn8RS98wNix2JV6QxNrXRizOwRRGrLbi88ygIngm_1k8YzCOusXD8w1y8dfTPAEAAA%3d%3d:220:1)
    at f (https://d1hjvew1n9ss7u.cloudfront.net/assets/shjs.js?t=639255987001545277:0:10382)
    at fireWith (https://d1hjvew1n9ss7u.cloudfront.net/assets/shjs.js?t=639255987001545277:0:11137)
    at ready (https://d1hjvew1n9ss7u.cloudfront.net/assets/shjs.js?t=639255987001545277:0:5238)
    at r (https://d1hjvew1n9ss7u.cloudfront.net/assets/shjs.js?t=639255987001545277:0:9748)
[  200986ms] [VERBOSE] [DOM] Input elements should have autocomplete attributes (suggested: "current-password"): (More info: https://goo.gl/9p2vKq) %o @ https://www.lolacosmetics.com.br/kit-a-formula-lamelar-p46345:0
[  200986ms] [VERBOSE] [DOM] Input elements should have autocomplete attributes (suggested: "current-password"): (More info: https://goo.gl/9p2vKq) %o @ https://www.lolacosmetics.com.br/kit-a-formula-lamelar-p46345:0
[  201026ms] [LOG] AffiseStorage availability: {cookie: true, localStorage: true, sessionStorage: true} @ https://rankmediabrasil.g2afse.com/websdk.js:0
[  201027ms] [LOG] Status RNK Media - ClickId: null UTM: null @ :3
[  201090ms] [ERROR] Failed to load resource: net::ERR_NAME_NOT_RESOLVED @ https://event.getblue.io/js/blue-tag.min.js:0
[  201110ms] [WARNING] [Meta Pixel] - Invalid parameter format for currency. Please refer https://developers.facebook.com/docs/meta-pixel/reference/ for valid parameter specifications. @ https://connect.facebook.net/en_US/fbevents.js:203
[  201188ms] [ERROR] Failed to load resource: the server responded with a status of 404 () @ https://d1hjvew1n9ss7u.cloudfront.net/Custom/Content/Themes/Lola/Agrada/CSS/ajax-loader.gif:0
[  201431ms] Uncaught TypeError: Cannot read properties of undefined (reading 'replace')
    at validaFreteGratis (https://d1hjvew1n9ss7u.cloudfront.net/asset.axd?id=PAEAAB-LCAAAAAAAAAOtj0EPwUAQhf-KzLnsKqu64iBu4oSbOKzt0G2qKztTkQi_3abi6Ob43vfem8wDLIMGxjuLytwM2eCuPOvZ0gRCnrd86k8hgSaGNr5llFE40CdTEyZQXKP_EtuuRREhaA5tJLcIJqM8VSqfZlIO1VilWRYT9puwhStAjyZqIKM4fm1HoPeP333qLi5bYn8RS98wNix2JV6QxNrXRizOwRRGrLbi88ygIngm_1k8YzCOusXD8w1y8dfTPAEAAA%3d%3d:1:7633)
    at <anonymous> (https://d1hjvew1n9ss7u.cloudfront.net/asset.axd?id=PAEAAB-LCAAAAAAAAAOtj0EPwUAQhf-KzLnsKqu64iBu4oSbOKzt0G2qKztTkQi_3abi6Ob43vfem8wDLIMGxjuLytwM2eCuPOvZ0gRCnrd86k8hgSaGNr5llFE40CdTEyZQXKP_EtuuRREhaA5tJLcIJqM8VSqfZlIO1VilWRYT9puwhStAjyZqIKM4fm1HoPeP333qLi5bYn8RS98wNix2JV6QxNrXRizOwRRGrLbi88ygIngm_1k8YzCOusXD8w1y8dfTPAEAAA%3d%3d:1:49808)
    at dispatch (https://d1hjvew1n9ss7u.cloudfront.net/assets/shjs.js?t=639255987001545277:0:32701)
    at a (https://d1hjvew1n9ss7u.cloudfront.net/assets/shjs.js?t=639255987001545277:0:28480)
[  201429ms] [LOG] Banner não encontrado: banner-232 @ https://d1hjvew1n9ss7u.cloudfront.net/asset.axd?id=PAEAAB-LCAAAAAAAAAOtj0EPwUAQhf-KzLnsKqu64iBu4oSbOKzt0G2qKztTkQi_3abi6Ob43vfem8wDLIMGxjuLytwM2eCuPOvZ0gRCnrd86k8hgSaGNr5llFE40CdTEyZQXKP_EtuuRREhaA5tJLcIJqM8VSqfZlIO1VilWRYT9puwhStAjyZqIKM4fm1HoPeP333qLi5bYn8RS98wNix2JV6QxNrXRizOwRRGrLbi88ygIngm_1k8YzCOusXD8w1y8dfTPAEAAA%3d%3d:754
[  201461ms] [LOG] %c Widde Video Commerce %c v24604ee %c Build: 21/09/2026 20:39 %c border: 1px solid #2567f8; background: #2567f8; color: #fff; font-weight: bold; padding: 4px 8px; border-radius: 3px 0 0 0; border: 1px solid #2567f8; border-left: none; background: #FFF; color: #2567f8; font-weight: bold; padding: 4px 8px; border: 1px solid #2567f8; border-left: none; background: #f0f0f0; color: #333; font-weight: bold; padding: 4px 8px; border-radius: 0 3px 3px 0; background: transparent @ https://cdn.widde.io/assets/main.utzwjalemu.js:0
[  201625ms] Uncaught (in promise) TypeError: Cannot read properties of null (reading 'store_id')
    at loadProduct (https://static.trustvox.com.br/sincero/sincero.js:0:364742)
    at <anonymous> (https://static.trustvox.com.br/sincero/sincero.js:0:104392)
    at r.dispatch (https://static.trustvox.com.br/sincero/sincero.js:0:106041)
    at dispatch (https://static.trustvox.com.br/sincero/sincero.js:0:102087)
    at t.context.a.dispatch (https://static.trustvox.com.br/sincero/sincero.js:0:103635)
    at loadProfiles (https://static.trustvox.com.br/sincero/sincero.js:0:376970)
    at <anonymous> (https://static.trustvox.com.br/sincero/sincero.js:0:104392)
    at r.dispatch (https://static.trustvox.com.br/sincero/sincero.js:0:106041)
    at dispatch (https://static.trustvox.com.br/sincero/sincero.js:0:102087)
    at t.context.a.dispatch (https://static.trustvox.com.br/sincero/sincero.js:0:103635)
    at <anonymous> (https://static.trustvox.com.br/sincero/sincero.js:0:376597)
[  201742ms] [LOG] %c Tryon Widde.io %c %s %c border: 1px solid #2567f8; background: #2567f8; color: #fff; font-weight: bold; padding: 4px 8px; border-radius: 3px 0 0 3px; border: 1px solid #2567f8; background: #FFF; color: #2567f8; font-weight: bold; padding: 4px 8px; border-radius: 0 3px 3px 0; 47bf7c2 background: transparent @ https://cdn-tryon.widde.io/widde-tryon.js:86
[  201764ms] [LOG] [tryon-tracker] initialized {domain: www.lolacosmetics.com.br} @ https://cdn-tryon.widde.io/widde-tryon.js:8
[  201780ms] Uncaught (in promise) TypeError: Cannot read properties of null (reading 'store_id')
    at loadAnswersSummaries (https://static.trustvox.com.br/sincero/sincero.js:0:378910)
    at <anonymous> (https://static.trustvox.com.br/sincero/sincero.js:0:104392)
    at r.dispatch (https://static.trustvox.com.br/sincero/sincero.js:0:106041)
    at dispatch (https://static.trustvox.com.br/sincero/sincero.js:0:102087)
    at <anonymous> (https://static.trustvox.com.br/sincero/sincero.js:0:365471)
[  207962ms] [WARNING] Error with Feature-Policy header: Some features are specified in both Feature-Policy and Permissions-Policy header: payment, fullscreen, microphone, camera. Values defined in Permissions-Policy header will be used. @ :0
[  208246ms] [ERROR] Failed to load resource: the server responded with a status of 500 () @ https://fonts.cdnfonts.com/css/leelawade:0
[  208497ms] [ERROR] Failed to load resource: the server responded with a status of 404 () @ https://lolacosmetics.admin.linxcommerce.com.br/Custom/Content/Themes/Lola/Styles/Fonts/FontAwesome/all.css:0
[  208564ms] [WARNING] [GSI_LOGGER]: google.accounts.id.initialize() is called multiple times. This could cause unexpected behavior and only the last initialized instance will be used. @ https://accounts.google.com/gsi/client:86
[  208637ms] [ERROR] Failed to load resource: net::ERR_NAME_NOT_RESOLVED @ https://event.getblue.io/js/blue-tag.min.js:0
[  208682ms] [LOG] Banner não encontrado: banner-232 @ https://d1hjvew1n9ss7u.cloudfront.net/asset.axd?id=PAEAAB-LCAAAAAAAAAOtj0EPwUAQhf-KzLnsKqu64iBu4oSbOKzt0G2qKztTkQi_3abi6Ob43vfem8wDLIMGxjuLytwM2eCuPOvZ0gRCnrd86k8hgSaGNr5llFE40CdTEyZQXKP_EtuuRREhaA5tJLcIJqM8VSqfZlIO1VilWRYT9puwhStAjyZqIKM4fm1HoPeP333qLi5bYn8RS98wNix2JV6QxNrXRizOwRRGrLbi88ygIngm_1k8YzCOusXD8w1y8dfTPAEAAA%3d%3d:754
[  208683ms] [LOG] [Debug Carrinho] Polling ativo @ https://d1hjvew1n9ss7u.cloudfront.net/asset.axd?id=PAEAAB-LCAAAAAAAAAOtj0EPwUAQhf-KzLnsKqu64iBu4oSbOKzt0G2qKztTkQi_3abi6Ob43vfem8wDLIMGxjuLytwM2eCuPOvZ0gRCnrd86k8hgSaGNr5llFE40CdTEyZQXKP_EtuuRREhaA5tJLcIJqM8VSqfZlIO1VilWRYT9puwhStAjyZqIKM4fm1HoPeP333qLi5bYn8RS98wNix2JV6QxNrXRizOwRRGrLbi88ygIngm_1k8YzCOusXD8w1y8dfTPAEAAA%3d%3d:1790
[  208710ms] [WARNING] !! Há erros de scripts de terceiros !!
Por favor, contate a Empresa responsável pelo script.  @ https://d1hjvew1n9ss7u.cloudfront.net/assets/shjs.js?t=639255987001545277:0
[  208712ms] Uncaught Error: You must pass a string or Handlebars AST to Handlebars.compile. You passed null
    at e.compile (https://d1hjvew1n9ss7u.cloudfront.net/asset.axd?id=PAEAAB-LCAAAAAAAAAOtj0EPwUAQhf-KzLnsKqu64iBu4oSbOKzt0G2qKztTkQi_3abi6Ob43vfem8wDLIMGxjuLytwM2eCuPOvZ0gRCnrd86k8hgSaGNr5llFE40CdTEyZQXKP_EtuuRREhaA5tJLcIJqM8VSqfZlIO1VilWRYT9puwhStAjyZqIKM4fm1HoPeP333qLi5bYn8RS98wNix2JV6QxNrXRizOwRRGrLbi88ygIngm_1k8YzCOusXD8w1y8dfTPAEAAA%3d%3d:1794:49302)
    at i.compile (https://d1hjvew1n9ss7u.cloudfront.net/asset.axd?id=PAEAAB-LCAAAAAAAAAOtj0EPwUAQhf-KzLnsKqu64iBu4oSbOKzt0G2qKztTkQi_3abi6Ob43vfem8wDLIMGxjuLytwM2eCuPOvZ0gRCnrd86k8hgSaGNr5llFE40CdTEyZQXKP_EtuuRREhaA5tJLcIJqM8VSqfZlIO1VilWRYT9puwhStAjyZqIKM4fm1HoPeP333qLi5bYn8RS98wNix2JV6QxNrXRizOwRRGrLbi88ygIngm_1k8YzCOusXD8w1y8dfTPAEAAA%3d%3d:1794:343)
    at renderBasket (https://d1hjvew1n9ss7u.cloudfront.net/asset.axd?id=PAEAAB-LCAAAAAAAAAOtj0EPwUAQhf-KzLnsKqu64iBu4oSbOKzt0G2qKztTkQi_3abi6Ob43vfem8wDLIMGxjuLytwM2eCuPOvZ0gRCnrd86k8hgSaGNr5llFE40CdTEyZQXKP_EtuuRREhaA5tJLcIJqM8VSqfZlIO1VilWRYT9puwhStAjyZqIKM4fm1HoPeP333qLi5bYn8RS98wNix2JV6QxNrXRizOwRRGrLbi88ygIngm_1k8YzCOusXD8w1y8dfTPAEAAA%3d%3d:29:27)
    at <anonymous> (https://d1hjvew1n9ss7u.cloudfront.net/asset.axd?id=PAEAAB-LCAAAAAAAAAOtj0EPwUAQhf-KzLnsKqu64iBu4oSbOKzt0G2qKztTkQi_3abi6Ob43vfem8wDLIMGxjuLytwM2eCuPOvZ0gRCnrd86k8hgSaGNr5llFE40CdTEyZQXKP_EtuuRREhaA5tJLcIJqM8VSqfZlIO1VilWRYT9puwhStAjyZqIKM4fm1HoPeP333qLi5bYn8RS98wNix2JV6QxNrXRizOwRRGrLbi88ygIngm_1k8YzCOusXD8w1y8dfTPAEAAA%3d%3d:220:1)
    at f (https://d1hjvew1n9ss7u.cloudfront.net/assets/shjs.js?t=639255987001545277:0:10382)
    at fireWith (https://d1hjvew1n9ss7u.cloudfront.net/assets/shjs.js?t=639255987001545277:0:11137)
    at ready (https://d1hjvew1n9ss7u.cloudfront.net/assets/shjs.js?t=639255987001545277:0:5238)
    at r (https://d1hjvew1n9ss7u.cloudfront.net/assets/shjs.js?t=639255987001545277:0:9748)
[  208713ms] [VERBOSE] [DOM] Input elements should have autocomplete attributes (suggested: "current-password"): (More info: https://goo.gl/9p2vKq) %o @ https://www.lolacosmetics.com.br/login:0
[  208713ms] [VERBOSE] [DOM] Input elements should have autocomplete attributes (suggested: "current-password"): (More info: https://goo.gl/9p2vKq) %o @ https://www.lolacosmetics.com.br/login:0
[  208713ms] [VERBOSE] [DOM] Input elements should have autocomplete attributes (suggested: "current-password"): (More info: https://goo.gl/9p2vKq) %o @ https://www.lolacosmetics.com.br/login:0
[  208758ms] [WARNING] [Meta Pixel] - Invalid parameter format for currency. Please refer https://developers.facebook.com/docs/meta-pixel/reference/ for valid parameter specifications. @ https://connect.facebook.net/en_US/fbevents.js:203
[  208767ms] [LOG] AffiseStorage availability: {cookie: true, localStorage: true, sessionStorage: true} @ https://rankmediabrasil.g2afse.com/websdk.js:0
[  208768ms] [LOG] Status RNK Media - ClickId: null UTM: null @ :3
[  209038ms] Uncaught TypeError: Cannot read properties of undefined (reading 'replace')
    at validaFreteGratis (https://d1hjvew1n9ss7u.cloudfront.net/asset.axd?id=PAEAAB-LCAAAAAAAAAOtj0EPwUAQhf-KzLnsKqu64iBu4oSbOKzt0G2qKztTkQi_3abi6Ob43vfem8wDLIMGxjuLytwM2eCuPOvZ0gRCnrd86k8hgSaGNr5llFE40CdTEyZQXKP_EtuuRREhaA5tJLcIJqM8VSqfZlIO1VilWRYT9puwhStAjyZqIKM4fm1HoPeP333qLi5bYn8RS98wNix2JV6QxNrXRizOwRRGrLbi88ygIngm_1k8YzCOusXD8w1y8dfTPAEAAA%3d%3d:1:7633)
    at <anonymous> (https://d1hjvew1n9ss7u.cloudfront.net/asset.axd?id=PAEAAB-LCAAAAAAAAAOtj0EPwUAQhf-KzLnsKqu64iBu4oSbOKzt0G2qKztTkQi_3abi6Ob43vfem8wDLIMGxjuLytwM2eCuPOvZ0gRCnrd86k8hgSaGNr5llFE40CdTEyZQXKP_EtuuRREhaA5tJLcIJqM8VSqfZlIO1VilWRYT9puwhStAjyZqIKM4fm1HoPeP333qLi5bYn8RS98wNix2JV6QxNrXRizOwRRGrLbi88ygIngm_1k8YzCOusXD8w1y8dfTPAEAAA%3d%3d:1:49808)
    at dispatch (https://d1hjvew1n9ss7u.cloudfront.net/assets/shjs.js?t=639255987001545277:0:32701)
    at a (https://d1hjvew1n9ss7u.cloudfront.net/assets/shjs.js?t=639255987001545277:0:28480)
[  209036ms] [LOG] Banner não encontrado: banner-232 @ https://d1hjvew1n9ss7u.cloudfront.net/asset.axd?id=PAEAAB-LCAAAAAAAAAOtj0EPwUAQhf-KzLnsKqu64iBu4oSbOKzt0G2qKztTkQi_3abi6Ob43vfem8wDLIMGxjuLytwM2eCuPOvZ0gRCnrd86k8hgSaGNr5llFE40CdTEyZQXKP_EtuuRREhaA5tJLcIJqM8VSqfZlIO1VilWRYT9puwhStAjyZqIKM4fm1HoPeP333qLi5bYn8RS98wNix2JV6QxNrXRizOwRRGrLbi88ygIngm_1k8YzCOusXD8w1y8dfTPAEAAA%3d%3d:754
[  209055ms] [LOG] %c Widde Video Commerce %c v24604ee %c Build: 21/09/2026 20:39 %c border: 1px solid #2567f8; background: #2567f8; color: #fff; font-weight: bold; padding: 4px 8px; border-radius: 3px 0 0 0; border: 1px solid #2567f8; border-left: none; background: #FFF; color: #2567f8; font-weight: bold; padding: 4px 8px; border: 1px solid #2567f8; border-left: none; background: #f0f0f0; color: #333; font-weight: bold; padding: 4px 8px; border-radius: 0 3px 3px 0; background: transparent @ https://cdn.widde.io/assets/main.utzwjalemu.js:0
[  209096ms] [LOG] %c Tryon Widde.io %c %s %c border: 1px solid #2567f8; background: #2567f8; color: #fff; font-weight: bold; padding: 4px 8px; border-radius: 3px 0 0 3px; border: 1px solid #2567f8; background: #FFF; color: #2567f8; font-weight: bold; padding: 4px 8px; border-radius: 0 3px 3px 0; 47bf7c2 background: transparent @ https://cdn-tryon.widde.io/widde-tryon.js:86
[  209106ms] [LOG] [tryon-tracker] initialized {domain: www.lolacosmetics.com.br} @ https://cdn-tryon.widde.io/widde-tryon.js:8
[  214997ms] [WARNING] Error with Feature-Policy header: Some features are specified in both Feature-Policy and Permissions-Policy header: payment, fullscreen, microphone, camera. Values defined in Permissions-Policy header will be used. @ :0
[  215277ms] [ERROR] Failed to load resource: the server responded with a status of 500 () @ https://fonts.cdnfonts.com/css/leelawade:0
[  215676ms] [ERROR] Failed to load resource: the server responded with a status of 404 () @ https://lolacosmetics.admin.linxcommerce.com.br/Custom/Content/Themes/Lola/Styles/Fonts/FontAwesome/all.css:0
[  215785ms] [LOG] Banner não encontrado: banner-232 @ https://d1hjvew1n9ss7u.cloudfront.net/asset.axd?id=PAEAAB-LCAAAAAAAAAOtj0EPwUAQhf-KzLnsKqu64iBu4oSbOKzt0G2qKztTkQi_3abi6Ob43vfem8wDLIMGxjuLytwM2eCuPOvZ0gRCnrd86k8hgSaGNr5llFE40CdTEyZQXKP_EtuuRREhaA5tJLcIJqM8VSqfZlIO1VilWRYT9puwhStAjyZqIKM4fm1HoPeP333qLi5bYn8RS98wNix2JV6QxNrXRizOwRRGrLbi88ygIngm_1k8YzCOusXD8w1y8dfTPAEAAA%3d%3d:754
[  215785ms] [LOG] [Debug Carrinho] Polling ativo @ https://d1hjvew1n9ss7u.cloudfront.net/asset.axd?id=PAEAAB-LCAAAAAAAAAOtj0EPwUAQhf-KzLnsKqu64iBu4oSbOKzt0G2qKztTkQi_3abi6Ob43vfem8wDLIMGxjuLytwM2eCuPOvZ0gRCnrd86k8hgSaGNr5llFE40CdTEyZQXKP_EtuuRREhaA5tJLcIJqM8VSqfZlIO1VilWRYT9puwhStAjyZqIKM4fm1HoPeP333qLi5bYn8RS98wNix2JV6QxNrXRizOwRRGrLbi88ygIngm_1k8YzCOusXD8w1y8dfTPAEAAA%3d%3d:1790
[  215803ms] [WARNING] !! Há erros de scripts de terceiros !!
Por favor, contate a Empresa responsável pelo script.  @ https://d1hjvew1n9ss7u.cloudfront.net/assets/shjs.js?t=639255987001545277:0
[  215803ms] Uncaught Error: You must pass a string or Handlebars AST to Handlebars.compile. You passed null
    at e.compile (https://d1hjvew1n9ss7u.cloudfront.net/asset.axd?id=PAEAAB-LCAAAAAAAAAOtj0EPwUAQhf-KzLnsKqu64iBu4oSbOKzt0G2qKztTkQi_3abi6Ob43vfem8wDLIMGxjuLytwM2eCuPOvZ0gRCnrd86k8hgSaGNr5llFE40CdTEyZQXKP_EtuuRREhaA5tJLcIJqM8VSqfZlIO1VilWRYT9puwhStAjyZqIKM4fm1HoPeP333qLi5bYn8RS98wNix2JV6QxNrXRizOwRRGrLbi88ygIngm_1k8YzCOusXD8w1y8dfTPAEAAA%3d%3d:1794:49302)
    at i.compile (https://d1hjvew1n9ss7u.cloudfront.net/asset.axd?id=PAEAAB-LCAAAAAAAAAOtj0EPwUAQhf-KzLnsKqu64iBu4oSbOKzt0G2qKztTkQi_3abi6Ob43vfem8wDLIMGxjuLytwM2eCuPOvZ0gRCnrd86k8hgSaGNr5llFE40CdTEyZQXKP_EtuuRREhaA5tJLcIJqM8VSqfZlIO1VilWRYT9puwhStAjyZqIKM4fm1HoPeP333qLi5bYn8RS98wNix2JV6QxNrXRizOwRRGrLbi88ygIngm_1k8YzCOusXD8w1y8dfTPAEAAA%3d%3d:1794:343)
    at renderBasket (https://d1hjvew1n9ss7u.cloudfront.net/asset.axd?id=PAEAAB-LCAAAAAAAAAOtj0EPwUAQhf-KzLnsKqu64iBu4oSbOKzt0G2qKztTkQi_3abi6Ob43vfem8wDLIMGxjuLytwM2eCuPOvZ0gRCnrd86k8hgSaGNr5llFE40CdTEyZQXKP_EtuuRREhaA5tJLcIJqM8VSqfZlIO1VilWRYT9puwhStAjyZqIKM4fm1HoPeP333qLi5bYn8RS98wNix2JV6QxNrXRizOwRRGrLbi88ygIngm_1k8YzCOusXD8w1y8dfTPAEAAA%3d%3d:29:27)
    at <anonymous> (https://d1hjvew1n9ss7u.cloudfront.net/asset.axd?id=PAEAAB-LCAAAAAAAAAOtj0EPwUAQhf-KzLnsKqu64iBu4oSbOKzt0G2qKztTkQi_3abi6Ob43vfem8wDLIMGxjuLytwM2eCuPOvZ0gRCnrd86k8hgSaGNr5llFE40CdTEyZQXKP_EtuuRREhaA5tJLcIJqM8VSqfZlIO1VilWRYT9puwhStAjyZqIKM4fm1HoPeP333qLi5bYn8RS98wNix2JV6QxNrXRizOwRRGrLbi88ygIngm_1k8YzCOusXD8w1y8dfTPAEAAA%3d%3d:220:1)
    at f (https://d1hjvew1n9ss7u.cloudfront.net/assets/shjs.js?t=639255987001545277:0:10382)
    at fireWith (https://d1hjvew1n9ss7u.cloudfront.net/assets/shjs.js?t=639255987001545277:0:11137)
    at ready (https://d1hjvew1n9ss7u.cloudfront.net/assets/shjs.js?t=639255987001545277:0:5238)
    at r (https://d1hjvew1n9ss7u.cloudfront.net/assets/shjs.js?t=639255987001545277:0:9748)
[  215807ms] [ERROR] Failed to load resource: net::ERR_NAME_NOT_RESOLVED @ https://event.getblue.io/js/blue-tag.min.js:0
[  215885ms] [WARNING] [Meta Pixel] - Invalid parameter format for currency. Please refer https://developers.facebook.com/docs/meta-pixel/reference/ for valid parameter specifications. @ https://connect.facebook.net/en_US/fbevents.js:203
[  215936ms] [LOG] AffiseStorage availability: {cookie: true, localStorage: true, sessionStorage: true} @ https://rankmediabrasil.g2afse.com/websdk.js:0
[  215937ms] [LOG] Status RNK Media - ClickId: null UTM: null @ :3
[  216144ms] Uncaught TypeError: Cannot read properties of undefined (reading 'replace')
    at validaFreteGratis (https://d1hjvew1n9ss7u.cloudfront.net/asset.axd?id=PAEAAB-LCAAAAAAAAAOtj0EPwUAQhf-KzLnsKqu64iBu4oSbOKzt0G2qKztTkQi_3abi6Ob43vfem8wDLIMGxjuLytwM2eCuPOvZ0gRCnrd86k8hgSaGNr5llFE40CdTEyZQXKP_EtuuRREhaA5tJLcIJqM8VSqfZlIO1VilWRYT9puwhStAjyZqIKM4fm1HoPeP333qLi5bYn8RS98wNix2JV6QxNrXRizOwRRGrLbi88ygIngm_1k8YzCOusXD8w1y8dfTPAEAAA%3d%3d:1:7633)
    at <anonymous> (https://d1hjvew1n9ss7u.cloudfront.net/asset.axd?id=PAEAAB-LCAAAAAAAAAOtj0EPwUAQhf-KzLnsKqu64iBu4oSbOKzt0G2qKztTkQi_3abi6Ob43vfem8wDLIMGxjuLytwM2eCuPOvZ0gRCnrd86k8hgSaGNr5llFE40CdTEyZQXKP_EtuuRREhaA5tJLcIJqM8VSqfZlIO1VilWRYT9puwhStAjyZqIKM4fm1HoPeP333qLi5bYn8RS98wNix2JV6QxNrXRizOwRRGrLbi88ygIngm_1k8YzCOusXD8w1y8dfTPAEAAA%3d%3d:1:49808)
    at dispatch (https://d1hjvew1n9ss7u.cloudfront.net/assets/shjs.js?t=639255987001545277:0:32701)
    at a (https://d1hjvew1n9ss7u.cloudfront.net/assets/shjs.js?t=639255987001545277:0:28480)
[  216142ms] [LOG] Banner não encontrado: banner-232 @ https://d1hjvew1n9ss7u.cloudfront.net/asset.axd?id=PAEAAB-LCAAAAAAAAAOtj0EPwUAQhf-KzLnsKqu64iBu4oSbOKzt0G2qKztTkQi_3abi6Ob43vfem8wDLIMGxjuLytwM2eCuPOvZ0gRCnrd86k8hgSaGNr5llFE40CdTEyZQXKP_EtuuRREhaA5tJLcIJqM8VSqfZlIO1VilWRYT9puwhStAjyZqIKM4fm1HoPeP333qLi5bYn8RS98wNix2JV6QxNrXRizOwRRGrLbi88ygIngm_1k8YzCOusXD8w1y8dfTPAEAAA%3d%3d:754
[  216154ms] [LOG] %c Widde Video Commerce %c v24604ee %c Build: 21/09/2026 20:39 %c border: 1px solid #2567f8; background: #2567f8; color: #fff; font-weight: bold; padding: 4px 8px; border-radius: 3px 0 0 0; border: 1px solid #2567f8; border-left: none; background: #FFF; color: #2567f8; font-weight: bold; padding: 4px 8px; border: 1px solid #2567f8; border-left: none; background: #f0f0f0; color: #333; font-weight: bold; padding: 4px 8px; border-radius: 0 3px 3px 0; background: transparent @ https://cdn.widde.io/assets/main.utzwjalemu.js:0
[  216243ms] [LOG] %c Tryon Widde.io %c %s %c border: 1px solid #2567f8; background: #2567f8; color: #fff; font-weight: bold; padding: 4px 8px; border-radius: 3px 0 0 3px; border: 1px solid #2567f8; background: #FFF; color: #2567f8; font-weight: bold; padding: 4px 8px; border-radius: 0 3px 3px 0; 47bf7c2 background: transparent @ https://cdn-tryon.widde.io/widde-tryon.js:86
[  216258ms] [LOG] [tryon-tracker] initialized {domain: www.lolacosmetics.com.br} @ https://cdn-tryon.widde.io/widde-tryon.js:8
[  221933ms] [WARNING] Error with Feature-Policy header: Some features are specified in both Feature-Policy and Permissions-Policy header: payment, fullscreen, microphone, camera. Values defined in Permissions-Policy header will be used. @ :0
[  222501ms] [ERROR] Failed to load resource: the server responded with a status of 500 () @ https://fonts.cdnfonts.com/css/leelawade:0
[  222927ms] [ERROR] Failed to load resource: the server responded with a status of 404 () @ https://lolacosmetics.admin.linxcommerce.com.br/Custom/Content/Themes/Lola/Styles/Fonts/FontAwesome/all.css:0
[  222959ms] [LOG] Trustvox rating | PDP: 46291 tipo: 3 @ https://www.lolacosmetics.com.br/a-formula-100g-ps-19629-291-p46291:78
[  222959ms] [LOG] Trustvox rating | ID final usado = 46291 @ https://www.lolacosmetics.com.br/a-formula-100g-ps-19629-291-p46291:78
[  222961ms] [LOG] Trustvox PDP | product: 46291 | type: 3 | usedId: 46291 @ https://www.lolacosmetics.com.br/a-formula-100g-ps-19629-291-p46291:295
[  223000ms] [LOG] Banner não encontrado: banner-232 @ https://d1hjvew1n9ss7u.cloudfront.net/asset.axd?id=PAEAAB-LCAAAAAAAAAOtj0EPwUAQhf-KzLnsKqu64iBu4oSbOKzt0G2qKztTkQi_3abi6Ob43vfem8wDLIMGxjuLytwM2eCuPOvZ0gRCnrd86k8hgSaGNr5llFE40CdTEyZQXKP_EtuuRREhaA5tJLcIJqM8VSqfZlIO1VilWRYT9puwhStAjyZqIKM4fm1HoPeP333qLi5bYn8RS98wNix2JV6QxNrXRizOwRRGrLbi88ygIngm_1k8YzCOusXD8w1y8dfTPAEAAA%3d%3d:754
[  223001ms] [LOG] [Debug Carrinho] Polling ativo @ https://d1hjvew1n9ss7u.cloudfront.net/asset.axd?id=PAEAAB-LCAAAAAAAAAOtj0EPwUAQhf-KzLnsKqu64iBu4oSbOKzt0G2qKztTkQi_3abi6Ob43vfem8wDLIMGxjuLytwM2eCuPOvZ0gRCnrd86k8hgSaGNr5llFE40CdTEyZQXKP_EtuuRREhaA5tJLcIJqM8VSqfZlIO1VilWRYT9puwhStAjyZqIKM4fm1HoPeP333qLi5bYn8RS98wNix2JV6QxNrXRizOwRRGrLbi88ygIngm_1k8YzCOusXD8w1y8dfTPAEAAA%3d%3d:1790
[  223048ms] [LOG] add @ https://d1hjvew1n9ss7u.cloudfront.net/asset.axd?id=PAEAAB-LCAAAAAAAAAOtj0EPwUAQhf-KzLnsKqu64iBu4oSbOKzt0G2qKztTkQi_3abi6Ob43vfem8wDLIMGxjuLytwM2eCuPOvZ0gRCnrd86k8hgSaGNr5llFE40CdTEyZQXKP_EtuuRREhaA5tJLcIJqM8VSqfZlIO1VilWRYT9puwhStAjyZqIKM4fm1HoPeP333qLi5bYn8RS98wNix2JV6QxNrXRizOwRRGrLbi88ygIngm_1k8YzCOusXD8w1y8dfTPAEAAA%3d%3d:1
[  223050ms] [WARNING] !! Há erros de scripts de terceiros !!
Por favor, contate a Empresa responsável pelo script.  @ https://d1hjvew1n9ss7u.cloudfront.net/assets/shjs.js?t=639255987001545277:0
[  223050ms] Uncaught Error: You must pass a string or Handlebars AST to Handlebars.compile. You passed null
    at e.compile (https://d1hjvew1n9ss7u.cloudfront.net/asset.axd?id=PAEAAB-LCAAAAAAAAAOtj0EPwUAQhf-KzLnsKqu64iBu4oSbOKzt0G2qKztTkQi_3abi6Ob43vfem8wDLIMGxjuLytwM2eCuPOvZ0gRCnrd86k8hgSaGNr5llFE40CdTEyZQXKP_EtuuRREhaA5tJLcIJqM8VSqfZlIO1VilWRYT9puwhStAjyZqIKM4fm1HoPeP333qLi5bYn8RS98wNix2JV6QxNrXRizOwRRGrLbi88ygIngm_1k8YzCOusXD8w1y8dfTPAEAAA%3d%3d:1794:49302)
    at i.compile (https://d1hjvew1n9ss7u.cloudfront.net/asset.axd?id=PAEAAB-LCAAAAAAAAAOtj0EPwUAQhf-KzLnsKqu64iBu4oSbOKzt0G2qKztTkQi_3abi6Ob43vfem8wDLIMGxjuLytwM2eCuPOvZ0gRCnrd86k8hgSaGNr5llFE40CdTEyZQXKP_EtuuRREhaA5tJLcIJqM8VSqfZlIO1VilWRYT9puwhStAjyZqIKM4fm1HoPeP333qLi5bYn8RS98wNix2JV6QxNrXRizOwRRGrLbi88ygIngm_1k8YzCOusXD8w1y8dfTPAEAAA%3d%3d:1794:343)
    at renderBasket (https://d1hjvew1n9ss7u.cloudfront.net/asset.axd?id=PAEAAB-LCAAAAAAAAAOtj0EPwUAQhf-KzLnsKqu64iBu4oSbOKzt0G2qKztTkQi_3abi6Ob43vfem8wDLIMGxjuLytwM2eCuPOvZ0gRCnrd86k8hgSaGNr5llFE40CdTEyZQXKP_EtuuRREhaA5tJLcIJqM8VSqfZlIO1VilWRYT9puwhStAjyZqIKM4fm1HoPeP333qLi5bYn8RS98wNix2JV6QxNrXRizOwRRGrLbi88ygIngm_1k8YzCOusXD8w1y8dfTPAEAAA%3d%3d:29:27)
    at <anonymous> (https://d1hjvew1n9ss7u.cloudfront.net/asset.axd?id=PAEAAB-LCAAAAAAAAAOtj0EPwUAQhf-KzLnsKqu64iBu4oSbOKzt0G2qKztTkQi_3abi6Ob43vfem8wDLIMGxjuLytwM2eCuPOvZ0gRCnrd86k8hgSaGNr5llFE40CdTEyZQXKP_EtuuRREhaA5tJLcIJqM8VSqfZlIO1VilWRYT9puwhStAjyZqIKM4fm1HoPeP333qLi5bYn8RS98wNix2JV6QxNrXRizOwRRGrLbi88ygIngm_1k8YzCOusXD8w1y8dfTPAEAAA%3d%3d:220:1)
    at f (https://d1hjvew1n9ss7u.cloudfront.net/assets/shjs.js?t=639255987001545277:0:10382)
    at fireWith (https://d1hjvew1n9ss7u.cloudfront.net/assets/shjs.js?t=639255987001545277:0:11137)
    at ready (https://d1hjvew1n9ss7u.cloudfront.net/assets/shjs.js?t=639255987001545277:0:5238)
    at r (https://d1hjvew1n9ss7u.cloudfront.net/assets/shjs.js?t=639255987001545277:0:9748)
[  223052ms] [VERBOSE] [DOM] Input elements should have autocomplete attributes (suggested: "current-password"): (More info: https://goo.gl/9p2vKq) %o @ https://www.lolacosmetics.com.br/a-formula-100g-ps-19629-291-p46291:0
[  223052ms] [VERBOSE] [DOM] Input elements should have autocomplete attributes (suggested: "current-password"): (More info: https://goo.gl/9p2vKq) %o @ https://www.lolacosmetics.com.br/a-formula-100g-ps-19629-291-p46291:0
[  223150ms] [ERROR] Failed to load resource: net::ERR_NAME_NOT_RESOLVED @ https://event.getblue.io/js/blue-tag.min.js:0
[  223190ms] [LOG] AffiseStorage availability: {cookie: true, localStorage: true, sessionStorage: true} @ https://rankmediabrasil.g2afse.com/websdk.js:0
[  223191ms] [LOG] Status RNK Media - ClickId: null UTM: null @ :3
[  223240ms] [ERROR] Failed to load resource: the server responded with a status of 404 () @ https://d1hjvew1n9ss7u.cloudfront.net/Custom/Content/Themes/Lola/Agrada/CSS/ajax-loader.gif:0
[  223267ms] [WARNING] [Meta Pixel] - Invalid parameter format for currency. Please refer https://developers.facebook.com/docs/meta-pixel/reference/ for valid parameter specifications. @ https://connect.facebook.net/en_US/fbevents.js:203
[  223634ms] Uncaught TypeError: Cannot read properties of undefined (reading 'replace')
    at validaFreteGratis (https://d1hjvew1n9ss7u.cloudfront.net/asset.axd?id=PAEAAB-LCAAAAAAAAAOtj0EPwUAQhf-KzLnsKqu64iBu4oSbOKzt0G2qKztTkQi_3abi6Ob43vfem8wDLIMGxjuLytwM2eCuPOvZ0gRCnrd86k8hgSaGNr5llFE40CdTEyZQXKP_EtuuRREhaA5tJLcIJqM8VSqfZlIO1VilWRYT9puwhStAjyZqIKM4fm1HoPeP333qLi5bYn8RS98wNix2JV6QxNrXRizOwRRGrLbi88ygIngm_1k8YzCOusXD8w1y8dfTPAEAAA%3d%3d:1:7633)
    at <anonymous> (https://d1hjvew1n9ss7u.cloudfront.net/asset.axd?id=PAEAAB-LCAAAAAAAAAOtj0EPwUAQhf-KzLnsKqu64iBu4oSbOKzt0G2qKztTkQi_3abi6Ob43vfem8wDLIMGxjuLytwM2eCuPOvZ0gRCnrd86k8hgSaGNr5llFE40CdTEyZQXKP_EtuuRREhaA5tJLcIJqM8VSqfZlIO1VilWRYT9puwhStAjyZqIKM4fm1HoPeP333qLi5bYn8RS98wNix2JV6QxNrXRizOwRRGrLbi88ygIngm_1k8YzCOusXD8w1y8dfTPAEAAA%3d%3d:1:49808)
    at dispatch (https://d1hjvew1n9ss7u.cloudfront.net/assets/shjs.js?t=639255987001545277:0:32701)
    at a (https://d1hjvew1n9ss7u.cloudfront.net/assets/shjs.js?t=639255987001545277:0:28480)
[  223633ms] [LOG] Banner não encontrado: banner-232 @ https://d1hjvew1n9ss7u.cloudfront.net/asset.axd?id=PAEAAB-LCAAAAAAAAAOtj0EPwUAQhf-KzLnsKqu64iBu4oSbOKzt0G2qKztTkQi_3abi6Ob43vfem8wDLIMGxjuLytwM2eCuPOvZ0gRCnrd86k8hgSaGNr5llFE40CdTEyZQXKP_EtuuRREhaA5tJLcIJqM8VSqfZlIO1VilWRYT9puwhStAjyZqIKM4fm1HoPeP333qLi5bYn8RS98wNix2JV6QxNrXRizOwRRGrLbi88ygIngm_1k8YzCOusXD8w1y8dfTPAEAAA%3d%3d:754
[  223648ms] [LOG] %c Widde Video Commerce %c v24604ee %c Build: 21/09/2026 20:39 %c border: 1px solid #2567f8; background: #2567f8; color: #fff; font-weight: bold; padding: 4px 8px; border-radius: 3px 0 0 0; border: 1px solid #2567f8; border-left: none; background: #FFF; color: #2567f8; font-weight: bold; padding: 4px 8px; border: 1px solid #2567f8; border-left: none; background: #f0f0f0; color: #333; font-weight: bold; padding: 4px 8px; border-radius: 0 3px 3px 0; background: transparent @ https://cdn.widde.io/assets/main.utzwjalemu.js:0
[  223837ms] [LOG] %c Tryon Widde.io %c %s %c border: 1px solid #2567f8; background: #2567f8; color: #fff; font-weight: bold; padding: 4px 8px; border-radius: 3px 0 0 3px; border: 1px solid #2567f8; background: #FFF; color: #2567f8; font-weight: bold; padding: 4px 8px; border-radius: 0 3px 3px 0; 47bf7c2 background: transparent @ https://cdn-tryon.widde.io/widde-tryon.js:86
[  223863ms] [LOG] [tryon-tracker] initialized {domain: www.lolacosmetics.com.br} @ https://cdn-tryon.widde.io/widde-tryon.js:8
[  230210ms] [WARNING] Error with Feature-Policy header: Some features are specified in both Feature-Policy and Permissions-Policy header: payment, fullscreen, microphone, camera. Values defined in Permissions-Policy header will be used. @ :0
[  230600ms] [ERROR] Failed to load resource: the server responded with a status of 500 () @ https://fonts.cdnfonts.com/css/leelawade:0
[  230883ms] [ERROR] Failed to load resource: the server responded with a status of 404 () @ https://lolacosmetics.admin.linxcommerce.com.br/Custom/Content/Themes/Lola/Styles/Fonts/FontAwesome/all.css:0
[  230918ms] [LOG] Trustvox rating | PDP: 46293 tipo: 3 @ https://www.lolacosmetics.com.br/a-formula-450g-ps-19629-1004-p46293:74
[  230918ms] [LOG] Trustvox rating | ID final usado = 46293 @ https://www.lolacosmetics.com.br/a-formula-450g-ps-19629-1004-p46293:74
[  230920ms] [LOG] Trustvox PDP | product: 46293 | type: 3 | usedId: 46293 @ https://www.lolacosmetics.com.br/a-formula-450g-ps-19629-1004-p46293:282
[  230964ms] [LOG] Banner não encontrado: banner-232 @ https://d1hjvew1n9ss7u.cloudfront.net/asset.axd?id=PAEAAB-LCAAAAAAAAAOtj0EPwUAQhf-KzLnsKqu64iBu4oSbOKzt0G2qKztTkQi_3abi6Ob43vfem8wDLIMGxjuLytwM2eCuPOvZ0gRCnrd86k8hgSaGNr5llFE40CdTEyZQXKP_EtuuRREhaA5tJLcIJqM8VSqfZlIO1VilWRYT9puwhStAjyZqIKM4fm1HoPeP333qLi5bYn8RS98wNix2JV6QxNrXRizOwRRGrLbi88ygIngm_1k8YzCOusXD8w1y8dfTPAEAAA%3d%3d:754
[  230965ms] [LOG] [Debug Carrinho] Polling ativo @ https://d1hjvew1n9ss7u.cloudfront.net/asset.axd?id=PAEAAB-LCAAAAAAAAAOtj0EPwUAQhf-KzLnsKqu64iBu4oSbOKzt0G2qKztTkQi_3abi6Ob43vfem8wDLIMGxjuLytwM2eCuPOvZ0gRCnrd86k8hgSaGNr5llFE40CdTEyZQXKP_EtuuRREhaA5tJLcIJqM8VSqfZlIO1VilWRYT9puwhStAjyZqIKM4fm1HoPeP333qLi5bYn8RS98wNix2JV6QxNrXRizOwRRGrLbi88ygIngm_1k8YzCOusXD8w1y8dfTPAEAAA%3d%3d:1790
[  231019ms] [LOG] add @ https://d1hjvew1n9ss7u.cloudfront.net/asset.axd?id=PAEAAB-LCAAAAAAAAAOtj0EPwUAQhf-KzLnsKqu64iBu4oSbOKzt0G2qKztTkQi_3abi6Ob43vfem8wDLIMGxjuLytwM2eCuPOvZ0gRCnrd86k8hgSaGNr5llFE40CdTEyZQXKP_EtuuRREhaA5tJLcIJqM8VSqfZlIO1VilWRYT9puwhStAjyZqIKM4fm1HoPeP333qLi5bYn8RS98wNix2JV6QxNrXRizOwRRGrLbi88ygIngm_1k8YzCOusXD8w1y8dfTPAEAAA%3d%3d:1
[  231020ms] [WARNING] !! Há erros de scripts de terceiros !!
Por favor, contate a Empresa responsável pelo script.  @ https://d1hjvew1n9ss7u.cloudfront.net/assets/shjs.js?t=639255987001545277:0
[  231100ms] Uncaught Error: You must pass a string or Handlebars AST to Handlebars.compile. You passed null
    at e.compile (https://d1hjvew1n9ss7u.cloudfront.net/asset.axd?id=PAEAAB-LCAAAAAAAAAOtj0EPwUAQhf-KzLnsKqu64iBu4oSbOKzt0G2qKztTkQi_3abi6Ob43vfem8wDLIMGxjuLytwM2eCuPOvZ0gRCnrd86k8hgSaGNr5llFE40CdTEyZQXKP_EtuuRREhaA5tJLcIJqM8VSqfZlIO1VilWRYT9puwhStAjyZqIKM4fm1HoPeP333qLi5bYn8RS98wNix2JV6QxNrXRizOwRRGrLbi88ygIngm_1k8YzCOusXD8w1y8dfTPAEAAA%3d%3d:1794:49302)
    at i.compile (https://d1hjvew1n9ss7u.cloudfront.net/asset.axd?id=PAEAAB-LCAAAAAAAAAOtj0EPwUAQhf-KzLnsKqu64iBu4oSbOKzt0G2qKztTkQi_3abi6Ob43vfem8wDLIMGxjuLytwM2eCuPOvZ0gRCnrd86k8hgSaGNr5llFE40CdTEyZQXKP_EtuuRREhaA5tJLcIJqM8VSqfZlIO1VilWRYT9puwhStAjyZqIKM4fm1HoPeP333qLi5bYn8RS98wNix2JV6QxNrXRizOwRRGrLbi88ygIngm_1k8YzCOusXD8w1y8dfTPAEAAA%3d%3d:1794:343)
    at renderBasket (https://d1hjvew1n9ss7u.cloudfront.net/asset.axd?id=PAEAAB-LCAAAAAAAAAOtj0EPwUAQhf-KzLnsKqu64iBu4oSbOKzt0G2qKztTkQi_3abi6Ob43vfem8wDLIMGxjuLytwM2eCuPOvZ0gRCnrd86k8hgSaGNr5llFE40CdTEyZQXKP_EtuuRREhaA5tJLcIJqM8VSqfZlIO1VilWRYT9puwhStAjyZqIKM4fm1HoPeP333qLi5bYn8RS98wNix2JV6QxNrXRizOwRRGrLbi88ygIngm_1k8YzCOusXD8w1y8dfTPAEAAA%3d%3d:29:27)
    at <anonymous> (https://d1hjvew1n9ss7u.cloudfront.net/asset.axd?id=PAEAAB-LCAAAAAAAAAOtj0EPwUAQhf-KzLnsKqu64iBu4oSbOKzt0G2qKztTkQi_3abi6Ob43vfem8wDLIMGxjuLytwM2eCuPOvZ0gRCnrd86k8hgSaGNr5llFE40CdTEyZQXKP_EtuuRREhaA5tJLcIJqM8VSqfZlIO1VilWRYT9puwhStAjyZqIKM4fm1HoPeP333qLi5bYn8RS98wNix2JV6QxNrXRizOwRRGrLbi88ygIngm_1k8YzCOusXD8w1y8dfTPAEAAA%3d%3d:220:1)
    at f (https://d1hjvew1n9ss7u.cloudfront.net/assets/shjs.js?t=639255987001545277:0:10382)
    at fireWith (https://d1hjvew1n9ss7u.cloudfront.net/assets/shjs.js?t=639255987001545277:0:11137)
    at ready (https://d1hjvew1n9ss7u.cloudfront.net/assets/shjs.js?t=639255987001545277:0:5238)
    at r (https://d1hjvew1n9ss7u.cloudfront.net/assets/shjs.js?t=639255987001545277:0:9748)
[  231023ms] [VERBOSE] [DOM] Input elements should have autocomplete attributes (suggested: "current-password"): (More info: https://goo.gl/9p2vKq) %o @ https://www.lolacosmetics.com.br/a-formula-450g-ps-19629-1004-p46293:0
[  231023ms] [VERBOSE] [DOM] Input elements should have autocomplete attributes (suggested: "current-password"): (More info: https://goo.gl/9p2vKq) %o @ https://www.lolacosmetics.com.br/a-formula-450g-ps-19629-1004-p46293:0
[  231115ms] [ERROR] Failed to load resource: net::ERR_NAME_NOT_RESOLVED @ https://event.getblue.io/js/blue-tag.min.js:0
[  231147ms] [LOG] AffiseStorage availability: {cookie: true, localStorage: true, sessionStorage: true} @ https://rankmediabrasil.g2afse.com/websdk.js:0
[  231148ms] [LOG] Status RNK Media - ClickId: null UTM: null @ :3
[  231206ms] [ERROR] Failed to load resource: the server responded with a status of 404 () @ https://d1hjvew1n9ss7u.cloudfront.net/Custom/Content/Themes/Lola/Agrada/CSS/ajax-loader.gif:0
[  231229ms] [WARNING] [Meta Pixel] - Invalid parameter format for currency. Please refer https://developers.facebook.com/docs/meta-pixel/reference/ for valid parameter specifications. @ https://connect.facebook.net/en_US/fbevents.js:203
[  231534ms] Uncaught TypeError: Cannot read properties of undefined (reading 'replace')
    at validaFreteGratis (https://d1hjvew1n9ss7u.cloudfront.net/asset.axd?id=PAEAAB-LCAAAAAAAAAOtj0EPwUAQhf-KzLnsKqu64iBu4oSbOKzt0G2qKztTkQi_3abi6Ob43vfem8wDLIMGxjuLytwM2eCuPOvZ0gRCnrd86k8hgSaGNr5llFE40CdTEyZQXKP_EtuuRREhaA5tJLcIJqM8VSqfZlIO1VilWRYT9puwhStAjyZqIKM4fm1HoPeP333qLi5bYn8RS98wNix2JV6QxNrXRizOwRRGrLbi88ygIngm_1k8YzCOusXD8w1y8dfTPAEAAA%3d%3d:1:7633)
    at <anonymous> (https://d1hjvew1n9ss7u.cloudfront.net/asset.axd?id=PAEAAB-LCAAAAAAAAAOtj0EPwUAQhf-KzLnsKqu64iBu4oSbOKzt0G2qKztTkQi_3abi6Ob43vfem8wDLIMGxjuLytwM2eCuPOvZ0gRCnrd86k8hgSaGNr5llFE40CdTEyZQXKP_EtuuRREhaA5tJLcIJqM8VSqfZlIO1VilWRYT9puwhStAjyZqIKM4fm1HoPeP333qLi5bYn8RS98wNix2JV6QxNrXRizOwRRGrLbi88ygIngm_1k8YzCOusXD8w1y8dfTPAEAAA%3d%3d:1:49808)
    at dispatch (https://d1hjvew1n9ss7u.cloudfront.net/assets/shjs.js?t=639255987001545277:0:32701)
    at a (https://d1hjvew1n9ss7u.cloudfront.net/assets/shjs.js?t=639255987001545277:0:28480)
[  231534ms] [LOG] Banner não encontrado: banner-232 @ https://d1hjvew1n9ss7u.cloudfront.net/asset.axd?id=PAEAAB-LCAAAAAAAAAOtj0EPwUAQhf-KzLnsKqu64iBu4oSbOKzt0G2qKztTkQi_3abi6Ob43vfem8wDLIMGxjuLytwM2eCuPOvZ0gRCnrd86k8hgSaGNr5llFE40CdTEyZQXKP_EtuuRREhaA5tJLcIJqM8VSqfZlIO1VilWRYT9puwhStAjyZqIKM4fm1HoPeP333qLi5bYn8RS98wNix2JV6QxNrXRizOwRRGrLbi88ygIngm_1k8YzCOusXD8w1y8dfTPAEAAA%3d%3d:754
[  231565ms] [LOG] %c Widde Video Commerce %c v24604ee %c Build: 21/09/2026 20:39 %c border: 1px solid #2567f8; background: #2567f8; color: #fff; font-weight: bold; padding: 4px 8px; border-radius: 3px 0 0 0; border: 1px solid #2567f8; border-left: none; background: #FFF; color: #2567f8; font-weight: bold; padding: 4px 8px; border: 1px solid #2567f8; border-left: none; background: #f0f0f0; color: #333; font-weight: bold; padding: 4px 8px; border-radius: 0 3px 3px 0; background: transparent @ https://cdn.widde.io/assets/main.utzwjalemu.js:0
[  231718ms] Uncaught (in promise) TypeError: Cannot read properties of null (reading 'store_id')
    at loadProduct (https://static.trustvox.com.br/sincero/sincero.js:0:364742)
    at <anonymous> (https://static.trustvox.com.br/sincero/sincero.js:0:104392)
    at r.dispatch (https://static.trustvox.com.br/sincero/sincero.js:0:106041)
    at dispatch (https://static.trustvox.com.br/sincero/sincero.js:0:102087)
    at t.context.a.dispatch (https://static.trustvox.com.br/sincero/sincero.js:0:103635)
    at loadProfiles (https://static.trustvox.com.br/sincero/sincero.js:0:376970)
    at <anonymous> (https://static.trustvox.com.br/sincero/sincero.js:0:104392)
    at r.dispatch (https://static.trustvox.com.br/sincero/sincero.js:0:106041)
    at dispatch (https://static.trustvox.com.br/sincero/sincero.js:0:102087)
    at t.context.a.dispatch (https://static.trustvox.com.br/sincero/sincero.js:0:103635)
    at <anonymous> (https://static.trustvox.com.br/sincero/sincero.js:0:376597)
[  231831ms] [LOG] %c Tryon Widde.io %c %s %c border: 1px solid #2567f8; background: #2567f8; color: #fff; font-weight: bold; padding: 4px 8px; border-radius: 3px 0 0 3px; border: 1px solid #2567f8; background: #FFF; color: #2567f8; font-weight: bold; padding: 4px 8px; border-radius: 0 3px 3px 0; 47bf7c2 background: transparent @ https://cdn-tryon.widde.io/widde-tryon.js:86
[  231849ms] [LOG] [tryon-tracker] initialized {domain: www.lolacosmetics.com.br} @ https://cdn-tryon.widde.io/widde-tryon.js:8
[  238063ms] [WARNING] Error with Feature-Policy header: Some features are specified in both Feature-Policy and Permissions-Policy header: payment, fullscreen, microphone, camera. Values defined in Permissions-Policy header will be used. @ :0
[  238451ms] [ERROR] Failed to load resource: the server responded with a status of 500 () @ https://fonts.cdnfonts.com/css/leelawade:0
[  238875ms] [ERROR] Failed to load resource: the server responded with a status of 404 () @ https://lolacosmetics.admin.linxcommerce.com.br/Custom/Content/Themes/Lola/Styles/Fonts/FontAwesome/all.css:0
[  238887ms] [LOG] Trustvox rating | PDP: 46337 tipo: 3 @ https://www.lolacosmetics.com.br/a-formula-brilho-lamelar-shampoo-250ml-ps-19629-299-p46337:74
[  238887ms] [LOG] Trustvox rating | ID final usado = 46337 @ https://www.lolacosmetics.com.br/a-formula-brilho-lamelar-shampoo-250ml-ps-19629-299-p46337:74
[  238913ms] [LOG] Trustvox PDP | product: 46337 | type: 3 | usedId: 46337 @ https://www.lolacosmetics.com.br/a-formula-brilho-lamelar-shampoo-250ml-ps-19629-299-p46337:282
[  239051ms] [LOG] Banner não encontrado: banner-232 @ https://d1hjvew1n9ss7u.cloudfront.net/asset.axd?id=PAEAAB-LCAAAAAAAAAOtj0EPwUAQhf-KzLnsKqu64iBu4oSbOKzt0G2qKztTkQi_3abi6Ob43vfem8wDLIMGxjuLytwM2eCuPOvZ0gRCnrd86k8hgSaGNr5llFE40CdTEyZQXKP_EtuuRREhaA5tJLcIJqM8VSqfZlIO1VilWRYT9puwhStAjyZqIKM4fm1HoPeP333qLi5bYn8RS98wNix2JV6QxNrXRizOwRRGrLbi88ygIngm_1k8YzCOusXD8w1y8dfTPAEAAA%3d%3d:754
[  239053ms] [LOG] [Debug Carrinho] Polling ativo @ https://d1hjvew1n9ss7u.cloudfront.net/asset.axd?id=PAEAAB-LCAAAAAAAAAOtj0EPwUAQhf-KzLnsKqu64iBu4oSbOKzt0G2qKztTkQi_3abi6Ob43vfem8wDLIMGxjuLytwM2eCuPOvZ0gRCnrd86k8hgSaGNr5llFE40CdTEyZQXKP_EtuuRREhaA5tJLcIJqM8VSqfZlIO1VilWRYT9puwhStAjyZqIKM4fm1HoPeP333qLi5bYn8RS98wNix2JV6QxNrXRizOwRRGrLbi88ygIngm_1k8YzCOusXD8w1y8dfTPAEAAA%3d%3d:1790
[  239109ms] [LOG] add @ https://d1hjvew1n9ss7u.cloudfront.net/asset.axd?id=PAEAAB-LCAAAAAAAAAOtj0EPwUAQhf-KzLnsKqu64iBu4oSbOKzt0G2qKztTkQi_3abi6Ob43vfem8wDLIMGxjuLytwM2eCuPOvZ0gRCnrd86k8hgSaGNr5llFE40CdTEyZQXKP_EtuuRREhaA5tJLcIJqM8VSqfZlIO1VilWRYT9puwhStAjyZqIKM4fm1HoPeP333qLi5bYn8RS98wNix2JV6QxNrXRizOwRRGrLbi88ygIngm_1k8YzCOusXD8w1y8dfTPAEAAA%3d%3d:1
[  239111ms] [WARNING] !! Há erros de scripts de terceiros !!
Por favor, contate a Empresa responsável pelo script.  @ https://d1hjvew1n9ss7u.cloudfront.net/assets/shjs.js?t=639255987001545277:0
[  239113ms] Uncaught Error: You must pass a string or Handlebars AST to Handlebars.compile. You passed null
    at e.compile (https://d1hjvew1n9ss7u.cloudfront.net/asset.axd?id=PAEAAB-LCAAAAAAAAAOtj0EPwUAQhf-KzLnsKqu64iBu4oSbOKzt0G2qKztTkQi_3abi6Ob43vfem8wDLIMGxjuLytwM2eCuPOvZ0gRCnrd86k8hgSaGNr5llFE40CdTEyZQXKP_EtuuRREhaA5tJLcIJqM8VSqfZlIO1VilWRYT9puwhStAjyZqIKM4fm1HoPeP333qLi5bYn8RS98wNix2JV6QxNrXRizOwRRGrLbi88ygIngm_1k8YzCOusXD8w1y8dfTPAEAAA%3d%3d:1794:49302)
    at i.compile (https://d1hjvew1n9ss7u.cloudfront.net/asset.axd?id=PAEAAB-LCAAAAAAAAAOtj0EPwUAQhf-KzLnsKqu64iBu4oSbOKzt0G2qKztTkQi_3abi6Ob43vfem8wDLIMGxjuLytwM2eCuPOvZ0gRCnrd86k8hgSaGNr5llFE40CdTEyZQXKP_EtuuRREhaA5tJLcIJqM8VSqfZlIO1VilWRYT9puwhStAjyZqIKM4fm1HoPeP333qLi5bYn8RS98wNix2JV6QxNrXRizOwRRGrLbi88ygIngm_1k8YzCOusXD8w1y8dfTPAEAAA%3d%3d:1794:343)
    at renderBasket (https://d1hjvew1n9ss7u.cloudfront.net/asset.axd?id=PAEAAB-LCAAAAAAAAAOtj0EPwUAQhf-KzLnsKqu64iBu4oSbOKzt0G2qKztTkQi_3abi6Ob43vfem8wDLIMGxjuLytwM2eCuPOvZ0gRCnrd86k8hgSaGNr5llFE40CdTEyZQXKP_EtuuRREhaA5tJLcIJqM8VSqfZlIO1VilWRYT9puwhStAjyZqIKM4fm1HoPeP333qLi5bYn8RS98wNix2JV6QxNrXRizOwRRGrLbi88ygIngm_1k8YzCOusXD8w1y8dfTPAEAAA%3d%3d:29:27)
    at <anonymous> (https://d1hjvew1n9ss7u.cloudfront.net/asset.axd?id=PAEAAB-LCAAAAAAAAAOtj0EPwUAQhf-KzLnsKqu64iBu4oSbOKzt0G2qKztTkQi_3abi6Ob43vfem8wDLIMGxjuLytwM2eCuPOvZ0gRCnrd86k8hgSaGNr5llFE40CdTEyZQXKP_EtuuRREhaA5tJLcIJqM8VSqfZlIO1VilWRYT9puwhStAjyZqIKM4fm1HoPeP333qLi5bYn8RS98wNix2JV6QxNrXRizOwRRGrLbi88ygIngm_1k8YzCOusXD8w1y8dfTPAEAAA%3d%3d:220:1)
    at f (https://d1hjvew1n9ss7u.cloudfront.net/assets/shjs.js?t=639255987001545277:0:10382)
    at fireWith (https://d1hjvew1n9ss7u.cloudfront.net/assets/shjs.js?t=639255987001545277:0:11137)
    at ready (https://d1hjvew1n9ss7u.cloudfront.net/assets/shjs.js?t=639255987001545277:0:5238)
    at r (https://d1hjvew1n9ss7u.cloudfront.net/assets/shjs.js?t=639255987001545277:0:9748)
[  239115ms] [VERBOSE] [DOM] Input elements should have autocomplete attributes (suggested: "current-password"): (More info: https://goo.gl/9p2vKq) %o @ https://www.lolacosmetics.com.br/a-formula-brilho-lamelar-shampoo-250ml-ps-19629-299-p46337:0
[  239115ms] [VERBOSE] [DOM] Input elements should have autocomplete attributes (suggested: "current-password"): (More info: https://goo.gl/9p2vKq) %o @ https://www.lolacosmetics.com.br/a-formula-brilho-lamelar-shampoo-250ml-ps-19629-299-p46337:0
[  239138ms] [LOG] AffiseStorage availability: {cookie: true, localStorage: true, sessionStorage: true} @ https://rankmediabrasil.g2afse.com/websdk.js:0
[  239139ms] [LOG] Status RNK Media - ClickId: null UTM: null @ :3
[  239198ms] [ERROR] Failed to load resource: net::ERR_NAME_NOT_RESOLVED @ https://event.getblue.io/js/blue-tag.min.js:0
[  239230ms] [WARNING] [Meta Pixel] - Invalid parameter format for currency. Please refer https://developers.facebook.com/docs/meta-pixel/reference/ for valid parameter specifications. @ https://connect.facebook.net/en_US/fbevents.js:203
[  239302ms] [ERROR] Failed to load resource: the server responded with a status of 404 () @ https://d1hjvew1n9ss7u.cloudfront.net/Custom/Content/Themes/Lola/Agrada/CSS/ajax-loader.gif:0
[  239535ms] Uncaught TypeError: Cannot read properties of undefined (reading 'replace')
    at validaFreteGratis (https://d1hjvew1n9ss7u.cloudfront.net/asset.axd?id=PAEAAB-LCAAAAAAAAAOtj0EPwUAQhf-KzLnsKqu64iBu4oSbOKzt0G2qKztTkQi_3abi6Ob43vfem8wDLIMGxjuLytwM2eCuPOvZ0gRCnrd86k8hgSaGNr5llFE40CdTEyZQXKP_EtuuRREhaA5tJLcIJqM8VSqfZlIO1VilWRYT9puwhStAjyZqIKM4fm1HoPeP333qLi5bYn8RS98wNix2JV6QxNrXRizOwRRGrLbi88ygIngm_1k8YzCOusXD8w1y8dfTPAEAAA%3d%3d:1:7633)
    at <anonymous> (https://d1hjvew1n9ss7u.cloudfront.net/asset.axd?id=PAEAAB-LCAAAAAAAAAOtj0EPwUAQhf-KzLnsKqu64iBu4oSbOKzt0G2qKztTkQi_3abi6Ob43vfem8wDLIMGxjuLytwM2eCuPOvZ0gRCnrd86k8hgSaGNr5llFE40CdTEyZQXKP_EtuuRREhaA5tJLcIJqM8VSqfZlIO1VilWRYT9puwhStAjyZqIKM4fm1HoPeP333qLi5bYn8RS98wNix2JV6QxNrXRizOwRRGrLbi88ygIngm_1k8YzCOusXD8w1y8dfTPAEAAA%3d%3d:1:49808)
    at dispatch (https://d1hjvew1n9ss7u.cloudfront.net/assets/shjs.js?t=639255987001545277:0:32701)
    at a (https://d1hjvew1n9ss7u.cloudfront.net/assets/shjs.js?t=639255987001545277:0:28480)
[  239534ms] [LOG] Banner não encontrado: banner-232 @ https://d1hjvew1n9ss7u.cloudfront.net/asset.axd?id=PAEAAB-LCAAAAAAAAAOtj0EPwUAQhf-KzLnsKqu64iBu4oSbOKzt0G2qKztTkQi_3abi6Ob43vfem8wDLIMGxjuLytwM2eCuPOvZ0gRCnrd86k8hgSaGNr5llFE40CdTEyZQXKP_EtuuRREhaA5tJLcIJqM8VSqfZlIO1VilWRYT9puwhStAjyZqIKM4fm1HoPeP333qLi5bYn8RS98wNix2JV6QxNrXRizOwRRGrLbi88ygIngm_1k8YzCOusXD8w1y8dfTPAEAAA%3d%3d:754
[  239563ms] [LOG] %c Widde Video Commerce %c v24604ee %c Build: 21/09/2026 20:39 %c border: 1px solid #2567f8; background: #2567f8; color: #fff; font-weight: bold; padding: 4px 8px; border-radius: 3px 0 0 0; border: 1px solid #2567f8; border-left: none; background: #FFF; color: #2567f8; font-weight: bold; padding: 4px 8px; border: 1px solid #2567f8; border-left: none; background: #f0f0f0; color: #333; font-weight: bold; padding: 4px 8px; border-radius: 0 3px 3px 0; background: transparent @ https://cdn.widde.io/assets/main.utzwjalemu.js:0
[  239678ms] [LOG] %c Tryon Widde.io %c %s %c border: 1px solid #2567f8; background: #2567f8; color: #fff; font-weight: bold; padding: 4px 8px; border-radius: 3px 0 0 3px; border: 1px solid #2567f8; background: #FFF; color: #2567f8; font-weight: bold; padding: 4px 8px; border-radius: 0 3px 3px 0; 47bf7c2 background: transparent @ https://cdn-tryon.widde.io/widde-tryon.js:86
[  239689ms] [LOG] [tryon-tracker] initialized {domain: www.lolacosmetics.com.br} @ https://cdn-tryon.widde.io/widde-tryon.js:8
[  246102ms] [WARNING] Error with Feature-Policy header: Some features are specified in both Feature-Policy and Permissions-Policy header: payment, fullscreen, microphone, camera. Values defined in Permissions-Policy header will be used. @ :0
[  246503ms] [ERROR] Failed to load resource: the server responded with a status of 500 () @ https://fonts.cdnfonts.com/css/leelawade:0
[  246779ms] [ERROR] Failed to load resource: the server responded with a status of 404 () @ https://lolacosmetics.admin.linxcommerce.com.br/Custom/Content/Themes/Lola/Styles/Fonts/FontAwesome/all.css:0
[  246786ms] [LOG] Trustvox rating | PDP: 46339 tipo: 3 @ https://www.lolacosmetics.com.br/a-formula-primer-brilho-lamelar-200ml-ps-19629-300-p46339:74
[  246786ms] [LOG] Trustvox rating | ID final usado = 46339 @ https://www.lolacosmetics.com.br/a-formula-primer-brilho-lamelar-200ml-ps-19629-300-p46339:74
[  246790ms] [LOG] Trustvox PDP | product: 46339 | type: 3 | usedId: 46339 @ https://www.lolacosmetics.com.br/a-formula-primer-brilho-lamelar-200ml-ps-19629-300-p46339:282
[  246845ms] [LOG] Banner não encontrado: banner-232 @ https://d1hjvew1n9ss7u.cloudfront.net/asset.axd?id=PAEAAB-LCAAAAAAAAAOtj0EPwUAQhf-KzLnsKqu64iBu4oSbOKzt0G2qKztTkQi_3abi6Ob43vfem8wDLIMGxjuLytwM2eCuPOvZ0gRCnrd86k8hgSaGNr5llFE40CdTEyZQXKP_EtuuRREhaA5tJLcIJqM8VSqfZlIO1VilWRYT9puwhStAjyZqIKM4fm1HoPeP333qLi5bYn8RS98wNix2JV6QxNrXRizOwRRGrLbi88ygIngm_1k8YzCOusXD8w1y8dfTPAEAAA%3d%3d:754
[  246846ms] [LOG] [Debug Carrinho] Polling ativo @ https://d1hjvew1n9ss7u.cloudfront.net/asset.axd?id=PAEAAB-LCAAAAAAAAAOtj0EPwUAQhf-KzLnsKqu64iBu4oSbOKzt0G2qKztTkQi_3abi6Ob43vfem8wDLIMGxjuLytwM2eCuPOvZ0gRCnrd86k8hgSaGNr5llFE40CdTEyZQXKP_EtuuRREhaA5tJLcIJqM8VSqfZlIO1VilWRYT9puwhStAjyZqIKM4fm1HoPeP333qLi5bYn8RS98wNix2JV6QxNrXRizOwRRGrLbi88ygIngm_1k8YzCOusXD8w1y8dfTPAEAAA%3d%3d:1790
[  246897ms] [LOG] add @ https://d1hjvew1n9ss7u.cloudfront.net/asset.axd?id=PAEAAB-LCAAAAAAAAAOtj0EPwUAQhf-KzLnsKqu64iBu4oSbOKzt0G2qKztTkQi_3abi6Ob43vfem8wDLIMGxjuLytwM2eCuPOvZ0gRCnrd86k8hgSaGNr5llFE40CdTEyZQXKP_EtuuRREhaA5tJLcIJqM8VSqfZlIO1VilWRYT9puwhStAjyZqIKM4fm1HoPeP333qLi5bYn8RS98wNix2JV6QxNrXRizOwRRGrLbi88ygIngm_1k8YzCOusXD8w1y8dfTPAEAAA%3d%3d:1
[  246899ms] [WARNING] !! Há erros de scripts de terceiros !!
Por favor, contate a Empresa responsável pelo script.  @ https://d1hjvew1n9ss7u.cloudfront.net/assets/shjs.js?t=639255987001545277:0
[  246900ms] Uncaught Error: You must pass a string or Handlebars AST to Handlebars.compile. You passed null
    at e.compile (https://d1hjvew1n9ss7u.cloudfront.net/asset.axd?id=PAEAAB-LCAAAAAAAAAOtj0EPwUAQhf-KzLnsKqu64iBu4oSbOKzt0G2qKztTkQi_3abi6Ob43vfem8wDLIMGxjuLytwM2eCuPOvZ0gRCnrd86k8hgSaGNr5llFE40CdTEyZQXKP_EtuuRREhaA5tJLcIJqM8VSqfZlIO1VilWRYT9puwhStAjyZqIKM4fm1HoPeP333qLi5bYn8RS98wNix2JV6QxNrXRizOwRRGrLbi88ygIngm_1k8YzCOusXD8w1y8dfTPAEAAA%3d%3d:1794:49302)
    at i.compile (https://d1hjvew1n9ss7u.cloudfront.net/asset.axd?id=PAEAAB-LCAAAAAAAAAOtj0EPwUAQhf-KzLnsKqu64iBu4oSbOKzt0G2qKztTkQi_3abi6Ob43vfem8wDLIMGxjuLytwM2eCuPOvZ0gRCnrd86k8hgSaGNr5llFE40CdTEyZQXKP_EtuuRREhaA5tJLcIJqM8VSqfZlIO1VilWRYT9puwhStAjyZqIKM4fm1HoPeP333qLi5bYn8RS98wNix2JV6QxNrXRizOwRRGrLbi88ygIngm_1k8YzCOusXD8w1y8dfTPAEAAA%3d%3d:1794:343)
    at renderBasket (https://d1hjvew1n9ss7u.cloudfront.net/asset.axd?id=PAEAAB-LCAAAAAAAAAOtj0EPwUAQhf-KzLnsKqu64iBu4oSbOKzt0G2qKztTkQi_3abi6Ob43vfem8wDLIMGxjuLytwM2eCuPOvZ0gRCnrd86k8hgSaGNr5llFE40CdTEyZQXKP_EtuuRREhaA5tJLcIJqM8VSqfZlIO1VilWRYT9puwhStAjyZqIKM4fm1HoPeP333qLi5bYn8RS98wNix2JV6QxNrXRizOwRRGrLbi88ygIngm_1k8YzCOusXD8w1y8dfTPAEAAA%3d%3d:29:27)
    at <anonymous> (https://d1hjvew1n9ss7u.cloudfront.net/asset.axd?id=PAEAAB-LCAAAAAAAAAOtj0EPwUAQhf-KzLnsKqu64iBu4oSbOKzt0G2qKztTkQi_3abi6Ob43vfem8wDLIMGxjuLytwM2eCuPOvZ0gRCnrd86k8hgSaGNr5llFE40CdTEyZQXKP_EtuuRREhaA5tJLcIJqM8VSqfZlIO1VilWRYT9puwhStAjyZqIKM4fm1HoPeP333qLi5bYn8RS98wNix2JV6QxNrXRizOwRRGrLbi88ygIngm_1k8YzCOusXD8w1y8dfTPAEAAA%3d%3d:220:1)
    at f (https://d1hjvew1n9ss7u.cloudfront.net/assets/shjs.js?t=639255987001545277:0:10382)
    at fireWith (https://d1hjvew1n9ss7u.cloudfront.net/assets/shjs.js?t=639255987001545277:0:11137)
    at ready (https://d1hjvew1n9ss7u.cloudfront.net/assets/shjs.js?t=639255987001545277:0:5238)
    at r (https://d1hjvew1n9ss7u.cloudfront.net/assets/shjs.js?t=639255987001545277:0:9748)
[  246901ms] [VERBOSE] [DOM] Input elements should have autocomplete attributes (suggested: "current-password"): (More info: https://goo.gl/9p2vKq) %o @ https://www.lolacosmetics.com.br/a-formula-primer-brilho-lamelar-200ml-ps-19629-300-p46339:0
[  246901ms] [VERBOSE] [DOM] Input elements should have autocomplete attributes (suggested: "current-password"): (More info: https://goo.gl/9p2vKq) %o @ https://www.lolacosmetics.com.br/a-formula-primer-brilho-lamelar-200ml-ps-19629-300-p46339:0
[  247014ms] [ERROR] Failed to load resource: net::ERR_NAME_NOT_RESOLVED @ https://event.getblue.io/js/blue-tag.min.js:0
[  247067ms] [LOG] AffiseStorage availability: {cookie: true, localStorage: true, sessionStorage: true} @ https://rankmediabrasil.g2afse.com/websdk.js:0
[  247068ms] [LOG] Status RNK Media - ClickId: null UTM: null @ :3
[  247101ms] [WARNING] [Meta Pixel] - Invalid parameter format for currency. Please refer https://developers.facebook.com/docs/meta-pixel/reference/ for valid parameter specifications. @ https://connect.facebook.net/en_US/fbevents.js:203
[  247117ms] [ERROR] Failed to load resource: the server responded with a status of 404 () @ https://d1hjvew1n9ss7u.cloudfront.net/Custom/Content/Themes/Lola/Agrada/CSS/ajax-loader.gif:0
[  247388ms] Uncaught TypeError: Cannot read properties of undefined (reading 'replace')
    at validaFreteGratis (https://d1hjvew1n9ss7u.cloudfront.net/asset.axd?id=PAEAAB-LCAAAAAAAAAOtj0EPwUAQhf-KzLnsKqu64iBu4oSbOKzt0G2qKztTkQi_3abi6Ob43vfem8wDLIMGxjuLytwM2eCuPOvZ0gRCnrd86k8hgSaGNr5llFE40CdTEyZQXKP_EtuuRREhaA5tJLcIJqM8VSqfZlIO1VilWRYT9puwhStAjyZqIKM4fm1HoPeP333qLi5bYn8RS98wNix2JV6QxNrXRizOwRRGrLbi88ygIngm_1k8YzCOusXD8w1y8dfTPAEAAA%3d%3d:1:7633)
    at <anonymous> (https://d1hjvew1n9ss7u.cloudfront.net/asset.axd?id=PAEAAB-LCAAAAAAAAAOtj0EPwUAQhf-KzLnsKqu64iBu4oSbOKzt0G2qKztTkQi_3abi6Ob43vfem8wDLIMGxjuLytwM2eCuPOvZ0gRCnrd86k8hgSaGNr5llFE40CdTEyZQXKP_EtuuRREhaA5tJLcIJqM8VSqfZlIO1VilWRYT9puwhStAjyZqIKM4fm1HoPeP333qLi5bYn8RS98wNix2JV6QxNrXRizOwRRGrLbi88ygIngm_1k8YzCOusXD8w1y8dfTPAEAAA%3d%3d:1:49808)
    at dispatch (https://d1hjvew1n9ss7u.cloudfront.net/assets/shjs.js?t=639255987001545277:0:32701)
    at a (https://d1hjvew1n9ss7u.cloudfront.net/assets/shjs.js?t=639255987001545277:0:28480)
[  247384ms] [LOG] Banner não encontrado: banner-232 @ https://d1hjvew1n9ss7u.cloudfront.net/asset.axd?id=PAEAAB-LCAAAAAAAAAOtj0EPwUAQhf-KzLnsKqu64iBu4oSbOKzt0G2qKztTkQi_3abi6Ob43vfem8wDLIMGxjuLytwM2eCuPOvZ0gRCnrd86k8hgSaGNr5llFE40CdTEyZQXKP_EtuuRREhaA5tJLcIJqM8VSqfZlIO1VilWRYT9puwhStAjyZqIKM4fm1HoPeP333qLi5bYn8RS98wNix2JV6QxNrXRizOwRRGrLbi88ygIngm_1k8YzCOusXD8w1y8dfTPAEAAA%3d%3d:754
[  247414ms] [LOG] %c Widde Video Commerce %c v24604ee %c Build: 21/09/2026 20:39 %c border: 1px solid #2567f8; background: #2567f8; color: #fff; font-weight: bold; padding: 4px 8px; border-radius: 3px 0 0 0; border: 1px solid #2567f8; border-left: none; background: #FFF; color: #2567f8; font-weight: bold; padding: 4px 8px; border: 1px solid #2567f8; border-left: none; background: #f0f0f0; color: #333; font-weight: bold; padding: 4px 8px; border-radius: 0 3px 3px 0; background: transparent @ https://cdn.widde.io/assets/main.utzwjalemu.js:0
[  247559ms] [LOG] %c Tryon Widde.io %c %s %c border: 1px solid #2567f8; background: #2567f8; color: #fff; font-weight: bold; padding: 4px 8px; border-radius: 3px 0 0 3px; border: 1px solid #2567f8; background: #FFF; color: #2567f8; font-weight: bold; padding: 4px 8px; border-radius: 0 3px 3px 0; 47bf7c2 background: transparent @ https://cdn-tryon.widde.io/widde-tryon.js:86
[  247578ms] [LOG] [tryon-tracker] initialized {domain: www.lolacosmetics.com.br} @ https://cdn-tryon.widde.io/widde-tryon.js:8
[  253981ms] [WARNING] Error with Feature-Policy header: Some features are specified in both Feature-Policy and Permissions-Policy header: payment, fullscreen, microphone, camera. Values defined in Permissions-Policy header will be used. @ :0
[  254331ms] [ERROR] Failed to load resource: the server responded with a status of 500 () @ https://fonts.cdnfonts.com/css/leelawade:0
[  254759ms] [ERROR] Failed to load resource: the server responded with a status of 404 () @ https://lolacosmetics.admin.linxcommerce.com.br/Custom/Content/Themes/Lola/Styles/Fonts/FontAwesome/all.css:0
[  254791ms] [LOG] Trustvox rating | PDP: 45529 tipo: 3 @ https://www.lolacosmetics.com.br/bahia-a-vista-mousse-200ml-ps-19629-90-p45529:1
[  254791ms] [LOG] Trustvox rating | ID final usado = 45529 @ https://www.lolacosmetics.com.br/bahia-a-vista-mousse-200ml-ps-19629-90-p45529:1
[  254793ms] [LOG] Trustvox PDP | product: 45529 | type: 3 | usedId: 45529 @ https://www.lolacosmetics.com.br/bahia-a-vista-mousse-200ml-ps-19629-90-p45529:1
[  254942ms] [LOG] Banner não encontrado: banner-232 @ https://d1hjvew1n9ss7u.cloudfront.net/asset.axd?id=PAEAAB-LCAAAAAAAAAOtj0EPwUAQhf-KzLnsKqu64iBu4oSbOKzt0G2qKztTkQi_3abi6Ob43vfem8wDLIMGxjuLytwM2eCuPOvZ0gRCnrd86k8hgSaGNr5llFE40CdTEyZQXKP_EtuuRREhaA5tJLcIJqM8VSqfZlIO1VilWRYT9puwhStAjyZqIKM4fm1HoPeP333qLi5bYn8RS98wNix2JV6QxNrXRizOwRRGrLbi88ygIngm_1k8YzCOusXD8w1y8dfTPAEAAA%3d%3d:754
[  254943ms] [LOG] [Debug Carrinho] Polling ativo @ https://d1hjvew1n9ss7u.cloudfront.net/asset.axd?id=PAEAAB-LCAAAAAAAAAOtj0EPwUAQhf-KzLnsKqu64iBu4oSbOKzt0G2qKztTkQi_3abi6Ob43vfem8wDLIMGxjuLytwM2eCuPOvZ0gRCnrd86k8hgSaGNr5llFE40CdTEyZQXKP_EtuuRREhaA5tJLcIJqM8VSqfZlIO1VilWRYT9puwhStAjyZqIKM4fm1HoPeP333qLi5bYn8RS98wNix2JV6QxNrXRizOwRRGrLbi88ygIngm_1k8YzCOusXD8w1y8dfTPAEAAA%3d%3d:1790
[  255007ms] [LOG] add @ https://d1hjvew1n9ss7u.cloudfront.net/asset.axd?id=PAEAAB-LCAAAAAAAAAOtj0EPwUAQhf-KzLnsKqu64iBu4oSbOKzt0G2qKztTkQi_3abi6Ob43vfem8wDLIMGxjuLytwM2eCuPOvZ0gRCnrd86k8hgSaGNr5llFE40CdTEyZQXKP_EtuuRREhaA5tJLcIJqM8VSqfZlIO1VilWRYT9puwhStAjyZqIKM4fm1HoPeP333qLi5bYn8RS98wNix2JV6QxNrXRizOwRRGrLbi88ygIngm_1k8YzCOusXD8w1y8dfTPAEAAA%3d%3d:1
[  255009ms] [WARNING] !! Há erros de scripts de terceiros !!
Por favor, contate a Empresa responsável pelo script.  @ https://d1hjvew1n9ss7u.cloudfront.net/assets/shjs.js?t=639255987001545277:0
[  255011ms] Uncaught Error: You must pass a string or Handlebars AST to Handlebars.compile. You passed null
    at e.compile (https://d1hjvew1n9ss7u.cloudfront.net/asset.axd?id=PAEAAB-LCAAAAAAAAAOtj0EPwUAQhf-KzLnsKqu64iBu4oSbOKzt0G2qKztTkQi_3abi6Ob43vfem8wDLIMGxjuLytwM2eCuPOvZ0gRCnrd86k8hgSaGNr5llFE40CdTEyZQXKP_EtuuRREhaA5tJLcIJqM8VSqfZlIO1VilWRYT9puwhStAjyZqIKM4fm1HoPeP333qLi5bYn8RS98wNix2JV6QxNrXRizOwRRGrLbi88ygIngm_1k8YzCOusXD8w1y8dfTPAEAAA%3d%3d:1794:49302)
    at i.compile (https://d1hjvew1n9ss7u.cloudfront.net/asset.axd?id=PAEAAB-LCAAAAAAAAAOtj0EPwUAQhf-KzLnsKqu64iBu4oSbOKzt0G2qKztTkQi_3abi6Ob43vfem8wDLIMGxjuLytwM2eCuPOvZ0gRCnrd86k8hgSaGNr5llFE40CdTEyZQXKP_EtuuRREhaA5tJLcIJqM8VSqfZlIO1VilWRYT9puwhStAjyZqIKM4fm1HoPeP333qLi5bYn8RS98wNix2JV6QxNrXRizOwRRGrLbi88ygIngm_1k8YzCOusXD8w1y8dfTPAEAAA%3d%3d:1794:343)
    at renderBasket (https://d1hjvew1n9ss7u.cloudfront.net/asset.axd?id=PAEAAB-LCAAAAAAAAAOtj0EPwUAQhf-KzLnsKqu64iBu4oSbOKzt0G2qKztTkQi_3abi6Ob43vfem8wDLIMGxjuLytwM2eCuPOvZ0gRCnrd86k8hgSaGNr5llFE40CdTEyZQXKP_EtuuRREhaA5tJLcIJqM8VSqfZlIO1VilWRYT9puwhStAjyZqIKM4fm1HoPeP333qLi5bYn8RS98wNix2JV6QxNrXRizOwRRGrLbi88ygIngm_1k8YzCOusXD8w1y8dfTPAEAAA%3d%3d:29:27)
    at <anonymous> (https://d1hjvew1n9ss7u.cloudfront.net/asset.axd?id=PAEAAB-LCAAAAAAAAAOtj0EPwUAQhf-KzLnsKqu64iBu4oSbOKzt0G2qKztTkQi_3abi6Ob43vfem8wDLIMGxjuLytwM2eCuPOvZ0gRCnrd86k8hgSaGNr5llFE40CdTEyZQXKP_EtuuRREhaA5tJLcIJqM8VSqfZlIO1VilWRYT9puwhStAjyZqIKM4fm1HoPeP333qLi5bYn8RS98wNix2JV6QxNrXRizOwRRGrLbi88ygIngm_1k8YzCOusXD8w1y8dfTPAEAAA%3d%3d:220:1)
    at f (https://d1hjvew1n9ss7u.cloudfront.net/assets/shjs.js?t=639255987001545277:0:10382)
    at fireWith (https://d1hjvew1n9ss7u.cloudfront.net/assets/shjs.js?t=639255987001545277:0:11137)
    at ready (https://d1hjvew1n9ss7u.cloudfront.net/assets/shjs.js?t=639255987001545277:0:5238)
    at r (https://d1hjvew1n9ss7u.cloudfront.net/assets/shjs.js?t=639255987001545277:0:9748)
[  255012ms] [VERBOSE] [DOM] Input elements should have autocomplete attributes (suggested: "current-password"): (More info: https://goo.gl/9p2vKq) %o @ https://www.lolacosmetics.com.br/bahia-a-vista-mousse-200ml-ps-19629-90-p45529:0
[  255012ms] [VERBOSE] [DOM] Input elements should have autocomplete attributes (suggested: "current-password"): (More info: https://goo.gl/9p2vKq) %o @ https://www.lolacosmetics.com.br/bahia-a-vista-mousse-200ml-ps-19629-90-p45529:0
[  255027ms] [LOG] AffiseStorage availability: {cookie: true, localStorage: true, sessionStorage: true} @ https://rankmediabrasil.g2afse.com/websdk.js:0
[  255028ms] [LOG] Status RNK Media - ClickId: null UTM: null @ :3
[  255107ms] [ERROR] Failed to load resource: net::ERR_NAME_NOT_RESOLVED @ https://event.getblue.io/js/blue-tag.min.js:0
[  255132ms] [WARNING] [Meta Pixel] - Invalid parameter format for currency. Please refer https://developers.facebook.com/docs/meta-pixel/reference/ for valid parameter specifications. @ https://connect.facebook.net/en_US/fbevents.js:203
[  255207ms] [ERROR] Failed to load resource: the server responded with a status of 404 () @ https://d1hjvew1n9ss7u.cloudfront.net/Custom/Content/Themes/Lola/Agrada/CSS/ajax-loader.gif:0
[  255446ms] Uncaught TypeError: Cannot read properties of undefined (reading 'replace')
    at validaFreteGratis (https://d1hjvew1n9ss7u.cloudfront.net/asset.axd?id=PAEAAB-LCAAAAAAAAAOtj0EPwUAQhf-KzLnsKqu64iBu4oSbOKzt0G2qKztTkQi_3abi6Ob43vfem8wDLIMGxjuLytwM2eCuPOvZ0gRCnrd86k8hgSaGNr5llFE40CdTEyZQXKP_EtuuRREhaA5tJLcIJqM8VSqfZlIO1VilWRYT9puwhStAjyZqIKM4fm1HoPeP333qLi5bYn8RS98wNix2JV6QxNrXRizOwRRGrLbi88ygIngm_1k8YzCOusXD8w1y8dfTPAEAAA%3d%3d:1:7633)
    at <anonymous> (https://d1hjvew1n9ss7u.cloudfront.net/asset.axd?id=PAEAAB-LCAAAAAAAAAOtj0EPwUAQhf-KzLnsKqu64iBu4oSbOKzt0G2qKztTkQi_3abi6Ob43vfem8wDLIMGxjuLytwM2eCuPOvZ0gRCnrd86k8hgSaGNr5llFE40CdTEyZQXKP_EtuuRREhaA5tJLcIJqM8VSqfZlIO1VilWRYT9puwhStAjyZqIKM4fm1HoPeP333qLi5bYn8RS98wNix2JV6QxNrXRizOwRRGrLbi88ygIngm_1k8YzCOusXD8w1y8dfTPAEAAA%3d%3d:1:49808)
    at dispatch (https://d1hjvew1n9ss7u.cloudfront.net/assets/shjs.js?t=639255987001545277:0:32701)
    at a (https://d1hjvew1n9ss7u.cloudfront.net/assets/shjs.js?t=639255987001545277:0:28480)
[  255442ms] [LOG] Banner não encontrado: banner-232 @ https://d1hjvew1n9ss7u.cloudfront.net/asset.axd?id=PAEAAB-LCAAAAAAAAAOtj0EPwUAQhf-KzLnsKqu64iBu4oSbOKzt0G2qKztTkQi_3abi6Ob43vfem8wDLIMGxjuLytwM2eCuPOvZ0gRCnrd86k8hgSaGNr5llFE40CdTEyZQXKP_EtuuRREhaA5tJLcIJqM8VSqfZlIO1VilWRYT9puwhStAjyZqIKM4fm1HoPeP333qLi5bYn8RS98wNix2JV6QxNrXRizOwRRGrLbi88ygIngm_1k8YzCOusXD8w1y8dfTPAEAAA%3d%3d:754
[  255475ms] [LOG] %c Widde Video Commerce %c v24604ee %c Build: 21/09/2026 20:39 %c border: 1px solid #2567f8; background: #2567f8; color: #fff; font-weight: bold; padding: 4px 8px; border-radius: 3px 0 0 0; border: 1px solid #2567f8; border-left: none; background: #FFF; color: #2567f8; font-weight: bold; padding: 4px 8px; border: 1px solid #2567f8; border-left: none; background: #f0f0f0; color: #333; font-weight: bold; padding: 4px 8px; border-radius: 0 3px 3px 0; background: transparent @ https://cdn.widde.io/assets/main.utzwjalemu.js:0
[  255642ms] Uncaught (in promise) TypeError: Cannot read properties of null (reading 'store_id')
    at loadAnswersSummaries (https://static.trustvox.com.br/sincero/sincero.js:0:378910)
    at <anonymous> (https://static.trustvox.com.br/sincero/sincero.js:0:104392)
    at r.dispatch (https://static.trustvox.com.br/sincero/sincero.js:0:106041)
    at dispatch (https://static.trustvox.com.br/sincero/sincero.js:0:102087)
    at <anonymous> (https://static.trustvox.com.br/sincero/sincero.js:0:365471)
[  255642ms] Uncaught (in promise) TypeError: Cannot read properties of null (reading 'store_id')
    at loadProfiles (https://static.trustvox.com.br/sincero/sincero.js:0:376806)
    at <anonymous> (https://static.trustvox.com.br/sincero/sincero.js:0:104392)
    at r.dispatch (https://static.trustvox.com.br/sincero/sincero.js:0:106041)
    at dispatch (https://static.trustvox.com.br/sincero/sincero.js:0:102087)
    at t.context.a.dispatch (https://static.trustvox.com.br/sincero/sincero.js:0:103635)
    at <anonymous> (https://static.trustvox.com.br/sincero/sincero.js:0:376597)
[  255678ms] [LOG] %c Tryon Widde.io %c %s %c border: 1px solid #2567f8; background: #2567f8; color: #fff; font-weight: bold; padding: 4px 8px; border-radius: 3px 0 0 3px; border: 1px solid #2567f8; background: #FFF; color: #2567f8; font-weight: bold; padding: 4px 8px; border-radius: 0 3px 3px 0; 47bf7c2 background: transparent @ https://cdn-tryon.widde.io/widde-tryon.js:86
[  255728ms] [LOG] [tryon-tracker] initialized {domain: www.lolacosmetics.com.br} @ https://cdn-tryon.widde.io/widde-tryon.js:8
[  262729ms] [WARNING] Error with Feature-Policy header: Some features are specified in both Feature-Policy and Permissions-Policy header: payment, fullscreen, microphone, camera. Values defined in Permissions-Policy header will be used. @ :0
[  263405ms] [ERROR] Failed to load resource: the server responded with a status of 500 () @ https://fonts.cdnfonts.com/css/leelawade:0
[  263829ms] [ERROR] Failed to load resource: the server responded with a status of 404 () @ https://lolacosmetics.admin.linxcommerce.com.br/Custom/Content/Themes/Lola/Styles/Fonts/FontAwesome/all.css:0
[  263842ms] [LOG] Trustvox rating | PDP: 46402 tipo: 3 @ https://www.lolacosmetics.com.br/banana-tropicana-condicionador-250g-ps-19629-1007-p46402:33
[  263842ms] [LOG] Trustvox rating | ID final usado = 46402 @ https://www.lolacosmetics.com.br/banana-tropicana-condicionador-250g-ps-19629-1007-p46402:33
[  263873ms] [LOG] Trustvox PDP | product: 46402 | type: 3 | usedId: 46402 @ https://www.lolacosmetics.com.br/banana-tropicana-condicionador-250g-ps-19629-1007-p46402:97
[  263918ms] [LOG] Banner não encontrado: banner-232 @ https://d1hjvew1n9ss7u.cloudfront.net/asset.axd?id=PAEAAB-LCAAAAAAAAAOtj0EPwUAQhf-KzLnsKqu64iBu4oSbOKzt0G2qKztTkQi_3abi6Ob43vfem8wDLIMGxjuLytwM2eCuPOvZ0gRCnrd86k8hgSaGNr5llFE40CdTEyZQXKP_EtuuRREhaA5tJLcIJqM8VSqfZlIO1VilWRYT9puwhStAjyZqIKM4fm1HoPeP333qLi5bYn8RS98wNix2JV6QxNrXRizOwRRGrLbi88ygIngm_1k8YzCOusXD8w1y8dfTPAEAAA%3d%3d:754
[  263920ms] [LOG] [Debug Carrinho] Polling ativo @ https://d1hjvew1n9ss7u.cloudfront.net/asset.axd?id=PAEAAB-LCAAAAAAAAAOtj0EPwUAQhf-KzLnsKqu64iBu4oSbOKzt0G2qKztTkQi_3abi6Ob43vfem8wDLIMGxjuLytwM2eCuPOvZ0gRCnrd86k8hgSaGNr5llFE40CdTEyZQXKP_EtuuRREhaA5tJLcIJqM8VSqfZlIO1VilWRYT9puwhStAjyZqIKM4fm1HoPeP333qLi5bYn8RS98wNix2JV6QxNrXRizOwRRGrLbi88ygIngm_1k8YzCOusXD8w1y8dfTPAEAAA%3d%3d:1790
[  263969ms] [LOG] add @ https://d1hjvew1n9ss7u.cloudfront.net/asset.axd?id=PAEAAB-LCAAAAAAAAAOtj0EPwUAQhf-KzLnsKqu64iBu4oSbOKzt0G2qKztTkQi_3abi6Ob43vfem8wDLIMGxjuLytwM2eCuPOvZ0gRCnrd86k8hgSaGNr5llFE40CdTEyZQXKP_EtuuRREhaA5tJLcIJqM8VSqfZlIO1VilWRYT9puwhStAjyZqIKM4fm1HoPeP333qLi5bYn8RS98wNix2JV6QxNrXRizOwRRGrLbi88ygIngm_1k8YzCOusXD8w1y8dfTPAEAAA%3d%3d:1
[  263971ms] [WARNING] !! Há erros de scripts de terceiros !!
Por favor, contate a Empresa responsável pelo script.  @ https://d1hjvew1n9ss7u.cloudfront.net/assets/shjs.js?t=639255987001545277:0
[  263971ms] Uncaught Error: You must pass a string or Handlebars AST to Handlebars.compile. You passed null
    at e.compile (https://d1hjvew1n9ss7u.cloudfront.net/asset.axd?id=PAEAAB-LCAAAAAAAAAOtj0EPwUAQhf-KzLnsKqu64iBu4oSbOKzt0G2qKztTkQi_3abi6Ob43vfem8wDLIMGxjuLytwM2eCuPOvZ0gRCnrd86k8hgSaGNr5llFE40CdTEyZQXKP_EtuuRREhaA5tJLcIJqM8VSqfZlIO1VilWRYT9puwhStAjyZqIKM4fm1HoPeP333qLi5bYn8RS98wNix2JV6QxNrXRizOwRRGrLbi88ygIngm_1k8YzCOusXD8w1y8dfTPAEAAA%3d%3d:1794:49302)
    at i.compile (https://d1hjvew1n9ss7u.cloudfront.net/asset.axd?id=PAEAAB-LCAAAAAAAAAOtj0EPwUAQhf-KzLnsKqu64iBu4oSbOKzt0G2qKztTkQi_3abi6Ob43vfem8wDLIMGxjuLytwM2eCuPOvZ0gRCnrd86k8hgSaGNr5llFE40CdTEyZQXKP_EtuuRREhaA5tJLcIJqM8VSqfZlIO1VilWRYT9puwhStAjyZqIKM4fm1HoPeP333qLi5bYn8RS98wNix2JV6QxNrXRizOwRRGrLbi88ygIngm_1k8YzCOusXD8w1y8dfTPAEAAA%3d%3d:1794:343)
    at renderBasket (https://d1hjvew1n9ss7u.cloudfront.net/asset.axd?id=PAEAAB-LCAAAAAAAAAOtj0EPwUAQhf-KzLnsKqu64iBu4oSbOKzt0G2qKztTkQi_3abi6Ob43vfem8wDLIMGxjuLytwM2eCuPOvZ0gRCnrd86k8hgSaGNr5llFE40CdTEyZQXKP_EtuuRREhaA5tJLcIJqM8VSqfZlIO1VilWRYT9puwhStAjyZqIKM4fm1HoPeP333qLi5bYn8RS98wNix2JV6QxNrXRizOwRRGrLbi88ygIngm_1k8YzCOusXD8w1y8dfTPAEAAA%3d%3d:29:27)
    at <anonymous> (https://d1hjvew1n9ss7u.cloudfront.net/asset.axd?id=PAEAAB-LCAAAAAAAAAOtj0EPwUAQhf-KzLnsKqu64iBu4oSbOKzt0G2qKztTkQi_3abi6Ob43vfem8wDLIMGxjuLytwM2eCuPOvZ0gRCnrd86k8hgSaGNr5llFE40CdTEyZQXKP_EtuuRREhaA5tJLcIJqM8VSqfZlIO1VilWRYT9puwhStAjyZqIKM4fm1HoPeP333qLi5bYn8RS98wNix2JV6QxNrXRizOwRRGrLbi88ygIngm_1k8YzCOusXD8w1y8dfTPAEAAA%3d%3d:220:1)
    at f (https://d1hjvew1n9ss7u.cloudfront.net/assets/shjs.js?t=639255987001545277:0:10382)
    at fireWith (https://d1hjvew1n9ss7u.cloudfront.net/assets/shjs.js?t=639255987001545277:0:11137)
    at ready (https://d1hjvew1n9ss7u.cloudfront.net/assets/shjs.js?t=639255987001545277:0:5238)
    at r (https://d1hjvew1n9ss7u.cloudfront.net/assets/shjs.js?t=639255987001545277:0:9748)
[  263974ms] [VERBOSE] [DOM] Input elements should have autocomplete attributes (suggested: "current-password"): (More info: https://goo.gl/9p2vKq) %o @ https://www.lolacosmetics.com.br/banana-tropicana-condicionador-250g-ps-19629-1007-p46402:0
[  263974ms] [VERBOSE] [DOM] Input elements should have autocomplete attributes (suggested: "current-password"): (More info: https://goo.gl/9p2vKq) %o @ https://www.lolacosmetics.com.br/banana-tropicana-condicionador-250g-ps-19629-1007-p46402:0
[  264080ms] [ERROR] Failed to load resource: net::ERR_NAME_NOT_RESOLVED @ https://event.getblue.io/js/blue-tag.min.js:0
[  264113ms] [LOG] AffiseStorage availability: {cookie: true, localStorage: true, sessionStorage: true} @ https://rankmediabrasil.g2afse.com/websdk.js:0
[  264114ms] [LOG] Status RNK Media - ClickId: null UTM: null @ :3
[  264191ms] [ERROR] Failed to load resource: the server responded with a status of 404 () @ https://d1hjvew1n9ss7u.cloudfront.net/Custom/Content/Themes/Lola/Agrada/CSS/ajax-loader.gif:0
[  264225ms] [WARNING] [Meta Pixel] - Invalid parameter format for currency. Please refer https://developers.facebook.com/docs/meta-pixel/reference/ for valid parameter specifications. @ https://connect.facebook.net/en_US/fbevents.js:203
[  264606ms] Uncaught TypeError: Cannot read properties of undefined (reading 'replace')
    at validaFreteGratis (https://d1hjvew1n9ss7u.cloudfront.net/asset.axd?id=PAEAAB-LCAAAAAAAAAOtj0EPwUAQhf-KzLnsKqu64iBu4oSbOKzt0G2qKztTkQi_3abi6Ob43vfem8wDLIMGxjuLytwM2eCuPOvZ0gRCnrd86k8hgSaGNr5llFE40CdTEyZQXKP_EtuuRREhaA5tJLcIJqM8VSqfZlIO1VilWRYT9puwhStAjyZqIKM4fm1HoPeP333qLi5bYn8RS98wNix2JV6QxNrXRizOwRRGrLbi88ygIngm_1k8YzCOusXD8w1y8dfTPAEAAA%3d%3d:1:7633)
    at <anonymous> (https://d1hjvew1n9ss7u.cloudfront.net/asset.axd?id=PAEAAB-LCAAAAAAAAAOtj0EPwUAQhf-KzLnsKqu64iBu4oSbOKzt0G2qKztTkQi_3abi6Ob43vfem8wDLIMGxjuLytwM2eCuPOvZ0gRCnrd86k8hgSaGNr5llFE40CdTEyZQXKP_EtuuRREhaA5tJLcIJqM8VSqfZlIO1VilWRYT9puwhStAjyZqIKM4fm1HoPeP333qLi5bYn8RS98wNix2JV6QxNrXRizOwRRGrLbi88ygIngm_1k8YzCOusXD8w1y8dfTPAEAAA%3d%3d:1:49808)
    at dispatch (https://d1hjvew1n9ss7u.cloudfront.net/assets/shjs.js?t=639255987001545277:0:32701)
    at a (https://d1hjvew1n9ss7u.cloudfront.net/assets/shjs.js?t=639255987001545277:0:28480)
[  264604ms] [LOG] Banner não encontrado: banner-232 @ https://d1hjvew1n9ss7u.cloudfront.net/asset.axd?id=PAEAAB-LCAAAAAAAAAOtj0EPwUAQhf-KzLnsKqu64iBu4oSbOKzt0G2qKztTkQi_3abi6Ob43vfem8wDLIMGxjuLytwM2eCuPOvZ0gRCnrd86k8hgSaGNr5llFE40CdTEyZQXKP_EtuuRREhaA5tJLcIJqM8VSqfZlIO1VilWRYT9puwhStAjyZqIKM4fm1HoPeP333qLi5bYn8RS98wNix2JV6QxNrXRizOwRRGrLbi88ygIngm_1k8YzCOusXD8w1y8dfTPAEAAA%3d%3d:754
[  264647ms] [LOG] %c Widde Video Commerce %c v24604ee %c Build: 21/09/2026 20:39 %c border: 1px solid #2567f8; background: #2567f8; color: #fff; font-weight: bold; padding: 4px 8px; border-radius: 3px 0 0 0; border: 1px solid #2567f8; border-left: none; background: #FFF; color: #2567f8; font-weight: bold; padding: 4px 8px; border: 1px solid #2567f8; border-left: none; background: #f0f0f0; color: #333; font-weight: bold; padding: 4px 8px; border-radius: 0 3px 3px 0; background: transparent @ https://cdn.widde.io/assets/main.utzwjalemu.js:0
[  264820ms] [LOG] %c Tryon Widde.io %c %s %c border: 1px solid #2567f8; background: #2567f8; color: #fff; font-weight: bold; padding: 4px 8px; border-radius: 3px 0 0 3px; border: 1px solid #2567f8; background: #FFF; color: #2567f8; font-weight: bold; padding: 4px 8px; border-radius: 0 3px 3px 0; 47bf7c2 background: transparent @ https://cdn-tryon.widde.io/widde-tryon.js:86
[  264845ms] [LOG] [tryon-tracker] initialized {domain: www.lolacosmetics.com.br} @ https://cdn-tryon.widde.io/widde-tryon.js:8
[  271192ms] [WARNING] Error with Feature-Policy header: Some features are specified in both Feature-Policy and Permissions-Policy header: payment, fullscreen, microphone, camera. Values defined in Permissions-Policy header will be used. @ :0
[  271875ms] [ERROR] Failed to load resource: the server responded with a status of 500 () @ https://fonts.cdnfonts.com/css/leelawade:0
[  272300ms] [ERROR] Failed to load resource: the server responded with a status of 404 () @ https://lolacosmetics.admin.linxcommerce.com.br/Custom/Content/Themes/Lola/Styles/Fonts/FontAwesome/all.css:0
[  272312ms] [LOG] Trustvox rating | PDP: 46404 tipo: 3 @ https://www.lolacosmetics.com.br/banana-tropicana-leave-in-chantilly-160ml-ps-19629-1008-p46404:37
[  272312ms] [LOG] Trustvox rating | ID final usado = 46404 @ https://www.lolacosmetics.com.br/banana-tropicana-leave-in-chantilly-160ml-ps-19629-1008-p46404:37
[  272337ms] [LOG] Trustvox PDP | product: 46404 | type: 3 | usedId: 46404 @ https://www.lolacosmetics.com.br/banana-tropicana-leave-in-chantilly-160ml-ps-19629-1008-p46404:107
[  272367ms] [LOG] Banner não encontrado: banner-232 @ https://d1hjvew1n9ss7u.cloudfront.net/asset.axd?id=PAEAAB-LCAAAAAAAAAOtj0EPwUAQhf-KzLnsKqu64iBu4oSbOKzt0G2qKztTkQi_3abi6Ob43vfem8wDLIMGxjuLytwM2eCuPOvZ0gRCnrd86k8hgSaGNr5llFE40CdTEyZQXKP_EtuuRREhaA5tJLcIJqM8VSqfZlIO1VilWRYT9puwhStAjyZqIKM4fm1HoPeP333qLi5bYn8RS98wNix2JV6QxNrXRizOwRRGrLbi88ygIngm_1k8YzCOusXD8w1y8dfTPAEAAA%3d%3d:754
[  272369ms] [LOG] [Debug Carrinho] Polling ativo @ https://d1hjvew1n9ss7u.cloudfront.net/asset.axd?id=PAEAAB-LCAAAAAAAAAOtj0EPwUAQhf-KzLnsKqu64iBu4oSbOKzt0G2qKztTkQi_3abi6Ob43vfem8wDLIMGxjuLytwM2eCuPOvZ0gRCnrd86k8hgSaGNr5llFE40CdTEyZQXKP_EtuuRREhaA5tJLcIJqM8VSqfZlIO1VilWRYT9puwhStAjyZqIKM4fm1HoPeP333qLi5bYn8RS98wNix2JV6QxNrXRizOwRRGrLbi88ygIngm_1k8YzCOusXD8w1y8dfTPAEAAA%3d%3d:1790
[  272426ms] [LOG] add @ https://d1hjvew1n9ss7u.cloudfront.net/asset.axd?id=PAEAAB-LCAAAAAAAAAOtj0EPwUAQhf-KzLnsKqu64iBu4oSbOKzt0G2qKztTkQi_3abi6Ob43vfem8wDLIMGxjuLytwM2eCuPOvZ0gRCnrd86k8hgSaGNr5llFE40CdTEyZQXKP_EtuuRREhaA5tJLcIJqM8VSqfZlIO1VilWRYT9puwhStAjyZqIKM4fm1HoPeP333qLi5bYn8RS98wNix2JV6QxNrXRizOwRRGrLbi88ygIngm_1k8YzCOusXD8w1y8dfTPAEAAA%3d%3d:1
[  272428ms] [WARNING] !! Há erros de scripts de terceiros !!
Por favor, contate a Empresa responsável pelo script.  @ https://d1hjvew1n9ss7u.cloudfront.net/assets/shjs.js?t=639255987001545277:0
[  272428ms] Uncaught Error: You must pass a string or Handlebars AST to Handlebars.compile. You passed null
    at e.compile (https://d1hjvew1n9ss7u.cloudfront.net/asset.axd?id=PAEAAB-LCAAAAAAAAAOtj0EPwUAQhf-KzLnsKqu64iBu4oSbOKzt0G2qKztTkQi_3abi6Ob43vfem8wDLIMGxjuLytwM2eCuPOvZ0gRCnrd86k8hgSaGNr5llFE40CdTEyZQXKP_EtuuRREhaA5tJLcIJqM8VSqfZlIO1VilWRYT9puwhStAjyZqIKM4fm1HoPeP333qLi5bYn8RS98wNix2JV6QxNrXRizOwRRGrLbi88ygIngm_1k8YzCOusXD8w1y8dfTPAEAAA%3d%3d:1794:49302)
    at i.compile (https://d1hjvew1n9ss7u.cloudfront.net/asset.axd?id=PAEAAB-LCAAAAAAAAAOtj0EPwUAQhf-KzLnsKqu64iBu4oSbOKzt0G2qKztTkQi_3abi6Ob43vfem8wDLIMGxjuLytwM2eCuPOvZ0gRCnrd86k8hgSaGNr5llFE40CdTEyZQXKP_EtuuRREhaA5tJLcIJqM8VSqfZlIO1VilWRYT9puwhStAjyZqIKM4fm1HoPeP333qLi5bYn8RS98wNix2JV6QxNrXRizOwRRGrLbi88ygIngm_1k8YzCOusXD8w1y8dfTPAEAAA%3d%3d:1794:343)
    at renderBasket (https://d1hjvew1n9ss7u.cloudfront.net/asset.axd?id=PAEAAB-LCAAAAAAAAAOtj0EPwUAQhf-KzLnsKqu64iBu4oSbOKzt0G2qKztTkQi_3abi6Ob43vfem8wDLIMGxjuLytwM2eCuPOvZ0gRCnrd86k8hgSaGNr5llFE40CdTEyZQXKP_EtuuRREhaA5tJLcIJqM8VSqfZlIO1VilWRYT9puwhStAjyZqIKM4fm1HoPeP333qLi5bYn8RS98wNix2JV6QxNrXRizOwRRGrLbi88ygIngm_1k8YzCOusXD8w1y8dfTPAEAAA%3d%3d:29:27)
    at <anonymous> (https://d1hjvew1n9ss7u.cloudfront.net/asset.axd?id=PAEAAB-LCAAAAAAAAAOtj0EPwUAQhf-KzLnsKqu64iBu4oSbOKzt0G2qKztTkQi_3abi6Ob43vfem8wDLIMGxjuLytwM2eCuPOvZ0gRCnrd86k8hgSaGNr5llFE40CdTEyZQXKP_EtuuRREhaA5tJLcIJqM8VSqfZlIO1VilWRYT9puwhStAjyZqIKM4fm1HoPeP333qLi5bYn8RS98wNix2JV6QxNrXRizOwRRGrLbi88ygIngm_1k8YzCOusXD8w1y8dfTPAEAAA%3d%3d:220:1)
    at f (https://d1hjvew1n9ss7u.cloudfront.net/assets/shjs.js?t=639255987001545277:0:10382)
    at fireWith (https://d1hjvew1n9ss7u.cloudfront.net/assets/shjs.js?t=639255987001545277:0:11137)
    at ready (https://d1hjvew1n9ss7u.cloudfront.net/assets/shjs.js?t=639255987001545277:0:5238)
    at r (https://d1hjvew1n9ss7u.cloudfront.net/assets/shjs.js?t=639255987001545277:0:9748)
[  272431ms] [VERBOSE] [DOM] Input elements should have autocomplete attributes (suggested: "current-password"): (More info: https://goo.gl/9p2vKq) %o @ https://www.lolacosmetics.com.br/banana-tropicana-leave-in-chantilly-160ml-ps-19629-1008-p46404:0
[  272431ms] [VERBOSE] [DOM] Input elements should have autocomplete attributes (suggested: "current-password"): (More info: https://goo.gl/9p2vKq) %o @ https://www.lolacosmetics.com.br/banana-tropicana-leave-in-chantilly-160ml-ps-19629-1008-p46404:0
[  272530ms] [ERROR] Failed to load resource: net::ERR_NAME_NOT_RESOLVED @ https://event.getblue.io/js/blue-tag.min.js:0
[  272568ms] [LOG] AffiseStorage availability: {cookie: true, localStorage: true, sessionStorage: true} @ https://rankmediabrasil.g2afse.com/websdk.js:0
[  272568ms] [LOG] Status RNK Media - ClickId: null UTM: null @ :3
[  272628ms] [ERROR] Failed to load resource: the server responded with a status of 404 () @ https://d1hjvew1n9ss7u.cloudfront.net/Custom/Content/Themes/Lola/Agrada/CSS/ajax-loader.gif:0
[  272654ms] [WARNING] [Meta Pixel] - Invalid parameter format for currency. Please refer https://developers.facebook.com/docs/meta-pixel/reference/ for valid parameter specifications. @ https://connect.facebook.net/en_US/fbevents.js:203
[  273013ms] Uncaught TypeError: Cannot read properties of undefined (reading 'replace')
    at validaFreteGratis (https://d1hjvew1n9ss7u.cloudfront.net/asset.axd?id=PAEAAB-LCAAAAAAAAAOtj0EPwUAQhf-KzLnsKqu64iBu4oSbOKzt0G2qKztTkQi_3abi6Ob43vfem8wDLIMGxjuLytwM2eCuPOvZ0gRCnrd86k8hgSaGNr5llFE40CdTEyZQXKP_EtuuRREhaA5tJLcIJqM8VSqfZlIO1VilWRYT9puwhStAjyZqIKM4fm1HoPeP333qLi5bYn8RS98wNix2JV6QxNrXRizOwRRGrLbi88ygIngm_1k8YzCOusXD8w1y8dfTPAEAAA%3d%3d:1:7633)
    at <anonymous> (https://d1hjvew1n9ss7u.cloudfront.net/asset.axd?id=PAEAAB-LCAAAAAAAAAOtj0EPwUAQhf-KzLnsKqu64iBu4oSbOKzt0G2qKztTkQi_3abi6Ob43vfem8wDLIMGxjuLytwM2eCuPOvZ0gRCnrd86k8hgSaGNr5llFE40CdTEyZQXKP_EtuuRREhaA5tJLcIJqM8VSqfZlIO1VilWRYT9puwhStAjyZqIKM4fm1HoPeP333qLi5bYn8RS98wNix2JV6QxNrXRizOwRRGrLbi88ygIngm_1k8YzCOusXD8w1y8dfTPAEAAA%3d%3d:1:49808)
    at dispatch (https://d1hjvew1n9ss7u.cloudfront.net/assets/shjs.js?t=639255987001545277:0:32701)
    at a (https://d1hjvew1n9ss7u.cloudfront.net/assets/shjs.js?t=639255987001545277:0:28480)
[  273012ms] [LOG] Banner não encontrado: banner-232 @ https://d1hjvew1n9ss7u.cloudfront.net/asset.axd?id=PAEAAB-LCAAAAAAAAAOtj0EPwUAQhf-KzLnsKqu64iBu4oSbOKzt0G2qKztTkQi_3abi6Ob43vfem8wDLIMGxjuLytwM2eCuPOvZ0gRCnrd86k8hgSaGNr5llFE40CdTEyZQXKP_EtuuRREhaA5tJLcIJqM8VSqfZlIO1VilWRYT9puwhStAjyZqIKM4fm1HoPeP333qLi5bYn8RS98wNix2JV6QxNrXRizOwRRGrLbi88ygIngm_1k8YzCOusXD8w1y8dfTPAEAAA%3d%3d:754
[  273045ms] [LOG] %c Widde Video Commerce %c v24604ee %c Build: 21/09/2026 20:39 %c border: 1px solid #2567f8; background: #2567f8; color: #fff; font-weight: bold; padding: 4px 8px; border-radius: 3px 0 0 0; border: 1px solid #2567f8; border-left: none; background: #FFF; color: #2567f8; font-weight: bold; padding: 4px 8px; border: 1px solid #2567f8; border-left: none; background: #f0f0f0; color: #333; font-weight: bold; padding: 4px 8px; border-radius: 0 3px 3px 0; background: transparent @ https://cdn.widde.io/assets/main.utzwjalemu.js:0
[  273258ms] [LOG] %c Tryon Widde.io %c %s %c border: 1px solid #2567f8; background: #2567f8; color: #fff; font-weight: bold; padding: 4px 8px; border-radius: 3px 0 0 3px; border: 1px solid #2567f8; background: #FFF; color: #2567f8; font-weight: bold; padding: 4px 8px; border-radius: 0 3px 3px 0; 47bf7c2 background: transparent @ https://cdn-tryon.widde.io/widde-tryon.js:86
[  273284ms] [LOG] [tryon-tracker] initialized {domain: www.lolacosmetics.com.br} @ https://cdn-tryon.widde.io/widde-tryon.js:8
[  280080ms] [WARNING] Error with Feature-Policy header: Some features are specified in both Feature-Policy and Permissions-Policy header: payment, fullscreen, microphone, camera. Values defined in Permissions-Policy header will be used. @ :0
[  281483ms] [ERROR] Failed to load resource: the server responded with a status of 500 () @ https://fonts.cdnfonts.com/css/leelawade:0
[  281910ms] [ERROR] Failed to load resource: the server responded with a status of 404 () @ https://lolacosmetics.admin.linxcommerce.com.br/Custom/Content/Themes/Lola/Styles/Fonts/FontAwesome/all.css:0
[  281921ms] [LOG] Trustvox rating | PDP: 46406 tipo: 3 @ https://www.lolacosmetics.com.br/banana-tropicana-mascara-230g-ps-19629-1009-p46406:32
[  281921ms] [LOG] Trustvox rating | ID final usado = 46406 @ https://www.lolacosmetics.com.br/banana-tropicana-mascara-230g-ps-19629-1009-p46406:32
[  281950ms] [LOG] Trustvox PDP | product: 46406 | type: 3 | childId: 46399 | usedId: 46406 @ https://www.lolacosmetics.com.br/banana-tropicana-mascara-230g-ps-19629-1009-p46406:94
[  282103ms] [LOG] Banner não encontrado: banner-232 @ https://d1hjvew1n9ss7u.cloudfront.net/asset.axd?id=PAEAAB-LCAAAAAAAAAOtj0EPwUAQhf-KzLnsKqu64iBu4oSbOKzt0G2qKztTkQi_3abi6Ob43vfem8wDLIMGxjuLytwM2eCuPOvZ0gRCnrd86k8hgSaGNr5llFE40CdTEyZQXKP_EtuuRREhaA5tJLcIJqM8VSqfZlIO1VilWRYT9puwhStAjyZqIKM4fm1HoPeP333qLi5bYn8RS98wNix2JV6QxNrXRizOwRRGrLbi88ygIngm_1k8YzCOusXD8w1y8dfTPAEAAA%3d%3d:754
[  282105ms] [LOG] [Debug Carrinho] Polling ativo @ https://d1hjvew1n9ss7u.cloudfront.net/asset.axd?id=PAEAAB-LCAAAAAAAAAOtj0EPwUAQhf-KzLnsKqu64iBu4oSbOKzt0G2qKztTkQi_3abi6Ob43vfem8wDLIMGxjuLytwM2eCuPOvZ0gRCnrd86k8hgSaGNr5llFE40CdTEyZQXKP_EtuuRREhaA5tJLcIJqM8VSqfZlIO1VilWRYT9puwhStAjyZqIKM4fm1HoPeP333qLi5bYn8RS98wNix2JV6QxNrXRizOwRRGrLbi88ygIngm_1k8YzCOusXD8w1y8dfTPAEAAA%3d%3d:1790
[  282228ms] [LOG] add @ https://d1hjvew1n9ss7u.cloudfront.net/asset.axd?id=PAEAAB-LCAAAAAAAAAOtj0EPwUAQhf-KzLnsKqu64iBu4oSbOKzt0G2qKztTkQi_3abi6Ob43vfem8wDLIMGxjuLytwM2eCuPOvZ0gRCnrd86k8hgSaGNr5llFE40CdTEyZQXKP_EtuuRREhaA5tJLcIJqM8VSqfZlIO1VilWRYT9puwhStAjyZqIKM4fm1HoPeP333qLi5bYn8RS98wNix2JV6QxNrXRizOwRRGrLbi88ygIngm_1k8YzCOusXD8w1y8dfTPAEAAA%3d%3d:1
[  282229ms] [WARNING] !! Há erros de scripts de terceiros !!
Por favor, contate a Empresa responsável pelo script.  @ https://d1hjvew1n9ss7u.cloudfront.net/assets/shjs.js?t=639255987001545277:0
[  282229ms] Uncaught Error: You must pass a string or Handlebars AST to Handlebars.compile. You passed null
    at e.compile (https://d1hjvew1n9ss7u.cloudfront.net/asset.axd?id=PAEAAB-LCAAAAAAAAAOtj0EPwUAQhf-KzLnsKqu64iBu4oSbOKzt0G2qKztTkQi_3abi6Ob43vfem8wDLIMGxjuLytwM2eCuPOvZ0gRCnrd86k8hgSaGNr5llFE40CdTEyZQXKP_EtuuRREhaA5tJLcIJqM8VSqfZlIO1VilWRYT9puwhStAjyZqIKM4fm1HoPeP333qLi5bYn8RS98wNix2JV6QxNrXRizOwRRGrLbi88ygIngm_1k8YzCOusXD8w1y8dfTPAEAAA%3d%3d:1794:49302)
    at i.compile (https://d1hjvew1n9ss7u.cloudfront.net/asset.axd?id=PAEAAB-LCAAAAAAAAAOtj0EPwUAQhf-KzLnsKqu64iBu4oSbOKzt0G2qKztTkQi_3abi6Ob43vfem8wDLIMGxjuLytwM2eCuPOvZ0gRCnrd86k8hgSaGNr5llFE40CdTEyZQXKP_EtuuRREhaA5tJLcIJqM8VSqfZlIO1VilWRYT9puwhStAjyZqIKM4fm1HoPeP333qLi5bYn8RS98wNix2JV6QxNrXRizOwRRGrLbi88ygIngm_1k8YzCOusXD8w1y8dfTPAEAAA%3d%3d:1794:343)
    at renderBasket (https://d1hjvew1n9ss7u.cloudfront.net/asset.axd?id=PAEAAB-LCAAAAAAAAAOtj0EPwUAQhf-KzLnsKqu64iBu4oSbOKzt0G2qKztTkQi_3abi6Ob43vfem8wDLIMGxjuLytwM2eCuPOvZ0gRCnrd86k8hgSaGNr5llFE40CdTEyZQXKP_EtuuRREhaA5tJLcIJqM8VSqfZlIO1VilWRYT9puwhStAjyZqIKM4fm1HoPeP333qLi5bYn8RS98wNix2JV6QxNrXRizOwRRGrLbi88ygIngm_1k8YzCOusXD8w1y8dfTPAEAAA%3d%3d:29:27)
    at <anonymous> (https://d1hjvew1n9ss7u.cloudfront.net/asset.axd?id=PAEAAB-LCAAAAAAAAAOtj0EPwUAQhf-KzLnsKqu64iBu4oSbOKzt0G2qKztTkQi_3abi6Ob43vfem8wDLIMGxjuLytwM2eCuPOvZ0gRCnrd86k8hgSaGNr5llFE40CdTEyZQXKP_EtuuRREhaA5tJLcIJqM8VSqfZlIO1VilWRYT9puwhStAjyZqIKM4fm1HoPeP333qLi5bYn8RS98wNix2JV6QxNrXRizOwRRGrLbi88ygIngm_1k8YzCOusXD8w1y8dfTPAEAAA%3d%3d:220:1)
    at f (https://d1hjvew1n9ss7u.cloudfront.net/assets/shjs.js?t=639255987001545277:0:10382)
    at fireWith (https://d1hjvew1n9ss7u.cloudfront.net/assets/shjs.js?t=639255987001545277:0:11137)
    at ready (https://d1hjvew1n9ss7u.cloudfront.net/assets/shjs.js?t=639255987001545277:0:5238)
    at r (https://d1hjvew1n9ss7u.cloudfront.net/assets/shjs.js?t=639255987001545277:0:9748)
[  282236ms] [VERBOSE] [DOM] Input elements should have autocomplete attributes (suggested: "current-password"): (More info: https://goo.gl/9p2vKq) %o @ https://www.lolacosmetics.com.br/banana-tropicana-mascara-230g-ps-19629-1009-p46406:0
[  282236ms] [VERBOSE] [DOM] Input elements should have autocomplete attributes (suggested: "current-password"): (More info: https://goo.gl/9p2vKq) %o @ https://www.lolacosmetics.com.br/banana-tropicana-mascara-230g-ps-19629-1009-p46406:0
[  282258ms] [LOG] AffiseStorage availability: {cookie: true, localStorage: true, sessionStorage: true} @ https://rankmediabrasil.g2afse.com/websdk.js:0
[  282259ms] [LOG] Status RNK Media - ClickId: null UTM: null @ :3
[  282273ms] [ERROR] Failed to load resource: net::ERR_NAME_NOT_RESOLVED @ https://event.getblue.io/js/blue-tag.min.js:0
[  282359ms] [WARNING] [Meta Pixel] - Invalid parameter format for currency. Please refer https://developers.facebook.com/docs/meta-pixel/reference/ for valid parameter specifications. @ https://connect.facebook.net/en_US/fbevents.js:203
[  282377ms] [ERROR] Failed to load resource: the server responded with a status of 404 () @ https://d1hjvew1n9ss7u.cloudfront.net/Custom/Content/Themes/Lola/Agrada/CSS/ajax-loader.gif:0
[  282722ms] Uncaught TypeError: Cannot read properties of undefined (reading 'replace')
    at validaFreteGratis (https://d1hjvew1n9ss7u.cloudfront.net/asset.axd?id=PAEAAB-LCAAAAAAAAAOtj0EPwUAQhf-KzLnsKqu64iBu4oSbOKzt0G2qKztTkQi_3abi6Ob43vfem8wDLIMGxjuLytwM2eCuPOvZ0gRCnrd86k8hgSaGNr5llFE40CdTEyZQXKP_EtuuRREhaA5tJLcIJqM8VSqfZlIO1VilWRYT9puwhStAjyZqIKM4fm1HoPeP333qLi5bYn8RS98wNix2JV6QxNrXRizOwRRGrLbi88ygIngm_1k8YzCOusXD8w1y8dfTPAEAAA%3d%3d:1:7633)
    at <anonymous> (https://d1hjvew1n9ss7u.cloudfront.net/asset.axd?id=PAEAAB-LCAAAAAAAAAOtj0EPwUAQhf-KzLnsKqu64iBu4oSbOKzt0G2qKztTkQi_3abi6Ob43vfem8wDLIMGxjuLytwM2eCuPOvZ0gRCnrd86k8hgSaGNr5llFE40CdTEyZQXKP_EtuuRREhaA5tJLcIJqM8VSqfZlIO1VilWRYT9puwhStAjyZqIKM4fm1HoPeP333qLi5bYn8RS98wNix2JV6QxNrXRizOwRRGrLbi88ygIngm_1k8YzCOusXD8w1y8dfTPAEAAA%3d%3d:1:49808)
    at dispatch (https://d1hjvew1n9ss7u.cloudfront.net/assets/shjs.js?t=639255987001545277:0:32701)
    at a (https://d1hjvew1n9ss7u.cloudfront.net/assets/shjs.js?t=639255987001545277:0:28480)
[  282718ms] [LOG] Banner não encontrado: banner-232 @ https://d1hjvew1n9ss7u.cloudfront.net/asset.axd?id=PAEAAB-LCAAAAAAAAAOtj0EPwUAQhf-KzLnsKqu64iBu4oSbOKzt0G2qKztTkQi_3abi6Ob43vfem8wDLIMGxjuLytwM2eCuPOvZ0gRCnrd86k8hgSaGNr5llFE40CdTEyZQXKP_EtuuRREhaA5tJLcIJqM8VSqfZlIO1VilWRYT9puwhStAjyZqIKM4fm1HoPeP333qLi5bYn8RS98wNix2JV6QxNrXRizOwRRGrLbi88ygIngm_1k8YzCOusXD8w1y8dfTPAEAAA%3d%3d:754
[  282753ms] [LOG] %c Widde Video Commerce %c v24604ee %c Build: 21/09/2026 20:39 %c border: 1px solid #2567f8; background: #2567f8; color: #fff; font-weight: bold; padding: 4px 8px; border-radius: 3px 0 0 0; border: 1px solid #2567f8; border-left: none; background: #FFF; color: #2567f8; font-weight: bold; padding: 4px 8px; border: 1px solid #2567f8; border-left: none; background: #f0f0f0; color: #333; font-weight: bold; padding: 4px 8px; border-radius: 0 3px 3px 0; background: transparent @ https://cdn.widde.io/assets/main.utzwjalemu.js:0
[  282978ms] [LOG] %c Tryon Widde.io %c %s %c border: 1px solid #2567f8; background: #2567f8; color: #fff; font-weight: bold; padding: 4px 8px; border-radius: 3px 0 0 3px; border: 1px solid #2567f8; background: #FFF; color: #2567f8; font-weight: bold; padding: 4px 8px; border-radius: 0 3px 3px 0; 47bf7c2 background: transparent @ https://cdn-tryon.widde.io/widde-tryon.js:86
[  283005ms] [LOG] [tryon-tracker] initialized {domain: www.lolacosmetics.com.br} @ https://cdn-tryon.widde.io/widde-tryon.js:8
[  289615ms] [WARNING] Error with Feature-Policy header: Some features are specified in both Feature-Policy and Permissions-Policy header: payment, fullscreen, microphone, camera. Values defined in Permissions-Policy header will be used. @ :0
[  290294ms] [ERROR] Failed to load resource: the server responded with a status of 500 () @ https://fonts.cdnfonts.com/css/leelawade:0
[  290713ms] [ERROR] Failed to load resource: the server responded with a status of 404 () @ https://lolacosmetics.admin.linxcommerce.com.br/Custom/Content/Themes/Lola/Styles/Fonts/FontAwesome/all.css:0
[  290720ms] [LOG] Trustvox rating | PDP: 46398 tipo: 3 @ https://www.lolacosmetics.com.br/banana-tropicana-shampoo-esfoliante-100g-ps-19629-1005-p46398:37
[  290721ms] [LOG] Trustvox rating | ID final usado = 46398 @ https://www.lolacosmetics.com.br/banana-tropicana-shampoo-esfoliante-100g-ps-19629-1005-p46398:37
[  290750ms] [LOG] Trustvox PDP | product: 46398 | type: 3 | usedId: 46398 @ https://www.lolacosmetics.com.br/banana-tropicana-shampoo-esfoliante-100g-ps-19629-1005-p46398:107
[  290776ms] [LOG] Banner não encontrado: banner-232 @ https://d1hjvew1n9ss7u.cloudfront.net/asset.axd?id=PAEAAB-LCAAAAAAAAAOtj0EPwUAQhf-KzLnsKqu64iBu4oSbOKzt0G2qKztTkQi_3abi6Ob43vfem8wDLIMGxjuLytwM2eCuPOvZ0gRCnrd86k8hgSaGNr5llFE40CdTEyZQXKP_EtuuRREhaA5tJLcIJqM8VSqfZlIO1VilWRYT9puwhStAjyZqIKM4fm1HoPeP333qLi5bYn8RS98wNix2JV6QxNrXRizOwRRGrLbi88ygIngm_1k8YzCOusXD8w1y8dfTPAEAAA%3d%3d:754
[  290777ms] [LOG] [Debug Carrinho] Polling ativo @ https://d1hjvew1n9ss7u.cloudfront.net/asset.axd?id=PAEAAB-LCAAAAAAAAAOtj0EPwUAQhf-KzLnsKqu64iBu4oSbOKzt0G2qKztTkQi_3abi6Ob43vfem8wDLIMGxjuLytwM2eCuPOvZ0gRCnrd86k8hgSaGNr5llFE40CdTEyZQXKP_EtuuRREhaA5tJLcIJqM8VSqfZlIO1VilWRYT9puwhStAjyZqIKM4fm1HoPeP333qLi5bYn8RS98wNix2JV6QxNrXRizOwRRGrLbi88ygIngm_1k8YzCOusXD8w1y8dfTPAEAAA%3d%3d:1790
[  290828ms] [LOG] add @ https://d1hjvew1n9ss7u.cloudfront.net/asset.axd?id=PAEAAB-LCAAAAAAAAAOtj0EPwUAQhf-KzLnsKqu64iBu4oSbOKzt0G2qKztTkQi_3abi6Ob43vfem8wDLIMGxjuLytwM2eCuPOvZ0gRCnrd86k8hgSaGNr5llFE40CdTEyZQXKP_EtuuRREhaA5tJLcIJqM8VSqfZlIO1VilWRYT9puwhStAjyZqIKM4fm1HoPeP333qLi5bYn8RS98wNix2JV6QxNrXRizOwRRGrLbi88ygIngm_1k8YzCOusXD8w1y8dfTPAEAAA%3d%3d:1
[  290829ms] [WARNING] !! Há erros de scripts de terceiros !!
Por favor, contate a Empresa responsável pelo script.  @ https://d1hjvew1n9ss7u.cloudfront.net/assets/shjs.js?t=639255987001545277:0
[  290830ms] Uncaught Error: You must pass a string or Handlebars AST to Handlebars.compile. You passed null
    at e.compile (https://d1hjvew1n9ss7u.cloudfront.net/asset.axd?id=PAEAAB-LCAAAAAAAAAOtj0EPwUAQhf-KzLnsKqu64iBu4oSbOKzt0G2qKztTkQi_3abi6Ob43vfem8wDLIMGxjuLytwM2eCuPOvZ0gRCnrd86k8hgSaGNr5llFE40CdTEyZQXKP_EtuuRREhaA5tJLcIJqM8VSqfZlIO1VilWRYT9puwhStAjyZqIKM4fm1HoPeP333qLi5bYn8RS98wNix2JV6QxNrXRizOwRRGrLbi88ygIngm_1k8YzCOusXD8w1y8dfTPAEAAA%3d%3d:1794:49302)
    at i.compile (https://d1hjvew1n9ss7u.cloudfront.net/asset.axd?id=PAEAAB-LCAAAAAAAAAOtj0EPwUAQhf-KzLnsKqu64iBu4oSbOKzt0G2qKztTkQi_3abi6Ob43vfem8wDLIMGxjuLytwM2eCuPOvZ0gRCnrd86k8hgSaGNr5llFE40CdTEyZQXKP_EtuuRREhaA5tJLcIJqM8VSqfZlIO1VilWRYT9puwhStAjyZqIKM4fm1HoPeP333qLi5bYn8RS98wNix2JV6QxNrXRizOwRRGrLbi88ygIngm_1k8YzCOusXD8w1y8dfTPAEAAA%3d%3d:1794:343)
    at renderBasket (https://d1hjvew1n9ss7u.cloudfront.net/asset.axd?id=PAEAAB-LCAAAAAAAAAOtj0EPwUAQhf-KzLnsKqu64iBu4oSbOKzt0G2qKztTkQi_3abi6Ob43vfem8wDLIMGxjuLytwM2eCuPOvZ0gRCnrd86k8hgSaGNr5llFE40CdTEyZQXKP_EtuuRREhaA5tJLcIJqM8VSqfZlIO1VilWRYT9puwhStAjyZqIKM4fm1HoPeP333qLi5bYn8RS98wNix2JV6QxNrXRizOwRRGrLbi88ygIngm_1k8YzCOusXD8w1y8dfTPAEAAA%3d%3d:29:27)
    at <anonymous> (https://d1hjvew1n9ss7u.cloudfront.net/asset.axd?id=PAEAAB-LCAAAAAAAAAOtj0EPwUAQhf-KzLnsKqu64iBu4oSbOKzt0G2qKztTkQi_3abi6Ob43vfem8wDLIMGxjuLytwM2eCuPOvZ0gRCnrd86k8hgSaGNr5llFE40CdTEyZQXKP_EtuuRREhaA5tJLcIJqM8VSqfZlIO1VilWRYT9puwhStAjyZqIKM4fm1HoPeP333qLi5bYn8RS98wNix2JV6QxNrXRizOwRRGrLbi88ygIngm_1k8YzCOusXD8w1y8dfTPAEAAA%3d%3d:220:1)
    at f (https://d1hjvew1n9ss7u.cloudfront.net/assets/shjs.js?t=639255987001545277:0:10382)
    at fireWith (https://d1hjvew1n9ss7u.cloudfront.net/assets/shjs.js?t=639255987001545277:0:11137)
    at ready (https://d1hjvew1n9ss7u.cloudfront.net/assets/shjs.js?t=639255987001545277:0:5238)
    at r (https://d1hjvew1n9ss7u.cloudfront.net/assets/shjs.js?t=639255987001545277:0:9748)
[  290832ms] [VERBOSE] [DOM] Input elements should have autocomplete attributes (suggested: "current-password"): (More info: https://goo.gl/9p2vKq) %o @ https://www.lolacosmetics.com.br/banana-tropicana-shampoo-esfoliante-100g-ps-19629-1005-p46398:0
[  290832ms] [VERBOSE] [DOM] Input elements should have autocomplete attributes (suggested: "current-password"): (More info: https://goo.gl/9p2vKq) %o @ https://www.lolacosmetics.com.br/banana-tropicana-shampoo-esfoliante-100g-ps-19629-1005-p46398:0
[  290929ms] [ERROR] Failed to load resource: net::ERR_NAME_NOT_RESOLVED @ https://event.getblue.io/js/blue-tag.min.js:0
[  290997ms] [LOG] AffiseStorage availability: {cookie: true, localStorage: true, sessionStorage: true} @ https://rankmediabrasil.g2afse.com/websdk.js:0
[  290998ms] [LOG] Status RNK Media - ClickId: null UTM: null @ :3
[  291032ms] [WARNING] [Meta Pixel] - Invalid parameter format for currency. Please refer https://developers.facebook.com/docs/meta-pixel/reference/ for valid parameter specifications. @ https://connect.facebook.net/en_US/fbevents.js:203
[  291048ms] [ERROR] Failed to load resource: the server responded with a status of 404 () @ https://d1hjvew1n9ss7u.cloudfront.net/Custom/Content/Themes/Lola/Agrada/CSS/ajax-loader.gif:0
[  291365ms] Uncaught TypeError: Cannot read properties of undefined (reading 'replace')
    at validaFreteGratis (https://d1hjvew1n9ss7u.cloudfront.net/asset.axd?id=PAEAAB-LCAAAAAAAAAOtj0EPwUAQhf-KzLnsKqu64iBu4oSbOKzt0G2qKztTkQi_3abi6Ob43vfem8wDLIMGxjuLytwM2eCuPOvZ0gRCnrd86k8hgSaGNr5llFE40CdTEyZQXKP_EtuuRREhaA5tJLcIJqM8VSqfZlIO1VilWRYT9puwhStAjyZqIKM4fm1HoPeP333qLi5bYn8RS98wNix2JV6QxNrXRizOwRRGrLbi88ygIngm_1k8YzCOusXD8w1y8dfTPAEAAA%3d%3d:1:7633)
    at <anonymous> (https://d1hjvew1n9ss7u.cloudfront.net/asset.axd?id=PAEAAB-LCAAAAAAAAAOtj0EPwUAQhf-KzLnsKqu64iBu4oSbOKzt0G2qKztTkQi_3abi6Ob43vfem8wDLIMGxjuLytwM2eCuPOvZ0gRCnrd86k8hgSaGNr5llFE40CdTEyZQXKP_EtuuRREhaA5tJLcIJqM8VSqfZlIO1VilWRYT9puwhStAjyZqIKM4fm1HoPeP333qLi5bYn8RS98wNix2JV6QxNrXRizOwRRGrLbi88ygIngm_1k8YzCOusXD8w1y8dfTPAEAAA%3d%3d:1:49808)
    at dispatch (https://d1hjvew1n9ss7u.cloudfront.net/assets/shjs.js?t=639255987001545277:0:32701)
    at a (https://d1hjvew1n9ss7u.cloudfront.net/assets/shjs.js?t=639255987001545277:0:28480)
[  291363ms] [LOG] Banner não encontrado: banner-232 @ https://d1hjvew1n9ss7u.cloudfront.net/asset.axd?id=PAEAAB-LCAAAAAAAAAOtj0EPwUAQhf-KzLnsKqu64iBu4oSbOKzt0G2qKztTkQi_3abi6Ob43vfem8wDLIMGxjuLytwM2eCuPOvZ0gRCnrd86k8hgSaGNr5llFE40CdTEyZQXKP_EtuuRREhaA5tJLcIJqM8VSqfZlIO1VilWRYT9puwhStAjyZqIKM4fm1HoPeP333qLi5bYn8RS98wNix2JV6QxNrXRizOwRRGrLbi88ygIngm_1k8YzCOusXD8w1y8dfTPAEAAA%3d%3d:754
[  291406ms] [LOG] %c Widde Video Commerce %c v24604ee %c Build: 21/09/2026 20:39 %c border: 1px solid #2567f8; background: #2567f8; color: #fff; font-weight: bold; padding: 4px 8px; border-radius: 3px 0 0 0; border: 1px solid #2567f8; border-left: none; background: #FFF; color: #2567f8; font-weight: bold; padding: 4px 8px; border: 1px solid #2567f8; border-left: none; background: #f0f0f0; color: #333; font-weight: bold; padding: 4px 8px; border-radius: 0 3px 3px 0; background: transparent @ https://cdn.widde.io/assets/main.utzwjalemu.js:0
[  291575ms] [LOG] %c Tryon Widde.io %c %s %c border: 1px solid #2567f8; background: #2567f8; color: #fff; font-weight: bold; padding: 4px 8px; border-radius: 3px 0 0 3px; border: 1px solid #2567f8; background: #FFF; color: #2567f8; font-weight: bold; padding: 4px 8px; border-radius: 0 3px 3px 0; 47bf7c2 background: transparent @ https://cdn-tryon.widde.io/widde-tryon.js:86
[  291598ms] [LOG] [tryon-tracker] initialized {domain: www.lolacosmetics.com.br} @ https://cdn-tryon.widde.io/widde-tryon.js:8
[  298154ms] [WARNING] Error with Feature-Policy header: Some features are specified in both Feature-Policy and Permissions-Policy header: payment, fullscreen, microphone, camera. Values defined in Permissions-Policy header will be used. @ :0
[  298835ms] [ERROR] Failed to load resource: the server responded with a status of 500 () @ https://fonts.cdnfonts.com/css/leelawade:0
[  299257ms] [ERROR] Failed to load resource: the server responded with a status of 404 () @ https://lolacosmetics.admin.linxcommerce.com.br/Custom/Content/Themes/Lola/Styles/Fonts/FontAwesome/all.css:0
[  299289ms] [LOG] Trustvox rating | PDP: 46400 tipo: 3 @ https://www.lolacosmetics.com.br/banana-tropicana-shampoo-nutritivo-250ml-ps-19629-1006-p46400:32
[  299289ms] [LOG] Trustvox rating | ID final usado = 46400 @ https://www.lolacosmetics.com.br/banana-tropicana-shampoo-nutritivo-250ml-ps-19629-1006-p46400:32
[  299309ms] [LOG] Trustvox PDP | product: 46400 | type: 3 | childId: 46399 | usedId: 46400 @ https://www.lolacosmetics.com.br/banana-tropicana-shampoo-nutritivo-250ml-ps-19629-1006-p46400:94
[  299348ms] [LOG] Banner não encontrado: banner-232 @ https://d1hjvew1n9ss7u.cloudfront.net/asset.axd?id=PAEAAB-LCAAAAAAAAAOtj0EPwUAQhf-KzLnsKqu64iBu4oSbOKzt0G2qKztTkQi_3abi6Ob43vfem8wDLIMGxjuLytwM2eCuPOvZ0gRCnrd86k8hgSaGNr5llFE40CdTEyZQXKP_EtuuRREhaA5tJLcIJqM8VSqfZlIO1VilWRYT9puwhStAjyZqIKM4fm1HoPeP333qLi5bYn8RS98wNix2JV6QxNrXRizOwRRGrLbi88ygIngm_1k8YzCOusXD8w1y8dfTPAEAAA%3d%3d:754
[  299350ms] [LOG] [Debug Carrinho] Polling ativo @ https://d1hjvew1n9ss7u.cloudfront.net/asset.axd?id=PAEAAB-LCAAAAAAAAAOtj0EPwUAQhf-KzLnsKqu64iBu4oSbOKzt0G2qKztTkQi_3abi6Ob43vfem8wDLIMGxjuLytwM2eCuPOvZ0gRCnrd86k8hgSaGNr5llFE40CdTEyZQXKP_EtuuRREhaA5tJLcIJqM8VSqfZlIO1VilWRYT9puwhStAjyZqIKM4fm1HoPeP333qLi5bYn8RS98wNix2JV6QxNrXRizOwRRGrLbi88ygIngm_1k8YzCOusXD8w1y8dfTPAEAAA%3d%3d:1790
[  299434ms] [LOG] add @ https://d1hjvew1n9ss7u.cloudfront.net/asset.axd?id=PAEAAB-LCAAAAAAAAAOtj0EPwUAQhf-KzLnsKqu64iBu4oSbOKzt0G2qKztTkQi_3abi6Ob43vfem8wDLIMGxjuLytwM2eCuPOvZ0gRCnrd86k8hgSaGNr5llFE40CdTEyZQXKP_EtuuRREhaA5tJLcIJqM8VSqfZlIO1VilWRYT9puwhStAjyZqIKM4fm1HoPeP333qLi5bYn8RS98wNix2JV6QxNrXRizOwRRGrLbi88ygIngm_1k8YzCOusXD8w1y8dfTPAEAAA%3d%3d:1
[  299435ms] [WARNING] !! Há erros de scripts de terceiros !!
Por favor, contate a Empresa responsável pelo script.  @ https://d1hjvew1n9ss7u.cloudfront.net/assets/shjs.js?t=639255987001545277:0
[  299435ms] Uncaught Error: You must pass a string or Handlebars AST to Handlebars.compile. You passed null
    at e.compile (https://d1hjvew1n9ss7u.cloudfront.net/asset.axd?id=PAEAAB-LCAAAAAAAAAOtj0EPwUAQhf-KzLnsKqu64iBu4oSbOKzt0G2qKztTkQi_3abi6Ob43vfem8wDLIMGxjuLytwM2eCuPOvZ0gRCnrd86k8hgSaGNr5llFE40CdTEyZQXKP_EtuuRREhaA5tJLcIJqM8VSqfZlIO1VilWRYT9puwhStAjyZqIKM4fm1HoPeP333qLi5bYn8RS98wNix2JV6QxNrXRizOwRRGrLbi88ygIngm_1k8YzCOusXD8w1y8dfTPAEAAA%3d%3d:1794:49302)
    at i.compile (https://d1hjvew1n9ss7u.cloudfront.net/asset.axd?id=PAEAAB-LCAAAAAAAAAOtj0EPwUAQhf-KzLnsKqu64iBu4oSbOKzt0G2qKztTkQi_3abi6Ob43vfem8wDLIMGxjuLytwM2eCuPOvZ0gRCnrd86k8hgSaGNr5llFE40CdTEyZQXKP_EtuuRREhaA5tJLcIJqM8VSqfZlIO1VilWRYT9puwhStAjyZqIKM4fm1HoPeP333qLi5bYn8RS98wNix2JV6QxNrXRizOwRRGrLbi88ygIngm_1k8YzCOusXD8w1y8dfTPAEAAA%3d%3d:1794:343)
    at renderBasket (https://d1hjvew1n9ss7u.cloudfront.net/asset.axd?id=PAEAAB-LCAAAAAAAAAOtj0EPwUAQhf-KzLnsKqu64iBu4oSbOKzt0G2qKztTkQi_3abi6Ob43vfem8wDLIMGxjuLytwM2eCuPOvZ0gRCnrd86k8hgSaGNr5llFE40CdTEyZQXKP_EtuuRREhaA5tJLcIJqM8VSqfZlIO1VilWRYT9puwhStAjyZqIKM4fm1HoPeP333qLi5bYn8RS98wNix2JV6QxNrXRizOwRRGrLbi88ygIngm_1k8YzCOusXD8w1y8dfTPAEAAA%3d%3d:29:27)
    at <anonymous> (https://d1hjvew1n9ss7u.cloudfront.net/asset.axd?id=PAEAAB-LCAAAAAAAAAOtj0EPwUAQhf-KzLnsKqu64iBu4oSbOKzt0G2qKztTkQi_3abi6Ob43vfem8wDLIMGxjuLytwM2eCuPOvZ0gRCnrd86k8hgSaGNr5llFE40CdTEyZQXKP_EtuuRREhaA5tJLcIJqM8VSqfZlIO1VilWRYT9puwhStAjyZqIKM4fm1HoPeP333qLi5bYn8RS98wNix2JV6QxNrXRizOwRRGrLbi88ygIngm_1k8YzCOusXD8w1y8dfTPAEAAA%3d%3d:220:1)
    at f (https://d1hjvew1n9ss7u.cloudfront.net/assets/shjs.js?t=639255987001545277:0:10382)
    at fireWith (https://d1hjvew1n9ss7u.cloudfront.net/assets/shjs.js?t=639255987001545277:0:11137)
    at ready (https://d1hjvew1n9ss7u.cloudfront.net/assets/shjs.js?t=639255987001545277:0:5238)
    at r (https://d1hjvew1n9ss7u.cloudfront.net/assets/shjs.js?t=639255987001545277:0:9748)
[  299443ms] [VERBOSE] [DOM] Input elements should have autocomplete attributes (suggested: "current-password"): (More info: https://goo.gl/9p2vKq) %o @ https://www.lolacosmetics.com.br/banana-tropicana-shampoo-nutritivo-250ml-ps-19629-1006-p46400:0
[  299443ms] [VERBOSE] [DOM] Input elements should have autocomplete attributes (suggested: "current-password"): (More info: https://goo.gl/9p2vKq) %o @ https://www.lolacosmetics.com.br/banana-tropicana-shampoo-nutritivo-250ml-ps-19629-1006-p46400:0
[  299512ms] [ERROR] Failed to load resource: net::ERR_NAME_NOT_RESOLVED @ https://event.getblue.io/js/blue-tag.min.js:0
[  299561ms] [LOG] AffiseStorage availability: {cookie: true, localStorage: true, sessionStorage: true} @ https://rankmediabrasil.g2afse.com/websdk.js:0
[  299561ms] [LOG] Status RNK Media - ClickId: null UTM: null @ :3
[  299604ms] [ERROR] Failed to load resource: the server responded with a status of 404 () @ https://d1hjvew1n9ss7u.cloudfront.net/Custom/Content/Themes/Lola/Agrada/CSS/ajax-loader.gif:0
[  299674ms] [WARNING] [Meta Pixel] - Invalid parameter format for currency. Please refer https://developers.facebook.com/docs/meta-pixel/reference/ for valid parameter specifications. @ https://connect.facebook.net/en_US/fbevents.js:203
[  299974ms] Uncaught TypeError: Cannot read properties of undefined (reading 'replace')
    at validaFreteGratis (https://d1hjvew1n9ss7u.cloudfront.net/asset.axd?id=PAEAAB-LCAAAAAAAAAOtj0EPwUAQhf-KzLnsKqu64iBu4oSbOKzt0G2qKztTkQi_3abi6Ob43vfem8wDLIMGxjuLytwM2eCuPOvZ0gRCnrd86k8hgSaGNr5llFE40CdTEyZQXKP_EtuuRREhaA5tJLcIJqM8VSqfZlIO1VilWRYT9puwhStAjyZqIKM4fm1HoPeP333qLi5bYn8RS98wNix2JV6QxNrXRizOwRRGrLbi88ygIngm_1k8YzCOusXD8w1y8dfTPAEAAA%3d%3d:1:7633)
    at <anonymous> (https://d1hjvew1n9ss7u.cloudfront.net/asset.axd?id=PAEAAB-LCAAAAAAAAAOtj0EPwUAQhf-KzLnsKqu64iBu4oSbOKzt0G2qKztTkQi_3abi6Ob43vfem8wDLIMGxjuLytwM2eCuPOvZ0gRCnrd86k8hgSaGNr5llFE40CdTEyZQXKP_EtuuRREhaA5tJLcIJqM8VSqfZlIO1VilWRYT9puwhStAjyZqIKM4fm1HoPeP333qLi5bYn8RS98wNix2JV6QxNrXRizOwRRGrLbi88ygIngm_1k8YzCOusXD8w1y8dfTPAEAAA%3d%3d:1:49808)
    at dispatch (https://d1hjvew1n9ss7u.cloudfront.net/assets/shjs.js?t=639255987001545277:0:32701)
    at a (https://d1hjvew1n9ss7u.cloudfront.net/assets/shjs.js?t=639255987001545277:0:28480)
[  299973ms] [LOG] Banner não encontrado: banner-232 @ https://d1hjvew1n9ss7u.cloudfront.net/asset.axd?id=PAEAAB-LCAAAAAAAAAOtj0EPwUAQhf-KzLnsKqu64iBu4oSbOKzt0G2qKztTkQi_3abi6Ob43vfem8wDLIMGxjuLytwM2eCuPOvZ0gRCnrd86k8hgSaGNr5llFE40CdTEyZQXKP_EtuuRREhaA5tJLcIJqM8VSqfZlIO1VilWRYT9puwhStAjyZqIKM4fm1HoPeP333qLi5bYn8RS98wNix2JV6QxNrXRizOwRRGrLbi88ygIngm_1k8YzCOusXD8w1y8dfTPAEAAA%3d%3d:754
[  300006ms] [LOG] %c Widde Video Commerce %c v24604ee %c Build: 21/09/2026 20:39 %c border: 1px solid #2567f8; background: #2567f8; color: #fff; font-weight: bold; padding: 4px 8px; border-radius: 3px 0 0 0; border: 1px solid #2567f8; border-left: none; background: #FFF; color: #2567f8; font-weight: bold; padding: 4px 8px; border: 1px solid #2567f8; border-left: none; background: #f0f0f0; color: #333; font-weight: bold; padding: 4px 8px; border-radius: 0 3px 3px 0; background: transparent @ https://cdn.widde.io/assets/main.utzwjalemu.js:0
[  300175ms] [LOG] %c Tryon Widde.io %c %s %c border: 1px solid #2567f8; background: #2567f8; color: #fff; font-weight: bold; padding: 4px 8px; border-radius: 3px 0 0 3px; border: 1px solid #2567f8; background: #FFF; color: #2567f8; font-weight: bold; padding: 4px 8px; border-radius: 0 3px 3px 0; 47bf7c2 background: transparent @ https://cdn-tryon.widde.io/widde-tryon.js:86
[  300225ms] [LOG] [tryon-tracker] initialized {domain: www.lolacosmetics.com.br} @ https://cdn-tryon.widde.io/widde-tryon.js:8
[  306469ms] [WARNING] Error with Feature-Policy header: Some features are specified in both Feature-Policy and Permissions-Policy header: payment, fullscreen, microphone, camera. Values defined in Permissions-Policy header will be used. @ :0
[  306858ms] [ERROR] Failed to load resource: the server responded with a status of 500 () @ https://fonts.cdnfonts.com/css/leelawade:0
[  307136ms] [ERROR] Failed to load resource: the server responded with a status of 404 () @ https://lolacosmetics.admin.linxcommerce.com.br/Custom/Content/Themes/Lola/Styles/Fonts/FontAwesome/all.css:0
[  307148ms] [LOG] Trustvox rating | PDP: 46343 tipo: 3 @ https://www.lolacosmetics.com.br/be-m-dita-ghee-acai-no-pote-100g-ps-19629-302-p46343:1
[  307148ms] [LOG] Trustvox rating | ID final usado = 46343 @ https://www.lolacosmetics.com.br/be-m-dita-ghee-acai-no-pote-100g-ps-19629-302-p46343:1
[  307164ms] [LOG] Trustvox PDP | product: 46343 | type: 3 | usedId: 46343 @ https://www.lolacosmetics.com.br/be-m-dita-ghee-acai-no-pote-100g-ps-19629-302-p46343:1
[  307239ms] [LOG] Banner não encontrado: banner-232 @ https://d1hjvew1n9ss7u.cloudfront.net/asset.axd?id=PAEAAB-LCAAAAAAAAAOtj0EPwUAQhf-KzLnsKqu64iBu4oSbOKzt0G2qKztTkQi_3abi6Ob43vfem8wDLIMGxjuLytwM2eCuPOvZ0gRCnrd86k8hgSaGNr5llFE40CdTEyZQXKP_EtuuRREhaA5tJLcIJqM8VSqfZlIO1VilWRYT9puwhStAjyZqIKM4fm1HoPeP333qLi5bYn8RS98wNix2JV6QxNrXRizOwRRGrLbi88ygIngm_1k8YzCOusXD8w1y8dfTPAEAAA%3d%3d:754
[  307242ms] [LOG] [Debug Carrinho] Polling ativo @ https://d1hjvew1n9ss7u.cloudfront.net/asset.axd?id=PAEAAB-LCAAAAAAAAAOtj0EPwUAQhf-KzLnsKqu64iBu4oSbOKzt0G2qKztTkQi_3abi6Ob43vfem8wDLIMGxjuLytwM2eCuPOvZ0gRCnrd86k8hgSaGNr5llFE40CdTEyZQXKP_EtuuRREhaA5tJLcIJqM8VSqfZlIO1VilWRYT9puwhStAjyZqIKM4fm1HoPeP333qLi5bYn8RS98wNix2JV6QxNrXRizOwRRGrLbi88ygIngm_1k8YzCOusXD8w1y8dfTPAEAAA%3d%3d:1790
[  307287ms] [LOG] add @ https://d1hjvew1n9ss7u.cloudfront.net/asset.axd?id=PAEAAB-LCAAAAAAAAAOtj0EPwUAQhf-KzLnsKqu64iBu4oSbOKzt0G2qKztTkQi_3abi6Ob43vfem8wDLIMGxjuLytwM2eCuPOvZ0gRCnrd86k8hgSaGNr5llFE40CdTEyZQXKP_EtuuRREhaA5tJLcIJqM8VSqfZlIO1VilWRYT9puwhStAjyZqIKM4fm1HoPeP333qLi5bYn8RS98wNix2JV6QxNrXRizOwRRGrLbi88ygIngm_1k8YzCOusXD8w1y8dfTPAEAAA%3d%3d:1
[  307288ms] [WARNING] !! Há erros de scripts de terceiros !!
Por favor, contate a Empresa responsável pelo script.  @ https://d1hjvew1n9ss7u.cloudfront.net/assets/shjs.js?t=639255987001545277:0
[  307288ms] Uncaught Error: You must pass a string or Handlebars AST to Handlebars.compile. You passed null
    at e.compile (https://d1hjvew1n9ss7u.cloudfront.net/asset.axd?id=PAEAAB-LCAAAAAAAAAOtj0EPwUAQhf-KzLnsKqu64iBu4oSbOKzt0G2qKztTkQi_3abi6Ob43vfem8wDLIMGxjuLytwM2eCuPOvZ0gRCnrd86k8hgSaGNr5llFE40CdTEyZQXKP_EtuuRREhaA5tJLcIJqM8VSqfZlIO1VilWRYT9puwhStAjyZqIKM4fm1HoPeP333qLi5bYn8RS98wNix2JV6QxNrXRizOwRRGrLbi88ygIngm_1k8YzCOusXD8w1y8dfTPAEAAA%3d%3d:1794:49302)
    at i.compile (https://d1hjvew1n9ss7u.cloudfront.net/asset.axd?id=PAEAAB-LCAAAAAAAAAOtj0EPwUAQhf-KzLnsKqu64iBu4oSbOKzt0G2qKztTkQi_3abi6Ob43vfem8wDLIMGxjuLytwM2eCuPOvZ0gRCnrd86k8hgSaGNr5llFE40CdTEyZQXKP_EtuuRREhaA5tJLcIJqM8VSqfZlIO1VilWRYT9puwhStAjyZqIKM4fm1HoPeP333qLi5bYn8RS98wNix2JV6QxNrXRizOwRRGrLbi88ygIngm_1k8YzCOusXD8w1y8dfTPAEAAA%3d%3d:1794:343)
    at renderBasket (https://d1hjvew1n9ss7u.cloudfront.net/asset.axd?id=PAEAAB-LCAAAAAAAAAOtj0EPwUAQhf-KzLnsKqu64iBu4oSbOKzt0G2qKztTkQi_3abi6Ob43vfem8wDLIMGxjuLytwM2eCuPOvZ0gRCnrd86k8hgSaGNr5llFE40CdTEyZQXKP_EtuuRREhaA5tJLcIJqM8VSqfZlIO1VilWRYT9puwhStAjyZqIKM4fm1HoPeP333qLi5bYn8RS98wNix2JV6QxNrXRizOwRRGrLbi88ygIngm_1k8YzCOusXD8w1y8dfTPAEAAA%3d%3d:29:27)
    at <anonymous> (https://d1hjvew1n9ss7u.cloudfront.net/asset.axd?id=PAEAAB-LCAAAAAAAAAOtj0EPwUAQhf-KzLnsKqu64iBu4oSbOKzt0G2qKztTkQi_3abi6Ob43vfem8wDLIMGxjuLytwM2eCuPOvZ0gRCnrd86k8hgSaGNr5llFE40CdTEyZQXKP_EtuuRREhaA5tJLcIJqM8VSqfZlIO1VilWRYT9puwhStAjyZqIKM4fm1HoPeP333qLi5bYn8RS98wNix2JV6QxNrXRizOwRRGrLbi88ygIngm_1k8YzCOusXD8w1y8dfTPAEAAA%3d%3d:220:1)
    at f (https://d1hjvew1n9ss7u.cloudfront.net/assets/shjs.js?t=639255987001545277:0:10382)
    at fireWith (https://d1hjvew1n9ss7u.cloudfront.net/assets/shjs.js?t=639255987001545277:0:11137)
    at ready (https://d1hjvew1n9ss7u.cloudfront.net/assets/shjs.js?t=639255987001545277:0:5238)
    at r (https://d1hjvew1n9ss7u.cloudfront.net/assets/shjs.js?t=639255987001545277:0:9748)
[  307290ms] [VERBOSE] [DOM] Input elements should have autocomplete attributes (suggested: "current-password"): (More info: https://goo.gl/9p2vKq) %o @ https://www.lolacosmetics.com.br/be-m-dita-ghee-acai-no-pote-100g-ps-19629-302-p46343:0
[  307290ms] [VERBOSE] [DOM] Input elements should have autocomplete attributes (suggested: "current-password"): (More info: https://goo.gl/9p2vKq) %o @ https://www.lolacosmetics.com.br/be-m-dita-ghee-acai-no-pote-100g-ps-19629-302-p46343:0
[  307386ms] [ERROR] Failed to load resource: net::ERR_NAME_NOT_RESOLVED @ https://event.getblue.io/js/blue-tag.min.js:0
[  307420ms] [LOG] AffiseStorage availability: {cookie: true, localStorage: true, sessionStorage: true} @ https://rankmediabrasil.g2afse.com/websdk.js:0
[  307421ms] [LOG] Status RNK Media - ClickId: null UTM: null @ :3
[  307484ms] [ERROR] Failed to load resource: the server responded with a status of 404 () @ https://d1hjvew1n9ss7u.cloudfront.net/Custom/Content/Themes/Lola/Agrada/CSS/ajax-loader.gif:0
[  307503ms] [WARNING] [Meta Pixel] - Invalid parameter format for currency. Please refer https://developers.facebook.com/docs/meta-pixel/reference/ for valid parameter specifications. @ https://connect.facebook.net/en_US/fbevents.js:203
[  307772ms] Uncaught TypeError: Cannot read properties of undefined (reading 'replace')
    at validaFreteGratis (https://d1hjvew1n9ss7u.cloudfront.net/asset.axd?id=PAEAAB-LCAAAAAAAAAOtj0EPwUAQhf-KzLnsKqu64iBu4oSbOKzt0G2qKztTkQi_3abi6Ob43vfem8wDLIMGxjuLytwM2eCuPOvZ0gRCnrd86k8hgSaGNr5llFE40CdTEyZQXKP_EtuuRREhaA5tJLcIJqM8VSqfZlIO1VilWRYT9puwhStAjyZqIKM4fm1HoPeP333qLi5bYn8RS98wNix2JV6QxNrXRizOwRRGrLbi88ygIngm_1k8YzCOusXD8w1y8dfTPAEAAA%3d%3d:1:7633)
    at <anonymous> (https://d1hjvew1n9ss7u.cloudfront.net/asset.axd?id=PAEAAB-LCAAAAAAAAAOtj0EPwUAQhf-KzLnsKqu64iBu4oSbOKzt0G2qKztTkQi_3abi6Ob43vfem8wDLIMGxjuLytwM2eCuPOvZ0gRCnrd86k8hgSaGNr5llFE40CdTEyZQXKP_EtuuRREhaA5tJLcIJqM8VSqfZlIO1VilWRYT9puwhStAjyZqIKM4fm1HoPeP333qLi5bYn8RS98wNix2JV6QxNrXRizOwRRGrLbi88ygIngm_1k8YzCOusXD8w1y8dfTPAEAAA%3d%3d:1:49808)
    at dispatch (https://d1hjvew1n9ss7u.cloudfront.net/assets/shjs.js?t=639255987001545277:0:32701)
    at a (https://d1hjvew1n9ss7u.cloudfront.net/assets/shjs.js?t=639255987001545277:0:28480)
[  307771ms] [LOG] Banner não encontrado: banner-232 @ https://d1hjvew1n9ss7u.cloudfront.net/asset.axd?id=PAEAAB-LCAAAAAAAAAOtj0EPwUAQhf-KzLnsKqu64iBu4oSbOKzt0G2qKztTkQi_3abi6Ob43vfem8wDLIMGxjuLytwM2eCuPOvZ0gRCnrd86k8hgSaGNr5llFE40CdTEyZQXKP_EtuuRREhaA5tJLcIJqM8VSqfZlIO1VilWRYT9puwhStAjyZqIKM4fm1HoPeP333qLi5bYn8RS98wNix2JV6QxNrXRizOwRRGrLbi88ygIngm_1k8YzCOusXD8w1y8dfTPAEAAA%3d%3d:754
[  307797ms] [LOG] %c Widde Video Commerce %c v24604ee %c Build: 21/09/2026 20:39 %c border: 1px solid #2567f8; background: #2567f8; color: #fff; font-weight: bold; padding: 4px 8px; border-radius: 3px 0 0 0; border: 1px solid #2567f8; border-left: none; background: #FFF; color: #2567f8; font-weight: bold; padding: 4px 8px; border: 1px solid #2567f8; border-left: none; background: #f0f0f0; color: #333; font-weight: bold; padding: 4px 8px; border-radius: 0 3px 3px 0; background: transparent @ https://cdn.widde.io/assets/main.utzwjalemu.js:0
[  307977ms] [LOG] %c Tryon Widde.io %c %s %c border: 1px solid #2567f8; background: #2567f8; color: #fff; font-weight: bold; padding: 4px 8px; border-radius: 3px 0 0 3px; border: 1px solid #2567f8; background: #FFF; color: #2567f8; font-weight: bold; padding: 4px 8px; border-radius: 0 3px 3px 0; 47bf7c2 background: transparent @ https://cdn-tryon.widde.io/widde-tryon.js:86
[  308025ms] [LOG] [tryon-tracker] initialized {domain: www.lolacosmetics.com.br} @ https://cdn-tryon.widde.io/widde-tryon.js:8
[  314046ms] [WARNING] Error with Feature-Policy header: Some features are specified in both Feature-Policy and Permissions-Policy header: payment, fullscreen, microphone, camera. Values defined in Permissions-Policy header will be used. @ :0
[  314327ms] [ERROR] Failed to load resource: the server responded with a status of 500 () @ https://fonts.cdnfonts.com/css/leelawade:0
[  314582ms] [ERROR] Failed to load resource: the server responded with a status of 404 () @ https://lolacosmetics.admin.linxcommerce.com.br/Custom/Content/Themes/Lola/Styles/Fonts/FontAwesome/all.css:0
[  314589ms] [LOG] Trustvox rating | PDP: 46049 tipo: 7 @ https://www.lolacosmetics.com.br/be-m-dita-ghee-cronograma-100g-p46049:23
[  314589ms] [LOG] Trustvox rating | childId: 45643 -> parent (childId-1): 45642 @ https://www.lolacosmetics.com.br/be-m-dita-ghee-cronograma-100g-p46049:23
[  314589ms] [LOG] Trustvox rating | ID final usado = 45642 @ https://www.lolacosmetics.com.br/be-m-dita-ghee-cronograma-100g-p46049:23
[  314590ms] [LOG] {Items: Array(0), VariationPath: /, VariationLevel: 1, ProductPath: /7.46049/5.45643/, ProductLevel: 1} @ https://www.lolacosmetics.com.br/be-m-dita-ghee-cronograma-100g-p46049:23
[  314590ms] [LOG] {Items: Array(0), VariationPath: /, VariationLevel: 1, ProductPath: /7.46049/5.45648/, ProductLevel: 1} @ https://www.lolacosmetics.com.br/be-m-dita-ghee-cronograma-100g-p46049:23
[  314590ms] [LOG] {Items: Array(0), VariationPath: /, VariationLevel: 1, ProductPath: /7.46049/5.45650/, ProductLevel: 1} @ https://www.lolacosmetics.com.br/be-m-dita-ghee-cronograma-100g-p46049:23
[  314591ms] [LOG] Trustvox PDP | product: 46049 | type: 7 | childId: 45643 | usedId: 45642 @ https://www.lolacosmetics.com.br/be-m-dita-ghee-cronograma-100g-p46049:38
[  314783ms] [ERROR] Failed to load resource: the server responded with a status of 404 () @ https://d1hjvew1n9ss7u.cloudfront.net/Custom/Content:0
[  314784ms] [LOG] Banner não encontrado: banner-232 @ https://d1hjvew1n9ss7u.cloudfront.net/asset.axd?id=PAEAAB-LCAAAAAAAAAOtj0EPwUAQhf-KzLnsKqu64iBu4oSbOKzt0G2qKztTkQi_3abi6Ob43vfem8wDLIMGxjuLytwM2eCuPOvZ0gRCnrd86k8hgSaGNr5llFE40CdTEyZQXKP_EtuuRREhaA5tJLcIJqM8VSqfZlIO1VilWRYT9puwhStAjyZqIKM4fm1HoPeP333qLi5bYn8RS98wNix2JV6QxNrXRizOwRRGrLbi88ygIngm_1k8YzCOusXD8w1y8dfTPAEAAA%3d%3d:754
[  314785ms] [LOG] [Debug Carrinho] Polling ativo @ https://d1hjvew1n9ss7u.cloudfront.net/asset.axd?id=PAEAAB-LCAAAAAAAAAOtj0EPwUAQhf-KzLnsKqu64iBu4oSbOKzt0G2qKztTkQi_3abi6Ob43vfem8wDLIMGxjuLytwM2eCuPOvZ0gRCnrd86k8hgSaGNr5llFE40CdTEyZQXKP_EtuuRREhaA5tJLcIJqM8VSqfZlIO1VilWRYT9puwhStAjyZqIKM4fm1HoPeP333qLi5bYn8RS98wNix2JV6QxNrXRizOwRRGrLbi88ygIngm_1k8YzCOusXD8w1y8dfTPAEAAA%3d%3d:1790
[  314831ms] [LOG] add @ https://d1hjvew1n9ss7u.cloudfront.net/asset.axd?id=PAEAAB-LCAAAAAAAAAOtj0EPwUAQhf-KzLnsKqu64iBu4oSbOKzt0G2qKztTkQi_3abi6Ob43vfem8wDLIMGxjuLytwM2eCuPOvZ0gRCnrd86k8hgSaGNr5llFE40CdTEyZQXKP_EtuuRREhaA5tJLcIJqM8VSqfZlIO1VilWRYT9puwhStAjyZqIKM4fm1HoPeP333qLi5bYn8RS98wNix2JV6QxNrXRizOwRRGrLbi88ygIngm_1k8YzCOusXD8w1y8dfTPAEAAA%3d%3d:1
[  314832ms] [WARNING] !! Há erros de scripts de terceiros !!
Por favor, contate a Empresa responsável pelo script.  @ https://d1hjvew1n9ss7u.cloudfront.net/assets/shjs.js?t=639255987001545277:0
[  314833ms] Uncaught Error: You must pass a string or Handlebars AST to Handlebars.compile. You passed null
    at e.compile (https://d1hjvew1n9ss7u.cloudfront.net/asset.axd?id=PAEAAB-LCAAAAAAAAAOtj0EPwUAQhf-KzLnsKqu64iBu4oSbOKzt0G2qKztTkQi_3abi6Ob43vfem8wDLIMGxjuLytwM2eCuPOvZ0gRCnrd86k8hgSaGNr5llFE40CdTEyZQXKP_EtuuRREhaA5tJLcIJqM8VSqfZlIO1VilWRYT9puwhStAjyZqIKM4fm1HoPeP333qLi5bYn8RS98wNix2JV6QxNrXRizOwRRGrLbi88ygIngm_1k8YzCOusXD8w1y8dfTPAEAAA%3d%3d:1794:49302)
    at i.compile (https://d1hjvew1n9ss7u.cloudfront.net/asset.axd?id=PAEAAB-LCAAAAAAAAAOtj0EPwUAQhf-KzLnsKqu64iBu4oSbOKzt0G2qKztTkQi_3abi6Ob43vfem8wDLIMGxjuLytwM2eCuPOvZ0gRCnrd86k8hgSaGNr5llFE40CdTEyZQXKP_EtuuRREhaA5tJLcIJqM8VSqfZlIO1VilWRYT9puwhStAjyZqIKM4fm1HoPeP333qLi5bYn8RS98wNix2JV6QxNrXRizOwRRGrLbi88ygIngm_1k8YzCOusXD8w1y8dfTPAEAAA%3d%3d:1794:343)
    at renderBasket (https://d1hjvew1n9ss7u.cloudfront.net/asset.axd?id=PAEAAB-LCAAAAAAAAAOtj0EPwUAQhf-KzLnsKqu64iBu4oSbOKzt0G2qKztTkQi_3abi6Ob43vfem8wDLIMGxjuLytwM2eCuPOvZ0gRCnrd86k8hgSaGNr5llFE40CdTEyZQXKP_EtuuRREhaA5tJLcIJqM8VSqfZlIO1VilWRYT9puwhStAjyZqIKM4fm1HoPeP333qLi5bYn8RS98wNix2JV6QxNrXRizOwRRGrLbi88ygIngm_1k8YzCOusXD8w1y8dfTPAEAAA%3d%3d:29:27)
    at <anonymous> (https://d1hjvew1n9ss7u.cloudfront.net/asset.axd?id=PAEAAB-LCAAAAAAAAAOtj0EPwUAQhf-KzLnsKqu64iBu4oSbOKzt0G2qKztTkQi_3abi6Ob43vfem8wDLIMGxjuLytwM2eCuPOvZ0gRCnrd86k8hgSaGNr5llFE40CdTEyZQXKP_EtuuRREhaA5tJLcIJqM8VSqfZlIO1VilWRYT9puwhStAjyZqIKM4fm1HoPeP333qLi5bYn8RS98wNix2JV6QxNrXRizOwRRGrLbi88ygIngm_1k8YzCOusXD8w1y8dfTPAEAAA%3d%3d:220:1)
    at f (https://d1hjvew1n9ss7u.cloudfront.net/assets/shjs.js?t=639255987001545277:0:10382)
    at fireWith (https://d1hjvew1n9ss7u.cloudfront.net/assets/shjs.js?t=639255987001545277:0:11137)
    at ready (https://d1hjvew1n9ss7u.cloudfront.net/assets/shjs.js?t=639255987001545277:0:5238)
    at r (https://d1hjvew1n9ss7u.cloudfront.net/assets/shjs.js?t=639255987001545277:0:9748)
[  314836ms] [VERBOSE] [DOM] Input elements should have autocomplete attributes (suggested: "current-password"): (More info: https://goo.gl/9p2vKq) %o @ https://www.lolacosmetics.com.br/be-m-dita-ghee-cronograma-100g-p46049:0
[  314836ms] [VERBOSE] [DOM] Input elements should have autocomplete attributes (suggested: "current-password"): (More info: https://goo.gl/9p2vKq) %o @ https://www.lolacosmetics.com.br/be-m-dita-ghee-cronograma-100g-p46049:0
[  314856ms] [LOG] AffiseStorage availability: {cookie: true, localStorage: true, sessionStorage: true} @ https://rankmediabrasil.g2afse.com/websdk.js:0
[  314857ms] [LOG] Status RNK Media - ClickId: null UTM: null @ :3
[  314892ms] [WARNING] [Meta Pixel] - Invalid parameter format for currency. Please refer https://developers.facebook.com/docs/meta-pixel/reference/ for valid parameter specifications. @ https://connect.facebook.net/en_US/fbevents.js:203
[  314944ms] [ERROR] Failed to load resource: net::ERR_NAME_NOT_RESOLVED @ https://event.getblue.io/js/blue-tag.min.js:0
[  314997ms] [ERROR] Failed to load resource: the server responded with a status of 404 () @ https://d1hjvew1n9ss7u.cloudfront.net/Custom/Content/Themes/Lola/Agrada/CSS/ajax-loader.gif:0
[  315222ms] Uncaught TypeError: Cannot read properties of undefined (reading 'replace')
    at validaFreteGratis (https://d1hjvew1n9ss7u.cloudfront.net/asset.axd?id=PAEAAB-LCAAAAAAAAAOtj0EPwUAQhf-KzLnsKqu64iBu4oSbOKzt0G2qKztTkQi_3abi6Ob43vfem8wDLIMGxjuLytwM2eCuPOvZ0gRCnrd86k8hgSaGNr5llFE40CdTEyZQXKP_EtuuRREhaA5tJLcIJqM8VSqfZlIO1VilWRYT9puwhStAjyZqIKM4fm1HoPeP333qLi5bYn8RS98wNix2JV6QxNrXRizOwRRGrLbi88ygIngm_1k8YzCOusXD8w1y8dfTPAEAAA%3d%3d:1:7633)
    at <anonymous> (https://d1hjvew1n9ss7u.cloudfront.net/asset.axd?id=PAEAAB-LCAAAAAAAAAOtj0EPwUAQhf-KzLnsKqu64iBu4oSbOKzt0G2qKztTkQi_3abi6Ob43vfem8wDLIMGxjuLytwM2eCuPOvZ0gRCnrd86k8hgSaGNr5llFE40CdTEyZQXKP_EtuuRREhaA5tJLcIJqM8VSqfZlIO1VilWRYT9puwhStAjyZqIKM4fm1HoPeP333qLi5bYn8RS98wNix2JV6QxNrXRizOwRRGrLbi88ygIngm_1k8YzCOusXD8w1y8dfTPAEAAA%3d%3d:1:49808)
    at dispatch (https://d1hjvew1n9ss7u.cloudfront.net/assets/shjs.js?t=639255987001545277:0:32701)
    at a (https://d1hjvew1n9ss7u.cloudfront.net/assets/shjs.js?t=639255987001545277:0:28480)
[  315220ms] [LOG] Banner não encontrado: banner-232 @ https://d1hjvew1n9ss7u.cloudfront.net/asset.axd?id=PAEAAB-LCAAAAAAAAAOtj0EPwUAQhf-KzLnsKqu64iBu4oSbOKzt0G2qKztTkQi_3abi6Ob43vfem8wDLIMGxjuLytwM2eCuPOvZ0gRCnrd86k8hgSaGNr5llFE40CdTEyZQXKP_EtuuRREhaA5tJLcIJqM8VSqfZlIO1VilWRYT9puwhStAjyZqIKM4fm1HoPeP333qLi5bYn8RS98wNix2JV6QxNrXRizOwRRGrLbi88ygIngm_1k8YzCOusXD8w1y8dfTPAEAAA%3d%3d:754
[  315257ms] [LOG] %c Widde Video Commerce %c v24604ee %c Build: 21/09/2026 20:39 %c border: 1px solid #2567f8; background: #2567f8; color: #fff; font-weight: bold; padding: 4px 8px; border-radius: 3px 0 0 0; border: 1px solid #2567f8; border-left: none; background: #FFF; color: #2567f8; font-weight: bold; padding: 4px 8px; border: 1px solid #2567f8; border-left: none; background: #f0f0f0; color: #333; font-weight: bold; padding: 4px 8px; border-radius: 0 3px 3px 0; background: transparent @ https://cdn.widde.io/assets/main.utzwjalemu.js:0
[  315551ms] [LOG] %c Tryon Widde.io %c %s %c border: 1px solid #2567f8; background: #2567f8; color: #fff; font-weight: bold; padding: 4px 8px; border-radius: 3px 0 0 3px; border: 1px solid #2567f8; background: #FFF; color: #2567f8; font-weight: bold; padding: 4px 8px; border-radius: 0 3px 3px 0; 47bf7c2 background: transparent @ https://cdn-tryon.widde.io/widde-tryon.js:86
[  315569ms] [LOG] [tryon-tracker] initialized {domain: www.lolacosmetics.com.br} @ https://cdn-tryon.widde.io/widde-tryon.js:8
[  321574ms] [WARNING] Error with Feature-Policy header: Some features are specified in both Feature-Policy and Permissions-Policy header: payment, fullscreen, microphone, camera. Values defined in Permissions-Policy header will be used. @ :0
[  321965ms] [ERROR] Failed to load resource: the server responded with a status of 500 () @ https://fonts.cdnfonts.com/css/leelawade:0
[  322247ms] [ERROR] Failed to load resource: the server responded with a status of 404 () @ https://lolacosmetics.admin.linxcommerce.com.br/Custom/Content/Themes/Lola/Styles/Fonts/FontAwesome/all.css:0
[  322260ms] [LOG] Trustvox rating | PDP: 46279 tipo: 3 @ https://www.lolacosmetics.com.br/bossa-creme-modelador-1kg-ps-19629-284-p46279:82
[  322260ms] [LOG] Trustvox rating | ID final usado = 46279 @ https://www.lolacosmetics.com.br/bossa-creme-modelador-1kg-ps-19629-284-p46279:82
[  322278ms] [LOG] Trustvox PDP | product: 46279 | type: 3 | usedId: 46279 @ https://www.lolacosmetics.com.br/bossa-creme-modelador-1kg-ps-19629-284-p46279:312
[  322326ms] [LOG] Banner não encontrado: banner-232 @ https://d1hjvew1n9ss7u.cloudfront.net/asset.axd?id=PAEAAB-LCAAAAAAAAAOtj0EPwUAQhf-KzLnsKqu64iBu4oSbOKzt0G2qKztTkQi_3abi6Ob43vfem8wDLIMGxjuLytwM2eCuPOvZ0gRCnrd86k8hgSaGNr5llFE40CdTEyZQXKP_EtuuRREhaA5tJLcIJqM8VSqfZlIO1VilWRYT9puwhStAjyZqIKM4fm1HoPeP333qLi5bYn8RS98wNix2JV6QxNrXRizOwRRGrLbi88ygIngm_1k8YzCOusXD8w1y8dfTPAEAAA%3d%3d:754
[  322327ms] [LOG] [Debug Carrinho] Polling ativo @ https://d1hjvew1n9ss7u.cloudfront.net/asset.axd?id=PAEAAB-LCAAAAAAAAAOtj0EPwUAQhf-KzLnsKqu64iBu4oSbOKzt0G2qKztTkQi_3abi6Ob43vfem8wDLIMGxjuLytwM2eCuPOvZ0gRCnrd86k8hgSaGNr5llFE40CdTEyZQXKP_EtuuRREhaA5tJLcIJqM8VSqfZlIO1VilWRYT9puwhStAjyZqIKM4fm1HoPeP333qLi5bYn8RS98wNix2JV6QxNrXRizOwRRGrLbi88ygIngm_1k8YzCOusXD8w1y8dfTPAEAAA%3d%3d:1790
[  322377ms] [LOG] add @ https://d1hjvew1n9ss7u.cloudfront.net/asset.axd?id=PAEAAB-LCAAAAAAAAAOtj0EPwUAQhf-KzLnsKqu64iBu4oSbOKzt0G2qKztTkQi_3abi6Ob43vfem8wDLIMGxjuLytwM2eCuPOvZ0gRCnrd86k8hgSaGNr5llFE40CdTEyZQXKP_EtuuRREhaA5tJLcIJqM8VSqfZlIO1VilWRYT9puwhStAjyZqIKM4fm1HoPeP333qLi5bYn8RS98wNix2JV6QxNrXRizOwRRGrLbi88ygIngm_1k8YzCOusXD8w1y8dfTPAEAAA%3d%3d:1
[  322378ms] [WARNING] !! Há erros de scripts de terceiros !!
Por favor, contate a Empresa responsável pelo script.  @ https://d1hjvew1n9ss7u.cloudfront.net/assets/shjs.js?t=639255987001545277:0
[  322379ms] Uncaught Error: You must pass a string or Handlebars AST to Handlebars.compile. You passed null
    at e.compile (https://d1hjvew1n9ss7u.cloudfront.net/asset.axd?id=PAEAAB-LCAAAAAAAAAOtj0EPwUAQhf-KzLnsKqu64iBu4oSbOKzt0G2qKztTkQi_3abi6Ob43vfem8wDLIMGxjuLytwM2eCuPOvZ0gRCnrd86k8hgSaGNr5llFE40CdTEyZQXKP_EtuuRREhaA5tJLcIJqM8VSqfZlIO1VilWRYT9puwhStAjyZqIKM4fm1HoPeP333qLi5bYn8RS98wNix2JV6QxNrXRizOwRRGrLbi88ygIngm_1k8YzCOusXD8w1y8dfTPAEAAA%3d%3d:1794:49302)
    at i.compile (https://d1hjvew1n9ss7u.cloudfront.net/asset.axd?id=PAEAAB-LCAAAAAAAAAOtj0EPwUAQhf-KzLnsKqu64iBu4oSbOKzt0G2qKztTkQi_3abi6Ob43vfem8wDLIMGxjuLytwM2eCuPOvZ0gRCnrd86k8hgSaGNr5llFE40CdTEyZQXKP_EtuuRREhaA5tJLcIJqM8VSqfZlIO1VilWRYT9puwhStAjyZqIKM4fm1HoPeP333qLi5bYn8RS98wNix2JV6QxNrXRizOwRRGrLbi88ygIngm_1k8YzCOusXD8w1y8dfTPAEAAA%3d%3d:1794:343)
    at renderBasket (https://d1hjvew1n9ss7u.cloudfront.net/asset.axd?id=PAEAAB-LCAAAAAAAAAOtj0EPwUAQhf-KzLnsKqu64iBu4oSbOKzt0G2qKztTkQi_3abi6Ob43vfem8wDLIMGxjuLytwM2eCuPOvZ0gRCnrd86k8hgSaGNr5llFE40CdTEyZQXKP_EtuuRREhaA5tJLcIJqM8VSqfZlIO1VilWRYT9puwhStAjyZqIKM4fm1HoPeP333qLi5bYn8RS98wNix2JV6QxNrXRizOwRRGrLbi88ygIngm_1k8YzCOusXD8w1y8dfTPAEAAA%3d%3d:29:27)
    at <anonymous> (https://d1hjvew1n9ss7u.cloudfront.net/asset.axd?id=PAEAAB-LCAAAAAAAAAOtj0EPwUAQhf-KzLnsKqu64iBu4oSbOKzt0G2qKztTkQi_3abi6Ob43vfem8wDLIMGxjuLytwM2eCuPOvZ0gRCnrd86k8hgSaGNr5llFE40CdTEyZQXKP_EtuuRREhaA5tJLcIJqM8VSqfZlIO1VilWRYT9puwhStAjyZqIKM4fm1HoPeP333qLi5bYn8RS98wNix2JV6QxNrXRizOwRRGrLbi88ygIngm_1k8YzCOusXD8w1y8dfTPAEAAA%3d%3d:220:1)
    at f (https://d1hjvew1n9ss7u.cloudfront.net/assets/shjs.js?t=639255987001545277:0:10382)
    at fireWith (https://d1hjvew1n9ss7u.cloudfront.net/assets/shjs.js?t=639255987001545277:0:11137)
    at ready (https://d1hjvew1n9ss7u.cloudfront.net/assets/shjs.js?t=639255987001545277:0:5238)
    at r (https://d1hjvew1n9ss7u.cloudfront.net/assets/shjs.js?t=639255987001545277:0:9748)
[  322381ms] [VERBOSE] [DOM] Input elements should have autocomplete attributes (suggested: "current-password"): (More info: https://goo.gl/9p2vKq) %o @ https://www.lolacosmetics.com.br/bossa-creme-modelador-1kg-ps-19629-284-p46279:0
[  322381ms] [VERBOSE] [DOM] Input elements should have autocomplete attributes (suggested: "current-password"): (More info: https://goo.gl/9p2vKq) %o @ https://www.lolacosmetics.com.br/bossa-creme-modelador-1kg-ps-19629-284-p46279:0
[  322419ms] [ERROR] Failed to load resource: the server responded with a status of 404 () @ https://lolacosmetics.admin.linxcommerce.com.br/Custom/Content/Themes/Lola/Imagens/Principais_Ingredientes/Extratos-vegetais-1024x576.png:0
[  322419ms] [ERROR] Failed to load resource: the server responded with a status of 404 () @ https://lolacosmetics.admin.linxcommerce.com.br/Custom/Content/Themes/Lola/Imagens/Principais_Ingredientes/oleo%20pequi.jpg:0
[  322419ms] [ERROR] Failed to load resource: the server responded with a status of 404 () @ https://lolacosmetics.admin.linxcommerce.com.br/Custom/Content/Themes/Lola/Imagens/Principais_Ingredientes/Acai-da-tradicao-indigena-ao-sucesso-internacional%20(1).png:0
[  322480ms] [ERROR] Failed to load resource: net::ERR_NAME_NOT_RESOLVED @ https://event.getblue.io/js/blue-tag.min.js:0
[  322553ms] [LOG] AffiseStorage availability: {cookie: true, localStorage: true, sessionStorage: true} @ https://rankmediabrasil.g2afse.com/websdk.js:0
[  322554ms] [LOG] Status RNK Media - ClickId: null UTM: null @ :3
[  322576ms] [WARNING] [Meta Pixel] - Invalid parameter format for currency. Please refer https://developers.facebook.com/docs/meta-pixel/reference/ for valid parameter specifications. @ https://connect.facebook.net/en_US/fbevents.js:203
[  322591ms] [ERROR] Failed to load resource: the server responded with a status of 404 () @ https://d1hjvew1n9ss7u.cloudfront.net/Custom/Content/Themes/Lola/Agrada/CSS/ajax-loader.gif:0
[  322872ms] Uncaught TypeError: Cannot read properties of undefined (reading 'replace')
    at validaFreteGratis (https://d1hjvew1n9ss7u.cloudfront.net/asset.axd?id=PAEAAB-LCAAAAAAAAAOtj0EPwUAQhf-KzLnsKqu64iBu4oSbOKzt0G2qKztTkQi_3abi6Ob43vfem8wDLIMGxjuLytwM2eCuPOvZ0gRCnrd86k8hgSaGNr5llFE40CdTEyZQXKP_EtuuRREhaA5tJLcIJqM8VSqfZlIO1VilWRYT9puwhStAjyZqIKM4fm1HoPeP333qLi5bYn8RS98wNix2JV6QxNrXRizOwRRGrLbi88ygIngm_1k8YzCOusXD8w1y8dfTPAEAAA%3d%3d:1:7633)
    at <anonymous> (https://d1hjvew1n9ss7u.cloudfront.net/asset.axd?id=PAEAAB-LCAAAAAAAAAOtj0EPwUAQhf-KzLnsKqu64iBu4oSbOKzt0G2qKztTkQi_3abi6Ob43vfem8wDLIMGxjuLytwM2eCuPOvZ0gRCnrd86k8hgSaGNr5llFE40CdTEyZQXKP_EtuuRREhaA5tJLcIJqM8VSqfZlIO1VilWRYT9puwhStAjyZqIKM4fm1HoPeP333qLi5bYn8RS98wNix2JV6QxNrXRizOwRRGrLbi88ygIngm_1k8YzCOusXD8w1y8dfTPAEAAA%3d%3d:1:49808)
    at dispatch (https://d1hjvew1n9ss7u.cloudfront.net/assets/shjs.js?t=639255987001545277:0:32701)
    at a (https://d1hjvew1n9ss7u.cloudfront.net/assets/shjs.js?t=639255987001545277:0:28480)
[  322870ms] [LOG] Banner não encontrado: banner-232 @ https://d1hjvew1n9ss7u.cloudfront.net/asset.axd?id=PAEAAB-LCAAAAAAAAAOtj0EPwUAQhf-KzLnsKqu64iBu4oSbOKzt0G2qKztTkQi_3abi6Ob43vfem8wDLIMGxjuLytwM2eCuPOvZ0gRCnrd86k8hgSaGNr5llFE40CdTEyZQXKP_EtuuRREhaA5tJLcIJqM8VSqfZlIO1VilWRYT9puwhStAjyZqIKM4fm1HoPeP333qLi5bYn8RS98wNix2JV6QxNrXRizOwRRGrLbi88ygIngm_1k8YzCOusXD8w1y8dfTPAEAAA%3d%3d:754
[  322890ms] [LOG] %c Widde Video Commerce %c v24604ee %c Build: 21/09/2026 20:39 %c border: 1px solid #2567f8; background: #2567f8; color: #fff; font-weight: bold; padding: 4px 8px; border-radius: 3px 0 0 0; border: 1px solid #2567f8; border-left: none; background: #FFF; color: #2567f8; font-weight: bold; padding: 4px 8px; border: 1px solid #2567f8; border-left: none; background: #f0f0f0; color: #333; font-weight: bold; padding: 4px 8px; border-radius: 0 3px 3px 0; background: transparent @ https://cdn.widde.io/assets/main.utzwjalemu.js:0
[  323155ms] [LOG] %c Tryon Widde.io %c %s %c border: 1px solid #2567f8; background: #2567f8; color: #fff; font-weight: bold; padding: 4px 8px; border-radius: 3px 0 0 3px; border: 1px solid #2567f8; background: #FFF; color: #2567f8; font-weight: bold; padding: 4px 8px; border-radius: 0 3px 3px 0; 47bf7c2 background: transparent @ https://cdn-tryon.widde.io/widde-tryon.js:86
[  323178ms] [LOG] [tryon-tracker] initialized {domain: www.lolacosmetics.com.br} @ https://cdn-tryon.widde.io/widde-tryon.js:8
[  329642ms] [WARNING] Error with Feature-Policy header: Some features are specified in both Feature-Policy and Permissions-Policy header: payment, fullscreen, microphone, camera. Values defined in Permissions-Policy header will be used. @ :0
[  330016ms] [ERROR] Failed to load resource: the server responded with a status of 500 () @ https://fonts.cdnfonts.com/css/leelawade:0
[  330439ms] [ERROR] Failed to load resource: the server responded with a status of 404 () @ https://lolacosmetics.admin.linxcommerce.com.br/Custom/Content/Themes/Lola/Styles/Fonts/FontAwesome/all.css:0
[  330452ms] [LOG] Trustvox rating | PDP: 46277 tipo: 3 @ https://www.lolacosmetics.com.br/bossa-creme-modelador-500g-ps-19629-283-p46277:82
[  330452ms] [LOG] Trustvox rating | ID final usado = 46277 @ https://www.lolacosmetics.com.br/bossa-creme-modelador-500g-ps-19629-283-p46277:82
[  330473ms] [LOG] Trustvox PDP | product: 46277 | type: 3 | usedId: 46277 @ https://www.lolacosmetics.com.br/bossa-creme-modelador-500g-ps-19629-283-p46277:312
[  330512ms] [LOG] Banner não encontrado: banner-232 @ https://d1hjvew1n9ss7u.cloudfront.net/asset.axd?id=PAEAAB-LCAAAAAAAAAOtj0EPwUAQhf-KzLnsKqu64iBu4oSbOKzt0G2qKztTkQi_3abi6Ob43vfem8wDLIMGxjuLytwM2eCuPOvZ0gRCnrd86k8hgSaGNr5llFE40CdTEyZQXKP_EtuuRREhaA5tJLcIJqM8VSqfZlIO1VilWRYT9puwhStAjyZqIKM4fm1HoPeP333qLi5bYn8RS98wNix2JV6QxNrXRizOwRRGrLbi88ygIngm_1k8YzCOusXD8w1y8dfTPAEAAA%3d%3d:754
[  330514ms] [LOG] [Debug Carrinho] Polling ativo @ https://d1hjvew1n9ss7u.cloudfront.net/asset.axd?id=PAEAAB-LCAAAAAAAAAOtj0EPwUAQhf-KzLnsKqu64iBu4oSbOKzt0G2qKztTkQi_3abi6Ob43vfem8wDLIMGxjuLytwM2eCuPOvZ0gRCnrd86k8hgSaGNr5llFE40CdTEyZQXKP_EtuuRREhaA5tJLcIJqM8VSqfZlIO1VilWRYT9puwhStAjyZqIKM4fm1HoPeP333qLi5bYn8RS98wNix2JV6QxNrXRizOwRRGrLbi88ygIngm_1k8YzCOusXD8w1y8dfTPAEAAA%3d%3d:1790
[  330569ms] [LOG] add @ https://d1hjvew1n9ss7u.cloudfront.net/asset.axd?id=PAEAAB-LCAAAAAAAAAOtj0EPwUAQhf-KzLnsKqu64iBu4oSbOKzt0G2qKztTkQi_3abi6Ob43vfem8wDLIMGxjuLytwM2eCuPOvZ0gRCnrd86k8hgSaGNr5llFE40CdTEyZQXKP_EtuuRREhaA5tJLcIJqM8VSqfZlIO1VilWRYT9puwhStAjyZqIKM4fm1HoPeP333qLi5bYn8RS98wNix2JV6QxNrXRizOwRRGrLbi88ygIngm_1k8YzCOusXD8w1y8dfTPAEAAA%3d%3d:1
[  330570ms] [WARNING] !! Há erros de scripts de terceiros !!
Por favor, contate a Empresa responsável pelo script.  @ https://d1hjvew1n9ss7u.cloudfront.net/assets/shjs.js?t=639255987001545277:0
[  330571ms] Uncaught Error: You must pass a string or Handlebars AST to Handlebars.compile. You passed null
    at e.compile (https://d1hjvew1n9ss7u.cloudfront.net/asset.axd?id=PAEAAB-LCAAAAAAAAAOtj0EPwUAQhf-KzLnsKqu64iBu4oSbOKzt0G2qKztTkQi_3abi6Ob43vfem8wDLIMGxjuLytwM2eCuPOvZ0gRCnrd86k8hgSaGNr5llFE40CdTEyZQXKP_EtuuRREhaA5tJLcIJqM8VSqfZlIO1VilWRYT9puwhStAjyZqIKM4fm1HoPeP333qLi5bYn8RS98wNix2JV6QxNrXRizOwRRGrLbi88ygIngm_1k8YzCOusXD8w1y8dfTPAEAAA%3d%3d:1794:49302)
    at i.compile (https://d1hjvew1n9ss7u.cloudfront.net/asset.axd?id=PAEAAB-LCAAAAAAAAAOtj0EPwUAQhf-KzLnsKqu64iBu4oSbOKzt0G2qKztTkQi_3abi6Ob43vfem8wDLIMGxjuLytwM2eCuPOvZ0gRCnrd86k8hgSaGNr5llFE40CdTEyZQXKP_EtuuRREhaA5tJLcIJqM8VSqfZlIO1VilWRYT9puwhStAjyZqIKM4fm1HoPeP333qLi5bYn8RS98wNix2JV6QxNrXRizOwRRGrLbi88ygIngm_1k8YzCOusXD8w1y8dfTPAEAAA%3d%3d:1794:343)
    at renderBasket (https://d1hjvew1n9ss7u.cloudfront.net/asset.axd?id=PAEAAB-LCAAAAAAAAAOtj0EPwUAQhf-KzLnsKqu64iBu4oSbOKzt0G2qKztTkQi_3abi6Ob43vfem8wDLIMGxjuLytwM2eCuPOvZ0gRCnrd86k8hgSaGNr5llFE40CdTEyZQXKP_EtuuRREhaA5tJLcIJqM8VSqfZlIO1VilWRYT9puwhStAjyZqIKM4fm1HoPeP333qLi5bYn8RS98wNix2JV6QxNrXRizOwRRGrLbi88ygIngm_1k8YzCOusXD8w1y8dfTPAEAAA%3d%3d:29:27)
    at <anonymous> (https://d1hjvew1n9ss7u.cloudfront.net/asset.axd?id=PAEAAB-LCAAAAAAAAAOtj0EPwUAQhf-KzLnsKqu64iBu4oSbOKzt0G2qKztTkQi_3abi6Ob43vfem8wDLIMGxjuLytwM2eCuPOvZ0gRCnrd86k8hgSaGNr5llFE40CdTEyZQXKP_EtuuRREhaA5tJLcIJqM8VSqfZlIO1VilWRYT9puwhStAjyZqIKM4fm1HoPeP333qLi5bYn8RS98wNix2JV6QxNrXRizOwRRGrLbi88ygIngm_1k8YzCOusXD8w1y8dfTPAEAAA%3d%3d:220:1)
    at f (https://d1hjvew1n9ss7u.cloudfront.net/assets/shjs.js?t=639255987001545277:0:10382)
    at fireWith (https://d1hjvew1n9ss7u.cloudfront.net/assets/shjs.js?t=639255987001545277:0:11137)
    at ready (https://d1hjvew1n9ss7u.cloudfront.net/assets/shjs.js?t=639255987001545277:0:5238)
    at r (https://d1hjvew1n9ss7u.cloudfront.net/assets/shjs.js?t=639255987001545277:0:9748)
[  330573ms] [VERBOSE] [DOM] Input elements should have autocomplete attributes (suggested: "current-password"): (More info: https://goo.gl/9p2vKq) %o @ https://www.lolacosmetics.com.br/bossa-creme-modelador-500g-ps-19629-283-p46277:0
[  330573ms] [VERBOSE] [DOM] Input elements should have autocomplete attributes (suggested: "current-password"): (More info: https://goo.gl/9p2vKq) %o @ https://www.lolacosmetics.com.br/bossa-creme-modelador-500g-ps-19629-283-p46277:0
[  330596ms] [ERROR] Failed to load resource: the server responded with a status of 404 () @ https://lolacosmetics.admin.linxcommerce.com.br/Custom/Content/Themes/Lola/Imagens/Principais_Ingredientes/oleo%20pequi.jpg:0
[  330596ms] [ERROR] Failed to load resource: the server responded with a status of 404 () @ https://lolacosmetics.admin.linxcommerce.com.br/Custom/Content/Themes/Lola/Imagens/Principais_Ingredientes/Acai-da-tradicao-indigena-ao-sucesso-internacional%20(1).png:0
[  330601ms] [ERROR] Failed to load resource: the server responded with a status of 404 () @ https://lolacosmetics.admin.linxcommerce.com.br/Custom/Content/Themes/Lola/Imagens/Principais_Ingredientes/Extratos-vegetais-1024x576.png:0
[  330674ms] [ERROR] Failed to load resource: net::ERR_NAME_NOT_RESOLVED @ https://event.getblue.io/js/blue-tag.min.js:0
[  330692ms] [LOG] AffiseStorage availability: {cookie: true, localStorage: true, sessionStorage: true} @ https://rankmediabrasil.g2afse.com/websdk.js:0
[  330693ms] [LOG] Status RNK Media - ClickId: null UTM: null @ :3
[  330766ms] [ERROR] Failed to load resource: the server responded with a status of 404 () @ https://d1hjvew1n9ss7u.cloudfront.net/Custom/Content/Themes/Lola/Agrada/CSS/ajax-loader.gif:0
[  330791ms] [WARNING] [Meta Pixel] - Invalid parameter format for currency. Please refer https://developers.facebook.com/docs/meta-pixel/reference/ for valid parameter specifications. @ https://connect.facebook.net/en_US/fbevents.js:203
[  331079ms] Uncaught TypeError: Cannot read properties of undefined (reading 'replace')
    at validaFreteGratis (https://d1hjvew1n9ss7u.cloudfront.net/asset.axd?id=PAEAAB-LCAAAAAAAAAOtj0EPwUAQhf-KzLnsKqu64iBu4oSbOKzt0G2qKztTkQi_3abi6Ob43vfem8wDLIMGxjuLytwM2eCuPOvZ0gRCnrd86k8hgSaGNr5llFE40CdTEyZQXKP_EtuuRREhaA5tJLcIJqM8VSqfZlIO1VilWRYT9puwhStAjyZqIKM4fm1HoPeP333qLi5bYn8RS98wNix2JV6QxNrXRizOwRRGrLbi88ygIngm_1k8YzCOusXD8w1y8dfTPAEAAA%3d%3d:1:7633)
    at <anonymous> (https://d1hjvew1n9ss7u.cloudfront.net/asset.axd?id=PAEAAB-LCAAAAAAAAAOtj0EPwUAQhf-KzLnsKqu64iBu4oSbOKzt0G2qKztTkQi_3abi6Ob43vfem8wDLIMGxjuLytwM2eCuPOvZ0gRCnrd86k8hgSaGNr5llFE40CdTEyZQXKP_EtuuRREhaA5tJLcIJqM8VSqfZlIO1VilWRYT9puwhStAjyZqIKM4fm1HoPeP333qLi5bYn8RS98wNix2JV6QxNrXRizOwRRGrLbi88ygIngm_1k8YzCOusXD8w1y8dfTPAEAAA%3d%3d:1:49808)
    at dispatch (https://d1hjvew1n9ss7u.cloudfront.net/assets/shjs.js?t=639255987001545277:0:32701)
    at a (https://d1hjvew1n9ss7u.cloudfront.net/assets/shjs.js?t=639255987001545277:0:28480)
[  331077ms] [LOG] Banner não encontrado: banner-232 @ https://d1hjvew1n9ss7u.cloudfront.net/asset.axd?id=PAEAAB-LCAAAAAAAAAOtj0EPwUAQhf-KzLnsKqu64iBu4oSbOKzt0G2qKztTkQi_3abi6Ob43vfem8wDLIMGxjuLytwM2eCuPOvZ0gRCnrd86k8hgSaGNr5llFE40CdTEyZQXKP_EtuuRREhaA5tJLcIJqM8VSqfZlIO1VilWRYT9puwhStAjyZqIKM4fm1HoPeP333qLi5bYn8RS98wNix2JV6QxNrXRizOwRRGrLbi88ygIngm_1k8YzCOusXD8w1y8dfTPAEAAA%3d%3d:754
[  331107ms] [LOG] %c Widde Video Commerce %c v24604ee %c Build: 21/09/2026 20:39 %c border: 1px solid #2567f8; background: #2567f8; color: #fff; font-weight: bold; padding: 4px 8px; border-radius: 3px 0 0 0; border: 1px solid #2567f8; border-left: none; background: #FFF; color: #2567f8; font-weight: bold; padding: 4px 8px; border: 1px solid #2567f8; border-left: none; background: #f0f0f0; color: #333; font-weight: bold; padding: 4px 8px; border-radius: 0 3px 3px 0; background: transparent @ https://cdn.widde.io/assets/main.utzwjalemu.js:0
[  331277ms] Uncaught (in promise) TypeError: Cannot read properties of null (reading 'store_id')
    at loadAnswersSummaries (https://static.trustvox.com.br/sincero/sincero.js:0:378910)
    at <anonymous> (https://static.trustvox.com.br/sincero/sincero.js:0:104392)
    at r.dispatch (https://static.trustvox.com.br/sincero/sincero.js:0:106041)
    at dispatch (https://static.trustvox.com.br/sincero/sincero.js:0:102087)
    at <anonymous> (https://static.trustvox.com.br/sincero/sincero.js:0:365471)
[  331283ms] Uncaught (in promise) TypeError: Cannot read properties of null (reading 'store_id')
    at loadProfiles (https://static.trustvox.com.br/sincero/sincero.js:0:376806)
    at <anonymous> (https://static.trustvox.com.br/sincero/sincero.js:0:104392)
    at r.dispatch (https://static.trustvox.com.br/sincero/sincero.js:0:106041)
    at dispatch (https://static.trustvox.com.br/sincero/sincero.js:0:102087)
    at t.context.a.dispatch (https://static.trustvox.com.br/sincero/sincero.js:0:103635)
    at <anonymous> (https://static.trustvox.com.br/sincero/sincero.js:0:376597)
[  331479ms] [LOG] %c Tryon Widde.io %c %s %c border: 1px solid #2567f8; background: #2567f8; color: #fff; font-weight: bold; padding: 4px 8px; border-radius: 3px 0 0 3px; border: 1px solid #2567f8; background: #FFF; color: #2567f8; font-weight: bold; padding: 4px 8px; border-radius: 0 3px 3px 0; 47bf7c2 background: transparent @ https://cdn-tryon.widde.io/widde-tryon.js:86
[  331537ms] [LOG] [tryon-tracker] initialized {domain: www.lolacosmetics.com.br} @ https://cdn-tryon.widde.io/widde-tryon.js:8
[  337770ms] [WARNING] Error with Feature-Policy header: Some features are specified in both Feature-Policy and Permissions-Policy header: payment, fullscreen, microphone, camera. Values defined in Permissions-Policy header will be used. @ :0
[  338160ms] [ERROR] Failed to load resource: the server responded with a status of 500 () @ https://fonts.cdnfonts.com/css/leelawade:0
[  338440ms] [ERROR] Failed to load resource: the server responded with a status of 404 () @ https://lolacosmetics.admin.linxcommerce.com.br/Custom/Content/Themes/Lola/Styles/Fonts/FontAwesome/all.css:0
[  338450ms] [LOG] Trustvox rating | PDP: 46281 tipo: 3 @ https://www.lolacosmetics.com.br/bossa-gelatina-modeladora-500g-ps-19629-285-p46281:80
[  338450ms] [LOG] Trustvox rating | ID final usado = 46281 @ https://www.lolacosmetics.com.br/bossa-gelatina-modeladora-500g-ps-19629-285-p46281:80
[  338469ms] [LOG] Trustvox PDP | product: 46281 | type: 3 | usedId: 46281 @ https://www.lolacosmetics.com.br/bossa-gelatina-modeladora-500g-ps-19629-285-p46281:306
[  338525ms] [LOG] Banner não encontrado: banner-232 @ https://d1hjvew1n9ss7u.cloudfront.net/asset.axd?id=PAEAAB-LCAAAAAAAAAOtj0EPwUAQhf-KzLnsKqu64iBu4oSbOKzt0G2qKztTkQi_3abi6Ob43vfem8wDLIMGxjuLytwM2eCuPOvZ0gRCnrd86k8hgSaGNr5llFE40CdTEyZQXKP_EtuuRREhaA5tJLcIJqM8VSqfZlIO1VilWRYT9puwhStAjyZqIKM4fm1HoPeP333qLi5bYn8RS98wNix2JV6QxNrXRizOwRRGrLbi88ygIngm_1k8YzCOusXD8w1y8dfTPAEAAA%3d%3d:754
[  338526ms] [LOG] [Debug Carrinho] Polling ativo @ https://d1hjvew1n9ss7u.cloudfront.net/asset.axd?id=PAEAAB-LCAAAAAAAAAOtj0EPwUAQhf-KzLnsKqu64iBu4oSbOKzt0G2qKztTkQi_3abi6Ob43vfem8wDLIMGxjuLytwM2eCuPOvZ0gRCnrd86k8hgSaGNr5llFE40CdTEyZQXKP_EtuuRREhaA5tJLcIJqM8VSqfZlIO1VilWRYT9puwhStAjyZqIKM4fm1HoPeP333qLi5bYn8RS98wNix2JV6QxNrXRizOwRRGrLbi88ygIngm_1k8YzCOusXD8w1y8dfTPAEAAA%3d%3d:1790
[  338576ms] [LOG] add @ https://d1hjvew1n9ss7u.cloudfront.net/asset.axd?id=PAEAAB-LCAAAAAAAAAOtj0EPwUAQhf-KzLnsKqu64iBu4oSbOKzt0G2qKztTkQi_3abi6Ob43vfem8wDLIMGxjuLytwM2eCuPOvZ0gRCnrd86k8hgSaGNr5llFE40CdTEyZQXKP_EtuuRREhaA5tJLcIJqM8VSqfZlIO1VilWRYT9puwhStAjyZqIKM4fm1HoPeP333qLi5bYn8RS98wNix2JV6QxNrXRizOwRRGrLbi88ygIngm_1k8YzCOusXD8w1y8dfTPAEAAA%3d%3d:1
[  338577ms] [WARNING] !! Há erros de scripts de terceiros !!
Por favor, contate a Empresa responsável pelo script.  @ https://d1hjvew1n9ss7u.cloudfront.net/assets/shjs.js?t=639255987001545277:0
[  338578ms] Uncaught Error: You must pass a string or Handlebars AST to Handlebars.compile. You passed null
    at e.compile (https://d1hjvew1n9ss7u.cloudfront.net/asset.axd?id=PAEAAB-LCAAAAAAAAAOtj0EPwUAQhf-KzLnsKqu64iBu4oSbOKzt0G2qKztTkQi_3abi6Ob43vfem8wDLIMGxjuLytwM2eCuPOvZ0gRCnrd86k8hgSaGNr5llFE40CdTEyZQXKP_EtuuRREhaA5tJLcIJqM8VSqfZlIO1VilWRYT9puwhStAjyZqIKM4fm1HoPeP333qLi5bYn8RS98wNix2JV6QxNrXRizOwRRGrLbi88ygIngm_1k8YzCOusXD8w1y8dfTPAEAAA%3d%3d:1794:49302)
    at i.compile (https://d1hjvew1n9ss7u.cloudfront.net/asset.axd?id=PAEAAB-LCAAAAAAAAAOtj0EPwUAQhf-KzLnsKqu64iBu4oSbOKzt0G2qKztTkQi_3abi6Ob43vfem8wDLIMGxjuLytwM2eCuPOvZ0gRCnrd86k8hgSaGNr5llFE40CdTEyZQXKP_EtuuRREhaA5tJLcIJqM8VSqfZlIO1VilWRYT9puwhStAjyZqIKM4fm1HoPeP333qLi5bYn8RS98wNix2JV6QxNrXRizOwRRGrLbi88ygIngm_1k8YzCOusXD8w1y8dfTPAEAAA%3d%3d:1794:343)
    at renderBasket (https://d1hjvew1n9ss7u.cloudfront.net/asset.axd?id=PAEAAB-LCAAAAAAAAAOtj0EPwUAQhf-KzLnsKqu64iBu4oSbOKzt0G2qKztTkQi_3abi6Ob43vfem8wDLIMGxjuLytwM2eCuPOvZ0gRCnrd86k8hgSaGNr5llFE40CdTEyZQXKP_EtuuRREhaA5tJLcIJqM8VSqfZlIO1VilWRYT9puwhStAjyZqIKM4fm1HoPeP333qLi5bYn8RS98wNix2JV6QxNrXRizOwRRGrLbi88ygIngm_1k8YzCOusXD8w1y8dfTPAEAAA%3d%3d:29:27)
    at <anonymous> (https://d1hjvew1n9ss7u.cloudfront.net/asset.axd?id=PAEAAB-LCAAAAAAAAAOtj0EPwUAQhf-KzLnsKqu64iBu4oSbOKzt0G2qKztTkQi_3abi6Ob43vfem8wDLIMGxjuLytwM2eCuPOvZ0gRCnrd86k8hgSaGNr5llFE40CdTEyZQXKP_EtuuRREhaA5tJLcIJqM8VSqfZlIO1VilWRYT9puwhStAjyZqIKM4fm1HoPeP333qLi5bYn8RS98wNix2JV6QxNrXRizOwRRGrLbi88ygIngm_1k8YzCOusXD8w1y8dfTPAEAAA%3d%3d:220:1)
    at f (https://d1hjvew1n9ss7u.cloudfront.net/assets/shjs.js?t=639255987001545277:0:10382)
    at fireWith (https://d1hjvew1n9ss7u.cloudfront.net/assets/shjs.js?t=639255987001545277:0:11137)
    at ready (https://d1hjvew1n9ss7u.cloudfront.net/assets/shjs.js?t=639255987001545277:0:5238)
    at r (https://d1hjvew1n9ss7u.cloudfront.net/assets/shjs.js?t=639255987001545277:0:9748)
[  338580ms] [VERBOSE] [DOM] Input elements should have autocomplete attributes (suggested: "current-password"): (More info: https://goo.gl/9p2vKq) %o @ https://www.lolacosmetics.com.br/bossa-gelatina-modeladora-500g-ps-19629-285-p46281:0
[  338580ms] [VERBOSE] [DOM] Input elements should have autocomplete attributes (suggested: "current-password"): (More info: https://goo.gl/9p2vKq) %o @ https://www.lolacosmetics.com.br/bossa-gelatina-modeladora-500g-ps-19629-285-p46281:0
[  338594ms] [ERROR] Failed to load resource: the server responded with a status of 404 () @ https://lolacosmetics.admin.linxcommerce.com.br/Custom/Content/Themes/Lola/Imagens/Principais_Ingredientes/Acai-da-tradicao-indigena-ao-sucesso-internacional%20(1).png:0
[  338595ms] [ERROR] Failed to load resource: the server responded with a status of 404 () @ https://lolacosmetics.admin.linxcommerce.com.br/Custom/Content/Themes/Lola/Imagens/Principais_Ingredientes/oleo%20pequi.jpg:0
[  338598ms] [ERROR] Failed to load resource: the server responded with a status of 404 () @ https://lolacosmetics.admin.linxcommerce.com.br/Custom/Content/Themes/Lola/Imagens/Principais_Ingredientes/Extratos-vegetais-1024x576.png:0
[  338703ms] [ERROR] Failed to load resource: net::ERR_NAME_NOT_RESOLVED @ https://event.getblue.io/js/blue-tag.min.js:0
[  338711ms] [LOG] AffiseStorage availability: {cookie: true, localStorage: true, sessionStorage: true} @ https://rankmediabrasil.g2afse.com/websdk.js:0
[  338712ms] [LOG] Status RNK Media - ClickId: null UTM: null @ :3
[  338744ms] [ERROR] Failed to load resource: the server responded with a status of 404 () @ https://d1hjvew1n9ss7u.cloudfront.net/Custom/Content/Themes/Lola/Agrada/CSS/ajax-loader.gif:0
[  338827ms] [WARNING] [Meta Pixel] - Invalid parameter format for currency. Please refer https://developers.facebook.com/docs/meta-pixel/reference/ for valid parameter specifications. @ https://connect.facebook.net/en_US/fbevents.js:203
[  339240ms] Uncaught TypeError: Cannot read properties of undefined (reading 'replace')
    at validaFreteGratis (https://d1hjvew1n9ss7u.cloudfront.net/asset.axd?id=PAEAAB-LCAAAAAAAAAOtj0EPwUAQhf-KzLnsKqu64iBu4oSbOKzt0G2qKztTkQi_3abi6Ob43vfem8wDLIMGxjuLytwM2eCuPOvZ0gRCnrd86k8hgSaGNr5llFE40CdTEyZQXKP_EtuuRREhaA5tJLcIJqM8VSqfZlIO1VilWRYT9puwhStAjyZqIKM4fm1HoPeP333qLi5bYn8RS98wNix2JV6QxNrXRizOwRRGrLbi88ygIngm_1k8YzCOusXD8w1y8dfTPAEAAA%3d%3d:1:7633)
    at <anonymous> (https://d1hjvew1n9ss7u.cloudfront.net/asset.axd?id=PAEAAB-LCAAAAAAAAAOtj0EPwUAQhf-KzLnsKqu64iBu4oSbOKzt0G2qKztTkQi_3abi6Ob43vfem8wDLIMGxjuLytwM2eCuPOvZ0gRCnrd86k8hgSaGNr5llFE40CdTEyZQXKP_EtuuRREhaA5tJLcIJqM8VSqfZlIO1VilWRYT9puwhStAjyZqIKM4fm1HoPeP333qLi5bYn8RS98wNix2JV6QxNrXRizOwRRGrLbi88ygIngm_1k8YzCOusXD8w1y8dfTPAEAAA%3d%3d:1:49808)
    at dispatch (https://d1hjvew1n9ss7u.cloudfront.net/assets/shjs.js?t=639255987001545277:0:32701)
    at a (https://d1hjvew1n9ss7u.cloudfront.net/assets/shjs.js?t=639255987001545277:0:28480)
[  339236ms] [LOG] Banner não encontrado: banner-232 @ https://d1hjvew1n9ss7u.cloudfront.net/asset.axd?id=PAEAAB-LCAAAAAAAAAOtj0EPwUAQhf-KzLnsKqu64iBu4oSbOKzt0G2qKztTkQi_3abi6Ob43vfem8wDLIMGxjuLytwM2eCuPOvZ0gRCnrd86k8hgSaGNr5llFE40CdTEyZQXKP_EtuuRREhaA5tJLcIJqM8VSqfZlIO1VilWRYT9puwhStAjyZqIKM4fm1HoPeP333qLi5bYn8RS98wNix2JV6QxNrXRizOwRRGrLbi88ygIngm_1k8YzCOusXD8w1y8dfTPAEAAA%3d%3d:754
[  339283ms] [LOG] %c Widde Video Commerce %c v24604ee %c Build: 21/09/2026 20:39 %c border: 1px solid #2567f8; background: #2567f8; color: #fff; font-weight: bold; padding: 4px 8px; border-radius: 3px 0 0 0; border: 1px solid #2567f8; border-left: none; background: #FFF; color: #2567f8; font-weight: bold; padding: 4px 8px; border: 1px solid #2567f8; border-left: none; background: #f0f0f0; color: #333; font-weight: bold; padding: 4px 8px; border-radius: 0 3px 3px 0; background: transparent @ https://cdn.widde.io/assets/main.utzwjalemu.js:0
[  339568ms] [LOG] %c Tryon Widde.io %c %s %c border: 1px solid #2567f8; background: #2567f8; color: #fff; font-weight: bold; padding: 4px 8px; border-radius: 3px 0 0 3px; border: 1px solid #2567f8; background: #FFF; color: #2567f8; font-weight: bold; padding: 4px 8px; border-radius: 0 3px 3px 0; 47bf7c2 background: transparent @ https://cdn-tryon.widde.io/widde-tryon.js:86
[  339610ms] [LOG] [tryon-tracker] initialized {domain: www.lolacosmetics.com.br} @ https://cdn-tryon.widde.io/widde-tryon.js:8
[  345797ms] [WARNING] Error with Feature-Policy header: Some features are specified in both Feature-Policy and Permissions-Policy header: payment, fullscreen, microphone, camera. Values defined in Permissions-Policy header will be used. @ :0
[  346189ms] [ERROR] Failed to load resource: the server responded with a status of 500 () @ https://fonts.cdnfonts.com/css/leelawade:0
[  346467ms] [ERROR] Failed to load resource: the server responded with a status of 404 () @ https://lolacosmetics.admin.linxcommerce.com.br/Custom/Content/Themes/Lola/Styles/Fonts/FontAwesome/all.css:0
[  346478ms] [LOG] Trustvox rating | PDP: 46275 tipo: 3 @ https://www.lolacosmetics.com.br/bossa-mascara-450g-ps-19629-282-p46275:80
[  346478ms] [LOG] Trustvox rating | ID final usado = 46275 @ https://www.lolacosmetics.com.br/bossa-mascara-450g-ps-19629-282-p46275:80
[  346498ms] [LOG] Trustvox PDP | product: 46275 | type: 3 | usedId: 46275 @ https://www.lolacosmetics.com.br/bossa-mascara-450g-ps-19629-282-p46275:306
[  346522ms] [LOG] Banner não encontrado: banner-232 @ https://d1hjvew1n9ss7u.cloudfront.net/asset.axd?id=PAEAAB-LCAAAAAAAAAOtj0EPwUAQhf-KzLnsKqu64iBu4oSbOKzt0G2qKztTkQi_3abi6Ob43vfem8wDLIMGxjuLytwM2eCuPOvZ0gRCnrd86k8hgSaGNr5llFE40CdTEyZQXKP_EtuuRREhaA5tJLcIJqM8VSqfZlIO1VilWRYT9puwhStAjyZqIKM4fm1HoPeP333qLi5bYn8RS98wNix2JV6QxNrXRizOwRRGrLbi88ygIngm_1k8YzCOusXD8w1y8dfTPAEAAA%3d%3d:754
[  346524ms] [LOG] [Debug Carrinho] Polling ativo @ https://d1hjvew1n9ss7u.cloudfront.net/asset.axd?id=PAEAAB-LCAAAAAAAAAOtj0EPwUAQhf-KzLnsKqu64iBu4oSbOKzt0G2qKztTkQi_3abi6Ob43vfem8wDLIMGxjuLytwM2eCuPOvZ0gRCnrd86k8hgSaGNr5llFE40CdTEyZQXKP_EtuuRREhaA5tJLcIJqM8VSqfZlIO1VilWRYT9puwhStAjyZqIKM4fm1HoPeP333qLi5bYn8RS98wNix2JV6QxNrXRizOwRRGrLbi88ygIngm_1k8YzCOusXD8w1y8dfTPAEAAA%3d%3d:1790
[  346571ms] [LOG] add @ https://d1hjvew1n9ss7u.cloudfront.net/asset.axd?id=PAEAAB-LCAAAAAAAAAOtj0EPwUAQhf-KzLnsKqu64iBu4oSbOKzt0G2qKztTkQi_3abi6Ob43vfem8wDLIMGxjuLytwM2eCuPOvZ0gRCnrd86k8hgSaGNr5llFE40CdTEyZQXKP_EtuuRREhaA5tJLcIJqM8VSqfZlIO1VilWRYT9puwhStAjyZqIKM4fm1HoPeP333qLi5bYn8RS98wNix2JV6QxNrXRizOwRRGrLbi88ygIngm_1k8YzCOusXD8w1y8dfTPAEAAA%3d%3d:1
[  346572ms] [WARNING] !! Há erros de scripts de terceiros !!
Por favor, contate a Empresa responsável pelo script.  @ https://d1hjvew1n9ss7u.cloudfront.net/assets/shjs.js?t=639255987001545277:0
[  346573ms] Uncaught Error: You must pass a string or Handlebars AST to Handlebars.compile. You passed null
    at e.compile (https://d1hjvew1n9ss7u.cloudfront.net/asset.axd?id=PAEAAB-LCAAAAAAAAAOtj0EPwUAQhf-KzLnsKqu64iBu4oSbOKzt0G2qKztTkQi_3abi6Ob43vfem8wDLIMGxjuLytwM2eCuPOvZ0gRCnrd86k8hgSaGNr5llFE40CdTEyZQXKP_EtuuRREhaA5tJLcIJqM8VSqfZlIO1VilWRYT9puwhStAjyZqIKM4fm1HoPeP333qLi5bYn8RS98wNix2JV6QxNrXRizOwRRGrLbi88ygIngm_1k8YzCOusXD8w1y8dfTPAEAAA%3d%3d:1794:49302)
    at i.compile (https://d1hjvew1n9ss7u.cloudfront.net/asset.axd?id=PAEAAB-LCAAAAAAAAAOtj0EPwUAQhf-KzLnsKqu64iBu4oSbOKzt0G2qKztTkQi_3abi6Ob43vfem8wDLIMGxjuLytwM2eCuPOvZ0gRCnrd86k8hgSaGNr5llFE40CdTEyZQXKP_EtuuRREhaA5tJLcIJqM8VSqfZlIO1VilWRYT9puwhStAjyZqIKM4fm1HoPeP333qLi5bYn8RS98wNix2JV6QxNrXRizOwRRGrLbi88ygIngm_1k8YzCOusXD8w1y8dfTPAEAAA%3d%3d:1794:343)
    at renderBasket (https://d1hjvew1n9ss7u.cloudfront.net/asset.axd?id=PAEAAB-LCAAAAAAAAAOtj0EPwUAQhf-KzLnsKqu64iBu4oSbOKzt0G2qKztTkQi_3abi6Ob43vfem8wDLIMGxjuLytwM2eCuPOvZ0gRCnrd86k8hgSaGNr5llFE40CdTEyZQXKP_EtuuRREhaA5tJLcIJqM8VSqfZlIO1VilWRYT9puwhStAjyZqIKM4fm1HoPeP333qLi5bYn8RS98wNix2JV6QxNrXRizOwRRGrLbi88ygIngm_1k8YzCOusXD8w1y8dfTPAEAAA%3d%3d:29:27)
    at <anonymous> (https://d1hjvew1n9ss7u.cloudfront.net/asset.axd?id=PAEAAB-LCAAAAAAAAAOtj0EPwUAQhf-KzLnsKqu64iBu4oSbOKzt0G2qKztTkQi_3abi6Ob43vfem8wDLIMGxjuLytwM2eCuPOvZ0gRCnrd86k8hgSaGNr5llFE40CdTEyZQXKP_EtuuRREhaA5tJLcIJqM8VSqfZlIO1VilWRYT9puwhStAjyZqIKM4fm1HoPeP333qLi5bYn8RS98wNix2JV6QxNrXRizOwRRGrLbi88ygIngm_1k8YzCOusXD8w1y8dfTPAEAAA%3d%3d:220:1)
    at f (https://d1hjvew1n9ss7u.cloudfront.net/assets/shjs.js?t=639255987001545277:0:10382)
    at fireWith (https://d1hjvew1n9ss7u.cloudfront.net/assets/shjs.js?t=639255987001545277:0:11137)
    at ready (https://d1hjvew1n9ss7u.cloudfront.net/assets/shjs.js?t=639255987001545277:0:5238)
    at r (https://d1hjvew1n9ss7u.cloudfront.net/assets/shjs.js?t=639255987001545277:0:9748)
[  346575ms] [VERBOSE] [DOM] Input elements should have autocomplete attributes (suggested: "current-password"): (More info: https://goo.gl/9p2vKq) %o @ https://www.lolacosmetics.com.br/bossa-mascara-450g-ps-19629-282-p46275:0
[  346575ms] [VERBOSE] [DOM] Input elements should have autocomplete attributes (suggested: "current-password"): (More info: https://goo.gl/9p2vKq) %o @ https://www.lolacosmetics.com.br/bossa-mascara-450g-ps-19629-282-p46275:0
[  346653ms] [ERROR] Failed to load resource: the server responded with a status of 404 () @ https://lolacosmetics.admin.linxcommerce.com.br/Custom/Content/Themes/Lola/Imagens/Principais_Ingredientes/Extratos-vegetais-1024x576.png:0
[  346653ms] [ERROR] Failed to load resource: the server responded with a status of 404 () @ https://lolacosmetics.admin.linxcommerce.com.br/Custom/Content/Themes/Lola/Imagens/Principais_Ingredientes/oleo%20pequi.jpg:0
[  346653ms] [ERROR] Failed to load resource: the server responded with a status of 404 () @ https://lolacosmetics.admin.linxcommerce.com.br/Custom/Content/Themes/Lola/Imagens/Principais_Ingredientes/Acai-da-tradicao-indigena-ao-sucesso-internacional%20(1).png:0
[  346687ms] [ERROR] Failed to load resource: net::ERR_NAME_NOT_RESOLVED @ https://event.getblue.io/js/blue-tag.min.js:0
[  346759ms] [LOG] AffiseStorage availability: {cookie: true, localStorage: true, sessionStorage: true} @ https://rankmediabrasil.g2afse.com/websdk.js:0
[  346761ms] [LOG] Status RNK Media - ClickId: null UTM: null @ :3
[  346761ms] [ERROR] Failed to load resource: the server responded with a status of 404 () @ https://d1hjvew1n9ss7u.cloudfront.net/Custom/Content/Themes/Lola/Agrada/CSS/ajax-loader.gif:0
[  346802ms] [WARNING] [Meta Pixel] - Invalid parameter format for currency. Please refer https://developers.facebook.com/docs/meta-pixel/reference/ for valid parameter specifications. @ https://connect.facebook.net/en_US/fbevents.js:203
[  347106ms] Uncaught TypeError: Cannot read properties of undefined (reading 'replace')
    at validaFreteGratis (https://d1hjvew1n9ss7u.cloudfront.net/asset.axd?id=PAEAAB-LCAAAAAAAAAOtj0EPwUAQhf-KzLnsKqu64iBu4oSbOKzt0G2qKztTkQi_3abi6Ob43vfem8wDLIMGxjuLytwM2eCuPOvZ0gRCnrd86k8hgSaGNr5llFE40CdTEyZQXKP_EtuuRREhaA5tJLcIJqM8VSqfZlIO1VilWRYT9puwhStAjyZqIKM4fm1HoPeP333qLi5bYn8RS98wNix2JV6QxNrXRizOwRRGrLbi88ygIngm_1k8YzCOusXD8w1y8dfTPAEAAA%3d%3d:1:7633)
    at <anonymous> (https://d1hjvew1n9ss7u.cloudfront.net/asset.axd?id=PAEAAB-LCAAAAAAAAAOtj0EPwUAQhf-KzLnsKqu64iBu4oSbOKzt0G2qKztTkQi_3abi6Ob43vfem8wDLIMGxjuLytwM2eCuPOvZ0gRCnrd86k8hgSaGNr5llFE40CdTEyZQXKP_EtuuRREhaA5tJLcIJqM8VSqfZlIO1VilWRYT9puwhStAjyZqIKM4fm1HoPeP333qLi5bYn8RS98wNix2JV6QxNrXRizOwRRGrLbi88ygIngm_1k8YzCOusXD8w1y8dfTPAEAAA%3d%3d:1:49808)
    at dispatch (https://d1hjvew1n9ss7u.cloudfront.net/assets/shjs.js?t=639255987001545277:0:32701)
    at a (https://d1hjvew1n9ss7u.cloudfront.net/assets/shjs.js?t=639255987001545277:0:28480)
[  347105ms] [LOG] Banner não encontrado: banner-232 @ https://d1hjvew1n9ss7u.cloudfront.net/asset.axd?id=PAEAAB-LCAAAAAAAAAOtj0EPwUAQhf-KzLnsKqu64iBu4oSbOKzt0G2qKztTkQi_3abi6Ob43vfem8wDLIMGxjuLytwM2eCuPOvZ0gRCnrd86k8hgSaGNr5llFE40CdTEyZQXKP_EtuuRREhaA5tJLcIJqM8VSqfZlIO1VilWRYT9puwhStAjyZqIKM4fm1HoPeP333qLi5bYn8RS98wNix2JV6QxNrXRizOwRRGrLbi88ygIngm_1k8YzCOusXD8w1y8dfTPAEAAA%3d%3d:754
[  347132ms] [LOG] %c Widde Video Commerce %c v24604ee %c Build: 21/09/2026 20:39 %c border: 1px solid #2567f8; background: #2567f8; color: #fff; font-weight: bold; padding: 4px 8px; border-radius: 3px 0 0 0; border: 1px solid #2567f8; border-left: none; background: #FFF; color: #2567f8; font-weight: bold; padding: 4px 8px; border: 1px solid #2567f8; border-left: none; background: #f0f0f0; color: #333; font-weight: bold; padding: 4px 8px; border-radius: 0 3px 3px 0; background: transparent @ https://cdn.widde.io/assets/main.utzwjalemu.js:0
[  347367ms] [LOG] %c Tryon Widde.io %c %s %c border: 1px solid #2567f8; background: #2567f8; color: #fff; font-weight: bold; padding: 4px 8px; border-radius: 3px 0 0 3px; border: 1px solid #2567f8; background: #FFF; color: #2567f8; font-weight: bold; padding: 4px 8px; border-radius: 0 3px 3px 0; 47bf7c2 background: transparent @ https://cdn-tryon.widde.io/widde-tryon.js:86
[  347390ms] [LOG] [tryon-tracker] initialized {domain: www.lolacosmetics.com.br} @ https://cdn-tryon.widde.io/widde-tryon.js:8
[  353860ms] [WARNING] Error with Feature-Policy header: Some features are specified in both Feature-Policy and Permissions-Policy header: payment, fullscreen, microphone, camera. Values defined in Permissions-Policy header will be used. @ :0
[  354158ms] [ERROR] Failed to load resource: the server responded with a status of 500 () @ https://fonts.cdnfonts.com/css/leelawade:0
[  354412ms] [ERROR] Failed to load resource: the server responded with a status of 404 () @ https://lolacosmetics.admin.linxcommerce.com.br/Custom/Content/Themes/Lola/Styles/Fonts/FontAwesome/all.css:0
[  354418ms] [LOG] Trustvox rating | PDP: 46396 tipo: 3 @ https://www.lolacosmetics.com.br/bossa-mousse-150ml-ps-19629-323-p46396:22
[  354418ms] [LOG] Trustvox rating | ID final usado = 46396 @ https://www.lolacosmetics.com.br/bossa-mousse-150ml-ps-19629-323-p46396:22
[  354418ms] [LOG] Trustvox PDP | product: 46396 | type: 3 | usedId: 46396 @ https://www.lolacosmetics.com.br/bossa-mousse-150ml-ps-19629-323-p46396:59
[  354451ms] [LOG] Banner não encontrado: banner-232 @ https://d1hjvew1n9ss7u.cloudfront.net/asset.axd?id=PAEAAB-LCAAAAAAAAAOtj0EPwUAQhf-KzLnsKqu64iBu4oSbOKzt0G2qKztTkQi_3abi6Ob43vfem8wDLIMGxjuLytwM2eCuPOvZ0gRCnrd86k8hgSaGNr5llFE40CdTEyZQXKP_EtuuRREhaA5tJLcIJqM8VSqfZlIO1VilWRYT9puwhStAjyZqIKM4fm1HoPeP333qLi5bYn8RS98wNix2JV6QxNrXRizOwRRGrLbi88ygIngm_1k8YzCOusXD8w1y8dfTPAEAAA%3d%3d:754
[  354452ms] [LOG] [Debug Carrinho] Polling ativo @ https://d1hjvew1n9ss7u.cloudfront.net/asset.axd?id=PAEAAB-LCAAAAAAAAAOtj0EPwUAQhf-KzLnsKqu64iBu4oSbOKzt0G2qKztTkQi_3abi6Ob43vfem8wDLIMGxjuLytwM2eCuPOvZ0gRCnrd86k8hgSaGNr5llFE40CdTEyZQXKP_EtuuRREhaA5tJLcIJqM8VSqfZlIO1VilWRYT9puwhStAjyZqIKM4fm1HoPeP333qLi5bYn8RS98wNix2JV6QxNrXRizOwRRGrLbi88ygIngm_1k8YzCOusXD8w1y8dfTPAEAAA%3d%3d:1790
[  354493ms] [LOG] add @ https://d1hjvew1n9ss7u.cloudfront.net/asset.axd?id=PAEAAB-LCAAAAAAAAAOtj0EPwUAQhf-KzLnsKqu64iBu4oSbOKzt0G2qKztTkQi_3abi6Ob43vfem8wDLIMGxjuLytwM2eCuPOvZ0gRCnrd86k8hgSaGNr5llFE40CdTEyZQXKP_EtuuRREhaA5tJLcIJqM8VSqfZlIO1VilWRYT9puwhStAjyZqIKM4fm1HoPeP333qLi5bYn8RS98wNix2JV6QxNrXRizOwRRGrLbi88ygIngm_1k8YzCOusXD8w1y8dfTPAEAAA%3d%3d:1
[  354494ms] [WARNING] !! Há erros de scripts de terceiros !!
Por favor, contate a Empresa responsável pelo script.  @ https://d1hjvew1n9ss7u.cloudfront.net/assets/shjs.js?t=639255987001545277:0
[  354494ms] Uncaught Error: You must pass a string or Handlebars AST to Handlebars.compile. You passed null
    at e.compile (https://d1hjvew1n9ss7u.cloudfront.net/asset.axd?id=PAEAAB-LCAAAAAAAAAOtj0EPwUAQhf-KzLnsKqu64iBu4oSbOKzt0G2qKztTkQi_3abi6Ob43vfem8wDLIMGxjuLytwM2eCuPOvZ0gRCnrd86k8hgSaGNr5llFE40CdTEyZQXKP_EtuuRREhaA5tJLcIJqM8VSqfZlIO1VilWRYT9puwhStAjyZqIKM4fm1HoPeP333qLi5bYn8RS98wNix2JV6QxNrXRizOwRRGrLbi88ygIngm_1k8YzCOusXD8w1y8dfTPAEAAA%3d%3d:1794:49302)
    at i.compile (https://d1hjvew1n9ss7u.cloudfront.net/asset.axd?id=PAEAAB-LCAAAAAAAAAOtj0EPwUAQhf-KzLnsKqu64iBu4oSbOKzt0G2qKztTkQi_3abi6Ob43vfem8wDLIMGxjuLytwM2eCuPOvZ0gRCnrd86k8hgSaGNr5llFE40CdTEyZQXKP_EtuuRREhaA5tJLcIJqM8VSqfZlIO1VilWRYT9puwhStAjyZqIKM4fm1HoPeP333qLi5bYn8RS98wNix2JV6QxNrXRizOwRRGrLbi88ygIngm_1k8YzCOusXD8w1y8dfTPAEAAA%3d%3d:1794:343)
    at renderBasket (https://d1hjvew1n9ss7u.cloudfront.net/asset.axd?id=PAEAAB-LCAAAAAAAAAOtj0EPwUAQhf-KzLnsKqu64iBu4oSbOKzt0G2qKztTkQi_3abi6Ob43vfem8wDLIMGxjuLytwM2eCuPOvZ0gRCnrd86k8hgSaGNr5llFE40CdTEyZQXKP_EtuuRREhaA5tJLcIJqM8VSqfZlIO1VilWRYT9puwhStAjyZqIKM4fm1HoPeP333qLi5bYn8RS98wNix2JV6QxNrXRizOwRRGrLbi88ygIngm_1k8YzCOusXD8w1y8dfTPAEAAA%3d%3d:29:27)
    at <anonymous> (https://d1hjvew1n9ss7u.cloudfront.net/asset.axd?id=PAEAAB-LCAAAAAAAAAOtj0EPwUAQhf-KzLnsKqu64iBu4oSbOKzt0G2qKztTkQi_3abi6Ob43vfem8wDLIMGxjuLytwM2eCuPOvZ0gRCnrd86k8hgSaGNr5llFE40CdTEyZQXKP_EtuuRREhaA5tJLcIJqM8VSqfZlIO1VilWRYT9puwhStAjyZqIKM4fm1HoPeP333qLi5bYn8RS98wNix2JV6QxNrXRizOwRRGrLbi88ygIngm_1k8YzCOusXD8w1y8dfTPAEAAA%3d%3d:220:1)
    at f (https://d1hjvew1n9ss7u.cloudfront.net/assets/shjs.js?t=639255987001545277:0:10382)
    at fireWith (https://d1hjvew1n9ss7u.cloudfront.net/assets/shjs.js?t=639255987001545277:0:11137)
    at ready (https://d1hjvew1n9ss7u.cloudfront.net/assets/shjs.js?t=639255987001545277:0:5238)
    at r (https://d1hjvew1n9ss7u.cloudfront.net/assets/shjs.js?t=639255987001545277:0:9748)
[  354496ms] [VERBOSE] [DOM] Input elements should have autocomplete attributes (suggested: "current-password"): (More info: https://goo.gl/9p2vKq) %o @ https://www.lolacosmetics.com.br/bossa-mousse-150ml-ps-19629-323-p46396:0
[  354496ms] [VERBOSE] [DOM] Input elements should have autocomplete attributes (suggested: "current-password"): (More info: https://goo.gl/9p2vKq) %o @ https://www.lolacosmetics.com.br/bossa-mousse-150ml-ps-19629-323-p46396:0
[  354649ms] [ERROR] Failed to load resource: net::ERR_NAME_NOT_RESOLVED @ https://event.getblue.io/js/blue-tag.min.js:0
[  354673ms] [LOG] AffiseStorage availability: {cookie: true, localStorage: true, sessionStorage: true} @ https://rankmediabrasil.g2afse.com/websdk.js:0
[  354674ms] [LOG] Status RNK Media - ClickId: null UTM: null @ :3
[  354695ms] [WARNING] [Meta Pixel] - Invalid parameter format for currency. Please refer https://developers.facebook.com/docs/meta-pixel/reference/ for valid parameter specifications. @ https://connect.facebook.net/en_US/fbevents.js:203
[  354709ms] [ERROR] Failed to load resource: the server responded with a status of 404 () @ https://d1hjvew1n9ss7u.cloudfront.net/Custom/Content/Themes/Lola/Agrada/CSS/ajax-loader.gif:0
[  354872ms] [INFO] Loading the script 'https://www.gstatic.com/recaptcha/releases/zqB-6Xpbd3lCIvi7Tr2D0pob/recaptcha__pt_br.js' violates the following Content Security Policy directive: "script-src 'unsafe-inline'". Note that 'script-src-elem' was not explicitly set, so 'script-src' is used as a fallback. The policy is report-only, so the violation has been logged but no further action has been taken. @ https://www.google.com/recaptcha/api2/anchor?ar=1&k=6Le-9YsqAAAAAGtUGlQe-ufOhiiB353S9VAWaHgt&co=aHR0cHM6Ly93d3cubG9sYWNvc21ldGljcy5jb20uYnI6NDQz&hl=pt-BR&v=zqB-6Xpbd3lCIvi7Tr2D0pob&size=invisible&anchor-ms=20000&execute-ms=30000&cb=fjvv1mo8fpl6:0
[  354954ms] [INFO] Creating a worker from 'https://www.google.com/recaptcha/api2/webworker.js?hl=pt-BR&v=zqB-6Xpbd3lCIvi7Tr2D0pob' violates the following Content Security Policy directive: "script-src 'unsafe-inline'". Note that 'worker-src' was not explicitly set, so 'script-src' is used as a fallback. The policy is report-only, so the violation has been logged but no further action has been taken. @ https://www.gstatic.com/recaptcha/releases/zqB-6Xpbd3lCIvi7Tr2D0pob/recaptcha__pt_br.js:690
[  354983ms] Uncaught TypeError: Cannot read properties of undefined (reading 'replace')
    at validaFreteGratis (https://d1hjvew1n9ss7u.cloudfront.net/asset.axd?id=PAEAAB-LCAAAAAAAAAOtj0EPwUAQhf-KzLnsKqu64iBu4oSbOKzt0G2qKztTkQi_3abi6Ob43vfem8wDLIMGxjuLytwM2eCuPOvZ0gRCnrd86k8hgSaGNr5llFE40CdTEyZQXKP_EtuuRREhaA5tJLcIJqM8VSqfZlIO1VilWRYT9puwhStAjyZqIKM4fm1HoPeP333qLi5bYn8RS98wNix2JV6QxNrXRizOwRRGrLbi88ygIngm_1k8YzCOusXD8w1y8dfTPAEAAA%3d%3d:1:7633)
    at <anonymous> (https://d1hjvew1n9ss7u.cloudfront.net/asset.axd?id=PAEAAB-LCAAAAAAAAAOtj0EPwUAQhf-KzLnsKqu64iBu4oSbOKzt0G2qKztTkQi_3abi6Ob43vfem8wDLIMGxjuLytwM2eCuPOvZ0gRCnrd86k8hgSaGNr5llFE40CdTEyZQXKP_EtuuRREhaA5tJLcIJqM8VSqfZlIO1VilWRYT9puwhStAjyZqIKM4fm1HoPeP333qLi5bYn8RS98wNix2JV6QxNrXRizOwRRGrLbi88ygIngm_1k8YzCOusXD8w1y8dfTPAEAAA%3d%3d:1:49808)
    at dispatch (https://d1hjvew1n9ss7u.cloudfront.net/assets/shjs.js?t=639255987001545277:0:32701)
    at a (https://d1hjvew1n9ss7u.cloudfront.net/assets/shjs.js?t=639255987001545277:0:28480)
[  354981ms] [LOG] Banner não encontrado: banner-232 @ https://d1hjvew1n9ss7u.cloudfront.net/asset.axd?id=PAEAAB-LCAAAAAAAAAOtj0EPwUAQhf-KzLnsKqu64iBu4oSbOKzt0G2qKztTkQi_3abi6Ob43vfem8wDLIMGxjuLytwM2eCuPOvZ0gRCnrd86k8hgSaGNr5llFE40CdTEyZQXKP_EtuuRREhaA5tJLcIJqM8VSqfZlIO1VilWRYT9puwhStAjyZqIKM4fm1HoPeP333qLi5bYn8RS98wNix2JV6QxNrXRizOwRRGrLbi88ygIngm_1k8YzCOusXD8w1y8dfTPAEAAA%3d%3d:754
[  355010ms] [LOG] %c Widde Video Commerce %c v24604ee %c Build: 21/09/2026 20:39 %c border: 1px solid #2567f8; background: #2567f8; color: #fff; font-weight: bold; padding: 4px 8px; border-radius: 3px 0 0 0; border: 1px solid #2567f8; border-left: none; background: #FFF; color: #2567f8; font-weight: bold; padding: 4px 8px; border: 1px solid #2567f8; border-left: none; background: #f0f0f0; color: #333; font-weight: bold; padding: 4px 8px; border-radius: 0 3px 3px 0; background: transparent @ https://cdn.widde.io/assets/main.utzwjalemu.js:0
[  355163ms] Uncaught (in promise) TypeError: Cannot read properties of null (reading 'store_id')
    at loadProduct (https://static.trustvox.com.br/sincero/sincero.js:0:364742)
    at <anonymous> (https://static.trustvox.com.br/sincero/sincero.js:0:104392)
    at r.dispatch (https://static.trustvox.com.br/sincero/sincero.js:0:106041)
    at dispatch (https://static.trustvox.com.br/sincero/sincero.js:0:102087)
    at t.context.a.dispatch (https://static.trustvox.com.br/sincero/sincero.js:0:103635)
    at loadProfiles (https://static.trustvox.com.br/sincero/sincero.js:0:376970)
    at <anonymous> (https://static.trustvox.com.br/sincero/sincero.js:0:104392)
    at r.dispatch (https://static.trustvox.com.br/sincero/sincero.js:0:106041)
    at dispatch (https://static.trustvox.com.br/sincero/sincero.js:0:102087)
    at t.context.a.dispatch (https://static.trustvox.com.br/sincero/sincero.js:0:103635)
    at <anonymous> (https://static.trustvox.com.br/sincero/sincero.js:0:376597)
[  355164ms] Uncaught (in promise) TypeError: Cannot read properties of null (reading 'store_id')
    at loadAnswersSummaries (https://static.trustvox.com.br/sincero/sincero.js:0:378910)
    at <anonymous> (https://static.trustvox.com.br/sincero/sincero.js:0:104392)
    at r.dispatch (https://static.trustvox.com.br/sincero/sincero.js:0:106041)
    at dispatch (https://static.trustvox.com.br/sincero/sincero.js:0:102087)
    at <anonymous> (https://static.trustvox.com.br/sincero/sincero.js:0:365471)
[  355263ms] [LOG] %c Tryon Widde.io %c %s %c border: 1px solid #2567f8; background: #2567f8; color: #fff; font-weight: bold; padding: 4px 8px; border-radius: 3px 0 0 3px; border: 1px solid #2567f8; background: #FFF; color: #2567f8; font-weight: bold; padding: 4px 8px; border-radius: 0 3px 3px 0; 47bf7c2 background: transparent @ https://cdn-tryon.widde.io/widde-tryon.js:86
[  355280ms] [LOG] [tryon-tracker] initialized {domain: www.lolacosmetics.com.br} @ https://cdn-tryon.widde.io/widde-tryon.js:8
[  361474ms] [WARNING] Error with Feature-Policy header: Some features are specified in both Feature-Policy and Permissions-Policy header: payment, fullscreen, microphone, camera. Values defined in Permissions-Policy header will be used. @ :0
[  361869ms] [ERROR] Failed to load resource: the server responded with a status of 500 () @ https://fonts.cdnfonts.com/css/leelawade:0
[  362155ms] [ERROR] Failed to load resource: the server responded with a status of 404 () @ https://lolacosmetics.admin.linxcommerce.com.br/Custom/Content/Themes/Lola/Styles/Fonts/FontAwesome/all.css:0
[  362163ms] [LOG] Trustvox rating | PDP: 46273 tipo: 3 @ https://www.lolacosmetics.com.br/bossa-shampoo-500ml-ps-19629-281-p46273:79
[  362163ms] [LOG] Trustvox rating | ID final usado = 46273 @ https://www.lolacosmetics.com.br/bossa-shampoo-500ml-ps-19629-281-p46273:79
[  362166ms] [LOG] Trustvox PDP | product: 46273 | type: 3 | usedId: 46273 @ https://www.lolacosmetics.com.br/bossa-shampoo-500ml-ps-19629-281-p46273:303
[  362242ms] [LOG] Banner não encontrado: banner-232 @ https://d1hjvew1n9ss7u.cloudfront.net/asset.axd?id=PAEAAB-LCAAAAAAAAAOtj0EPwUAQhf-KzLnsKqu64iBu4oSbOKzt0G2qKztTkQi_3abi6Ob43vfem8wDLIMGxjuLytwM2eCuPOvZ0gRCnrd86k8hgSaGNr5llFE40CdTEyZQXKP_EtuuRREhaA5tJLcIJqM8VSqfZlIO1VilWRYT9puwhStAjyZqIKM4fm1HoPeP333qLi5bYn8RS98wNix2JV6QxNrXRizOwRRGrLbi88ygIngm_1k8YzCOusXD8w1y8dfTPAEAAA%3d%3d:754
[  362243ms] [LOG] [Debug Carrinho] Polling ativo @ https://d1hjvew1n9ss7u.cloudfront.net/asset.axd?id=PAEAAB-LCAAAAAAAAAOtj0EPwUAQhf-KzLnsKqu64iBu4oSbOKzt0G2qKztTkQi_3abi6Ob43vfem8wDLIMGxjuLytwM2eCuPOvZ0gRCnrd86k8hgSaGNr5llFE40CdTEyZQXKP_EtuuRREhaA5tJLcIJqM8VSqfZlIO1VilWRYT9puwhStAjyZqIKM4fm1HoPeP333qLi5bYn8RS98wNix2JV6QxNrXRizOwRRGrLbi88ygIngm_1k8YzCOusXD8w1y8dfTPAEAAA%3d%3d:1790
[  362288ms] [LOG] add @ https://d1hjvew1n9ss7u.cloudfront.net/asset.axd?id=PAEAAB-LCAAAAAAAAAOtj0EPwUAQhf-KzLnsKqu64iBu4oSbOKzt0G2qKztTkQi_3abi6Ob43vfem8wDLIMGxjuLytwM2eCuPOvZ0gRCnrd86k8hgSaGNr5llFE40CdTEyZQXKP_EtuuRREhaA5tJLcIJqM8VSqfZlIO1VilWRYT9puwhStAjyZqIKM4fm1HoPeP333qLi5bYn8RS98wNix2JV6QxNrXRizOwRRGrLbi88ygIngm_1k8YzCOusXD8w1y8dfTPAEAAA%3d%3d:1
[  362289ms] [WARNING] !! Há erros de scripts de terceiros !!
Por favor, contate a Empresa responsável pelo script.  @ https://d1hjvew1n9ss7u.cloudfront.net/assets/shjs.js?t=639255987001545277:0
[  362290ms] Uncaught Error: You must pass a string or Handlebars AST to Handlebars.compile. You passed null
    at e.compile (https://d1hjvew1n9ss7u.cloudfront.net/asset.axd?id=PAEAAB-LCAAAAAAAAAOtj0EPwUAQhf-KzLnsKqu64iBu4oSbOKzt0G2qKztTkQi_3abi6Ob43vfem8wDLIMGxjuLytwM2eCuPOvZ0gRCnrd86k8hgSaGNr5llFE40CdTEyZQXKP_EtuuRREhaA5tJLcIJqM8VSqfZlIO1VilWRYT9puwhStAjyZqIKM4fm1HoPeP333qLi5bYn8RS98wNix2JV6QxNrXRizOwRRGrLbi88ygIngm_1k8YzCOusXD8w1y8dfTPAEAAA%3d%3d:1794:49302)
    at i.compile (https://d1hjvew1n9ss7u.cloudfront.net/asset.axd?id=PAEAAB-LCAAAAAAAAAOtj0EPwUAQhf-KzLnsKqu64iBu4oSbOKzt0G2qKztTkQi_3abi6Ob43vfem8wDLIMGxjuLytwM2eCuPOvZ0gRCnrd86k8hgSaGNr5llFE40CdTEyZQXKP_EtuuRREhaA5tJLcIJqM8VSqfZlIO1VilWRYT9puwhStAjyZqIKM4fm1HoPeP333qLi5bYn8RS98wNix2JV6QxNrXRizOwRRGrLbi88ygIngm_1k8YzCOusXD8w1y8dfTPAEAAA%3d%3d:1794:343)
    at renderBasket (https://d1hjvew1n9ss7u.cloudfront.net/asset.axd?id=PAEAAB-LCAAAAAAAAAOtj0EPwUAQhf-KzLnsKqu64iBu4oSbOKzt0G2qKztTkQi_3abi6Ob43vfem8wDLIMGxjuLytwM2eCuPOvZ0gRCnrd86k8hgSaGNr5llFE40CdTEyZQXKP_EtuuRREhaA5tJLcIJqM8VSqfZlIO1VilWRYT9puwhStAjyZqIKM4fm1HoPeP333qLi5bYn8RS98wNix2JV6QxNrXRizOwRRGrLbi88ygIngm_1k8YzCOusXD8w1y8dfTPAEAAA%3d%3d:29:27)
    at <anonymous> (https://d1hjvew1n9ss7u.cloudfront.net/asset.axd?id=PAEAAB-LCAAAAAAAAAOtj0EPwUAQhf-KzLnsKqu64iBu4oSbOKzt0G2qKztTkQi_3abi6Ob43vfem8wDLIMGxjuLytwM2eCuPOvZ0gRCnrd86k8hgSaGNr5llFE40CdTEyZQXKP_EtuuRREhaA5tJLcIJqM8VSqfZlIO1VilWRYT9puwhStAjyZqIKM4fm1HoPeP333qLi5bYn8RS98wNix2JV6QxNrXRizOwRRGrLbi88ygIngm_1k8YzCOusXD8w1y8dfTPAEAAA%3d%3d:220:1)
    at f (https://d1hjvew1n9ss7u.cloudfront.net/assets/shjs.js?t=639255987001545277:0:10382)
    at fireWith (https://d1hjvew1n9ss7u.cloudfront.net/assets/shjs.js?t=639255987001545277:0:11137)
    at ready (https://d1hjvew1n9ss7u.cloudfront.net/assets/shjs.js?t=639255987001545277:0:5238)
    at r (https://d1hjvew1n9ss7u.cloudfront.net/assets/shjs.js?t=639255987001545277:0:9748)
[  362293ms] [VERBOSE] [DOM] Input elements should have autocomplete attributes (suggested: "current-password"): (More info: https://goo.gl/9p2vKq) %o @ https://www.lolacosmetics.com.br/bossa-shampoo-500ml-ps-19629-281-p46273:0
[  362293ms] [VERBOSE] [DOM] Input elements should have autocomplete attributes (suggested: "current-password"): (More info: https://goo.gl/9p2vKq) %o @ https://www.lolacosmetics.com.br/bossa-shampoo-500ml-ps-19629-281-p46273:0
[  362308ms] [ERROR] Failed to load resource: the server responded with a status of 404 () @ https://lolacosmetics.admin.linxcommerce.com.br/Custom/Content/Themes/Lola/Imagens/Principais_Ingredientes/oleo%20pequi.jpg:0
[  362308ms] [ERROR] Failed to load resource: the server responded with a status of 404 () @ https://lolacosmetics.admin.linxcommerce.com.br/Custom/Content/Themes/Lola/Imagens/Principais_Ingredientes/Acai-da-tradicao-indigena-ao-sucesso-internacional%20(1).png:0
[  362311ms] [ERROR] Failed to load resource: the server responded with a status of 404 () @ https://lolacosmetics.admin.linxcommerce.com.br/Custom/Content/Themes/Lola/Imagens/Principais_Ingredientes/Extratos-vegetais-1024x576.png:0
[  362391ms] [ERROR] Failed to load resource: net::ERR_NAME_NOT_RESOLVED @ https://event.getblue.io/js/blue-tag.min.js:0
[  362435ms] [LOG] AffiseStorage availability: {cookie: true, localStorage: true, sessionStorage: true} @ https://rankmediabrasil.g2afse.com/websdk.js:0
[  362436ms] [LOG] Status RNK Media - ClickId: null UTM: null @ :3
[  362490ms] [WARNING] [Meta Pixel] - Invalid parameter format for currency. Please refer https://developers.facebook.com/docs/meta-pixel/reference/ for valid parameter specifications. @ https://connect.facebook.net/en_US/fbevents.js:203
[  362505ms] [ERROR] Failed to load resource: the server responded with a status of 404 () @ https://d1hjvew1n9ss7u.cloudfront.net/Custom/Content/Themes/Lola/Agrada/CSS/ajax-loader.gif:0
[  362791ms] Uncaught TypeError: Cannot read properties of undefined (reading 'replace')
    at validaFreteGratis (https://d1hjvew1n9ss7u.cloudfront.net/asset.axd?id=PAEAAB-LCAAAAAAAAAOtj0EPwUAQhf-KzLnsKqu64iBu4oSbOKzt0G2qKztTkQi_3abi6Ob43vfem8wDLIMGxjuLytwM2eCuPOvZ0gRCnrd86k8hgSaGNr5llFE40CdTEyZQXKP_EtuuRREhaA5tJLcIJqM8VSqfZlIO1VilWRYT9puwhStAjyZqIKM4fm1HoPeP333qLi5bYn8RS98wNix2JV6QxNrXRizOwRRGrLbi88ygIngm_1k8YzCOusXD8w1y8dfTPAEAAA%3d%3d:1:7633)
    at <anonymous> (https://d1hjvew1n9ss7u.cloudfront.net/asset.axd?id=PAEAAB-LCAAAAAAAAAOtj0EPwUAQhf-KzLnsKqu64iBu4oSbOKzt0G2qKztTkQi_3abi6Ob43vfem8wDLIMGxjuLytwM2eCuPOvZ0gRCnrd86k8hgSaGNr5llFE40CdTEyZQXKP_EtuuRREhaA5tJLcIJqM8VSqfZlIO1VilWRYT9puwhStAjyZqIKM4fm1HoPeP333qLi5bYn8RS98wNix2JV6QxNrXRizOwRRGrLbi88ygIngm_1k8YzCOusXD8w1y8dfTPAEAAA%3d%3d:1:49808)
    at dispatch (https://d1hjvew1n9ss7u.cloudfront.net/assets/shjs.js?t=639255987001545277:0:32701)
    at a (https://d1hjvew1n9ss7u.cloudfront.net/assets/shjs.js?t=639255987001545277:0:28480)
[  362789ms] [LOG] Banner não encontrado: banner-232 @ https://d1hjvew1n9ss7u.cloudfront.net/asset.axd?id=PAEAAB-LCAAAAAAAAAOtj0EPwUAQhf-KzLnsKqu64iBu4oSbOKzt0G2qKztTkQi_3abi6Ob43vfem8wDLIMGxjuLytwM2eCuPOvZ0gRCnrd86k8hgSaGNr5llFE40CdTEyZQXKP_EtuuRREhaA5tJLcIJqM8VSqfZlIO1VilWRYT9puwhStAjyZqIKM4fm1HoPeP333qLi5bYn8RS98wNix2JV6QxNrXRizOwRRGrLbi88ygIngm_1k8YzCOusXD8w1y8dfTPAEAAA%3d%3d:754
[  362812ms] [LOG] %c Widde Video Commerce %c v24604ee %c Build: 21/09/2026 20:39 %c border: 1px solid #2567f8; background: #2567f8; color: #fff; font-weight: bold; padding: 4px 8px; border-radius: 3px 0 0 0; border: 1px solid #2567f8; border-left: none; background: #FFF; color: #2567f8; font-weight: bold; padding: 4px 8px; border: 1px solid #2567f8; border-left: none; background: #f0f0f0; color: #333; font-weight: bold; padding: 4px 8px; border-radius: 0 3px 3px 0; background: transparent @ https://cdn.widde.io/assets/main.utzwjalemu.js:0
[  362960ms] [LOG] %c Tryon Widde.io %c %s %c border: 1px solid #2567f8; background: #2567f8; color: #fff; font-weight: bold; padding: 4px 8px; border-radius: 3px 0 0 3px; border: 1px solid #2567f8; background: #FFF; color: #2567f8; font-weight: bold; padding: 4px 8px; border-radius: 0 3px 3px 0; 47bf7c2 background: transparent @ https://cdn-tryon.widde.io/widde-tryon.js:86
[  362979ms] [LOG] [tryon-tracker] initialized {domain: www.lolacosmetics.com.br} @ https://cdn-tryon.widde.io/widde-tryon.js:8
[  369394ms] [WARNING] Error with Feature-Policy header: Some features are specified in both Feature-Policy and Permissions-Policy header: payment, fullscreen, microphone, camera. Values defined in Permissions-Policy header will be used. @ :0
[  369677ms] [ERROR] Failed to load resource: the server responded with a status of 500 () @ https://fonts.cdnfonts.com/css/leelawade:0
[  370067ms] [ERROR] Failed to load resource: the server responded with a status of 404 () @ https://lolacosmetics.admin.linxcommerce.com.br/Custom/Content/Themes/Lola/Styles/Fonts/FontAwesome/all.css:0
[  370078ms] [LOG] Trustvox rating | PDP: 45637 tipo: 3 @ https://www.lolacosmetics.com.br/chapada-sabonete-cremoso-280g-ps-19629-110-p45637:1
[  370078ms] [LOG] Trustvox rating | ID final usado = 45637 @ https://www.lolacosmetics.com.br/chapada-sabonete-cremoso-280g-ps-19629-110-p45637:1
[  370096ms] [LOG] Trustvox PDP | product: 45637 | type: 3 | usedId: 45637 @ https://www.lolacosmetics.com.br/chapada-sabonete-cremoso-280g-ps-19629-110-p45637:1
[  370144ms] [LOG] Banner não encontrado: banner-232 @ https://d1hjvew1n9ss7u.cloudfront.net/asset.axd?id=PAEAAB-LCAAAAAAAAAOtj0EPwUAQhf-KzLnsKqu64iBu4oSbOKzt0G2qKztTkQi_3abi6Ob43vfem8wDLIMGxjuLytwM2eCuPOvZ0gRCnrd86k8hgSaGNr5llFE40CdTEyZQXKP_EtuuRREhaA5tJLcIJqM8VSqfZlIO1VilWRYT9puwhStAjyZqIKM4fm1HoPeP333qLi5bYn8RS98wNix2JV6QxNrXRizOwRRGrLbi88ygIngm_1k8YzCOusXD8w1y8dfTPAEAAA%3d%3d:754
[  370147ms] [LOG] [Debug Carrinho] Polling ativo @ https://d1hjvew1n9ss7u.cloudfront.net/asset.axd?id=PAEAAB-LCAAAAAAAAAOtj0EPwUAQhf-KzLnsKqu64iBu4oSbOKzt0G2qKztTkQi_3abi6Ob43vfem8wDLIMGxjuLytwM2eCuPOvZ0gRCnrd86k8hgSaGNr5llFE40CdTEyZQXKP_EtuuRREhaA5tJLcIJqM8VSqfZlIO1VilWRYT9puwhStAjyZqIKM4fm1HoPeP333qLi5bYn8RS98wNix2JV6QxNrXRizOwRRGrLbi88ygIngm_1k8YzCOusXD8w1y8dfTPAEAAA%3d%3d:1790
[  370205ms] [LOG] add @ https://d1hjvew1n9ss7u.cloudfront.net/asset.axd?id=PAEAAB-LCAAAAAAAAAOtj0EPwUAQhf-KzLnsKqu64iBu4oSbOKzt0G2qKztTkQi_3abi6Ob43vfem8wDLIMGxjuLytwM2eCuPOvZ0gRCnrd86k8hgSaGNr5llFE40CdTEyZQXKP_EtuuRREhaA5tJLcIJqM8VSqfZlIO1VilWRYT9puwhStAjyZqIKM4fm1HoPeP333qLi5bYn8RS98wNix2JV6QxNrXRizOwRRGrLbi88ygIngm_1k8YzCOusXD8w1y8dfTPAEAAA%3d%3d:1
[  370206ms] [WARNING] !! Há erros de scripts de terceiros !!
Por favor, contate a Empresa responsável pelo script.  @ https://d1hjvew1n9ss7u.cloudfront.net/assets/shjs.js?t=639255987001545277:0
[  370207ms] Uncaught Error: You must pass a string or Handlebars AST to Handlebars.compile. You passed null
    at e.compile (https://d1hjvew1n9ss7u.cloudfront.net/asset.axd?id=PAEAAB-LCAAAAAAAAAOtj0EPwUAQhf-KzLnsKqu64iBu4oSbOKzt0G2qKztTkQi_3abi6Ob43vfem8wDLIMGxjuLytwM2eCuPOvZ0gRCnrd86k8hgSaGNr5llFE40CdTEyZQXKP_EtuuRREhaA5tJLcIJqM8VSqfZlIO1VilWRYT9puwhStAjyZqIKM4fm1HoPeP333qLi5bYn8RS98wNix2JV6QxNrXRizOwRRGrLbi88ygIngm_1k8YzCOusXD8w1y8dfTPAEAAA%3d%3d:1794:49302)
    at i.compile (https://d1hjvew1n9ss7u.cloudfront.net/asset.axd?id=PAEAAB-LCAAAAAAAAAOtj0EPwUAQhf-KzLnsKqu64iBu4oSbOKzt0G2qKztTkQi_3abi6Ob43vfem8wDLIMGxjuLytwM2eCuPOvZ0gRCnrd86k8hgSaGNr5llFE40CdTEyZQXKP_EtuuRREhaA5tJLcIJqM8VSqfZlIO1VilWRYT9puwhStAjyZqIKM4fm1HoPeP333qLi5bYn8RS98wNix2JV6QxNrXRizOwRRGrLbi88ygIngm_1k8YzCOusXD8w1y8dfTPAEAAA%3d%3d:1794:343)
    at renderBasket (https://d1hjvew1n9ss7u.cloudfront.net/asset.axd?id=PAEAAB-LCAAAAAAAAAOtj0EPwUAQhf-KzLnsKqu64iBu4oSbOKzt0G2qKztTkQi_3abi6Ob43vfem8wDLIMGxjuLytwM2eCuPOvZ0gRCnrd86k8hgSaGNr5llFE40CdTEyZQXKP_EtuuRREhaA5tJLcIJqM8VSqfZlIO1VilWRYT9puwhStAjyZqIKM4fm1HoPeP333qLi5bYn8RS98wNix2JV6QxNrXRizOwRRGrLbi88ygIngm_1k8YzCOusXD8w1y8dfTPAEAAA%3d%3d:29:27)
    at <anonymous> (https://d1hjvew1n9ss7u.cloudfront.net/asset.axd?id=PAEAAB-LCAAAAAAAAAOtj0EPwUAQhf-KzLnsKqu64iBu4oSbOKzt0G2qKztTkQi_3abi6Ob43vfem8wDLIMGxjuLytwM2eCuPOvZ0gRCnrd86k8hgSaGNr5llFE40CdTEyZQXKP_EtuuRREhaA5tJLcIJqM8VSqfZlIO1VilWRYT9puwhStAjyZqIKM4fm1HoPeP333qLi5bYn8RS98wNix2JV6QxNrXRizOwRRGrLbi88ygIngm_1k8YzCOusXD8w1y8dfTPAEAAA%3d%3d:220:1)
    at f (https://d1hjvew1n9ss7u.cloudfront.net/assets/shjs.js?t=639255987001545277:0:10382)
    at fireWith (https://d1hjvew1n9ss7u.cloudfront.net/assets/shjs.js?t=639255987001545277:0:11137)
    at ready (https://d1hjvew1n9ss7u.cloudfront.net/assets/shjs.js?t=639255987001545277:0:5238)
    at r (https://d1hjvew1n9ss7u.cloudfront.net/assets/shjs.js?t=639255987001545277:0:9748)
[  370209ms] [VERBOSE] [DOM] Input elements should have autocomplete attributes (suggested: "current-password"): (More info: https://goo.gl/9p2vKq) %o @ https://www.lolacosmetics.com.br/chapada-sabonete-cremoso-280g-ps-19629-110-p45637:0
[  370209ms] [VERBOSE] [DOM] Input elements should have autocomplete attributes (suggested: "current-password"): (More info: https://goo.gl/9p2vKq) %o @ https://www.lolacosmetics.com.br/chapada-sabonete-cremoso-280g-ps-19629-110-p45637:0
[  370250ms] [ERROR] Failed to load resource: the server responded with a status of 404 () @ https://d1hjvew1n9ss7u.cloudfront.net/Custom/Content:0
[  370324ms] [ERROR] Failed to load resource: net::ERR_NAME_NOT_RESOLVED @ https://event.getblue.io/js/blue-tag.min.js:0
[  370340ms] [LOG] AffiseStorage availability: {cookie: true, localStorage: true, sessionStorage: true} @ https://rankmediabrasil.g2afse.com/websdk.js:0
[  370341ms] [LOG] Status RNK Media - ClickId: null UTM: null @ :3
[  370412ms] [WARNING] [Meta Pixel] - Invalid parameter format for currency. Please refer https://developers.facebook.com/docs/meta-pixel/reference/ for valid parameter specifications. @ https://connect.facebook.net/en_US/fbevents.js:203
[  370429ms] [ERROR] Failed to load resource: the server responded with a status of 404 () @ https://d1hjvew1n9ss7u.cloudfront.net/Custom/Content/Themes/Lola/Agrada/CSS/ajax-loader.gif:0
[  370845ms] Uncaught TypeError: Cannot read properties of undefined (reading 'replace')
    at validaFreteGratis (https://d1hjvew1n9ss7u.cloudfront.net/asset.axd?id=PAEAAB-LCAAAAAAAAAOtj0EPwUAQhf-KzLnsKqu64iBu4oSbOKzt0G2qKztTkQi_3abi6Ob43vfem8wDLIMGxjuLytwM2eCuPOvZ0gRCnrd86k8hgSaGNr5llFE40CdTEyZQXKP_EtuuRREhaA5tJLcIJqM8VSqfZlIO1VilWRYT9puwhStAjyZqIKM4fm1HoPeP333qLi5bYn8RS98wNix2JV6QxNrXRizOwRRGrLbi88ygIngm_1k8YzCOusXD8w1y8dfTPAEAAA%3d%3d:1:7633)
    at <anonymous> (https://d1hjvew1n9ss7u.cloudfront.net/asset.axd?id=PAEAAB-LCAAAAAAAAAOtj0EPwUAQhf-KzLnsKqu64iBu4oSbOKzt0G2qKztTkQi_3abi6Ob43vfem8wDLIMGxjuLytwM2eCuPOvZ0gRCnrd86k8hgSaGNr5llFE40CdTEyZQXKP_EtuuRREhaA5tJLcIJqM8VSqfZlIO1VilWRYT9puwhStAjyZqIKM4fm1HoPeP333qLi5bYn8RS98wNix2JV6QxNrXRizOwRRGrLbi88ygIngm_1k8YzCOusXD8w1y8dfTPAEAAA%3d%3d:1:49808)
    at dispatch (https://d1hjvew1n9ss7u.cloudfront.net/assets/shjs.js?t=639255987001545277:0:32701)
    at a (https://d1hjvew1n9ss7u.cloudfront.net/assets/shjs.js?t=639255987001545277:0:28480)
[  370843ms] [LOG] Banner não encontrado: banner-232 @ https://d1hjvew1n9ss7u.cloudfront.net/asset.axd?id=PAEAAB-LCAAAAAAAAAOtj0EPwUAQhf-KzLnsKqu64iBu4oSbOKzt0G2qKztTkQi_3abi6Ob43vfem8wDLIMGxjuLytwM2eCuPOvZ0gRCnrd86k8hgSaGNr5llFE40CdTEyZQXKP_EtuuRREhaA5tJLcIJqM8VSqfZlIO1VilWRYT9puwhStAjyZqIKM4fm1HoPeP333qLi5bYn8RS98wNix2JV6QxNrXRizOwRRGrLbi88ygIngm_1k8YzCOusXD8w1y8dfTPAEAAA%3d%3d:754
[  370882ms] [LOG] %c Widde Video Commerce %c v24604ee %c Build: 21/09/2026 20:39 %c border: 1px solid #2567f8; background: #2567f8; color: #fff; font-weight: bold; padding: 4px 8px; border-radius: 3px 0 0 0; border: 1px solid #2567f8; border-left: none; background: #FFF; color: #2567f8; font-weight: bold; padding: 4px 8px; border: 1px solid #2567f8; border-left: none; background: #f0f0f0; color: #333; font-weight: bold; padding: 4px 8px; border-radius: 0 3px 3px 0; background: transparent @ https://cdn.widde.io/assets/main.utzwjalemu.js:0
[  371193ms] [LOG] %c Tryon Widde.io %c %s %c border: 1px solid #2567f8; background: #2567f8; color: #fff; font-weight: bold; padding: 4px 8px; border-radius: 3px 0 0 3px; border: 1px solid #2567f8; background: #FFF; color: #2567f8; font-weight: bold; padding: 4px 8px; border-radius: 0 3px 3px 0; 47bf7c2 background: transparent @ https://cdn-tryon.widde.io/widde-tryon.js:86
[  371221ms] [LOG] [tryon-tracker] initialized {domain: www.lolacosmetics.com.br} @ https://cdn-tryon.widde.io/widde-tryon.js:8
[  377274ms] [WARNING] Error with Feature-Policy header: Some features are specified in both Feature-Policy and Permissions-Policy header: payment, fullscreen, microphone, camera. Values defined in Permissions-Policy header will be used. @ :0
[  377670ms] [ERROR] Failed to load resource: the server responded with a status of 500 () @ https://fonts.cdnfonts.com/css/leelawade:0
[  378093ms] [ERROR] Failed to load resource: the server responded with a status of 404 () @ https://lolacosmetics.admin.linxcommerce.com.br/Custom/Content/Themes/Lola/Styles/Fonts/FontAwesome/all.css:0
[  378124ms] [LOG] Trustvox rating | PDP: 46330 tipo: 3 @ https://www.lolacosmetics.com.br/cuca-fresca-condicionador-reequilibrante-250g-ps-19629-297-p46330:74
[  378124ms] [LOG] Trustvox rating | ID final usado = 46330 @ https://www.lolacosmetics.com.br/cuca-fresca-condicionador-reequilibrante-250g-ps-19629-297-p46330:74
[  378129ms] [LOG] Trustvox PDP | product: 46330 | type: 3 | usedId: 46330 @ https://www.lolacosmetics.com.br/cuca-fresca-condicionador-reequilibrante-250g-ps-19629-297-p46330:282
[  378172ms] [LOG] Banner não encontrado: banner-232 @ https://d1hjvew1n9ss7u.cloudfront.net/asset.axd?id=PAEAAB-LCAAAAAAAAAOtj0EPwUAQhf-KzLnsKqu64iBu4oSbOKzt0G2qKztTkQi_3abi6Ob43vfem8wDLIMGxjuLytwM2eCuPOvZ0gRCnrd86k8hgSaGNr5llFE40CdTEyZQXKP_EtuuRREhaA5tJLcIJqM8VSqfZlIO1VilWRYT9puwhStAjyZqIKM4fm1HoPeP333qLi5bYn8RS98wNix2JV6QxNrXRizOwRRGrLbi88ygIngm_1k8YzCOusXD8w1y8dfTPAEAAA%3d%3d:754
[  378173ms] [LOG] [Debug Carrinho] Polling ativo @ https://d1hjvew1n9ss7u.cloudfront.net/asset.axd?id=PAEAAB-LCAAAAAAAAAOtj0EPwUAQhf-KzLnsKqu64iBu4oSbOKzt0G2qKztTkQi_3abi6Ob43vfem8wDLIMGxjuLytwM2eCuPOvZ0gRCnrd86k8hgSaGNr5llFE40CdTEyZQXKP_EtuuRREhaA5tJLcIJqM8VSqfZlIO1VilWRYT9puwhStAjyZqIKM4fm1HoPeP333qLi5bYn8RS98wNix2JV6QxNrXRizOwRRGrLbi88ygIngm_1k8YzCOusXD8w1y8dfTPAEAAA%3d%3d:1790
[  378230ms] [LOG] add @ https://d1hjvew1n9ss7u.cloudfront.net/asset.axd?id=PAEAAB-LCAAAAAAAAAOtj0EPwUAQhf-KzLnsKqu64iBu4oSbOKzt0G2qKztTkQi_3abi6Ob43vfem8wDLIMGxjuLytwM2eCuPOvZ0gRCnrd86k8hgSaGNr5llFE40CdTEyZQXKP_EtuuRREhaA5tJLcIJqM8VSqfZlIO1VilWRYT9puwhStAjyZqIKM4fm1HoPeP333qLi5bYn8RS98wNix2JV6QxNrXRizOwRRGrLbi88ygIngm_1k8YzCOusXD8w1y8dfTPAEAAA%3d%3d:1
[  378231ms] [WARNING] !! Há erros de scripts de terceiros !!
Por favor, contate a Empresa responsável pelo script.  @ https://d1hjvew1n9ss7u.cloudfront.net/assets/shjs.js?t=639255987001545277:0
[  378231ms] Uncaught Error: You must pass a string or Handlebars AST to Handlebars.compile. You passed null
    at e.compile (https://d1hjvew1n9ss7u.cloudfront.net/asset.axd?id=PAEAAB-LCAAAAAAAAAOtj0EPwUAQhf-KzLnsKqu64iBu4oSbOKzt0G2qKztTkQi_3abi6Ob43vfem8wDLIMGxjuLytwM2eCuPOvZ0gRCnrd86k8hgSaGNr5llFE40CdTEyZQXKP_EtuuRREhaA5tJLcIJqM8VSqfZlIO1VilWRYT9puwhStAjyZqIKM4fm1HoPeP333qLi5bYn8RS98wNix2JV6QxNrXRizOwRRGrLbi88ygIngm_1k8YzCOusXD8w1y8dfTPAEAAA%3d%3d:1794:49302)
    at i.compile (https://d1hjvew1n9ss7u.cloudfront.net/asset.axd?id=PAEAAB-LCAAAAAAAAAOtj0EPwUAQhf-KzLnsKqu64iBu4oSbOKzt0G2qKztTkQi_3abi6Ob43vfem8wDLIMGxjuLytwM2eCuPOvZ0gRCnrd86k8hgSaGNr5llFE40CdTEyZQXKP_EtuuRREhaA5tJLcIJqM8VSqfZlIO1VilWRYT9puwhStAjyZqIKM4fm1HoPeP333qLi5bYn8RS98wNix2JV6QxNrXRizOwRRGrLbi88ygIngm_1k8YzCOusXD8w1y8dfTPAEAAA%3d%3d:1794:343)
    at renderBasket (https://d1hjvew1n9ss7u.cloudfront.net/asset.axd?id=PAEAAB-LCAAAAAAAAAOtj0EPwUAQhf-KzLnsKqu64iBu4oSbOKzt0G2qKztTkQi_3abi6Ob43vfem8wDLIMGxjuLytwM2eCuPOvZ0gRCnrd86k8hgSaGNr5llFE40CdTEyZQXKP_EtuuRREhaA5tJLcIJqM8VSqfZlIO1VilWRYT9puwhStAjyZqIKM4fm1HoPeP333qLi5bYn8RS98wNix2JV6QxNrXRizOwRRGrLbi88ygIngm_1k8YzCOusXD8w1y8dfTPAEAAA%3d%3d:29:27)
    at <anonymous> (https://d1hjvew1n9ss7u.cloudfront.net/asset.axd?id=PAEAAB-LCAAAAAAAAAOtj0EPwUAQhf-KzLnsKqu64iBu4oSbOKzt0G2qKztTkQi_3abi6Ob43vfem8wDLIMGxjuLytwM2eCuPOvZ0gRCnrd86k8hgSaGNr5llFE40CdTEyZQXKP_EtuuRREhaA5tJLcIJqM8VSqfZlIO1VilWRYT9puwhStAjyZqIKM4fm1HoPeP333qLi5bYn8RS98wNix2JV6QxNrXRizOwRRGrLbi88ygIngm_1k8YzCOusXD8w1y8dfTPAEAAA%3d%3d:220:1)
    at f (https://d1hjvew1n9ss7u.cloudfront.net/assets/shjs.js?t=639255987001545277:0:10382)
    at fireWith (https://d1hjvew1n9ss7u.cloudfront.net/assets/shjs.js?t=639255987001545277:0:11137)
    at ready (https://d1hjvew1n9ss7u.cloudfront.net/assets/shjs.js?t=639255987001545277:0:5238)
    at r (https://d1hjvew1n9ss7u.cloudfront.net/assets/shjs.js?t=639255987001545277:0:9748)
[  378234ms] [VERBOSE] [DOM] Input elements should have autocomplete attributes (suggested: "current-password"): (More info: https://goo.gl/9p2vKq) %o @ https://www.lolacosmetics.com.br/cuca-fresca-condicionador-reequilibrante-250g-ps-19629-297-p46330:0
[  378234ms] [VERBOSE] [DOM] Input elements should have autocomplete attributes (suggested: "current-password"): (More info: https://goo.gl/9p2vKq) %o @ https://www.lolacosmetics.com.br/cuca-fresca-condicionador-reequilibrante-250g-ps-19629-297-p46330:0
[  378328ms] [ERROR] Failed to load resource: net::ERR_NAME_NOT_RESOLVED @ https://event.getblue.io/js/blue-tag.min.js:0
[  378350ms] [LOG] AffiseStorage availability: {cookie: true, localStorage: true, sessionStorage: true} @ https://rankmediabrasil.g2afse.com/websdk.js:0
[  378351ms] [LOG] Status RNK Media - ClickId: null UTM: null @ :3
[  378427ms] [WARNING] [Meta Pixel] - Invalid parameter format for currency. Please refer https://developers.facebook.com/docs/meta-pixel/reference/ for valid parameter specifications. @ https://connect.facebook.net/en_US/fbevents.js:203
[  378444ms] [ERROR] Failed to load resource: the server responded with a status of 404 () @ https://d1hjvew1n9ss7u.cloudfront.net/Custom/Content/Themes/Lola/Agrada/CSS/ajax-loader.gif:0
[  378848ms] Uncaught TypeError: Cannot read properties of undefined (reading 'replace')
    at validaFreteGratis (https://d1hjvew1n9ss7u.cloudfront.net/asset.axd?id=PAEAAB-LCAAAAAAAAAOtj0EPwUAQhf-KzLnsKqu64iBu4oSbOKzt0G2qKztTkQi_3abi6Ob43vfem8wDLIMGxjuLytwM2eCuPOvZ0gRCnrd86k8hgSaGNr5llFE40CdTEyZQXKP_EtuuRREhaA5tJLcIJqM8VSqfZlIO1VilWRYT9puwhStAjyZqIKM4fm1HoPeP333qLi5bYn8RS98wNix2JV6QxNrXRizOwRRGrLbi88ygIngm_1k8YzCOusXD8w1y8dfTPAEAAA%3d%3d:1:7633)
    at <anonymous> (https://d1hjvew1n9ss7u.cloudfront.net/asset.axd?id=PAEAAB-LCAAAAAAAAAOtj0EPwUAQhf-KzLnsKqu64iBu4oSbOKzt0G2qKztTkQi_3abi6Ob43vfem8wDLIMGxjuLytwM2eCuPOvZ0gRCnrd86k8hgSaGNr5llFE40CdTEyZQXKP_EtuuRREhaA5tJLcIJqM8VSqfZlIO1VilWRYT9puwhStAjyZqIKM4fm1HoPeP333qLi5bYn8RS98wNix2JV6QxNrXRizOwRRGrLbi88ygIngm_1k8YzCOusXD8w1y8dfTPAEAAA%3d%3d:1:49808)
    at dispatch (https://d1hjvew1n9ss7u.cloudfront.net/assets/shjs.js?t=639255987001545277:0:32701)
    at a (https://d1hjvew1n9ss7u.cloudfront.net/assets/shjs.js?t=639255987001545277:0:28480)
[  378839ms] [LOG] Banner não encontrado: banner-232 @ https://d1hjvew1n9ss7u.cloudfront.net/asset.axd?id=PAEAAB-LCAAAAAAAAAOtj0EPwUAQhf-KzLnsKqu64iBu4oSbOKzt0G2qKztTkQi_3abi6Ob43vfem8wDLIMGxjuLytwM2eCuPOvZ0gRCnrd86k8hgSaGNr5llFE40CdTEyZQXKP_EtuuRREhaA5tJLcIJqM8VSqfZlIO1VilWRYT9puwhStAjyZqIKM4fm1HoPeP333qLi5bYn8RS98wNix2JV6QxNrXRizOwRRGrLbi88ygIngm_1k8YzCOusXD8w1y8dfTPAEAAA%3d%3d:754
[  378858ms] [LOG] %c Widde Video Commerce %c v24604ee %c Build: 21/09/2026 20:39 %c border: 1px solid #2567f8; background: #2567f8; color: #fff; font-weight: bold; padding: 4px 8px; border-radius: 3px 0 0 0; border: 1px solid #2567f8; border-left: none; background: #FFF; color: #2567f8; font-weight: bold; padding: 4px 8px; border: 1px solid #2567f8; border-left: none; background: #f0f0f0; color: #333; font-weight: bold; padding: 4px 8px; border-radius: 0 3px 3px 0; background: transparent @ https://cdn.widde.io/assets/main.utzwjalemu.js:0
[  378863ms] [ERROR] Error decoding JWT: Error: Invalid JWT format
    at u0 (https://cdn.widde.io/assets/shared-utils.58MPgxdv.js:99:89838)
    at e (https://cdn.widde.io/assets/shared-utils.58MPgxdv.js:99:90502)
    at d0.startNativation (https://cdn.widde.io/assets/shared-utils.58MPgxdv.js:99:90616)
    at d0.registerNavigation (https://cdn.widde.io/assets/shared-utils.58MPgxdv.js:99:91609)
    at e (https://cdn.widde.io/assets/main.utzwjalemu.js:1:21655) @ https://cdn.widde.io/assets/shared-utils.58MPgxdv.js:98
[  379172ms] [LOG] %c Tryon Widde.io %c %s %c border: 1px solid #2567f8; background: #2567f8; color: #fff; font-weight: bold; padding: 4px 8px; border-radius: 3px 0 0 3px; border: 1px solid #2567f8; background: #FFF; color: #2567f8; font-weight: bold; padding: 4px 8px; border-radius: 0 3px 3px 0; 47bf7c2 background: transparent @ https://cdn-tryon.widde.io/widde-tryon.js:86
[  379209ms] [LOG] [tryon-tracker] initialized {domain: www.lolacosmetics.com.br} @ https://cdn-tryon.widde.io/widde-tryon.js:8
[  385304ms] [WARNING] Error with Feature-Policy header: Some features are specified in both Feature-Policy and Permissions-Policy header: payment, fullscreen, microphone, camera. Values defined in Permissions-Policy header will be used. @ :0
[  385585ms] [ERROR] Failed to load resource: the server responded with a status of 500 () @ https://fonts.cdnfonts.com/css/leelawade:0
[  385838ms] [ERROR] Failed to load resource: the server responded with a status of 404 () @ https://lolacosmetics.admin.linxcommerce.com.br/Custom/Content/Themes/Lola/Styles/Fonts/FontAwesome/all.css:0
[  385846ms] [LOG] Trustvox rating | PDP: 46241 tipo: 7 @ https://www.lolacosmetics.com.br/kit-be-m-dita-praia-geleia-e-bronze-p46241:1
[  385846ms] [LOG] Trustvox rating | childId: 45462 -> parent (childId-1): 45461 @ https://www.lolacosmetics.com.br/kit-be-m-dita-praia-geleia-e-bronze-p46241:1
[  385846ms] [LOG] Trustvox rating | ID final usado = 45461 @ https://www.lolacosmetics.com.br/kit-be-m-dita-praia-geleia-e-bronze-p46241:1
[  385846ms] [LOG] {Items: Array(0), VariationPath: /, VariationLevel: 1, ProductPath: /7.46241/5.45462/, ProductLevel: 1} @ https://www.lolacosmetics.com.br/kit-be-m-dita-praia-geleia-e-bronze-p46241:1
[  385846ms] [LOG] {Items: Array(0), VariationPath: /, VariationLevel: 1, ProductPath: /7.46241/5.45564/, ProductLevel: 1} @ https://www.lolacosmetics.com.br/kit-be-m-dita-praia-geleia-e-bronze-p46241:1
[  385847ms] [LOG] Trustvox PDP | product: 46241 | type: 7 | childId: 45462 | usedId: 45461 @ https://www.lolacosmetics.com.br/kit-be-m-dita-praia-geleia-e-bronze-p46241:1
[  385888ms] [LOG] Banner não encontrado: banner-232 @ https://d1hjvew1n9ss7u.cloudfront.net/asset.axd?id=PAEAAB-LCAAAAAAAAAOtj0EPwUAQhf-KzLnsKqu64iBu4oSbOKzt0G2qKztTkQi_3abi6Ob43vfem8wDLIMGxjuLytwM2eCuPOvZ0gRCnrd86k8hgSaGNr5llFE40CdTEyZQXKP_EtuuRREhaA5tJLcIJqM8VSqfZlIO1VilWRYT9puwhStAjyZqIKM4fm1HoPeP333qLi5bYn8RS98wNix2JV6QxNrXRizOwRRGrLbi88ygIngm_1k8YzCOusXD8w1y8dfTPAEAAA%3d%3d:754
[  385889ms] [LOG] [Debug Carrinho] Polling ativo @ https://d1hjvew1n9ss7u.cloudfront.net/asset.axd?id=PAEAAB-LCAAAAAAAAAOtj0EPwUAQhf-KzLnsKqu64iBu4oSbOKzt0G2qKztTkQi_3abi6Ob43vfem8wDLIMGxjuLytwM2eCuPOvZ0gRCnrd86k8hgSaGNr5llFE40CdTEyZQXKP_EtuuRREhaA5tJLcIJqM8VSqfZlIO1VilWRYT9puwhStAjyZqIKM4fm1HoPeP333qLi5bYn8RS98wNix2JV6QxNrXRizOwRRGrLbi88ygIngm_1k8YzCOusXD8w1y8dfTPAEAAA%3d%3d:1790
[  385937ms] [LOG] add @ https://d1hjvew1n9ss7u.cloudfront.net/asset.axd?id=PAEAAB-LCAAAAAAAAAOtj0EPwUAQhf-KzLnsKqu64iBu4oSbOKzt0G2qKztTkQi_3abi6Ob43vfem8wDLIMGxjuLytwM2eCuPOvZ0gRCnrd86k8hgSaGNr5llFE40CdTEyZQXKP_EtuuRREhaA5tJLcIJqM8VSqfZlIO1VilWRYT9puwhStAjyZqIKM4fm1HoPeP333qLi5bYn8RS98wNix2JV6QxNrXRizOwRRGrLbi88ygIngm_1k8YzCOusXD8w1y8dfTPAEAAA%3d%3d:1
[  385937ms] [WARNING] !! Há erros de scripts de terceiros !!
Por favor, contate a Empresa responsável pelo script.  @ https://d1hjvew1n9ss7u.cloudfront.net/assets/shjs.js?t=639255987001545277:0
[  385939ms] Uncaught Error: You must pass a string or Handlebars AST to Handlebars.compile. You passed null
    at e.compile (https://d1hjvew1n9ss7u.cloudfront.net/asset.axd?id=PAEAAB-LCAAAAAAAAAOtj0EPwUAQhf-KzLnsKqu64iBu4oSbOKzt0G2qKztTkQi_3abi6Ob43vfem8wDLIMGxjuLytwM2eCuPOvZ0gRCnrd86k8hgSaGNr5llFE40CdTEyZQXKP_EtuuRREhaA5tJLcIJqM8VSqfZlIO1VilWRYT9puwhStAjyZqIKM4fm1HoPeP333qLi5bYn8RS98wNix2JV6QxNrXRizOwRRGrLbi88ygIngm_1k8YzCOusXD8w1y8dfTPAEAAA%3d%3d:1794:49302)
    at i.compile (https://d1hjvew1n9ss7u.cloudfront.net/asset.axd?id=PAEAAB-LCAAAAAAAAAOtj0EPwUAQhf-KzLnsKqu64iBu4oSbOKzt0G2qKztTkQi_3abi6Ob43vfem8wDLIMGxjuLytwM2eCuPOvZ0gRCnrd86k8hgSaGNr5llFE40CdTEyZQXKP_EtuuRREhaA5tJLcIJqM8VSqfZlIO1VilWRYT9puwhStAjyZqIKM4fm1HoPeP333qLi5bYn8RS98wNix2JV6QxNrXRizOwRRGrLbi88ygIngm_1k8YzCOusXD8w1y8dfTPAEAAA%3d%3d:1794:343)
    at renderBasket (https://d1hjvew1n9ss7u.cloudfront.net/asset.axd?id=PAEAAB-LCAAAAAAAAAOtj0EPwUAQhf-KzLnsKqu64iBu4oSbOKzt0G2qKztTkQi_3abi6Ob43vfem8wDLIMGxjuLytwM2eCuPOvZ0gRCnrd86k8hgSaGNr5llFE40CdTEyZQXKP_EtuuRREhaA5tJLcIJqM8VSqfZlIO1VilWRYT9puwhStAjyZqIKM4fm1HoPeP333qLi5bYn8RS98wNix2JV6QxNrXRizOwRRGrLbi88ygIngm_1k8YzCOusXD8w1y8dfTPAEAAA%3d%3d:29:27)
    at <anonymous> (https://d1hjvew1n9ss7u.cloudfront.net/asset.axd?id=PAEAAB-LCAAAAAAAAAOtj0EPwUAQhf-KzLnsKqu64iBu4oSbOKzt0G2qKztTkQi_3abi6Ob43vfem8wDLIMGxjuLytwM2eCuPOvZ0gRCnrd86k8hgSaGNr5llFE40CdTEyZQXKP_EtuuRREhaA5tJLcIJqM8VSqfZlIO1VilWRYT9puwhStAjyZqIKM4fm1HoPeP333qLi5bYn8RS98wNix2JV6QxNrXRizOwRRGrLbi88ygIngm_1k8YzCOusXD8w1y8dfTPAEAAA%3d%3d:220:1)
    at f (https://d1hjvew1n9ss7u.cloudfront.net/assets/shjs.js?t=639255987001545277:0:10382)
    at fireWith (https://d1hjvew1n9ss7u.cloudfront.net/assets/shjs.js?t=639255987001545277:0:11137)
    at ready (https://d1hjvew1n9ss7u.cloudfront.net/assets/shjs.js?t=639255987001545277:0:5238)
    at r (https://d1hjvew1n9ss7u.cloudfront.net/assets/shjs.js?t=639255987001545277:0:9748)
[  385940ms] [VERBOSE] [DOM] Input elements should have autocomplete attributes (suggested: "current-password"): (More info: https://goo.gl/9p2vKq) %o @ https://www.lolacosmetics.com.br/kit-be-m-dita-praia-geleia-e-bronze-p46241:0
[  385940ms] [VERBOSE] [DOM] Input elements should have autocomplete attributes (suggested: "current-password"): (More info: https://goo.gl/9p2vKq) %o @ https://www.lolacosmetics.com.br/kit-be-m-dita-praia-geleia-e-bronze-p46241:0
[  386057ms] [ERROR] Failed to load resource: net::ERR_NAME_NOT_RESOLVED @ https://event.getblue.io/js/blue-tag.min.js:0
[  386116ms] [LOG] AffiseStorage availability: {cookie: true, localStorage: true, sessionStorage: true} @ https://rankmediabrasil.g2afse.com/websdk.js:0
[  386117ms] [LOG] Status RNK Media - ClickId: null UTM: null @ :3
[  386133ms] [ERROR] Failed to load resource: the server responded with a status of 404 () @ https://d1hjvew1n9ss7u.cloudfront.net/Custom/Content/Themes/Lola/Agrada/CSS/ajax-loader.gif:0
[  386152ms] [WARNING] [Meta Pixel] - Invalid parameter format for currency. Please refer https://developers.facebook.com/docs/meta-pixel/reference/ for valid parameter specifications. @ https://connect.facebook.net/en_US/fbevents.js:203
[  386447ms] Uncaught TypeError: Cannot read properties of undefined (reading 'replace')
    at validaFreteGratis (https://d1hjvew1n9ss7u.cloudfront.net/asset.axd?id=PAEAAB-LCAAAAAAAAAOtj0EPwUAQhf-KzLnsKqu64iBu4oSbOKzt0G2qKztTkQi_3abi6Ob43vfem8wDLIMGxjuLytwM2eCuPOvZ0gRCnrd86k8hgSaGNr5llFE40CdTEyZQXKP_EtuuRREhaA5tJLcIJqM8VSqfZlIO1VilWRYT9puwhStAjyZqIKM4fm1HoPeP333qLi5bYn8RS98wNix2JV6QxNrXRizOwRRGrLbi88ygIngm_1k8YzCOusXD8w1y8dfTPAEAAA%3d%3d:1:7633)
    at <anonymous> (https://d1hjvew1n9ss7u.cloudfront.net/asset.axd?id=PAEAAB-LCAAAAAAAAAOtj0EPwUAQhf-KzLnsKqu64iBu4oSbOKzt0G2qKztTkQi_3abi6Ob43vfem8wDLIMGxjuLytwM2eCuPOvZ0gRCnrd86k8hgSaGNr5llFE40CdTEyZQXKP_EtuuRREhaA5tJLcIJqM8VSqfZlIO1VilWRYT9puwhStAjyZqIKM4fm1HoPeP333qLi5bYn8RS98wNix2JV6QxNrXRizOwRRGrLbi88ygIngm_1k8YzCOusXD8w1y8dfTPAEAAA%3d%3d:1:49808)
    at dispatch (https://d1hjvew1n9ss7u.cloudfront.net/assets/shjs.js?t=639255987001545277:0:32701)
    at a (https://d1hjvew1n9ss7u.cloudfront.net/assets/shjs.js?t=639255987001545277:0:28480)
[  386446ms] [LOG] Banner não encontrado: banner-232 @ https://d1hjvew1n9ss7u.cloudfront.net/asset.axd?id=PAEAAB-LCAAAAAAAAAOtj0EPwUAQhf-KzLnsKqu64iBu4oSbOKzt0G2qKztTkQi_3abi6Ob43vfem8wDLIMGxjuLytwM2eCuPOvZ0gRCnrd86k8hgSaGNr5llFE40CdTEyZQXKP_EtuuRREhaA5tJLcIJqM8VSqfZlIO1VilWRYT9puwhStAjyZqIKM4fm1HoPeP333qLi5bYn8RS98wNix2JV6QxNrXRizOwRRGrLbi88ygIngm_1k8YzCOusXD8w1y8dfTPAEAAA%3d%3d:754
[  386465ms] [LOG] %c Widde Video Commerce %c v24604ee %c Build: 21/09/2026 20:39 %c border: 1px solid #2567f8; background: #2567f8; color: #fff; font-weight: bold; padding: 4px 8px; border-radius: 3px 0 0 0; border: 1px solid #2567f8; border-left: none; background: #FFF; color: #2567f8; font-weight: bold; padding: 4px 8px; border: 1px solid #2567f8; border-left: none; background: #f0f0f0; color: #333; font-weight: bold; padding: 4px 8px; border-radius: 0 3px 3px 0; background: transparent @ https://cdn.widde.io/assets/main.utzwjalemu.js:0
[  386610ms] [LOG] %c Tryon Widde.io %c %s %c border: 1px solid #2567f8; background: #2567f8; color: #fff; font-weight: bold; padding: 4px 8px; border-radius: 3px 0 0 3px; border: 1px solid #2567f8; background: #FFF; color: #2567f8; font-weight: bold; padding: 4px 8px; border-radius: 0 3px 3px 0; 47bf7c2 background: transparent @ https://cdn-tryon.widde.io/widde-tryon.js:86
[  386624ms] [LOG] [tryon-tracker] initialized {domain: www.lolacosmetics.com.br} @ https://cdn-tryon.widde.io/widde-tryon.js:8
[  392727ms] [WARNING] Error with Feature-Policy header: Some features are specified in both Feature-Policy and Permissions-Policy header: payment, fullscreen, microphone, camera. Values defined in Permissions-Policy header will be used. @ :0
[  393116ms] [ERROR] Failed to load resource: the server responded with a status of 500 () @ https://fonts.cdnfonts.com/css/leelawade:0
[  393394ms] [ERROR] Failed to load resource: the server responded with a status of 404 () @ https://lolacosmetics.admin.linxcommerce.com.br/Custom/Content/Themes/Lola/Styles/Fonts/FontAwesome/all.css:0
[  393403ms] [LOG] Trustvox rating | PDP: 46348 tipo: 3 @ https://www.lolacosmetics.com.br/kit-bossa-crespos-cachos-ps-19629-303-p46348:89
[  393403ms] [LOG] Trustvox rating | ID final usado = 46348 @ https://www.lolacosmetics.com.br/kit-bossa-crespos-cachos-ps-19629-303-p46348:89
[  393425ms] [LOG] Trustvox PDP | product: 46348 | type: 3 | usedId: 46348 @ https://www.lolacosmetics.com.br/kit-bossa-crespos-cachos-ps-19629-303-p46348:338
[  393484ms] [LOG] Banner não encontrado: banner-232 @ https://d1hjvew1n9ss7u.cloudfront.net/asset.axd?id=PAEAAB-LCAAAAAAAAAOtj0EPwUAQhf-KzLnsKqu64iBu4oSbOKzt0G2qKztTkQi_3abi6Ob43vfem8wDLIMGxjuLytwM2eCuPOvZ0gRCnrd86k8hgSaGNr5llFE40CdTEyZQXKP_EtuuRREhaA5tJLcIJqM8VSqfZlIO1VilWRYT9puwhStAjyZqIKM4fm1HoPeP333qLi5bYn8RS98wNix2JV6QxNrXRizOwRRGrLbi88ygIngm_1k8YzCOusXD8w1y8dfTPAEAAA%3d%3d:754
[  393486ms] [LOG] [Debug Carrinho] Polling ativo @ https://d1hjvew1n9ss7u.cloudfront.net/asset.axd?id=PAEAAB-LCAAAAAAAAAOtj0EPwUAQhf-KzLnsKqu64iBu4oSbOKzt0G2qKztTkQi_3abi6Ob43vfem8wDLIMGxjuLytwM2eCuPOvZ0gRCnrd86k8hgSaGNr5llFE40CdTEyZQXKP_EtuuRREhaA5tJLcIJqM8VSqfZlIO1VilWRYT9puwhStAjyZqIKM4fm1HoPeP333qLi5bYn8RS98wNix2JV6QxNrXRizOwRRGrLbi88ygIngm_1k8YzCOusXD8w1y8dfTPAEAAA%3d%3d:1790
[  393533ms] [LOG] add @ https://d1hjvew1n9ss7u.cloudfront.net/asset.axd?id=PAEAAB-LCAAAAAAAAAOtj0EPwUAQhf-KzLnsKqu64iBu4oSbOKzt0G2qKztTkQi_3abi6Ob43vfem8wDLIMGxjuLytwM2eCuPOvZ0gRCnrd86k8hgSaGNr5llFE40CdTEyZQXKP_EtuuRREhaA5tJLcIJqM8VSqfZlIO1VilWRYT9puwhStAjyZqIKM4fm1HoPeP333qLi5bYn8RS98wNix2JV6QxNrXRizOwRRGrLbi88ygIngm_1k8YzCOusXD8w1y8dfTPAEAAA%3d%3d:1
[  393534ms] [WARNING] !! Há erros de scripts de terceiros !!
Por favor, contate a Empresa responsável pelo script.  @ https://d1hjvew1n9ss7u.cloudfront.net/assets/shjs.js?t=639255987001545277:0
[  393535ms] Uncaught Error: You must pass a string or Handlebars AST to Handlebars.compile. You passed null
    at e.compile (https://d1hjvew1n9ss7u.cloudfront.net/asset.axd?id=PAEAAB-LCAAAAAAAAAOtj0EPwUAQhf-KzLnsKqu64iBu4oSbOKzt0G2qKztTkQi_3abi6Ob43vfem8wDLIMGxjuLytwM2eCuPOvZ0gRCnrd86k8hgSaGNr5llFE40CdTEyZQXKP_EtuuRREhaA5tJLcIJqM8VSqfZlIO1VilWRYT9puwhStAjyZqIKM4fm1HoPeP333qLi5bYn8RS98wNix2JV6QxNrXRizOwRRGrLbi88ygIngm_1k8YzCOusXD8w1y8dfTPAEAAA%3d%3d:1794:49302)
    at i.compile (https://d1hjvew1n9ss7u.cloudfront.net/asset.axd?id=PAEAAB-LCAAAAAAAAAOtj0EPwUAQhf-KzLnsKqu64iBu4oSbOKzt0G2qKztTkQi_3abi6Ob43vfem8wDLIMGxjuLytwM2eCuPOvZ0gRCnrd86k8hgSaGNr5llFE40CdTEyZQXKP_EtuuRREhaA5tJLcIJqM8VSqfZlIO1VilWRYT9puwhStAjyZqIKM4fm1HoPeP333qLi5bYn8RS98wNix2JV6QxNrXRizOwRRGrLbi88ygIngm_1k8YzCOusXD8w1y8dfTPAEAAA%3d%3d:1794:343)
    at renderBasket (https://d1hjvew1n9ss7u.cloudfront.net/asset.axd?id=PAEAAB-LCAAAAAAAAAOtj0EPwUAQhf-KzLnsKqu64iBu4oSbOKzt0G2qKztTkQi_3abi6Ob43vfem8wDLIMGxjuLytwM2eCuPOvZ0gRCnrd86k8hgSaGNr5llFE40CdTEyZQXKP_EtuuRREhaA5tJLcIJqM8VSqfZlIO1VilWRYT9puwhStAjyZqIKM4fm1HoPeP333qLi5bYn8RS98wNix2JV6QxNrXRizOwRRGrLbi88ygIngm_1k8YzCOusXD8w1y8dfTPAEAAA%3d%3d:29:27)
    at <anonymous> (https://d1hjvew1n9ss7u.cloudfront.net/asset.axd?id=PAEAAB-LCAAAAAAAAAOtj0EPwUAQhf-KzLnsKqu64iBu4oSbOKzt0G2qKztTkQi_3abi6Ob43vfem8wDLIMGxjuLytwM2eCuPOvZ0gRCnrd86k8hgSaGNr5llFE40CdTEyZQXKP_EtuuRREhaA5tJLcIJqM8VSqfZlIO1VilWRYT9puwhStAjyZqIKM4fm1HoPeP333qLi5bYn8RS98wNix2JV6QxNrXRizOwRRGrLbi88ygIngm_1k8YzCOusXD8w1y8dfTPAEAAA%3d%3d:220:1)
    at f (https://d1hjvew1n9ss7u.cloudfront.net/assets/shjs.js?t=639255987001545277:0:10382)
    at fireWith (https://d1hjvew1n9ss7u.cloudfront.net/assets/shjs.js?t=639255987001545277:0:11137)
    at ready (https://d1hjvew1n9ss7u.cloudfront.net/assets/shjs.js?t=639255987001545277:0:5238)
    at r (https://d1hjvew1n9ss7u.cloudfront.net/assets/shjs.js?t=639255987001545277:0:9748)
[  393537ms] [VERBOSE] [DOM] Input elements should have autocomplete attributes (suggested: "current-password"): (More info: https://goo.gl/9p2vKq) %o @ https://www.lolacosmetics.com.br/kit-bossa-crespos-cachos-ps-19629-303-p46348:0
[  393537ms] [VERBOSE] [DOM] Input elements should have autocomplete attributes (suggested: "current-password"): (More info: https://goo.gl/9p2vKq) %o @ https://www.lolacosmetics.com.br/kit-bossa-crespos-cachos-ps-19629-303-p46348:0
[  393547ms] [ERROR] Failed to load resource: the server responded with a status of 404 () @ https://lolacosmetics.admin.linxcommerce.com.br/Custom/Content/Themes/Lola/Imagens/Principais_Ingredientes/Extratos-vegetais-1024x576.png:0
[  393549ms] [ERROR] Failed to load resource: the server responded with a status of 404 () @ https://lolacosmetics.admin.linxcommerce.com.br/Custom/Content/Themes/Lola/Imagens/Principais_Ingredientes/Acai-da-tradicao-indigena-ao-sucesso-internacional%20(1).png:0
[  393549ms] [ERROR] Failed to load resource: the server responded with a status of 404 () @ https://lolacosmetics.admin.linxcommerce.com.br/Custom/Content/Themes/Lola/Imagens/Principais_Ingredientes/oleo%20pequi.jpg:0
[  393624ms] [ERROR] Failed to load resource: net::ERR_NAME_NOT_RESOLVED @ https://event.getblue.io/js/blue-tag.min.js:0
[  393654ms] [LOG] AffiseStorage availability: {cookie: true, localStorage: true, sessionStorage: true} @ https://rankmediabrasil.g2afse.com/websdk.js:0
[  393655ms] [LOG] Status RNK Media - ClickId: null UTM: null @ :3
[  393742ms] [WARNING] [Meta Pixel] - Invalid parameter format for currency. Please refer https://developers.facebook.com/docs/meta-pixel/reference/ for valid parameter specifications. @ https://connect.facebook.net/en_US/fbevents.js:203
[  393760ms] [ERROR] Failed to load resource: the server responded with a status of 404 () @ https://d1hjvew1n9ss7u.cloudfront.net/Custom/Content/Themes/Lola/Agrada/CSS/ajax-loader.gif:0
[  394076ms] Uncaught TypeError: Cannot read properties of undefined (reading 'replace')
    at validaFreteGratis (https://d1hjvew1n9ss7u.cloudfront.net/asset.axd?id=PAEAAB-LCAAAAAAAAAOtj0EPwUAQhf-KzLnsKqu64iBu4oSbOKzt0G2qKztTkQi_3abi6Ob43vfem8wDLIMGxjuLytwM2eCuPOvZ0gRCnrd86k8hgSaGNr5llFE40CdTEyZQXKP_EtuuRREhaA5tJLcIJqM8VSqfZlIO1VilWRYT9puwhStAjyZqIKM4fm1HoPeP333qLi5bYn8RS98wNix2JV6QxNrXRizOwRRGrLbi88ygIngm_1k8YzCOusXD8w1y8dfTPAEAAA%3d%3d:1:7633)
    at <anonymous> (https://d1hjvew1n9ss7u.cloudfront.net/asset.axd?id=PAEAAB-LCAAAAAAAAAOtj0EPwUAQhf-KzLnsKqu64iBu4oSbOKzt0G2qKztTkQi_3abi6Ob43vfem8wDLIMGxjuLytwM2eCuPOvZ0gRCnrd86k8hgSaGNr5llFE40CdTEyZQXKP_EtuuRREhaA5tJLcIJqM8VSqfZlIO1VilWRYT9puwhStAjyZqIKM4fm1HoPeP333qLi5bYn8RS98wNix2JV6QxNrXRizOwRRGrLbi88ygIngm_1k8YzCOusXD8w1y8dfTPAEAAA%3d%3d:1:49808)
    at dispatch (https://d1hjvew1n9ss7u.cloudfront.net/assets/shjs.js?t=639255987001545277:0:32701)
    at a (https://d1hjvew1n9ss7u.cloudfront.net/assets/shjs.js?t=639255987001545277:0:28480)
[  394075ms] [LOG] Banner não encontrado: banner-232 @ https://d1hjvew1n9ss7u.cloudfront.net/asset.axd?id=PAEAAB-LCAAAAAAAAAOtj0EPwUAQhf-KzLnsKqu64iBu4oSbOKzt0G2qKztTkQi_3abi6Ob43vfem8wDLIMGxjuLytwM2eCuPOvZ0gRCnrd86k8hgSaGNr5llFE40CdTEyZQXKP_EtuuRREhaA5tJLcIJqM8VSqfZlIO1VilWRYT9puwhStAjyZqIKM4fm1HoPeP333qLi5bYn8RS98wNix2JV6QxNrXRizOwRRGrLbi88ygIngm_1k8YzCOusXD8w1y8dfTPAEAAA%3d%3d:754
[  394100ms] [LOG] %c Widde Video Commerce %c v24604ee %c Build: 21/09/2026 20:39 %c border: 1px solid #2567f8; background: #2567f8; color: #fff; font-weight: bold; padding: 4px 8px; border-radius: 3px 0 0 0; border: 1px solid #2567f8; border-left: none; background: #FFF; color: #2567f8; font-weight: bold; padding: 4px 8px; border: 1px solid #2567f8; border-left: none; background: #f0f0f0; color: #333; font-weight: bold; padding: 4px 8px; border-radius: 0 3px 3px 0; background: transparent @ https://cdn.widde.io/assets/main.utzwjalemu.js:0
[  394249ms] [LOG] %c Tryon Widde.io %c %s %c border: 1px solid #2567f8; background: #2567f8; color: #fff; font-weight: bold; padding: 4px 8px; border-radius: 3px 0 0 3px; border: 1px solid #2567f8; background: #FFF; color: #2567f8; font-weight: bold; padding: 4px 8px; border-radius: 0 3px 3px 0; 47bf7c2 background: transparent @ https://cdn-tryon.widde.io/widde-tryon.js:86
[  394263ms] [LOG] [tryon-tracker] initialized {domain: www.lolacosmetics.com.br} @ https://cdn-tryon.widde.io/widde-tryon.js:8
[  400589ms] [WARNING] Error with Feature-Policy header: Some features are specified in both Feature-Policy and Permissions-Policy header: payment, fullscreen, microphone, camera. Values defined in Permissions-Policy header will be used. @ :0
[  400868ms] [ERROR] Failed to load resource: the server responded with a status of 500 () @ https://fonts.cdnfonts.com/css/leelawade:0
[  401872ms] [ERROR] Failed to load resource: the server responded with a status of 404 () @ https://lolacosmetics.admin.linxcommerce.com.br/Custom/Content/Themes/Lola/Styles/Fonts/FontAwesome/all.css:0
[  401903ms] [LOG] Trustvox rating | PDP: 46297 tipo: 7 @ https://www.lolacosmetics.com.br/kit-bossa-linha-completa-500g-p46297:118
[  401903ms] [LOG] Trustvox rating | childId: 46274 -> parent (childId-1): 46273 @ https://www.lolacosmetics.com.br/kit-bossa-linha-completa-500g-p46297:118
[  401903ms] [LOG] Trustvox rating | ID final usado = 46273 @ https://www.lolacosmetics.com.br/kit-bossa-linha-completa-500g-p46297:118
[  401903ms] [LOG] {Items: Array(0), VariationPath: /, VariationLevel: 1, ProductPath: /7.46297/5.46274/, ProductLevel: 1} @ https://www.lolacosmetics.com.br/kit-bossa-linha-completa-500g-p46297:118
[  401904ms] [LOG] {Items: Array(0), VariationPath: /, VariationLevel: 1, ProductPath: /7.46297/5.46278/, ProductLevel: 1} @ https://www.lolacosmetics.com.br/kit-bossa-linha-completa-500g-p46297:118
[  401904ms] [LOG] {Items: Array(0), VariationPath: /, VariationLevel: 1, ProductPath: /7.46297/5.46282/, ProductLevel: 1} @ https://www.lolacosmetics.com.br/kit-bossa-linha-completa-500g-p46297:118
[  401904ms] [LOG] {Items: Array(0), VariationPath: /, VariationLevel: 1, ProductPath: /7.46297/5.46276/, ProductLevel: 1} @ https://www.lolacosmetics.com.br/kit-bossa-linha-completa-500g-p46297:118
[  401905ms] [LOG] Trustvox PDP | product: 46297 | type: 7 | childId: 46274 | usedId: 46273 @ https://www.lolacosmetics.com.br/kit-bossa-linha-completa-500g-p46297:306
[  401942ms] [LOG] Banner não encontrado: banner-232 @ https://d1hjvew1n9ss7u.cloudfront.net/asset.axd?id=PAEAAB-LCAAAAAAAAAOtj0EPwUAQhf-KzLnsKqu64iBu4oSbOKzt0G2qKztTkQi_3abi6Ob43vfem8wDLIMGxjuLytwM2eCuPOvZ0gRCnrd86k8hgSaGNr5llFE40CdTEyZQXKP_EtuuRREhaA5tJLcIJqM8VSqfZlIO1VilWRYT9puwhStAjyZqIKM4fm1HoPeP333qLi5bYn8RS98wNix2JV6QxNrXRizOwRRGrLbi88ygIngm_1k8YzCOusXD8w1y8dfTPAEAAA%3d%3d:754
[  401943ms] [LOG] [Debug Carrinho] Polling ativo @ https://d1hjvew1n9ss7u.cloudfront.net/asset.axd?id=PAEAAB-LCAAAAAAAAAOtj0EPwUAQhf-KzLnsKqu64iBu4oSbOKzt0G2qKztTkQi_3abi6Ob43vfem8wDLIMGxjuLytwM2eCuPOvZ0gRCnrd86k8hgSaGNr5llFE40CdTEyZQXKP_EtuuRREhaA5tJLcIJqM8VSqfZlIO1VilWRYT9puwhStAjyZqIKM4fm1HoPeP333qLi5bYn8RS98wNix2JV6QxNrXRizOwRRGrLbi88ygIngm_1k8YzCOusXD8w1y8dfTPAEAAA%3d%3d:1790
[  401986ms] [LOG] add @ https://d1hjvew1n9ss7u.cloudfront.net/asset.axd?id=PAEAAB-LCAAAAAAAAAOtj0EPwUAQhf-KzLnsKqu64iBu4oSbOKzt0G2qKztTkQi_3abi6Ob43vfem8wDLIMGxjuLytwM2eCuPOvZ0gRCnrd86k8hgSaGNr5llFE40CdTEyZQXKP_EtuuRREhaA5tJLcIJqM8VSqfZlIO1VilWRYT9puwhStAjyZqIKM4fm1HoPeP333qLi5bYn8RS98wNix2JV6QxNrXRizOwRRGrLbi88ygIngm_1k8YzCOusXD8w1y8dfTPAEAAA%3d%3d:1
[  401988ms] [WARNING] !! Há erros de scripts de terceiros !!
Por favor, contate a Empresa responsável pelo script.  @ https://d1hjvew1n9ss7u.cloudfront.net/assets/shjs.js?t=639255987001545277:0
[  401988ms] Uncaught Error: You must pass a string or Handlebars AST to Handlebars.compile. You passed null
    at e.compile (https://d1hjvew1n9ss7u.cloudfront.net/asset.axd?id=PAEAAB-LCAAAAAAAAAOtj0EPwUAQhf-KzLnsKqu64iBu4oSbOKzt0G2qKztTkQi_3abi6Ob43vfem8wDLIMGxjuLytwM2eCuPOvZ0gRCnrd86k8hgSaGNr5llFE40CdTEyZQXKP_EtuuRREhaA5tJLcIJqM8VSqfZlIO1VilWRYT9puwhStAjyZqIKM4fm1HoPeP333qLi5bYn8RS98wNix2JV6QxNrXRizOwRRGrLbi88ygIngm_1k8YzCOusXD8w1y8dfTPAEAAA%3d%3d:1794:49302)
    at i.compile (https://d1hjvew1n9ss7u.cloudfront.net/asset.axd?id=PAEAAB-LCAAAAAAAAAOtj0EPwUAQhf-KzLnsKqu64iBu4oSbOKzt0G2qKztTkQi_3abi6Ob43vfem8wDLIMGxjuLytwM2eCuPOvZ0gRCnrd86k8hgSaGNr5llFE40CdTEyZQXKP_EtuuRREhaA5tJLcIJqM8VSqfZlIO1VilWRYT9puwhStAjyZqIKM4fm1HoPeP333qLi5bYn8RS98wNix2JV6QxNrXRizOwRRGrLbi88ygIngm_1k8YzCOusXD8w1y8dfTPAEAAA%3d%3d:1794:343)
    at renderBasket (https://d1hjvew1n9ss7u.cloudfront.net/asset.axd?id=PAEAAB-LCAAAAAAAAAOtj0EPwUAQhf-KzLnsKqu64iBu4oSbOKzt0G2qKztTkQi_3abi6Ob43vfem8wDLIMGxjuLytwM2eCuPOvZ0gRCnrd86k8hgSaGNr5llFE40CdTEyZQXKP_EtuuRREhaA5tJLcIJqM8VSqfZlIO1VilWRYT9puwhStAjyZqIKM4fm1HoPeP333qLi5bYn8RS98wNix2JV6QxNrXRizOwRRGrLbi88ygIngm_1k8YzCOusXD8w1y8dfTPAEAAA%3d%3d:29:27)
    at <anonymous> (https://d1hjvew1n9ss7u.cloudfront.net/asset.axd?id=PAEAAB-LCAAAAAAAAAOtj0EPwUAQhf-KzLnsKqu64iBu4oSbOKzt0G2qKztTkQi_3abi6Ob43vfem8wDLIMGxjuLytwM2eCuPOvZ0gRCnrd86k8hgSaGNr5llFE40CdTEyZQXKP_EtuuRREhaA5tJLcIJqM8VSqfZlIO1VilWRYT9puwhStAjyZqIKM4fm1HoPeP333qLi5bYn8RS98wNix2JV6QxNrXRizOwRRGrLbi88ygIngm_1k8YzCOusXD8w1y8dfTPAEAAA%3d%3d:220:1)
    at f (https://d1hjvew1n9ss7u.cloudfront.net/assets/shjs.js?t=639255987001545277:0:10382)
    at fireWith (https://d1hjvew1n9ss7u.cloudfront.net/assets/shjs.js?t=639255987001545277:0:11137)
    at ready (https://d1hjvew1n9ss7u.cloudfront.net/assets/shjs.js?t=639255987001545277:0:5238)
    at r (https://d1hjvew1n9ss7u.cloudfront.net/assets/shjs.js?t=639255987001545277:0:9748)
[  401991ms] [VERBOSE] [DOM] Input elements should have autocomplete attributes (suggested: "current-password"): (More info: https://goo.gl/9p2vKq) %o @ https://www.lolacosmetics.com.br/kit-bossa-linha-completa-500g-p46297:0
[  401991ms] [VERBOSE] [DOM] Input elements should have autocomplete attributes (suggested: "current-password"): (More info: https://goo.gl/9p2vKq) %o @ https://www.lolacosmetics.com.br/kit-bossa-linha-completa-500g-p46297:0
[  402029ms] [ERROR] Failed to load resource: the server responded with a status of 404 () @ https://lolacosmetics.admin.linxcommerce.com.br/Custom/Content/Themes/Lola/Imagens/Principais_Ingredientes/oleo%20pequi.jpg:0
[  402063ms] [ERROR] Failed to load resource: the server responded with a status of 404 () @ https://lolacosmetics.admin.linxcommerce.com.br/Custom/Content/Themes/Lola/Imagens/Principais_Ingredientes/Acai-da-tradicao-indigena-ao-sucesso-internacional%20(1).png:0
[  402064ms] [ERROR] Failed to load resource: the server responded with a status of 404 () @ https://lolacosmetics.admin.linxcommerce.com.br/Custom/Content/Themes/Lola/Imagens/Principais_Ingredientes/Extratos-vegetais-1024x576.png:0
[  402072ms] [ERROR] Failed to load resource: net::ERR_NAME_NOT_RESOLVED @ https://event.getblue.io/js/blue-tag.min.js:0
[  402172ms] [ERROR] Failed to load resource: the server responded with a status of 404 () @ https://d1hjvew1n9ss7u.cloudfront.net/Custom/Content/Themes/Lola/Agrada/CSS/ajax-loader.gif:0
[  402181ms] [LOG] AffiseStorage availability: {cookie: true, localStorage: true, sessionStorage: true} @ https://rankmediabrasil.g2afse.com/websdk.js:0
[  402182ms] [LOG] Status RNK Media - ClickId: null UTM: null @ :3
[  402204ms] [WARNING] [Meta Pixel] - Invalid parameter format for currency. Please refer https://developers.facebook.com/docs/meta-pixel/reference/ for valid parameter specifications. @ https://connect.facebook.net/en_US/fbevents.js:203
[  402728ms] Uncaught TypeError: Cannot read properties of undefined (reading 'replace')
    at validaFreteGratis (https://d1hjvew1n9ss7u.cloudfront.net/asset.axd?id=PAEAAB-LCAAAAAAAAAOtj0EPwUAQhf-KzLnsKqu64iBu4oSbOKzt0G2qKztTkQi_3abi6Ob43vfem8wDLIMGxjuLytwM2eCuPOvZ0gRCnrd86k8hgSaGNr5llFE40CdTEyZQXKP_EtuuRREhaA5tJLcIJqM8VSqfZlIO1VilWRYT9puwhStAjyZqIKM4fm1HoPeP333qLi5bYn8RS98wNix2JV6QxNrXRizOwRRGrLbi88ygIngm_1k8YzCOusXD8w1y8dfTPAEAAA%3d%3d:1:7633)
    at <anonymous> (https://d1hjvew1n9ss7u.cloudfront.net/asset.axd?id=PAEAAB-LCAAAAAAAAAOtj0EPwUAQhf-KzLnsKqu64iBu4oSbOKzt0G2qKztTkQi_3abi6Ob43vfem8wDLIMGxjuLytwM2eCuPOvZ0gRCnrd86k8hgSaGNr5llFE40CdTEyZQXKP_EtuuRREhaA5tJLcIJqM8VSqfZlIO1VilWRYT9puwhStAjyZqIKM4fm1HoPeP333qLi5bYn8RS98wNix2JV6QxNrXRizOwRRGrLbi88ygIngm_1k8YzCOusXD8w1y8dfTPAEAAA%3d%3d:1:49808)
    at dispatch (https://d1hjvew1n9ss7u.cloudfront.net/assets/shjs.js?t=639255987001545277:0:32701)
    at a (https://d1hjvew1n9ss7u.cloudfront.net/assets/shjs.js?t=639255987001545277:0:28480)
[  402726ms] [LOG] Banner não encontrado: banner-232 @ https://d1hjvew1n9ss7u.cloudfront.net/asset.axd?id=PAEAAB-LCAAAAAAAAAOtj0EPwUAQhf-KzLnsKqu64iBu4oSbOKzt0G2qKztTkQi_3abi6Ob43vfem8wDLIMGxjuLytwM2eCuPOvZ0gRCnrd86k8hgSaGNr5llFE40CdTEyZQXKP_EtuuRREhaA5tJLcIJqM8VSqfZlIO1VilWRYT9puwhStAjyZqIKM4fm1HoPeP333qLi5bYn8RS98wNix2JV6QxNrXRizOwRRGrLbi88ygIngm_1k8YzCOusXD8w1y8dfTPAEAAA%3d%3d:754
[  402744ms] [LOG] %c Widde Video Commerce %c v24604ee %c Build: 21/09/2026 20:39 %c border: 1px solid #2567f8; background: #2567f8; color: #fff; font-weight: bold; padding: 4px 8px; border-radius: 3px 0 0 0; border: 1px solid #2567f8; border-left: none; background: #FFF; color: #2567f8; font-weight: bold; padding: 4px 8px; border: 1px solid #2567f8; border-left: none; background: #f0f0f0; color: #333; font-weight: bold; padding: 4px 8px; border-radius: 0 3px 3px 0; background: transparent @ https://cdn.widde.io/assets/main.utzwjalemu.js:0
[  402973ms] [LOG] %c Tryon Widde.io %c %s %c border: 1px solid #2567f8; background: #2567f8; color: #fff; font-weight: bold; padding: 4px 8px; border-radius: 3px 0 0 3px; border: 1px solid #2567f8; background: #FFF; color: #2567f8; font-weight: bold; padding: 4px 8px; border-radius: 0 3px 3px 0; 47bf7c2 background: transparent @ https://cdn-tryon.widde.io/widde-tryon.js:86
[  403004ms] [LOG] [tryon-tracker] initialized {domain: www.lolacosmetics.com.br} @ https://cdn-tryon.widde.io/widde-tryon.js:8
[  409349ms] [WARNING] Error with Feature-Policy header: Some features are specified in both Feature-Policy and Permissions-Policy header: payment, fullscreen, microphone, camera. Values defined in Permissions-Policy header will be used. @ :0
[  409630ms] [ERROR] Failed to load resource: the server responded with a status of 500 () @ https://fonts.cdnfonts.com/css/leelawade:0
[  409875ms] [ERROR] Failed to load resource: the server responded with a status of 404 () @ https://lolacosmetics.admin.linxcommerce.com.br/Custom/Content/Themes/Lola/Styles/Fonts/FontAwesome/all.css:0
[  409884ms] [LOG] Trustvox rating | PDP: 46377 tipo: 3 @ https://www.lolacosmetics.com.br/kit-celebridades-ps-19629-316-p46377:35
[  409884ms] [LOG] Trustvox rating | ID final usado = 46377 @ https://www.lolacosmetics.com.br/kit-celebridades-ps-19629-316-p46377:35
[  409886ms] [LOG] Trustvox PDP | product: 46377 | type: 3 | usedId: 46377 @ https://www.lolacosmetics.com.br/kit-celebridades-ps-19629-316-p46377:93
[  409946ms] [LOG] Banner não encontrado: banner-232 @ https://d1hjvew1n9ss7u.cloudfront.net/asset.axd?id=PAEAAB-LCAAAAAAAAAOtj0EPwUAQhf-KzLnsKqu64iBu4oSbOKzt0G2qKztTkQi_3abi6Ob43vfem8wDLIMGxjuLytwM2eCuPOvZ0gRCnrd86k8hgSaGNr5llFE40CdTEyZQXKP_EtuuRREhaA5tJLcIJqM8VSqfZlIO1VilWRYT9puwhStAjyZqIKM4fm1HoPeP333qLi5bYn8RS98wNix2JV6QxNrXRizOwRRGrLbi88ygIngm_1k8YzCOusXD8w1y8dfTPAEAAA%3d%3d:754
[  409947ms] [LOG] [Debug Carrinho] Polling ativo @ https://d1hjvew1n9ss7u.cloudfront.net/asset.axd?id=PAEAAB-LCAAAAAAAAAOtj0EPwUAQhf-KzLnsKqu64iBu4oSbOKzt0G2qKztTkQi_3abi6Ob43vfem8wDLIMGxjuLytwM2eCuPOvZ0gRCnrd86k8hgSaGNr5llFE40CdTEyZQXKP_EtuuRREhaA5tJLcIJqM8VSqfZlIO1VilWRYT9puwhStAjyZqIKM4fm1HoPeP333qLi5bYn8RS98wNix2JV6QxNrXRizOwRRGrLbi88ygIngm_1k8YzCOusXD8w1y8dfTPAEAAA%3d%3d:1790
[  409999ms] [LOG] add @ https://d1hjvew1n9ss7u.cloudfront.net/asset.axd?id=PAEAAB-LCAAAAAAAAAOtj0EPwUAQhf-KzLnsKqu64iBu4oSbOKzt0G2qKztTkQi_3abi6Ob43vfem8wDLIMGxjuLytwM2eCuPOvZ0gRCnrd86k8hgSaGNr5llFE40CdTEyZQXKP_EtuuRREhaA5tJLcIJqM8VSqfZlIO1VilWRYT9puwhStAjyZqIKM4fm1HoPeP333qLi5bYn8RS98wNix2JV6QxNrXRizOwRRGrLbi88ygIngm_1k8YzCOusXD8w1y8dfTPAEAAA%3d%3d:1
[  410000ms] [WARNING] !! Há erros de scripts de terceiros !!
Por favor, contate a Empresa responsável pelo script.  @ https://d1hjvew1n9ss7u.cloudfront.net/assets/shjs.js?t=639255987001545277:0
[  410000ms] Uncaught Error: You must pass a string or Handlebars AST to Handlebars.compile. You passed null
    at e.compile (https://d1hjvew1n9ss7u.cloudfront.net/asset.axd?id=PAEAAB-LCAAAAAAAAAOtj0EPwUAQhf-KzLnsKqu64iBu4oSbOKzt0G2qKztTkQi_3abi6Ob43vfem8wDLIMGxjuLytwM2eCuPOvZ0gRCnrd86k8hgSaGNr5llFE40CdTEyZQXKP_EtuuRREhaA5tJLcIJqM8VSqfZlIO1VilWRYT9puwhStAjyZqIKM4fm1HoPeP333qLi5bYn8RS98wNix2JV6QxNrXRizOwRRGrLbi88ygIngm_1k8YzCOusXD8w1y8dfTPAEAAA%3d%3d:1794:49302)
    at i.compile (https://d1hjvew1n9ss7u.cloudfront.net/asset.axd?id=PAEAAB-LCAAAAAAAAAOtj0EPwUAQhf-KzLnsKqu64iBu4oSbOKzt0G2qKztTkQi_3abi6Ob43vfem8wDLIMGxjuLytwM2eCuPOvZ0gRCnrd86k8hgSaGNr5llFE40CdTEyZQXKP_EtuuRREhaA5tJLcIJqM8VSqfZlIO1VilWRYT9puwhStAjyZqIKM4fm1HoPeP333qLi5bYn8RS98wNix2JV6QxNrXRizOwRRGrLbi88ygIngm_1k8YzCOusXD8w1y8dfTPAEAAA%3d%3d:1794:343)
    at renderBasket (https://d1hjvew1n9ss7u.cloudfront.net/asset.axd?id=PAEAAB-LCAAAAAAAAAOtj0EPwUAQhf-KzLnsKqu64iBu4oSbOKzt0G2qKztTkQi_3abi6Ob43vfem8wDLIMGxjuLytwM2eCuPOvZ0gRCnrd86k8hgSaGNr5llFE40CdTEyZQXKP_EtuuRREhaA5tJLcIJqM8VSqfZlIO1VilWRYT9puwhStAjyZqIKM4fm1HoPeP333qLi5bYn8RS98wNix2JV6QxNrXRizOwRRGrLbi88ygIngm_1k8YzCOusXD8w1y8dfTPAEAAA%3d%3d:29:27)
    at <anonymous> (https://d1hjvew1n9ss7u.cloudfront.net/asset.axd?id=PAEAAB-LCAAAAAAAAAOtj0EPwUAQhf-KzLnsKqu64iBu4oSbOKzt0G2qKztTkQi_3abi6Ob43vfem8wDLIMGxjuLytwM2eCuPOvZ0gRCnrd86k8hgSaGNr5llFE40CdTEyZQXKP_EtuuRREhaA5tJLcIJqM8VSqfZlIO1VilWRYT9puwhStAjyZqIKM4fm1HoPeP333qLi5bYn8RS98wNix2JV6QxNrXRizOwRRGrLbi88ygIngm_1k8YzCOusXD8w1y8dfTPAEAAA%3d%3d:220:1)
    at f (https://d1hjvew1n9ss7u.cloudfront.net/assets/shjs.js?t=639255987001545277:0:10382)
    at fireWith (https://d1hjvew1n9ss7u.cloudfront.net/assets/shjs.js?t=639255987001545277:0:11137)
    at ready (https://d1hjvew1n9ss7u.cloudfront.net/assets/shjs.js?t=639255987001545277:0:5238)
    at r (https://d1hjvew1n9ss7u.cloudfront.net/assets/shjs.js?t=639255987001545277:0:9748)
[  410003ms] [VERBOSE] [DOM] Input elements should have autocomplete attributes (suggested: "current-password"): (More info: https://goo.gl/9p2vKq) %o @ https://www.lolacosmetics.com.br/kit-celebridades-ps-19629-316-p46377:0
[  410003ms] [VERBOSE] [DOM] Input elements should have autocomplete attributes (suggested: "current-password"): (More info: https://goo.gl/9p2vKq) %o @ https://www.lolacosmetics.com.br/kit-celebridades-ps-19629-316-p46377:0
[  410114ms] [ERROR] Failed to load resource: net::ERR_NAME_NOT_RESOLVED @ https://event.getblue.io/js/blue-tag.min.js:0
[  410155ms] [LOG] AffiseStorage availability: {cookie: true, localStorage: true, sessionStorage: true} @ https://rankmediabrasil.g2afse.com/websdk.js:0
[  410156ms] [LOG] Status RNK Media - ClickId: null UTM: null @ :3
[  410189ms] [WARNING] [Meta Pixel] - Invalid parameter format for currency. Please refer https://developers.facebook.com/docs/meta-pixel/reference/ for valid parameter specifications. @ https://connect.facebook.net/en_US/fbevents.js:203
[  410202ms] [ERROR] Failed to load resource: the server responded with a status of 404 () @ https://d1hjvew1n9ss7u.cloudfront.net/Custom/Content/Themes/Lola/Agrada/CSS/ajax-loader.gif:0
[  410473ms] Uncaught TypeError: Cannot read properties of undefined (reading 'replace')
    at validaFreteGratis (https://d1hjvew1n9ss7u.cloudfront.net/asset.axd?id=PAEAAB-LCAAAAAAAAAOtj0EPwUAQhf-KzLnsKqu64iBu4oSbOKzt0G2qKztTkQi_3abi6Ob43vfem8wDLIMGxjuLytwM2eCuPOvZ0gRCnrd86k8hgSaGNr5llFE40CdTEyZQXKP_EtuuRREhaA5tJLcIJqM8VSqfZlIO1VilWRYT9puwhStAjyZqIKM4fm1HoPeP333qLi5bYn8RS98wNix2JV6QxNrXRizOwRRGrLbi88ygIngm_1k8YzCOusXD8w1y8dfTPAEAAA%3d%3d:1:7633)
    at <anonymous> (https://d1hjvew1n9ss7u.cloudfront.net/asset.axd?id=PAEAAB-LCAAAAAAAAAOtj0EPwUAQhf-KzLnsKqu64iBu4oSbOKzt0G2qKztTkQi_3abi6Ob43vfem8wDLIMGxjuLytwM2eCuPOvZ0gRCnrd86k8hgSaGNr5llFE40CdTEyZQXKP_EtuuRREhaA5tJLcIJqM8VSqfZlIO1VilWRYT9puwhStAjyZqIKM4fm1HoPeP333qLi5bYn8RS98wNix2JV6QxNrXRizOwRRGrLbi88ygIngm_1k8YzCOusXD8w1y8dfTPAEAAA%3d%3d:1:49808)
    at dispatch (https://d1hjvew1n9ss7u.cloudfront.net/assets/shjs.js?t=639255987001545277:0:32701)
    at a (https://d1hjvew1n9ss7u.cloudfront.net/assets/shjs.js?t=639255987001545277:0:28480)
[  410471ms] [LOG] Banner não encontrado: banner-232 @ https://d1hjvew1n9ss7u.cloudfront.net/asset.axd?id=PAEAAB-LCAAAAAAAAAOtj0EPwUAQhf-KzLnsKqu64iBu4oSbOKzt0G2qKztTkQi_3abi6Ob43vfem8wDLIMGxjuLytwM2eCuPOvZ0gRCnrd86k8hgSaGNr5llFE40CdTEyZQXKP_EtuuRREhaA5tJLcIJqM8VSqfZlIO1VilWRYT9puwhStAjyZqIKM4fm1HoPeP333qLi5bYn8RS98wNix2JV6QxNrXRizOwRRGrLbi88ygIngm_1k8YzCOusXD8w1y8dfTPAEAAA%3d%3d:754
[  410504ms] [LOG] %c Widde Video Commerce %c v24604ee %c Build: 21/09/2026 20:39 %c border: 1px solid #2567f8; background: #2567f8; color: #fff; font-weight: bold; padding: 4px 8px; border-radius: 3px 0 0 0; border: 1px solid #2567f8; border-left: none; background: #FFF; color: #2567f8; font-weight: bold; padding: 4px 8px; border: 1px solid #2567f8; border-left: none; background: #f0f0f0; color: #333; font-weight: bold; padding: 4px 8px; border-radius: 0 3px 3px 0; background: transparent @ https://cdn.widde.io/assets/main.utzwjalemu.js:0
[  410659ms] [LOG] %c Tryon Widde.io %c %s %c border: 1px solid #2567f8; background: #2567f8; color: #fff; font-weight: bold; padding: 4px 8px; border-radius: 3px 0 0 3px; border: 1px solid #2567f8; background: #FFF; color: #2567f8; font-weight: bold; padding: 4px 8px; border-radius: 0 3px 3px 0; 47bf7c2 background: transparent @ https://cdn-tryon.widde.io/widde-tryon.js:86
[  410700ms] [LOG] [tryon-tracker] initialized {domain: www.lolacosmetics.com.br} @ https://cdn-tryon.widde.io/widde-tryon.js:8
[  416855ms] [WARNING] Error with Feature-Policy header: Some features are specified in both Feature-Policy and Permissions-Policy header: payment, fullscreen, microphone, camera. Values defined in Permissions-Policy header will be used. @ :0
[  417135ms] [ERROR] Failed to load resource: the server responded with a status of 500 () @ https://fonts.cdnfonts.com/css/leelawade:0
[  417389ms] [ERROR] Failed to load resource: the server responded with a status of 404 () @ https://lolacosmetics.admin.linxcommerce.com.br/Custom/Content/Themes/Lola/Styles/Fonts/FontAwesome/all.css:0
[  417396ms] [LOG] Trustvox rating | PDP: 46408 tipo: 7 @ https://www.lolacosmetics.com.br/kit-completo-banana-tropicana-p46408:1
[  417396ms] [LOG] Trustvox rating | childId: 46399 -> parent (childId-1): 46398 @ https://www.lolacosmetics.com.br/kit-completo-banana-tropicana-p46408:1
[  417396ms] [LOG] Trustvox rating | ID final usado = 46398 @ https://www.lolacosmetics.com.br/kit-completo-banana-tropicana-p46408:1
[  417397ms] [LOG] {Items: Array(0), VariationPath: /, VariationLevel: 1, ProductPath: /7.46408/5.46399/, ProductLevel: 1} @ https://www.lolacosmetics.com.br/kit-completo-banana-tropicana-p46408:1
[  417397ms] [LOG] {Items: Array(0), VariationPath: /, VariationLevel: 1, ProductPath: /7.46408/5.46401/, ProductLevel: 1} @ https://www.lolacosmetics.com.br/kit-completo-banana-tropicana-p46408:1
[  417397ms] [LOG] {Items: Array(0), VariationPath: /, VariationLevel: 1, ProductPath: /7.46408/5.46403/, ProductLevel: 1} @ https://www.lolacosmetics.com.br/kit-completo-banana-tropicana-p46408:1
[  417397ms] [LOG] {Items: Array(0), VariationPath: /, VariationLevel: 1, ProductPath: /7.46408/5.46405/, ProductLevel: 1} @ https://www.lolacosmetics.com.br/kit-completo-banana-tropicana-p46408:1
[  417397ms] [LOG] {Items: Array(0), VariationPath: /, VariationLevel: 1, ProductPath: /7.46408/5.46407/, ProductLevel: 1} @ https://www.lolacosmetics.com.br/kit-completo-banana-tropicana-p46408:1
[  417398ms] [LOG] Trustvox PDP | product: 46408 | type: 7 | childId: 46399 | usedId: 46398 @ https://www.lolacosmetics.com.br/kit-completo-banana-tropicana-p46408:1
[  417434ms] [LOG] Banner não encontrado: banner-232 @ https://d1hjvew1n9ss7u.cloudfront.net/asset.axd?id=PAEAAB-LCAAAAAAAAAOtj0EPwUAQhf-KzLnsKqu64iBu4oSbOKzt0G2qKztTkQi_3abi6Ob43vfem8wDLIMGxjuLytwM2eCuPOvZ0gRCnrd86k8hgSaGNr5llFE40CdTEyZQXKP_EtuuRREhaA5tJLcIJqM8VSqfZlIO1VilWRYT9puwhStAjyZqIKM4fm1HoPeP333qLi5bYn8RS98wNix2JV6QxNrXRizOwRRGrLbi88ygIngm_1k8YzCOusXD8w1y8dfTPAEAAA%3d%3d:754
[  417435ms] [LOG] [Debug Carrinho] Polling ativo @ https://d1hjvew1n9ss7u.cloudfront.net/asset.axd?id=PAEAAB-LCAAAAAAAAAOtj0EPwUAQhf-KzLnsKqu64iBu4oSbOKzt0G2qKztTkQi_3abi6Ob43vfem8wDLIMGxjuLytwM2eCuPOvZ0gRCnrd86k8hgSaGNr5llFE40CdTEyZQXKP_EtuuRREhaA5tJLcIJqM8VSqfZlIO1VilWRYT9puwhStAjyZqIKM4fm1HoPeP333qLi5bYn8RS98wNix2JV6QxNrXRizOwRRGrLbi88ygIngm_1k8YzCOusXD8w1y8dfTPAEAAA%3d%3d:1790
[  417475ms] [LOG] add @ https://d1hjvew1n9ss7u.cloudfront.net/asset.axd?id=PAEAAB-LCAAAAAAAAAOtj0EPwUAQhf-KzLnsKqu64iBu4oSbOKzt0G2qKztTkQi_3abi6Ob43vfem8wDLIMGxjuLytwM2eCuPOvZ0gRCnrd86k8hgSaGNr5llFE40CdTEyZQXKP_EtuuRREhaA5tJLcIJqM8VSqfZlIO1VilWRYT9puwhStAjyZqIKM4fm1HoPeP333qLi5bYn8RS98wNix2JV6QxNrXRizOwRRGrLbi88ygIngm_1k8YzCOusXD8w1y8dfTPAEAAA%3d%3d:1
[  417476ms] [WARNING] !! Há erros de scripts de terceiros !!
Por favor, contate a Empresa responsável pelo script.  @ https://d1hjvew1n9ss7u.cloudfront.net/assets/shjs.js?t=639255987001545277:0
[  417477ms] Uncaught Error: You must pass a string or Handlebars AST to Handlebars.compile. You passed null
    at e.compile (https://d1hjvew1n9ss7u.cloudfront.net/asset.axd?id=PAEAAB-LCAAAAAAAAAOtj0EPwUAQhf-KzLnsKqu64iBu4oSbOKzt0G2qKztTkQi_3abi6Ob43vfem8wDLIMGxjuLytwM2eCuPOvZ0gRCnrd86k8hgSaGNr5llFE40CdTEyZQXKP_EtuuRREhaA5tJLcIJqM8VSqfZlIO1VilWRYT9puwhStAjyZqIKM4fm1HoPeP333qLi5bYn8RS98wNix2JV6QxNrXRizOwRRGrLbi88ygIngm_1k8YzCOusXD8w1y8dfTPAEAAA%3d%3d:1794:49302)
    at i.compile (https://d1hjvew1n9ss7u.cloudfront.net/asset.axd?id=PAEAAB-LCAAAAAAAAAOtj0EPwUAQhf-KzLnsKqu64iBu4oSbOKzt0G2qKztTkQi_3abi6Ob43vfem8wDLIMGxjuLytwM2eCuPOvZ0gRCnrd86k8hgSaGNr5llFE40CdTEyZQXKP_EtuuRREhaA5tJLcIJqM8VSqfZlIO1VilWRYT9puwhStAjyZqIKM4fm1HoPeP333qLi5bYn8RS98wNix2JV6QxNrXRizOwRRGrLbi88ygIngm_1k8YzCOusXD8w1y8dfTPAEAAA%3d%3d:1794:343)
    at renderBasket (https://d1hjvew1n9ss7u.cloudfront.net/asset.axd?id=PAEAAB-LCAAAAAAAAAOtj0EPwUAQhf-KzLnsKqu64iBu4oSbOKzt0G2qKztTkQi_3abi6Ob43vfem8wDLIMGxjuLytwM2eCuPOvZ0gRCnrd86k8hgSaGNr5llFE40CdTEyZQXKP_EtuuRREhaA5tJLcIJqM8VSqfZlIO1VilWRYT9puwhStAjyZqIKM4fm1HoPeP333qLi5bYn8RS98wNix2JV6QxNrXRizOwRRGrLbi88ygIngm_1k8YzCOusXD8w1y8dfTPAEAAA%3d%3d:29:27)
    at <anonymous> (https://d1hjvew1n9ss7u.cloudfront.net/asset.axd?id=PAEAAB-LCAAAAAAAAAOtj0EPwUAQhf-KzLnsKqu64iBu4oSbOKzt0G2qKztTkQi_3abi6Ob43vfem8wDLIMGxjuLytwM2eCuPOvZ0gRCnrd86k8hgSaGNr5llFE40CdTEyZQXKP_EtuuRREhaA5tJLcIJqM8VSqfZlIO1VilWRYT9puwhStAjyZqIKM4fm1HoPeP333qLi5bYn8RS98wNix2JV6QxNrXRizOwRRGrLbi88ygIngm_1k8YzCOusXD8w1y8dfTPAEAAA%3d%3d:220:1)
    at f (https://d1hjvew1n9ss7u.cloudfront.net/assets/shjs.js?t=639255987001545277:0:10382)
    at fireWith (https://d1hjvew1n9ss7u.cloudfront.net/assets/shjs.js?t=639255987001545277:0:11137)
    at ready (https://d1hjvew1n9ss7u.cloudfront.net/assets/shjs.js?t=639255987001545277:0:5238)
    at r (https://d1hjvew1n9ss7u.cloudfront.net/assets/shjs.js?t=639255987001545277:0:9748)
[  417479ms] [VERBOSE] [DOM] Input elements should have autocomplete attributes (suggested: "current-password"): (More info: https://goo.gl/9p2vKq) %o @ https://www.lolacosmetics.com.br/kit-completo-banana-tropicana-p46408:0
[  417479ms] [VERBOSE] [DOM] Input elements should have autocomplete attributes (suggested: "current-password"): (More info: https://goo.gl/9p2vKq) %o @ https://www.lolacosmetics.com.br/kit-completo-banana-tropicana-p46408:0
[  417625ms] [ERROR] Failed to load resource: the server responded with a status of 404 () @ https://d1hjvew1n9ss7u.cloudfront.net/Custom/Content:0
[  417630ms] [ERROR] Failed to load resource: net::ERR_NAME_NOT_RESOLVED @ https://event.getblue.io/js/blue-tag.min.js:0
[  417650ms] [ERROR] Failed to load resource: the server responded with a status of 404 () @ https://d1hjvew1n9ss7u.cloudfront.net/Custom/Content/Themes/Lola/Agrada/CSS/ajax-loader.gif:0
[  417653ms] [LOG] AffiseStorage availability: {cookie: true, localStorage: true, sessionStorage: true} @ https://rankmediabrasil.g2afse.com/websdk.js:0
[  417654ms] [LOG] Status RNK Media - ClickId: null UTM: null @ :3
[  417746ms] [WARNING] [Meta Pixel] - Invalid parameter format for currency. Please refer https://developers.facebook.com/docs/meta-pixel/reference/ for valid parameter specifications. @ https://connect.facebook.net/en_US/fbevents.js:203
[  418105ms] Uncaught TypeError: Cannot read properties of undefined (reading 'replace')
    at validaFreteGratis (https://d1hjvew1n9ss7u.cloudfront.net/asset.axd?id=PAEAAB-LCAAAAAAAAAOtj0EPwUAQhf-KzLnsKqu64iBu4oSbOKzt0G2qKztTkQi_3abi6Ob43vfem8wDLIMGxjuLytwM2eCuPOvZ0gRCnrd86k8hgSaGNr5llFE40CdTEyZQXKP_EtuuRREhaA5tJLcIJqM8VSqfZlIO1VilWRYT9puwhStAjyZqIKM4fm1HoPeP333qLi5bYn8RS98wNix2JV6QxNrXRizOwRRGrLbi88ygIngm_1k8YzCOusXD8w1y8dfTPAEAAA%3d%3d:1:7633)
    at <anonymous> (https://d1hjvew1n9ss7u.cloudfront.net/asset.axd?id=PAEAAB-LCAAAAAAAAAOtj0EPwUAQhf-KzLnsKqu64iBu4oSbOKzt0G2qKztTkQi_3abi6Ob43vfem8wDLIMGxjuLytwM2eCuPOvZ0gRCnrd86k8hgSaGNr5llFE40CdTEyZQXKP_EtuuRREhaA5tJLcIJqM8VSqfZlIO1VilWRYT9puwhStAjyZqIKM4fm1HoPeP333qLi5bYn8RS98wNix2JV6QxNrXRizOwRRGrLbi88ygIngm_1k8YzCOusXD8w1y8dfTPAEAAA%3d%3d:1:49808)
    at dispatch (https://d1hjvew1n9ss7u.cloudfront.net/assets/shjs.js?t=639255987001545277:0:32701)
    at a (https://d1hjvew1n9ss7u.cloudfront.net/assets/shjs.js?t=639255987001545277:0:28480)
[  418103ms] [LOG] Banner não encontrado: banner-232 @ https://d1hjvew1n9ss7u.cloudfront.net/asset.axd?id=PAEAAB-LCAAAAAAAAAOtj0EPwUAQhf-KzLnsKqu64iBu4oSbOKzt0G2qKztTkQi_3abi6Ob43vfem8wDLIMGxjuLytwM2eCuPOvZ0gRCnrd86k8hgSaGNr5llFE40CdTEyZQXKP_EtuuRREhaA5tJLcIJqM8VSqfZlIO1VilWRYT9puwhStAjyZqIKM4fm1HoPeP333qLi5bYn8RS98wNix2JV6QxNrXRizOwRRGrLbi88ygIngm_1k8YzCOusXD8w1y8dfTPAEAAA%3d%3d:754
[  418122ms] [LOG] %c Widde Video Commerce %c v24604ee %c Build: 21/09/2026 20:39 %c border: 1px solid #2567f8; background: #2567f8; color: #fff; font-weight: bold; padding: 4px 8px; border-radius: 3px 0 0 0; border: 1px solid #2567f8; border-left: none; background: #FFF; color: #2567f8; font-weight: bold; padding: 4px 8px; border: 1px solid #2567f8; border-left: none; background: #f0f0f0; color: #333; font-weight: bold; padding: 4px 8px; border-radius: 0 3px 3px 0; background: transparent @ https://cdn.widde.io/assets/main.utzwjalemu.js:0
[  418125ms] [ERROR] Error decoding JWT: Error: Invalid JWT format
    at u0 (https://cdn.widde.io/assets/shared-utils.58MPgxdv.js:99:89838)
    at e (https://cdn.widde.io/assets/shared-utils.58MPgxdv.js:99:90502)
    at d0.startNativation (https://cdn.widde.io/assets/shared-utils.58MPgxdv.js:99:90616)
    at d0.registerNavigation (https://cdn.widde.io/assets/shared-utils.58MPgxdv.js:99:91609)
    at e (https://cdn.widde.io/assets/main.utzwjalemu.js:1:21655) @ https://cdn.widde.io/assets/shared-utils.58MPgxdv.js:98
[  418299ms] [LOG] %c Tryon Widde.io %c %s %c border: 1px solid #2567f8; background: #2567f8; color: #fff; font-weight: bold; padding: 4px 8px; border-radius: 3px 0 0 3px; border: 1px solid #2567f8; background: #FFF; color: #2567f8; font-weight: bold; padding: 4px 8px; border-radius: 0 3px 3px 0; 47bf7c2 background: transparent @ https://cdn-tryon.widde.io/widde-tryon.js:86
[  418318ms] [LOG] [tryon-tracker] initialized {domain: www.lolacosmetics.com.br} @ https://cdn-tryon.widde.io/widde-tryon.js:8
[  424370ms] [WARNING] Error with Feature-Policy header: Some features are specified in both Feature-Policy and Permissions-Policy header: payment, fullscreen, microphone, camera. Values defined in Permissions-Policy header will be used. @ :0
[  424653ms] [ERROR] Failed to load resource: the server responded with a status of 500 () @ https://fonts.cdnfonts.com/css/leelawade:0
[  424903ms] [ERROR] Failed to load resource: the server responded with a status of 404 () @ https://lolacosmetics.admin.linxcommerce.com.br/Custom/Content/Themes/Lola/Styles/Fonts/FontAwesome/all.css:0
[  424914ms] [LOG] Trustvox rating | PDP: 46335 tipo: 7 @ https://www.lolacosmetics.com.br/kit-cuca-fresca-anticaspa-p46335:51
[  424914ms] [LOG] Trustvox rating | childId: 46325 -> parent (childId-1): 46324 @ https://www.lolacosmetics.com.br/kit-cuca-fresca-anticaspa-p46335:51
[  424914ms] [LOG] Trustvox rating | ID final usado = 46324 @ https://www.lolacosmetics.com.br/kit-cuca-fresca-anticaspa-p46335:51
[  424914ms] [LOG] {Items: Array(0), VariationPath: /, VariationLevel: 1, ProductPath: /7.46335/5.46325/, ProductLevel: 1} @ https://www.lolacosmetics.com.br/kit-cuca-fresca-anticaspa-p46335:51
[  424914ms] [LOG] {Items: Array(0), VariationPath: /, VariationLevel: 1, ProductPath: /7.46335/5.46331/, ProductLevel: 1} @ https://www.lolacosmetics.com.br/kit-cuca-fresca-anticaspa-p46335:51
[  424915ms] [LOG] {Items: Array(0), VariationPath: /, VariationLevel: 1, ProductPath: /7.46335/5.46329/, ProductLevel: 1} @ https://www.lolacosmetics.com.br/kit-cuca-fresca-anticaspa-p46335:51
[  424915ms] [LOG] Trustvox PDP | product: 46335 | type: 7 | childId: 46325 | usedId: 46324 @ https://www.lolacosmetics.com.br/kit-cuca-fresca-anticaspa-p46335:113
[  424962ms] [LOG] Banner não encontrado: banner-232 @ https://d1hjvew1n9ss7u.cloudfront.net/asset.axd?id=PAEAAB-LCAAAAAAAAAOtj0EPwUAQhf-KzLnsKqu64iBu4oSbOKzt0G2qKztTkQi_3abi6Ob43vfem8wDLIMGxjuLytwM2eCuPOvZ0gRCnrd86k8hgSaGNr5llFE40CdTEyZQXKP_EtuuRREhaA5tJLcIJqM8VSqfZlIO1VilWRYT9puwhStAjyZqIKM4fm1HoPeP333qLi5bYn8RS98wNix2JV6QxNrXRizOwRRGrLbi88ygIngm_1k8YzCOusXD8w1y8dfTPAEAAA%3d%3d:754
[  424964ms] [LOG] [Debug Carrinho] Polling ativo @ https://d1hjvew1n9ss7u.cloudfront.net/asset.axd?id=PAEAAB-LCAAAAAAAAAOtj0EPwUAQhf-KzLnsKqu64iBu4oSbOKzt0G2qKztTkQi_3abi6Ob43vfem8wDLIMGxjuLytwM2eCuPOvZ0gRCnrd86k8hgSaGNr5llFE40CdTEyZQXKP_EtuuRREhaA5tJLcIJqM8VSqfZlIO1VilWRYT9puwhStAjyZqIKM4fm1HoPeP333qLi5bYn8RS98wNix2JV6QxNrXRizOwRRGrLbi88ygIngm_1k8YzCOusXD8w1y8dfTPAEAAA%3d%3d:1790
[  425014ms] [LOG] add @ https://d1hjvew1n9ss7u.cloudfront.net/asset.axd?id=PAEAAB-LCAAAAAAAAAOtj0EPwUAQhf-KzLnsKqu64iBu4oSbOKzt0G2qKztTkQi_3abi6Ob43vfem8wDLIMGxjuLytwM2eCuPOvZ0gRCnrd86k8hgSaGNr5llFE40CdTEyZQXKP_EtuuRREhaA5tJLcIJqM8VSqfZlIO1VilWRYT9puwhStAjyZqIKM4fm1HoPeP333qLi5bYn8RS98wNix2JV6QxNrXRizOwRRGrLbi88ygIngm_1k8YzCOusXD8w1y8dfTPAEAAA%3d%3d:1
[  425015ms] [WARNING] !! Há erros de scripts de terceiros !!
Por favor, contate a Empresa responsável pelo script.  @ https://d1hjvew1n9ss7u.cloudfront.net/assets/shjs.js?t=639255987001545277:0
[  425028ms] Uncaught Error: You must pass a string or Handlebars AST to Handlebars.compile. You passed null
    at e.compile (https://d1hjvew1n9ss7u.cloudfront.net/asset.axd?id=PAEAAB-LCAAAAAAAAAOtj0EPwUAQhf-KzLnsKqu64iBu4oSbOKzt0G2qKztTkQi_3abi6Ob43vfem8wDLIMGxjuLytwM2eCuPOvZ0gRCnrd86k8hgSaGNr5llFE40CdTEyZQXKP_EtuuRREhaA5tJLcIJqM8VSqfZlIO1VilWRYT9puwhStAjyZqIKM4fm1HoPeP333qLi5bYn8RS98wNix2JV6QxNrXRizOwRRGrLbi88ygIngm_1k8YzCOusXD8w1y8dfTPAEAAA%3d%3d:1794:49302)
    at i.compile (https://d1hjvew1n9ss7u.cloudfront.net/asset.axd?id=PAEAAB-LCAAAAAAAAAOtj0EPwUAQhf-KzLnsKqu64iBu4oSbOKzt0G2qKztTkQi_3abi6Ob43vfem8wDLIMGxjuLytwM2eCuPOvZ0gRCnrd86k8hgSaGNr5llFE40CdTEyZQXKP_EtuuRREhaA5tJLcIJqM8VSqfZlIO1VilWRYT9puwhStAjyZqIKM4fm1HoPeP333qLi5bYn8RS98wNix2JV6QxNrXRizOwRRGrLbi88ygIngm_1k8YzCOusXD8w1y8dfTPAEAAA%3d%3d:1794:343)
    at renderBasket (https://d1hjvew1n9ss7u.cloudfront.net/asset.axd?id=PAEAAB-LCAAAAAAAAAOtj0EPwUAQhf-KzLnsKqu64iBu4oSbOKzt0G2qKztTkQi_3abi6Ob43vfem8wDLIMGxjuLytwM2eCuPOvZ0gRCnrd86k8hgSaGNr5llFE40CdTEyZQXKP_EtuuRREhaA5tJLcIJqM8VSqfZlIO1VilWRYT9puwhStAjyZqIKM4fm1HoPeP333qLi5bYn8RS98wNix2JV6QxNrXRizOwRRGrLbi88ygIngm_1k8YzCOusXD8w1y8dfTPAEAAA%3d%3d:29:27)
    at <anonymous> (https://d1hjvew1n9ss7u.cloudfront.net/asset.axd?id=PAEAAB-LCAAAAAAAAAOtj0EPwUAQhf-KzLnsKqu64iBu4oSbOKzt0G2qKztTkQi_3abi6Ob43vfem8wDLIMGxjuLytwM2eCuPOvZ0gRCnrd86k8hgSaGNr5llFE40CdTEyZQXKP_EtuuRREhaA5tJLcIJqM8VSqfZlIO1VilWRYT9puwhStAjyZqIKM4fm1HoPeP333qLi5bYn8RS98wNix2JV6QxNrXRizOwRRGrLbi88ygIngm_1k8YzCOusXD8w1y8dfTPAEAAA%3d%3d:220:1)
    at f (https://d1hjvew1n9ss7u.cloudfront.net/assets/shjs.js?t=639255987001545277:0:10382)
    at fireWith (https://d1hjvew1n9ss7u.cloudfront.net/assets/shjs.js?t=639255987001545277:0:11137)
    at ready (https://d1hjvew1n9ss7u.cloudfront.net/assets/shjs.js?t=639255987001545277:0:5238)
    at r (https://d1hjvew1n9ss7u.cloudfront.net/assets/shjs.js?t=639255987001545277:0:9748)
[  425019ms] [VERBOSE] [DOM] Input elements should have autocomplete attributes (suggested: "current-password"): (More info: https://goo.gl/9p2vKq) %o @ https://www.lolacosmetics.com.br/kit-cuca-fresca-anticaspa-p46335:0
[  425019ms] [VERBOSE] [DOM] Input elements should have autocomplete attributes (suggested: "current-password"): (More info: https://goo.gl/9p2vKq) %o @ https://www.lolacosmetics.com.br/kit-cuca-fresca-anticaspa-p46335:0
[  425200ms] [ERROR] Failed to load resource: net::ERR_NAME_NOT_RESOLVED @ https://event.getblue.io/js/blue-tag.min.js:0
[  425205ms] [LOG] AffiseStorage availability: {cookie: true, localStorage: true, sessionStorage: true} @ https://rankmediabrasil.g2afse.com/websdk.js:0
[  425206ms] [LOG] Status RNK Media - ClickId: null UTM: null @ :3
[  425212ms] [ERROR] Failed to load resource: the server responded with a status of 404 () @ https://d1hjvew1n9ss7u.cloudfront.net/Custom/Content/Themes/Lola/Agrada/CSS/ajax-loader.gif:0
[  425244ms] [WARNING] [Meta Pixel] - Invalid parameter format for currency. Please refer https://developers.facebook.com/docs/meta-pixel/reference/ for valid parameter specifications. @ https://connect.facebook.net/en_US/fbevents.js:203
[  425533ms] Uncaught TypeError: Cannot read properties of undefined (reading 'replace')
    at validaFreteGratis (https://d1hjvew1n9ss7u.cloudfront.net/asset.axd?id=PAEAAB-LCAAAAAAAAAOtj0EPwUAQhf-KzLnsKqu64iBu4oSbOKzt0G2qKztTkQi_3abi6Ob43vfem8wDLIMGxjuLytwM2eCuPOvZ0gRCnrd86k8hgSaGNr5llFE40CdTEyZQXKP_EtuuRREhaA5tJLcIJqM8VSqfZlIO1VilWRYT9puwhStAjyZqIKM4fm1HoPeP333qLi5bYn8RS98wNix2JV6QxNrXRizOwRRGrLbi88ygIngm_1k8YzCOusXD8w1y8dfTPAEAAA%3d%3d:1:7633)
    at <anonymous> (https://d1hjvew1n9ss7u.cloudfront.net/asset.axd?id=PAEAAB-LCAAAAAAAAAOtj0EPwUAQhf-KzLnsKqu64iBu4oSbOKzt0G2qKztTkQi_3abi6Ob43vfem8wDLIMGxjuLytwM2eCuPOvZ0gRCnrd86k8hgSaGNr5llFE40CdTEyZQXKP_EtuuRREhaA5tJLcIJqM8VSqfZlIO1VilWRYT9puwhStAjyZqIKM4fm1HoPeP333qLi5bYn8RS98wNix2JV6QxNrXRizOwRRGrLbi88ygIngm_1k8YzCOusXD8w1y8dfTPAEAAA%3d%3d:1:49808)
    at dispatch (https://d1hjvew1n9ss7u.cloudfront.net/assets/shjs.js?t=639255987001545277:0:32701)
    at a (https://d1hjvew1n9ss7u.cloudfront.net/assets/shjs.js?t=639255987001545277:0:28480)
[  425532ms] [LOG] Banner não encontrado: banner-232 @ https://d1hjvew1n9ss7u.cloudfront.net/asset.axd?id=PAEAAB-LCAAAAAAAAAOtj0EPwUAQhf-KzLnsKqu64iBu4oSbOKzt0G2qKztTkQi_3abi6Ob43vfem8wDLIMGxjuLytwM2eCuPOvZ0gRCnrd86k8hgSaGNr5llFE40CdTEyZQXKP_EtuuRREhaA5tJLcIJqM8VSqfZlIO1VilWRYT9puwhStAjyZqIKM4fm1HoPeP333qLi5bYn8RS98wNix2JV6QxNrXRizOwRRGrLbi88ygIngm_1k8YzCOusXD8w1y8dfTPAEAAA%3d%3d:754
[  425563ms] [LOG] %c Widde Video Commerce %c v24604ee %c Build: 21/09/2026 20:39 %c border: 1px solid #2567f8; background: #2567f8; color: #fff; font-weight: bold; padding: 4px 8px; border-radius: 3px 0 0 0; border: 1px solid #2567f8; border-left: none; background: #FFF; color: #2567f8; font-weight: bold; padding: 4px 8px; border: 1px solid #2567f8; border-left: none; background: #f0f0f0; color: #333; font-weight: bold; padding: 4px 8px; border-radius: 0 3px 3px 0; background: transparent @ https://cdn.widde.io/assets/main.utzwjalemu.js:0
[  425702ms] [LOG] %c Tryon Widde.io %c %s %c border: 1px solid #2567f8; background: #2567f8; color: #fff; font-weight: bold; padding: 4px 8px; border-radius: 3px 0 0 3px; border: 1px solid #2567f8; background: #FFF; color: #2567f8; font-weight: bold; padding: 4px 8px; border-radius: 0 3px 3px 0; 47bf7c2 background: transparent @ https://cdn-tryon.widde.io/widde-tryon.js:86
[  425719ms] [LOG] [tryon-tracker] initialized {domain: www.lolacosmetics.com.br} @ https://cdn-tryon.widde.io/widde-tryon.js:8
[  432260ms] [WARNING] Error with Feature-Policy header: Some features are specified in both Feature-Policy and Permissions-Policy header: payment, fullscreen, microphone, camera. Values defined in Permissions-Policy header will be used. @ :0
[  432551ms] [ERROR] Failed to load resource: the server responded with a status of 500 () @ https://fonts.cdnfonts.com/css/leelawade:0
[  432807ms] [ERROR] Failed to load resource: the server responded with a status of 404 () @ https://lolacosmetics.admin.linxcommerce.com.br/Custom/Content/Themes/Lola/Styles/Fonts/FontAwesome/all.css:0
[  432815ms] [LOG] Trustvox rating | PDP: 46336 tipo: 7 @ https://www.lolacosmetics.com.br/kit-cuca-fresca-controle-de-oleosidade-p46336:39
[  432815ms] [LOG] Trustvox rating | childId: 46327 -> parent (childId-1): 46326 @ https://www.lolacosmetics.com.br/kit-cuca-fresca-controle-de-oleosidade-p46336:39
[  432815ms] [LOG] Trustvox rating | ID final usado = 46326 @ https://www.lolacosmetics.com.br/kit-cuca-fresca-controle-de-oleosidade-p46336:39
[  432815ms] [LOG] {Items: Array(0), VariationPath: /, VariationLevel: 1, ProductPath: /7.46336/5.46327/, ProductLevel: 1} @ https://www.lolacosmetics.com.br/kit-cuca-fresca-controle-de-oleosidade-p46336:39
[  432815ms] [LOG] {Items: Array(0), VariationPath: /, VariationLevel: 1, ProductPath: /7.46336/5.46331/, ProductLevel: 1} @ https://www.lolacosmetics.com.br/kit-cuca-fresca-controle-de-oleosidade-p46336:39
[  432818ms] [LOG] Trustvox PDP | product: 46336 | type: 7 | childId: 46327 | usedId: 46326 @ https://www.lolacosmetics.com.br/kit-cuca-fresca-controle-de-oleosidade-p46336:88
[  432968ms] [LOG] Banner não encontrado: banner-232 @ https://d1hjvew1n9ss7u.cloudfront.net/asset.axd?id=PAEAAB-LCAAAAAAAAAOtj0EPwUAQhf-KzLnsKqu64iBu4oSbOKzt0G2qKztTkQi_3abi6Ob43vfem8wDLIMGxjuLytwM2eCuPOvZ0gRCnrd86k8hgSaGNr5llFE40CdTEyZQXKP_EtuuRREhaA5tJLcIJqM8VSqfZlIO1VilWRYT9puwhStAjyZqIKM4fm1HoPeP333qLi5bYn8RS98wNix2JV6QxNrXRizOwRRGrLbi88ygIngm_1k8YzCOusXD8w1y8dfTPAEAAA%3d%3d:754
[  432969ms] [LOG] [Debug Carrinho] Polling ativo @ https://d1hjvew1n9ss7u.cloudfront.net/asset.axd?id=PAEAAB-LCAAAAAAAAAOtj0EPwUAQhf-KzLnsKqu64iBu4oSbOKzt0G2qKztTkQi_3abi6Ob43vfem8wDLIMGxjuLytwM2eCuPOvZ0gRCnrd86k8hgSaGNr5llFE40CdTEyZQXKP_EtuuRREhaA5tJLcIJqM8VSqfZlIO1VilWRYT9puwhStAjyZqIKM4fm1HoPeP333qLi5bYn8RS98wNix2JV6QxNrXRizOwRRGrLbi88ygIngm_1k8YzCOusXD8w1y8dfTPAEAAA%3d%3d:1790
[  433059ms] [LOG] add @ https://d1hjvew1n9ss7u.cloudfront.net/asset.axd?id=PAEAAB-LCAAAAAAAAAOtj0EPwUAQhf-KzLnsKqu64iBu4oSbOKzt0G2qKztTkQi_3abi6Ob43vfem8wDLIMGxjuLytwM2eCuPOvZ0gRCnrd86k8hgSaGNr5llFE40CdTEyZQXKP_EtuuRREhaA5tJLcIJqM8VSqfZlIO1VilWRYT9puwhStAjyZqIKM4fm1HoPeP333qLi5bYn8RS98wNix2JV6QxNrXRizOwRRGrLbi88ygIngm_1k8YzCOusXD8w1y8dfTPAEAAA%3d%3d:1
[  433060ms] [WARNING] !! Há erros de scripts de terceiros !!
Por favor, contate a Empresa responsável pelo script.  @ https://d1hjvew1n9ss7u.cloudfront.net/assets/shjs.js?t=639255987001545277:0
[  433060ms] Uncaught Error: You must pass a string or Handlebars AST to Handlebars.compile. You passed null
    at e.compile (https://d1hjvew1n9ss7u.cloudfront.net/asset.axd?id=PAEAAB-LCAAAAAAAAAOtj0EPwUAQhf-KzLnsKqu64iBu4oSbOKzt0G2qKztTkQi_3abi6Ob43vfem8wDLIMGxjuLytwM2eCuPOvZ0gRCnrd86k8hgSaGNr5llFE40CdTEyZQXKP_EtuuRREhaA5tJLcIJqM8VSqfZlIO1VilWRYT9puwhStAjyZqIKM4fm1HoPeP333qLi5bYn8RS98wNix2JV6QxNrXRizOwRRGrLbi88ygIngm_1k8YzCOusXD8w1y8dfTPAEAAA%3d%3d:1794:49302)
    at i.compile (https://d1hjvew1n9ss7u.cloudfront.net/asset.axd?id=PAEAAB-LCAAAAAAAAAOtj0EPwUAQhf-KzLnsKqu64iBu4oSbOKzt0G2qKztTkQi_3abi6Ob43vfem8wDLIMGxjuLytwM2eCuPOvZ0gRCnrd86k8hgSaGNr5llFE40CdTEyZQXKP_EtuuRREhaA5tJLcIJqM8VSqfZlIO1VilWRYT9puwhStAjyZqIKM4fm1HoPeP333qLi5bYn8RS98wNix2JV6QxNrXRizOwRRGrLbi88ygIngm_1k8YzCOusXD8w1y8dfTPAEAAA%3d%3d:1794:343)
    at renderBasket (https://d1hjvew1n9ss7u.cloudfront.net/asset.axd?id=PAEAAB-LCAAAAAAAAAOtj0EPwUAQhf-KzLnsKqu64iBu4oSbOKzt0G2qKztTkQi_3abi6Ob43vfem8wDLIMGxjuLytwM2eCuPOvZ0gRCnrd86k8hgSaGNr5llFE40CdTEyZQXKP_EtuuRREhaA5tJLcIJqM8VSqfZlIO1VilWRYT9puwhStAjyZqIKM4fm1HoPeP333qLi5bYn8RS98wNix2JV6QxNrXRizOwRRGrLbi88ygIngm_1k8YzCOusXD8w1y8dfTPAEAAA%3d%3d:29:27)
    at <anonymous> (https://d1hjvew1n9ss7u.cloudfront.net/asset.axd?id=PAEAAB-LCAAAAAAAAAOtj0EPwUAQhf-KzLnsKqu64iBu4oSbOKzt0G2qKztTkQi_3abi6Ob43vfem8wDLIMGxjuLytwM2eCuPOvZ0gRCnrd86k8hgSaGNr5llFE40CdTEyZQXKP_EtuuRREhaA5tJLcIJqM8VSqfZlIO1VilWRYT9puwhStAjyZqIKM4fm1HoPeP333qLi5bYn8RS98wNix2JV6QxNrXRizOwRRGrLbi88ygIngm_1k8YzCOusXD8w1y8dfTPAEAAA%3d%3d:220:1)
    at f (https://d1hjvew1n9ss7u.cloudfront.net/assets/shjs.js?t=639255987001545277:0:10382)
    at fireWith (https://d1hjvew1n9ss7u.cloudfront.net/assets/shjs.js?t=639255987001545277:0:11137)
    at ready (https://d1hjvew1n9ss7u.cloudfront.net/assets/shjs.js?t=639255987001545277:0:5238)
    at r (https://d1hjvew1n9ss7u.cloudfront.net/assets/shjs.js?t=639255987001545277:0:9748)
[  433068ms] [VERBOSE] [DOM] Input elements should have autocomplete attributes (suggested: "current-password"): (More info: https://goo.gl/9p2vKq) %o @ https://www.lolacosmetics.com.br/kit-cuca-fresca-controle-de-oleosidade-p46336:0
[  433068ms] [VERBOSE] [DOM] Input elements should have autocomplete attributes (suggested: "current-password"): (More info: https://goo.gl/9p2vKq) %o @ https://www.lolacosmetics.com.br/kit-cuca-fresca-controle-de-oleosidade-p46336:0
[  433099ms] [LOG] AffiseStorage availability: {cookie: true, localStorage: true, sessionStorage: true} @ https://rankmediabrasil.g2afse.com/websdk.js:0
[  433100ms] [LOG] Status RNK Media - ClickId: null UTM: null @ :3
[  433129ms] [ERROR] Failed to load resource: net::ERR_NAME_NOT_RESOLVED @ https://event.getblue.io/js/blue-tag.min.js:0
[  433196ms] [WARNING] [Meta Pixel] - Invalid parameter format for currency. Please refer https://developers.facebook.com/docs/meta-pixel/reference/ for valid parameter specifications. @ https://connect.facebook.net/en_US/fbevents.js:203
[  433224ms] [ERROR] Failed to load resource: the server responded with a status of 404 () @ https://d1hjvew1n9ss7u.cloudfront.net/Custom/Content/Themes/Lola/Agrada/CSS/ajax-loader.gif:0
[  433561ms] Uncaught TypeError: Cannot read properties of undefined (reading 'replace')
    at validaFreteGratis (https://d1hjvew1n9ss7u.cloudfront.net/asset.axd?id=PAEAAB-LCAAAAAAAAAOtj0EPwUAQhf-KzLnsKqu64iBu4oSbOKzt0G2qKztTkQi_3abi6Ob43vfem8wDLIMGxjuLytwM2eCuPOvZ0gRCnrd86k8hgSaGNr5llFE40CdTEyZQXKP_EtuuRREhaA5tJLcIJqM8VSqfZlIO1VilWRYT9puwhStAjyZqIKM4fm1HoPeP333qLi5bYn8RS98wNix2JV6QxNrXRizOwRRGrLbi88ygIngm_1k8YzCOusXD8w1y8dfTPAEAAA%3d%3d:1:7633)
    at <anonymous> (https://d1hjvew1n9ss7u.cloudfront.net/asset.axd?id=PAEAAB-LCAAAAAAAAAOtj0EPwUAQhf-KzLnsKqu64iBu4oSbOKzt0G2qKztTkQi_3abi6Ob43vfem8wDLIMGxjuLytwM2eCuPOvZ0gRCnrd86k8hgSaGNr5llFE40CdTEyZQXKP_EtuuRREhaA5tJLcIJqM8VSqfZlIO1VilWRYT9puwhStAjyZqIKM4fm1HoPeP333qLi5bYn8RS98wNix2JV6QxNrXRizOwRRGrLbi88ygIngm_1k8YzCOusXD8w1y8dfTPAEAAA%3d%3d:1:49808)
    at dispatch (https://d1hjvew1n9ss7u.cloudfront.net/assets/shjs.js?t=639255987001545277:0:32701)
    at a (https://d1hjvew1n9ss7u.cloudfront.net/assets/shjs.js?t=639255987001545277:0:28480)
[  433560ms] [LOG] Banner não encontrado: banner-232 @ https://d1hjvew1n9ss7u.cloudfront.net/asset.axd?id=PAEAAB-LCAAAAAAAAAOtj0EPwUAQhf-KzLnsKqu64iBu4oSbOKzt0G2qKztTkQi_3abi6Ob43vfem8wDLIMGxjuLytwM2eCuPOvZ0gRCnrd86k8hgSaGNr5llFE40CdTEyZQXKP_EtuuRREhaA5tJLcIJqM8VSqfZlIO1VilWRYT9puwhStAjyZqIKM4fm1HoPeP333qLi5bYn8RS98wNix2JV6QxNrXRizOwRRGrLbi88ygIngm_1k8YzCOusXD8w1y8dfTPAEAAA%3d%3d:754
[  433600ms] [LOG] %c Widde Video Commerce %c v24604ee %c Build: 21/09/2026 20:39 %c border: 1px solid #2567f8; background: #2567f8; color: #fff; font-weight: bold; padding: 4px 8px; border-radius: 3px 0 0 0; border: 1px solid #2567f8; border-left: none; background: #FFF; color: #2567f8; font-weight: bold; padding: 4px 8px; border: 1px solid #2567f8; border-left: none; background: #f0f0f0; color: #333; font-weight: bold; padding: 4px 8px; border-radius: 0 3px 3px 0; background: transparent @ https://cdn.widde.io/assets/main.utzwjalemu.js:0
[  433921ms] [LOG] %c Tryon Widde.io %c %s %c border: 1px solid #2567f8; background: #2567f8; color: #fff; font-weight: bold; padding: 4px 8px; border-radius: 3px 0 0 3px; border: 1px solid #2567f8; background: #FFF; color: #2567f8; font-weight: bold; padding: 4px 8px; border-radius: 0 3px 3px 0; 47bf7c2 background: transparent @ https://cdn-tryon.widde.io/widde-tryon.js:86
[  433958ms] [LOG] [tryon-tracker] initialized {domain: www.lolacosmetics.com.br} @ https://cdn-tryon.widde.io/widde-tryon.js:8
[  441001ms] [WARNING] Error with Feature-Policy header: Some features are specified in both Feature-Policy and Permissions-Policy header: payment, fullscreen, microphone, camera. Values defined in Permissions-Policy header will be used. @ :0
[  441828ms] [ERROR] Failed to load resource: the server responded with a status of 500 () @ https://fonts.cdnfonts.com/css/leelawade:0
[  442249ms] [ERROR] Failed to load resource: the server responded with a status of 404 () @ https://lolacosmetics.admin.linxcommerce.com.br/Custom/Content/Themes/Lola/Styles/Fonts/FontAwesome/all.css:0
[  442279ms] [LOG] Trustvox rating | PDP: 46131 tipo: 3 @ https://www.lolacosmetics.com.br/kit-feira-cronolola-ps-19629-250-p46131:50
[  442279ms] [LOG] Trustvox rating | ID final usado = 46131 @ https://www.lolacosmetics.com.br/kit-feira-cronolola-ps-19629-250-p46131:50
[  442306ms] [LOG] Trustvox PDP | product: 46131 | type: 3 | childId: 46399 | usedId: 46131 @ https://www.lolacosmetics.com.br/kit-feira-cronolola-ps-19629-250-p46131:160
[  442342ms] [LOG] Banner não encontrado: banner-232 @ https://d1hjvew1n9ss7u.cloudfront.net/asset.axd?id=PAEAAB-LCAAAAAAAAAOtj0EPwUAQhf-KzLnsKqu64iBu4oSbOKzt0G2qKztTkQi_3abi6Ob43vfem8wDLIMGxjuLytwM2eCuPOvZ0gRCnrd86k8hgSaGNr5llFE40CdTEyZQXKP_EtuuRREhaA5tJLcIJqM8VSqfZlIO1VilWRYT9puwhStAjyZqIKM4fm1HoPeP333qLi5bYn8RS98wNix2JV6QxNrXRizOwRRGrLbi88ygIngm_1k8YzCOusXD8w1y8dfTPAEAAA%3d%3d:754
[  442343ms] [LOG] [Debug Carrinho] Polling ativo @ https://d1hjvew1n9ss7u.cloudfront.net/asset.axd?id=PAEAAB-LCAAAAAAAAAOtj0EPwUAQhf-KzLnsKqu64iBu4oSbOKzt0G2qKztTkQi_3abi6Ob43vfem8wDLIMGxjuLytwM2eCuPOvZ0gRCnrd86k8hgSaGNr5llFE40CdTEyZQXKP_EtuuRREhaA5tJLcIJqM8VSqfZlIO1VilWRYT9puwhStAjyZqIKM4fm1HoPeP333qLi5bYn8RS98wNix2JV6QxNrXRizOwRRGrLbi88ygIngm_1k8YzCOusXD8w1y8dfTPAEAAA%3d%3d:1790
[  442423ms] [LOG] add @ https://d1hjvew1n9ss7u.cloudfront.net/asset.axd?id=PAEAAB-LCAAAAAAAAAOtj0EPwUAQhf-KzLnsKqu64iBu4oSbOKzt0G2qKztTkQi_3abi6Ob43vfem8wDLIMGxjuLytwM2eCuPOvZ0gRCnrd86k8hgSaGNr5llFE40CdTEyZQXKP_EtuuRREhaA5tJLcIJqM8VSqfZlIO1VilWRYT9puwhStAjyZqIKM4fm1HoPeP333qLi5bYn8RS98wNix2JV6QxNrXRizOwRRGrLbi88ygIngm_1k8YzCOusXD8w1y8dfTPAEAAA%3d%3d:1
[  442424ms] [WARNING] !! Há erros de scripts de terceiros !!
Por favor, contate a Empresa responsável pelo script.  @ https://d1hjvew1n9ss7u.cloudfront.net/assets/shjs.js?t=639255987001545277:0
[  442425ms] Uncaught Error: You must pass a string or Handlebars AST to Handlebars.compile. You passed null
    at e.compile (https://d1hjvew1n9ss7u.cloudfront.net/asset.axd?id=PAEAAB-LCAAAAAAAAAOtj0EPwUAQhf-KzLnsKqu64iBu4oSbOKzt0G2qKztTkQi_3abi6Ob43vfem8wDLIMGxjuLytwM2eCuPOvZ0gRCnrd86k8hgSaGNr5llFE40CdTEyZQXKP_EtuuRREhaA5tJLcIJqM8VSqfZlIO1VilWRYT9puwhStAjyZqIKM4fm1HoPeP333qLi5bYn8RS98wNix2JV6QxNrXRizOwRRGrLbi88ygIngm_1k8YzCOusXD8w1y8dfTPAEAAA%3d%3d:1794:49302)
    at i.compile (https://d1hjvew1n9ss7u.cloudfront.net/asset.axd?id=PAEAAB-LCAAAAAAAAAOtj0EPwUAQhf-KzLnsKqu64iBu4oSbOKzt0G2qKztTkQi_3abi6Ob43vfem8wDLIMGxjuLytwM2eCuPOvZ0gRCnrd86k8hgSaGNr5llFE40CdTEyZQXKP_EtuuRREhaA5tJLcIJqM8VSqfZlIO1VilWRYT9puwhStAjyZqIKM4fm1HoPeP333qLi5bYn8RS98wNix2JV6QxNrXRizOwRRGrLbi88ygIngm_1k8YzCOusXD8w1y8dfTPAEAAA%3d%3d:1794:343)
    at renderBasket (https://d1hjvew1n9ss7u.cloudfront.net/asset.axd?id=PAEAAB-LCAAAAAAAAAOtj0EPwUAQhf-KzLnsKqu64iBu4oSbOKzt0G2qKztTkQi_3abi6Ob43vfem8wDLIMGxjuLytwM2eCuPOvZ0gRCnrd86k8hgSaGNr5llFE40CdTEyZQXKP_EtuuRREhaA5tJLcIJqM8VSqfZlIO1VilWRYT9puwhStAjyZqIKM4fm1HoPeP333qLi5bYn8RS98wNix2JV6QxNrXRizOwRRGrLbi88ygIngm_1k8YzCOusXD8w1y8dfTPAEAAA%3d%3d:29:27)
    at <anonymous> (https://d1hjvew1n9ss7u.cloudfront.net/asset.axd?id=PAEAAB-LCAAAAAAAAAOtj0EPwUAQhf-KzLnsKqu64iBu4oSbOKzt0G2qKztTkQi_3abi6Ob43vfem8wDLIMGxjuLytwM2eCuPOvZ0gRCnrd86k8hgSaGNr5llFE40CdTEyZQXKP_EtuuRREhaA5tJLcIJqM8VSqfZlIO1VilWRYT9puwhStAjyZqIKM4fm1HoPeP333qLi5bYn8RS98wNix2JV6QxNrXRizOwRRGrLbi88ygIngm_1k8YzCOusXD8w1y8dfTPAEAAA%3d%3d:220:1)
    at f (https://d1hjvew1n9ss7u.cloudfront.net/assets/shjs.js?t=639255987001545277:0:10382)
    at fireWith (https://d1hjvew1n9ss7u.cloudfront.net/assets/shjs.js?t=639255987001545277:0:11137)
    at ready (https://d1hjvew1n9ss7u.cloudfront.net/assets/shjs.js?t=639255987001545277:0:5238)
    at r (https://d1hjvew1n9ss7u.cloudfront.net/assets/shjs.js?t=639255987001545277:0:9748)
[  442432ms] [VERBOSE] [DOM] Input elements should have autocomplete attributes (suggested: "current-password"): (More info: https://goo.gl/9p2vKq) %o @ https://www.lolacosmetics.com.br/kit-feira-cronolola-ps-19629-250-p46131:0
[  442432ms] [VERBOSE] [DOM] Input elements should have autocomplete attributes (suggested: "current-password"): (More info: https://goo.gl/9p2vKq) %o @ https://www.lolacosmetics.com.br/kit-feira-cronolola-ps-19629-250-p46131:0
[  442468ms] [ERROR] Failed to load resource: the server responded with a status of 404 () @ https://d1hjvew1n9ss7u.cloudfront.net/Custom/Content:0
[  442491ms] [ERROR] Failed to load resource: net::ERR_NAME_NOT_RESOLVED @ https://event.getblue.io/js/blue-tag.min.js:0
[  442535ms] [LOG] AffiseStorage availability: {cookie: true, localStorage: true, sessionStorage: true} @ https://rankmediabrasil.g2afse.com/websdk.js:0
[  442535ms] [LOG] Status RNK Media - ClickId: null UTM: null @ :3
[  442570ms] [ERROR] Failed to load resource: the server responded with a status of 404 () @ https://d1hjvew1n9ss7u.cloudfront.net/Custom/Content/Themes/Lola/Agrada/CSS/ajax-loader.gif:0
[  442664ms] [WARNING] [Meta Pixel] - Invalid parameter format for currency. Please refer https://developers.facebook.com/docs/meta-pixel/reference/ for valid parameter specifications. @ https://connect.facebook.net/en_US/fbevents.js:203
[  442991ms] Uncaught TypeError: Cannot read properties of undefined (reading 'replace')
    at validaFreteGratis (https://d1hjvew1n9ss7u.cloudfront.net/asset.axd?id=PAEAAB-LCAAAAAAAAAOtj0EPwUAQhf-KzLnsKqu64iBu4oSbOKzt0G2qKztTkQi_3abi6Ob43vfem8wDLIMGxjuLytwM2eCuPOvZ0gRCnrd86k8hgSaGNr5llFE40CdTEyZQXKP_EtuuRREhaA5tJLcIJqM8VSqfZlIO1VilWRYT9puwhStAjyZqIKM4fm1HoPeP333qLi5bYn8RS98wNix2JV6QxNrXRizOwRRGrLbi88ygIngm_1k8YzCOusXD8w1y8dfTPAEAAA%3d%3d:1:7633)
    at <anonymous> (https://d1hjvew1n9ss7u.cloudfront.net/asset.axd?id=PAEAAB-LCAAAAAAAAAOtj0EPwUAQhf-KzLnsKqu64iBu4oSbOKzt0G2qKztTkQi_3abi6Ob43vfem8wDLIMGxjuLytwM2eCuPOvZ0gRCnrd86k8hgSaGNr5llFE40CdTEyZQXKP_EtuuRREhaA5tJLcIJqM8VSqfZlIO1VilWRYT9puwhStAjyZqIKM4fm1HoPeP333qLi5bYn8RS98wNix2JV6QxNrXRizOwRRGrLbi88ygIngm_1k8YzCOusXD8w1y8dfTPAEAAA%3d%3d:1:49808)
    at dispatch (https://d1hjvew1n9ss7u.cloudfront.net/assets/shjs.js?t=639255987001545277:0:32701)
    at a (https://d1hjvew1n9ss7u.cloudfront.net/assets/shjs.js?t=639255987001545277:0:28480)
[  442989ms] [LOG] Banner não encontrado: banner-232 @ https://d1hjvew1n9ss7u.cloudfront.net/asset.axd?id=PAEAAB-LCAAAAAAAAAOtj0EPwUAQhf-KzLnsKqu64iBu4oSbOKzt0G2qKztTkQi_3abi6Ob43vfem8wDLIMGxjuLytwM2eCuPOvZ0gRCnrd86k8hgSaGNr5llFE40CdTEyZQXKP_EtuuRREhaA5tJLcIJqM8VSqfZlIO1VilWRYT9puwhStAjyZqIKM4fm1HoPeP333qLi5bYn8RS98wNix2JV6QxNrXRizOwRRGrLbi88ygIngm_1k8YzCOusXD8w1y8dfTPAEAAA%3d%3d:754
[  443020ms] [LOG] %c Widde Video Commerce %c v24604ee %c Build: 21/09/2026 20:39 %c border: 1px solid #2567f8; background: #2567f8; color: #fff; font-weight: bold; padding: 4px 8px; border-radius: 3px 0 0 0; border: 1px solid #2567f8; border-left: none; background: #FFF; color: #2567f8; font-weight: bold; padding: 4px 8px; border: 1px solid #2567f8; border-left: none; background: #f0f0f0; color: #333; font-weight: bold; padding: 4px 8px; border-radius: 0 3px 3px 0; background: transparent @ https://cdn.widde.io/assets/main.utzwjalemu.js:0
[  443223ms] Uncaught (in promise) TypeError: Cannot read properties of null (reading 'store_id')
    at loadAnswersSummaries (https://static.trustvox.com.br/sincero/sincero.js:0:378910)
    at <anonymous> (https://static.trustvox.com.br/sincero/sincero.js:0:104392)
    at r.dispatch (https://static.trustvox.com.br/sincero/sincero.js:0:106041)
    at dispatch (https://static.trustvox.com.br/sincero/sincero.js:0:102087)
    at <anonymous> (https://static.trustvox.com.br/sincero/sincero.js:0:365471)
[  443224ms] Uncaught (in promise) TypeError: Cannot read properties of null (reading 'store_id')
    at loadProfiles (https://static.trustvox.com.br/sincero/sincero.js:0:376806)
    at <anonymous> (https://static.trustvox.com.br/sincero/sincero.js:0:104392)
    at r.dispatch (https://static.trustvox.com.br/sincero/sincero.js:0:106041)
    at dispatch (https://static.trustvox.com.br/sincero/sincero.js:0:102087)
    at t.context.a.dispatch (https://static.trustvox.com.br/sincero/sincero.js:0:103635)
    at <anonymous> (https://static.trustvox.com.br/sincero/sincero.js:0:376597)
[  443322ms] [LOG] %c Tryon Widde.io %c %s %c border: 1px solid #2567f8; background: #2567f8; color: #fff; font-weight: bold; padding: 4px 8px; border-radius: 3px 0 0 3px; border: 1px solid #2567f8; background: #FFF; color: #2567f8; font-weight: bold; padding: 4px 8px; border-radius: 0 3px 3px 0; 47bf7c2 background: transparent @ https://cdn-tryon.widde.io/widde-tryon.js:86
[  443353ms] [LOG] [tryon-tracker] initialized {domain: www.lolacosmetics.com.br} @ https://cdn-tryon.widde.io/widde-tryon.js:8
[  449844ms] [WARNING] Error with Feature-Policy header: Some features are specified in both Feature-Policy and Permissions-Policy header: payment, fullscreen, microphone, camera. Values defined in Permissions-Policy header will be used. @ :0
[  450221ms] [ERROR] Failed to load resource: the server responded with a status of 500 () @ https://fonts.cdnfonts.com/css/leelawade:0
[  450499ms] [ERROR] Failed to load resource: the server responded with a status of 404 () @ https://lolacosmetics.admin.linxcommerce.com.br/Custom/Content/Themes/Lola/Styles/Fonts/FontAwesome/all.css:0
[  450507ms] [LOG] Trustvox rating | PDP: 46380 tipo: 7 @ https://www.lolacosmetics.com.br/kit-loira-de-farmacia-linha-completa-100g-p46380:26
[  450507ms] [LOG] Trustvox rating | childId: 45510 -> parent (childId-1): 45509 @ https://www.lolacosmetics.com.br/kit-loira-de-farmacia-linha-completa-100g-p46380:26
[  450507ms] [LOG] Trustvox rating | ID final usado = 45509 @ https://www.lolacosmetics.com.br/kit-loira-de-farmacia-linha-completa-100g-p46380:26
[  450507ms] [LOG] {Items: Array(0), VariationPath: /, VariationLevel: 1, ProductPath: /7.46380/5.46368/, ProductLevel: 1} @ https://www.lolacosmetics.com.br/kit-loira-de-farmacia-linha-completa-100g-p46380:26
[  450507ms] [LOG] {Items: Array(0), VariationPath: /, VariationLevel: 1, ProductPath: /7.46380/5.45510/, ProductLevel: 1} @ https://www.lolacosmetics.com.br/kit-loira-de-farmacia-linha-completa-100g-p46380:26
[  450508ms] [LOG] Trustvox PDP | product: 46380 | type: 7 | childId: 45510 | usedId: 45509 @ https://www.lolacosmetics.com.br/kit-loira-de-farmacia-linha-completa-100g-p46380:46
[  450573ms] [LOG] Banner não encontrado: banner-232 @ https://d1hjvew1n9ss7u.cloudfront.net/asset.axd?id=PAEAAB-LCAAAAAAAAAOtj0EPwUAQhf-KzLnsKqu64iBu4oSbOKzt0G2qKztTkQi_3abi6Ob43vfem8wDLIMGxjuLytwM2eCuPOvZ0gRCnrd86k8hgSaGNr5llFE40CdTEyZQXKP_EtuuRREhaA5tJLcIJqM8VSqfZlIO1VilWRYT9puwhStAjyZqIKM4fm1HoPeP333qLi5bYn8RS98wNix2JV6QxNrXRizOwRRGrLbi88ygIngm_1k8YzCOusXD8w1y8dfTPAEAAA%3d%3d:754
[  450574ms] [LOG] [Debug Carrinho] Polling ativo @ https://d1hjvew1n9ss7u.cloudfront.net/asset.axd?id=PAEAAB-LCAAAAAAAAAOtj0EPwUAQhf-KzLnsKqu64iBu4oSbOKzt0G2qKztTkQi_3abi6Ob43vfem8wDLIMGxjuLytwM2eCuPOvZ0gRCnrd86k8hgSaGNr5llFE40CdTEyZQXKP_EtuuRREhaA5tJLcIJqM8VSqfZlIO1VilWRYT9puwhStAjyZqIKM4fm1HoPeP333qLi5bYn8RS98wNix2JV6QxNrXRizOwRRGrLbi88ygIngm_1k8YzCOusXD8w1y8dfTPAEAAA%3d%3d:1790
[  450615ms] [LOG] add @ https://d1hjvew1n9ss7u.cloudfront.net/asset.axd?id=PAEAAB-LCAAAAAAAAAOtj0EPwUAQhf-KzLnsKqu64iBu4oSbOKzt0G2qKztTkQi_3abi6Ob43vfem8wDLIMGxjuLytwM2eCuPOvZ0gRCnrd86k8hgSaGNr5llFE40CdTEyZQXKP_EtuuRREhaA5tJLcIJqM8VSqfZlIO1VilWRYT9puwhStAjyZqIKM4fm1HoPeP333qLi5bYn8RS98wNix2JV6QxNrXRizOwRRGrLbi88ygIngm_1k8YzCOusXD8w1y8dfTPAEAAA%3d%3d:1
[  450616ms] [WARNING] !! Há erros de scripts de terceiros !!
Por favor, contate a Empresa responsável pelo script.  @ https://d1hjvew1n9ss7u.cloudfront.net/assets/shjs.js?t=639255987001545277:0
[  450617ms] Uncaught Error: You must pass a string or Handlebars AST to Handlebars.compile. You passed null
    at e.compile (https://d1hjvew1n9ss7u.cloudfront.net/asset.axd?id=PAEAAB-LCAAAAAAAAAOtj0EPwUAQhf-KzLnsKqu64iBu4oSbOKzt0G2qKztTkQi_3abi6Ob43vfem8wDLIMGxjuLytwM2eCuPOvZ0gRCnrd86k8hgSaGNr5llFE40CdTEyZQXKP_EtuuRREhaA5tJLcIJqM8VSqfZlIO1VilWRYT9puwhStAjyZqIKM4fm1HoPeP333qLi5bYn8RS98wNix2JV6QxNrXRizOwRRGrLbi88ygIngm_1k8YzCOusXD8w1y8dfTPAEAAA%3d%3d:1794:49302)
    at i.compile (https://d1hjvew1n9ss7u.cloudfront.net/asset.axd?id=PAEAAB-LCAAAAAAAAAOtj0EPwUAQhf-KzLnsKqu64iBu4oSbOKzt0G2qKztTkQi_3abi6Ob43vfem8wDLIMGxjuLytwM2eCuPOvZ0gRCnrd86k8hgSaGNr5llFE40CdTEyZQXKP_EtuuRREhaA5tJLcIJqM8VSqfZlIO1VilWRYT9puwhStAjyZqIKM4fm1HoPeP333qLi5bYn8RS98wNix2JV6QxNrXRizOwRRGrLbi88ygIngm_1k8YzCOusXD8w1y8dfTPAEAAA%3d%3d:1794:343)
    at renderBasket (https://d1hjvew1n9ss7u.cloudfront.net/asset.axd?id=PAEAAB-LCAAAAAAAAAOtj0EPwUAQhf-KzLnsKqu64iBu4oSbOKzt0G2qKztTkQi_3abi6Ob43vfem8wDLIMGxjuLytwM2eCuPOvZ0gRCnrd86k8hgSaGNr5llFE40CdTEyZQXKP_EtuuRREhaA5tJLcIJqM8VSqfZlIO1VilWRYT9puwhStAjyZqIKM4fm1HoPeP333qLi5bYn8RS98wNix2JV6QxNrXRizOwRRGrLbi88ygIngm_1k8YzCOusXD8w1y8dfTPAEAAA%3d%3d:29:27)
    at <anonymous> (https://d1hjvew1n9ss7u.cloudfront.net/asset.axd?id=PAEAAB-LCAAAAAAAAAOtj0EPwUAQhf-KzLnsKqu64iBu4oSbOKzt0G2qKztTkQi_3abi6Ob43vfem8wDLIMGxjuLytwM2eCuPOvZ0gRCnrd86k8hgSaGNr5llFE40CdTEyZQXKP_EtuuRREhaA5tJLcIJqM8VSqfZlIO1VilWRYT9puwhStAjyZqIKM4fm1HoPeP333qLi5bYn8RS98wNix2JV6QxNrXRizOwRRGrLbi88ygIngm_1k8YzCOusXD8w1y8dfTPAEAAA%3d%3d:220:1)
    at f (https://d1hjvew1n9ss7u.cloudfront.net/assets/shjs.js?t=639255987001545277:0:10382)
    at fireWith (https://d1hjvew1n9ss7u.cloudfront.net/assets/shjs.js?t=639255987001545277:0:11137)
    at ready (https://d1hjvew1n9ss7u.cloudfront.net/assets/shjs.js?t=639255987001545277:0:5238)
    at r (https://d1hjvew1n9ss7u.cloudfront.net/assets/shjs.js?t=639255987001545277:0:9748)
[  450619ms] [VERBOSE] [DOM] Input elements should have autocomplete attributes (suggested: "current-password"): (More info: https://goo.gl/9p2vKq) %o @ https://www.lolacosmetics.com.br/kit-loira-de-farmacia-linha-completa-100g-p46380:0
[  450619ms] [VERBOSE] [DOM] Input elements should have autocomplete attributes (suggested: "current-password"): (More info: https://goo.gl/9p2vKq) %o @ https://www.lolacosmetics.com.br/kit-loira-de-farmacia-linha-completa-100g-p46380:0
[  450732ms] [ERROR] Failed to load resource: net::ERR_NAME_NOT_RESOLVED @ https://event.getblue.io/js/blue-tag.min.js:0
[  450796ms] [LOG] AffiseStorage availability: {cookie: true, localStorage: true, sessionStorage: true} @ https://rankmediabrasil.g2afse.com/websdk.js:0
[  450797ms] [LOG] Status RNK Media - ClickId: null UTM: null @ :3
[  450815ms] [ERROR] Failed to load resource: the server responded with a status of 404 () @ https://d1hjvew1n9ss7u.cloudfront.net/Custom/Content/Themes/Lola/Agrada/CSS/ajax-loader.gif:0
[  450837ms] [WARNING] [Meta Pixel] - Invalid parameter format for currency. Please refer https://developers.facebook.com/docs/meta-pixel/reference/ for valid parameter specifications. @ https://connect.facebook.net/en_US/fbevents.js:203
[  451207ms] Uncaught TypeError: Cannot read properties of undefined (reading 'replace')
    at validaFreteGratis (https://d1hjvew1n9ss7u.cloudfront.net/asset.axd?id=PAEAAB-LCAAAAAAAAAOtj0EPwUAQhf-KzLnsKqu64iBu4oSbOKzt0G2qKztTkQi_3abi6Ob43vfem8wDLIMGxjuLytwM2eCuPOvZ0gRCnrd86k8hgSaGNr5llFE40CdTEyZQXKP_EtuuRREhaA5tJLcIJqM8VSqfZlIO1VilWRYT9puwhStAjyZqIKM4fm1HoPeP333qLi5bYn8RS98wNix2JV6QxNrXRizOwRRGrLbi88ygIngm_1k8YzCOusXD8w1y8dfTPAEAAA%3d%3d:1:7633)
    at <anonymous> (https://d1hjvew1n9ss7u.cloudfront.net/asset.axd?id=PAEAAB-LCAAAAAAAAAOtj0EPwUAQhf-KzLnsKqu64iBu4oSbOKzt0G2qKztTkQi_3abi6Ob43vfem8wDLIMGxjuLytwM2eCuPOvZ0gRCnrd86k8hgSaGNr5llFE40CdTEyZQXKP_EtuuRREhaA5tJLcIJqM8VSqfZlIO1VilWRYT9puwhStAjyZqIKM4fm1HoPeP333qLi5bYn8RS98wNix2JV6QxNrXRizOwRRGrLbi88ygIngm_1k8YzCOusXD8w1y8dfTPAEAAA%3d%3d:1:49808)
    at dispatch (https://d1hjvew1n9ss7u.cloudfront.net/assets/shjs.js?t=639255987001545277:0:32701)
    at a (https://d1hjvew1n9ss7u.cloudfront.net/assets/shjs.js?t=639255987001545277:0:28480)
    at <anonymous> (https://connect.facebook.net/en_US/fbevents.js:303:1064)
    at l (https://connect.facebook.net/en_US/fbevents.js:361:1034)
[  451205ms] [LOG] Banner não encontrado: banner-232 @ https://d1hjvew1n9ss7u.cloudfront.net/asset.axd?id=PAEAAB-LCAAAAAAAAAOtj0EPwUAQhf-KzLnsKqu64iBu4oSbOKzt0G2qKztTkQi_3abi6Ob43vfem8wDLIMGxjuLytwM2eCuPOvZ0gRCnrd86k8hgSaGNr5llFE40CdTEyZQXKP_EtuuRREhaA5tJLcIJqM8VSqfZlIO1VilWRYT9puwhStAjyZqIKM4fm1HoPeP333qLi5bYn8RS98wNix2JV6QxNrXRizOwRRGrLbi88ygIngm_1k8YzCOusXD8w1y8dfTPAEAAA%3d%3d:754
[  451221ms] [LOG] %c Widde Video Commerce %c v24604ee %c Build: 21/09/2026 20:39 %c border: 1px solid #2567f8; background: #2567f8; color: #fff; font-weight: bold; padding: 4px 8px; border-radius: 3px 0 0 0; border: 1px solid #2567f8; border-left: none; background: #FFF; color: #2567f8; font-weight: bold; padding: 4px 8px; border: 1px solid #2567f8; border-left: none; background: #f0f0f0; color: #333; font-weight: bold; padding: 4px 8px; border-radius: 0 3px 3px 0; background: transparent @ https://cdn.widde.io/assets/main.utzwjalemu.js:0
[  451497ms] [LOG] %c Tryon Widde.io %c %s %c border: 1px solid #2567f8; background: #2567f8; color: #fff; font-weight: bold; padding: 4px 8px; border-radius: 3px 0 0 3px; border: 1px solid #2567f8; background: #FFF; color: #2567f8; font-weight: bold; padding: 4px 8px; border-radius: 0 3px 3px 0; 47bf7c2 background: transparent @ https://cdn-tryon.widde.io/widde-tryon.js:86
[  451517ms] [LOG] [tryon-tracker] initialized {domain: www.lolacosmetics.com.br} @ https://cdn-tryon.widde.io/widde-tryon.js:8
[  457506ms] [WARNING] Error with Feature-Policy header: Some features are specified in both Feature-Policy and Permissions-Policy header: payment, fullscreen, microphone, camera. Values defined in Permissions-Policy header will be used. @ :0
[  458062ms] [ERROR] Failed to load resource: the server responded with a status of 500 () @ https://fonts.cdnfonts.com/css/leelawade:0
[  458484ms] [ERROR] Failed to load resource: the server responded with a status of 404 () @ https://lolacosmetics.admin.linxcommerce.com.br/Custom/Content/Themes/Lola/Styles/Fonts/FontAwesome/all.css:0
[  458497ms] [LOG] Trustvox rating | PDP: 46358 tipo: 3 @ https://www.lolacosmetics.com.br/kit-morte-subita-trio-ps-19629-308-p46358:94
[  458497ms] [LOG] Trustvox rating | ID final usado = 46358 @ https://www.lolacosmetics.com.br/kit-morte-subita-trio-ps-19629-308-p46358:94
[  458518ms] [LOG] Trustvox PDP | product: 46358 | type: 3 | usedId: 46358 @ https://www.lolacosmetics.com.br/kit-morte-subita-trio-ps-19629-308-p46358:354
[  458559ms] [LOG] Banner não encontrado: banner-232 @ https://d1hjvew1n9ss7u.cloudfront.net/asset.axd?id=PAEAAB-LCAAAAAAAAAOtj0EPwUAQhf-KzLnsKqu64iBu4oSbOKzt0G2qKztTkQi_3abi6Ob43vfem8wDLIMGxjuLytwM2eCuPOvZ0gRCnrd86k8hgSaGNr5llFE40CdTEyZQXKP_EtuuRREhaA5tJLcIJqM8VSqfZlIO1VilWRYT9puwhStAjyZqIKM4fm1HoPeP333qLi5bYn8RS98wNix2JV6QxNrXRizOwRRGrLbi88ygIngm_1k8YzCOusXD8w1y8dfTPAEAAA%3d%3d:754
[  458560ms] [LOG] [Debug Carrinho] Polling ativo @ https://d1hjvew1n9ss7u.cloudfront.net/asset.axd?id=PAEAAB-LCAAAAAAAAAOtj0EPwUAQhf-KzLnsKqu64iBu4oSbOKzt0G2qKztTkQi_3abi6Ob43vfem8wDLIMGxjuLytwM2eCuPOvZ0gRCnrd86k8hgSaGNr5llFE40CdTEyZQXKP_EtuuRREhaA5tJLcIJqM8VSqfZlIO1VilWRYT9puwhStAjyZqIKM4fm1HoPeP333qLi5bYn8RS98wNix2JV6QxNrXRizOwRRGrLbi88ygIngm_1k8YzCOusXD8w1y8dfTPAEAAA%3d%3d:1790
[  458613ms] [LOG] add @ https://d1hjvew1n9ss7u.cloudfront.net/asset.axd?id=PAEAAB-LCAAAAAAAAAOtj0EPwUAQhf-KzLnsKqu64iBu4oSbOKzt0G2qKztTkQi_3abi6Ob43vfem8wDLIMGxjuLytwM2eCuPOvZ0gRCnrd86k8hgSaGNr5llFE40CdTEyZQXKP_EtuuRREhaA5tJLcIJqM8VSqfZlIO1VilWRYT9puwhStAjyZqIKM4fm1HoPeP333qLi5bYn8RS98wNix2JV6QxNrXRizOwRRGrLbi88ygIngm_1k8YzCOusXD8w1y8dfTPAEAAA%3d%3d:1
[  458615ms] [WARNING] !! Há erros de scripts de terceiros !!
Por favor, contate a Empresa responsável pelo script.  @ https://d1hjvew1n9ss7u.cloudfront.net/assets/shjs.js?t=639255987001545277:0
[  458616ms] Uncaught Error: You must pass a string or Handlebars AST to Handlebars.compile. You passed null
    at e.compile (https://d1hjvew1n9ss7u.cloudfront.net/asset.axd?id=PAEAAB-LCAAAAAAAAAOtj0EPwUAQhf-KzLnsKqu64iBu4oSbOKzt0G2qKztTkQi_3abi6Ob43vfem8wDLIMGxjuLytwM2eCuPOvZ0gRCnrd86k8hgSaGNr5llFE40CdTEyZQXKP_EtuuRREhaA5tJLcIJqM8VSqfZlIO1VilWRYT9puwhStAjyZqIKM4fm1HoPeP333qLi5bYn8RS98wNix2JV6QxNrXRizOwRRGrLbi88ygIngm_1k8YzCOusXD8w1y8dfTPAEAAA%3d%3d:1794:49302)
    at i.compile (https://d1hjvew1n9ss7u.cloudfront.net/asset.axd?id=PAEAAB-LCAAAAAAAAAOtj0EPwUAQhf-KzLnsKqu64iBu4oSbOKzt0G2qKztTkQi_3abi6Ob43vfem8wDLIMGxjuLytwM2eCuPOvZ0gRCnrd86k8hgSaGNr5llFE40CdTEyZQXKP_EtuuRREhaA5tJLcIJqM8VSqfZlIO1VilWRYT9puwhStAjyZqIKM4fm1HoPeP333qLi5bYn8RS98wNix2JV6QxNrXRizOwRRGrLbi88ygIngm_1k8YzCOusXD8w1y8dfTPAEAAA%3d%3d:1794:343)
    at renderBasket (https://d1hjvew1n9ss7u.cloudfront.net/asset.axd?id=PAEAAB-LCAAAAAAAAAOtj0EPwUAQhf-KzLnsKqu64iBu4oSbOKzt0G2qKztTkQi_3abi6Ob43vfem8wDLIMGxjuLytwM2eCuPOvZ0gRCnrd86k8hgSaGNr5llFE40CdTEyZQXKP_EtuuRREhaA5tJLcIJqM8VSqfZlIO1VilWRYT9puwhStAjyZqIKM4fm1HoPeP333qLi5bYn8RS98wNix2JV6QxNrXRizOwRRGrLbi88ygIngm_1k8YzCOusXD8w1y8dfTPAEAAA%3d%3d:29:27)
    at <anonymous> (https://d1hjvew1n9ss7u.cloudfront.net/asset.axd?id=PAEAAB-LCAAAAAAAAAOtj0EPwUAQhf-KzLnsKqu64iBu4oSbOKzt0G2qKztTkQi_3abi6Ob43vfem8wDLIMGxjuLytwM2eCuPOvZ0gRCnrd86k8hgSaGNr5llFE40CdTEyZQXKP_EtuuRREhaA5tJLcIJqM8VSqfZlIO1VilWRYT9puwhStAjyZqIKM4fm1HoPeP333qLi5bYn8RS98wNix2JV6QxNrXRizOwRRGrLbi88ygIngm_1k8YzCOusXD8w1y8dfTPAEAAA%3d%3d:220:1)
    at f (https://d1hjvew1n9ss7u.cloudfront.net/assets/shjs.js?t=639255987001545277:0:10382)
    at fireWith (https://d1hjvew1n9ss7u.cloudfront.net/assets/shjs.js?t=639255987001545277:0:11137)
    at ready (https://d1hjvew1n9ss7u.cloudfront.net/assets/shjs.js?t=639255987001545277:0:5238)
    at r (https://d1hjvew1n9ss7u.cloudfront.net/assets/shjs.js?t=639255987001545277:0:9748)
[  458618ms] [VERBOSE] [DOM] Input elements should have autocomplete attributes (suggested: "current-password"): (More info: https://goo.gl/9p2vKq) %o @ https://www.lolacosmetics.com.br/kit-morte-subita-trio-ps-19629-308-p46358:0
[  458618ms] [VERBOSE] [DOM] Input elements should have autocomplete attributes (suggested: "current-password"): (More info: https://goo.gl/9p2vKq) %o @ https://www.lolacosmetics.com.br/kit-morte-subita-trio-ps-19629-308-p46358:0
[  458640ms] [ERROR] Failed to load resource: the server responded with a status of 404 () @ https://lolacosmetics.admin.linxcommerce.com.br/Custom/Content/Themes/Lola/Imagens/Principais_Ingredientes/babosa.webp:0
[  458641ms] [ERROR] Failed to load resource: the server responded with a status of 404 () @ https://lolacosmetics.admin.linxcommerce.com.br/Custom/Content/Themes/Lola/Imagens/Principais_Ingredientes/amino.jpg:0
[  458642ms] [ERROR] Failed to load resource: the server responded with a status of 404 () @ https://lolacosmetics.admin.linxcommerce.com.br/Custom/Content/Themes/Lola/Imagens/Principais_Ingredientes/coco.webp:0
[  458717ms] [ERROR] Failed to load resource: net::ERR_NAME_NOT_RESOLVED @ https://event.getblue.io/js/blue-tag.min.js:0
[  458740ms] [LOG] AffiseStorage availability: {cookie: true, localStorage: true, sessionStorage: true} @ https://rankmediabrasil.g2afse.com/websdk.js:0
[  458740ms] [LOG] Status RNK Media - ClickId: null UTM: null @ :3
[  458806ms] [ERROR] Failed to load resource: the server responded with a status of 404 () @ https://d1hjvew1n9ss7u.cloudfront.net/Custom/Content/Themes/Lola/Agrada/CSS/ajax-loader.gif:0
[  458828ms] [WARNING] [Meta Pixel] - Invalid parameter format for currency. Please refer https://developers.facebook.com/docs/meta-pixel/reference/ for valid parameter specifications. @ https://connect.facebook.net/en_US/fbevents.js:203
[  459113ms] Uncaught TypeError: Cannot read properties of undefined (reading 'replace')
    at validaFreteGratis (https://d1hjvew1n9ss7u.cloudfront.net/asset.axd?id=PAEAAB-LCAAAAAAAAAOtj0EPwUAQhf-KzLnsKqu64iBu4oSbOKzt0G2qKztTkQi_3abi6Ob43vfem8wDLIMGxjuLytwM2eCuPOvZ0gRCnrd86k8hgSaGNr5llFE40CdTEyZQXKP_EtuuRREhaA5tJLcIJqM8VSqfZlIO1VilWRYT9puwhStAjyZqIKM4fm1HoPeP333qLi5bYn8RS98wNix2JV6QxNrXRizOwRRGrLbi88ygIngm_1k8YzCOusXD8w1y8dfTPAEAAA%3d%3d:1:7633)
    at <anonymous> (https://d1hjvew1n9ss7u.cloudfront.net/asset.axd?id=PAEAAB-LCAAAAAAAAAOtj0EPwUAQhf-KzLnsKqu64iBu4oSbOKzt0G2qKztTkQi_3abi6Ob43vfem8wDLIMGxjuLytwM2eCuPOvZ0gRCnrd86k8hgSaGNr5llFE40CdTEyZQXKP_EtuuRREhaA5tJLcIJqM8VSqfZlIO1VilWRYT9puwhStAjyZqIKM4fm1HoPeP333qLi5bYn8RS98wNix2JV6QxNrXRizOwRRGrLbi88ygIngm_1k8YzCOusXD8w1y8dfTPAEAAA%3d%3d:1:49808)
    at dispatch (https://d1hjvew1n9ss7u.cloudfront.net/assets/shjs.js?t=639255987001545277:0:32701)
    at a (https://d1hjvew1n9ss7u.cloudfront.net/assets/shjs.js?t=639255987001545277:0:28480)
[  459112ms] [LOG] Banner não encontrado: banner-232 @ https://d1hjvew1n9ss7u.cloudfront.net/asset.axd?id=PAEAAB-LCAAAAAAAAAOtj0EPwUAQhf-KzLnsKqu64iBu4oSbOKzt0G2qKztTkQi_3abi6Ob43vfem8wDLIMGxjuLytwM2eCuPOvZ0gRCnrd86k8hgSaGNr5llFE40CdTEyZQXKP_EtuuRREhaA5tJLcIJqM8VSqfZlIO1VilWRYT9puwhStAjyZqIKM4fm1HoPeP333qLi5bYn8RS98wNix2JV6QxNrXRizOwRRGrLbi88ygIngm_1k8YzCOusXD8w1y8dfTPAEAAA%3d%3d:754
[  459138ms] [LOG] %c Widde Video Commerce %c v24604ee %c Build: 21/09/2026 20:39 %c border: 1px solid #2567f8; background: #2567f8; color: #fff; font-weight: bold; padding: 4px 8px; border-radius: 3px 0 0 0; border: 1px solid #2567f8; border-left: none; background: #FFF; color: #2567f8; font-weight: bold; padding: 4px 8px; border: 1px solid #2567f8; border-left: none; background: #f0f0f0; color: #333; font-weight: bold; padding: 4px 8px; border-radius: 0 3px 3px 0; background: transparent @ https://cdn.widde.io/assets/main.utzwjalemu.js:0
[  459316ms] [LOG] %c Tryon Widde.io %c %s %c border: 1px solid #2567f8; background: #2567f8; color: #fff; font-weight: bold; padding: 4px 8px; border-radius: 3px 0 0 3px; border: 1px solid #2567f8; background: #FFF; color: #2567f8; font-weight: bold; padding: 4px 8px; border-radius: 0 3px 3px 0; 47bf7c2 background: transparent @ https://cdn-tryon.widde.io/widde-tryon.js:86
[  459339ms] [LOG] [tryon-tracker] initialized {domain: www.lolacosmetics.com.br} @ https://cdn-tryon.widde.io/widde-tryon.js:8
[  465599ms] [WARNING] Error with Feature-Policy header: Some features are specified in both Feature-Policy and Permissions-Policy header: payment, fullscreen, microphone, camera. Values defined in Permissions-Policy header will be used. @ :0
[  465985ms] [ERROR] Failed to load resource: the server responded with a status of 500 () @ https://fonts.cdnfonts.com/css/leelawade:0
[  466270ms] [ERROR] Failed to load resource: the server responded with a status of 404 () @ https://lolacosmetics.admin.linxcommerce.com.br/Custom/Content/Themes/Lola/Styles/Fonts/FontAwesome/all.css:0
[  466281ms] [LOG] Trustvox rating | PDP: 46133 tipo: 7 @ https://www.lolacosmetics.com.br/kit-pinga-p46133:44
[  466281ms] [LOG] Trustvox rating | childId: 45407 -> parent (childId-1): 45406 @ https://www.lolacosmetics.com.br/kit-pinga-p46133:44
[  466281ms] [LOG] Trustvox rating | ID final usado = 45406 @ https://www.lolacosmetics.com.br/kit-pinga-p46133:44
[  466282ms] [LOG] {Items: Array(0), VariationPath: /, VariationLevel: 1, ProductPath: /7.46133/5.45407/, ProductLevel: 1} @ https://www.lolacosmetics.com.br/kit-pinga-p46133:44
[  466282ms] [LOG] {Items: Array(0), VariationPath: /, VariationLevel: 1, ProductPath: /7.46133/5.45456/, ProductLevel: 1} @ https://www.lolacosmetics.com.br/kit-pinga-p46133:44
[  466282ms] [LOG] {Items: Array(0), VariationPath: /, VariationLevel: 1, ProductPath: /7.46133/5.45568/, ProductLevel: 1} @ https://www.lolacosmetics.com.br/kit-pinga-p46133:44
[  466302ms] [LOG] Trustvox PDP | product: 46133 | type: 7 | childId: 45407 | usedId: 45406 @ https://www.lolacosmetics.com.br/kit-pinga-p46133:102
[  466344ms] [LOG] Banner não encontrado: banner-232 @ https://d1hjvew1n9ss7u.cloudfront.net/asset.axd?id=PAEAAB-LCAAAAAAAAAOtj0EPwUAQhf-KzLnsKqu64iBu4oSbOKzt0G2qKztTkQi_3abi6Ob43vfem8wDLIMGxjuLytwM2eCuPOvZ0gRCnrd86k8hgSaGNr5llFE40CdTEyZQXKP_EtuuRREhaA5tJLcIJqM8VSqfZlIO1VilWRYT9puwhStAjyZqIKM4fm1HoPeP333qLi5bYn8RS98wNix2JV6QxNrXRizOwRRGrLbi88ygIngm_1k8YzCOusXD8w1y8dfTPAEAAA%3d%3d:754
[  466345ms] [LOG] [Debug Carrinho] Polling ativo @ https://d1hjvew1n9ss7u.cloudfront.net/asset.axd?id=PAEAAB-LCAAAAAAAAAOtj0EPwUAQhf-KzLnsKqu64iBu4oSbOKzt0G2qKztTkQi_3abi6Ob43vfem8wDLIMGxjuLytwM2eCuPOvZ0gRCnrd86k8hgSaGNr5llFE40CdTEyZQXKP_EtuuRREhaA5tJLcIJqM8VSqfZlIO1VilWRYT9puwhStAjyZqIKM4fm1HoPeP333qLi5bYn8RS98wNix2JV6QxNrXRizOwRRGrLbi88ygIngm_1k8YzCOusXD8w1y8dfTPAEAAA%3d%3d:1790
[  466397ms] [LOG] add @ https://d1hjvew1n9ss7u.cloudfront.net/asset.axd?id=PAEAAB-LCAAAAAAAAAOtj0EPwUAQhf-KzLnsKqu64iBu4oSbOKzt0G2qKztTkQi_3abi6Ob43vfem8wDLIMGxjuLytwM2eCuPOvZ0gRCnrd86k8hgSaGNr5llFE40CdTEyZQXKP_EtuuRREhaA5tJLcIJqM8VSqfZlIO1VilWRYT9puwhStAjyZqIKM4fm1HoPeP333qLi5bYn8RS98wNix2JV6QxNrXRizOwRRGrLbi88ygIngm_1k8YzCOusXD8w1y8dfTPAEAAA%3d%3d:1
[  466399ms] [WARNING] !! Há erros de scripts de terceiros !!
Por favor, contate a Empresa responsável pelo script.  @ https://d1hjvew1n9ss7u.cloudfront.net/assets/shjs.js?t=639255987001545277:0
[  466399ms] Uncaught Error: You must pass a string or Handlebars AST to Handlebars.compile. You passed null
    at e.compile (https://d1hjvew1n9ss7u.cloudfront.net/asset.axd?id=PAEAAB-LCAAAAAAAAAOtj0EPwUAQhf-KzLnsKqu64iBu4oSbOKzt0G2qKztTkQi_3abi6Ob43vfem8wDLIMGxjuLytwM2eCuPOvZ0gRCnrd86k8hgSaGNr5llFE40CdTEyZQXKP_EtuuRREhaA5tJLcIJqM8VSqfZlIO1VilWRYT9puwhStAjyZqIKM4fm1HoPeP333qLi5bYn8RS98wNix2JV6QxNrXRizOwRRGrLbi88ygIngm_1k8YzCOusXD8w1y8dfTPAEAAA%3d%3d:1794:49302)
    at i.compile (https://d1hjvew1n9ss7u.cloudfront.net/asset.axd?id=PAEAAB-LCAAAAAAAAAOtj0EPwUAQhf-KzLnsKqu64iBu4oSbOKzt0G2qKztTkQi_3abi6Ob43vfem8wDLIMGxjuLytwM2eCuPOvZ0gRCnrd86k8hgSaGNr5llFE40CdTEyZQXKP_EtuuRREhaA5tJLcIJqM8VSqfZlIO1VilWRYT9puwhStAjyZqIKM4fm1HoPeP333qLi5bYn8RS98wNix2JV6QxNrXRizOwRRGrLbi88ygIngm_1k8YzCOusXD8w1y8dfTPAEAAA%3d%3d:1794:343)
    at renderBasket (https://d1hjvew1n9ss7u.cloudfront.net/asset.axd?id=PAEAAB-LCAAAAAAAAAOtj0EPwUAQhf-KzLnsKqu64iBu4oSbOKzt0G2qKztTkQi_3abi6Ob43vfem8wDLIMGxjuLytwM2eCuPOvZ0gRCnrd86k8hgSaGNr5llFE40CdTEyZQXKP_EtuuRREhaA5tJLcIJqM8VSqfZlIO1VilWRYT9puwhStAjyZqIKM4fm1HoPeP333qLi5bYn8RS98wNix2JV6QxNrXRizOwRRGrLbi88ygIngm_1k8YzCOusXD8w1y8dfTPAEAAA%3d%3d:29:27)
    at <anonymous> (https://d1hjvew1n9ss7u.cloudfront.net/asset.axd?id=PAEAAB-LCAAAAAAAAAOtj0EPwUAQhf-KzLnsKqu64iBu4oSbOKzt0G2qKztTkQi_3abi6Ob43vfem8wDLIMGxjuLytwM2eCuPOvZ0gRCnrd86k8hgSaGNr5llFE40CdTEyZQXKP_EtuuRREhaA5tJLcIJqM8VSqfZlIO1VilWRYT9puwhStAjyZqIKM4fm1HoPeP333qLi5bYn8RS98wNix2JV6QxNrXRizOwRRGrLbi88ygIngm_1k8YzCOusXD8w1y8dfTPAEAAA%3d%3d:220:1)
    at f (https://d1hjvew1n9ss7u.cloudfront.net/assets/shjs.js?t=639255987001545277:0:10382)
    at fireWith (https://d1hjvew1n9ss7u.cloudfront.net/assets/shjs.js?t=639255987001545277:0:11137)
    at ready (https://d1hjvew1n9ss7u.cloudfront.net/assets/shjs.js?t=639255987001545277:0:5238)
    at r (https://d1hjvew1n9ss7u.cloudfront.net/assets/shjs.js?t=639255987001545277:0:9748)
[  466401ms] [VERBOSE] [DOM] Input elements should have autocomplete attributes (suggested: "current-password"): (More info: https://goo.gl/9p2vKq) %o @ https://www.lolacosmetics.com.br/kit-pinga-p46133:0
[  466401ms] [VERBOSE] [DOM] Input elements should have autocomplete attributes (suggested: "current-password"): (More info: https://goo.gl/9p2vKq) %o @ https://www.lolacosmetics.com.br/kit-pinga-p46133:0
[  466446ms] [ERROR] Failed to load resource: the server responded with a status of 404 () @ https://d1hjvew1n9ss7u.cloudfront.net/Custom/Content:0
[  466534ms] [ERROR] Failed to load resource: net::ERR_NAME_NOT_RESOLVED @ https://event.getblue.io/js/blue-tag.min.js:0
[  466537ms] [LOG] AffiseStorage availability: {cookie: true, localStorage: true, sessionStorage: true} @ https://rankmediabrasil.g2afse.com/websdk.js:0
[  466538ms] [LOG] Status RNK Media - ClickId: null UTM: null @ :3
[  466565ms] [ERROR] Failed to load resource: the server responded with a status of 404 () @ https://d1hjvew1n9ss7u.cloudfront.net/Custom/Content/Themes/Lola/Agrada/CSS/ajax-loader.gif:0
[  466648ms] [WARNING] [Meta Pixel] - Invalid parameter format for currency. Please refer https://developers.facebook.com/docs/meta-pixel/reference/ for valid parameter specifications. @ https://connect.facebook.net/en_US/fbevents.js:203
[  466958ms] Uncaught TypeError: Cannot read properties of undefined (reading 'replace')
    at validaFreteGratis (https://d1hjvew1n9ss7u.cloudfront.net/asset.axd?id=PAEAAB-LCAAAAAAAAAOtj0EPwUAQhf-KzLnsKqu64iBu4oSbOKzt0G2qKztTkQi_3abi6Ob43vfem8wDLIMGxjuLytwM2eCuPOvZ0gRCnrd86k8hgSaGNr5llFE40CdTEyZQXKP_EtuuRREhaA5tJLcIJqM8VSqfZlIO1VilWRYT9puwhStAjyZqIKM4fm1HoPeP333qLi5bYn8RS98wNix2JV6QxNrXRizOwRRGrLbi88ygIngm_1k8YzCOusXD8w1y8dfTPAEAAA%3d%3d:1:7633)
    at <anonymous> (https://d1hjvew1n9ss7u.cloudfront.net/asset.axd?id=PAEAAB-LCAAAAAAAAAOtj0EPwUAQhf-KzLnsKqu64iBu4oSbOKzt0G2qKztTkQi_3abi6Ob43vfem8wDLIMGxjuLytwM2eCuPOvZ0gRCnrd86k8hgSaGNr5llFE40CdTEyZQXKP_EtuuRREhaA5tJLcIJqM8VSqfZlIO1VilWRYT9puwhStAjyZqIKM4fm1HoPeP333qLi5bYn8RS98wNix2JV6QxNrXRizOwRRGrLbi88ygIngm_1k8YzCOusXD8w1y8dfTPAEAAA%3d%3d:1:49808)
    at dispatch (https://d1hjvew1n9ss7u.cloudfront.net/assets/shjs.js?t=639255987001545277:0:32701)
    at a (https://d1hjvew1n9ss7u.cloudfront.net/assets/shjs.js?t=639255987001545277:0:28480)
[  466949ms] [LOG] Banner não encontrado: banner-232 @ https://d1hjvew1n9ss7u.cloudfront.net/asset.axd?id=PAEAAB-LCAAAAAAAAAOtj0EPwUAQhf-KzLnsKqu64iBu4oSbOKzt0G2qKztTkQi_3abi6Ob43vfem8wDLIMGxjuLytwM2eCuPOvZ0gRCnrd86k8hgSaGNr5llFE40CdTEyZQXKP_EtuuRREhaA5tJLcIJqM8VSqfZlIO1VilWRYT9puwhStAjyZqIKM4fm1HoPeP333qLi5bYn8RS98wNix2JV6QxNrXRizOwRRGrLbi88ygIngm_1k8YzCOusXD8w1y8dfTPAEAAA%3d%3d:754
[  466972ms] [LOG] %c Widde Video Commerce %c v24604ee %c Build: 21/09/2026 20:39 %c border: 1px solid #2567f8; background: #2567f8; color: #fff; font-weight: bold; padding: 4px 8px; border-radius: 3px 0 0 0; border: 1px solid #2567f8; border-left: none; background: #FFF; color: #2567f8; font-weight: bold; padding: 4px 8px; border: 1px solid #2567f8; border-left: none; background: #f0f0f0; color: #333; font-weight: bold; padding: 4px 8px; border-radius: 0 3px 3px 0; background: transparent @ https://cdn.widde.io/assets/main.utzwjalemu.js:0
[  467118ms] [LOG] %c Tryon Widde.io %c %s %c border: 1px solid #2567f8; background: #2567f8; color: #fff; font-weight: bold; padding: 4px 8px; border-radius: 3px 0 0 3px; border: 1px solid #2567f8; background: #FFF; color: #2567f8; font-weight: bold; padding: 4px 8px; border-radius: 0 3px 3px 0; 47bf7c2 background: transparent @ https://cdn-tryon.widde.io/widde-tryon.js:86
[  467138ms] [LOG] [tryon-tracker] initialized {domain: www.lolacosmetics.com.br} @ https://cdn-tryon.widde.io/widde-tryon.js:8
[  473220ms] [WARNING] Error with Feature-Policy header: Some features are specified in both Feature-Policy and Permissions-Policy header: payment, fullscreen, microphone, camera. Values defined in Permissions-Policy header will be used. @ :0
[  473510ms] [ERROR] Failed to load resource: the server responded with a status of 500 () @ https://fonts.cdnfonts.com/css/leelawade:0
[  473777ms] [ERROR] Failed to load resource: the server responded with a status of 404 () @ https://lolacosmetics.admin.linxcommerce.com.br/Custom/Content/Themes/Lola/Styles/Fonts/FontAwesome/all.css:0
[  473787ms] [LOG] Trustvox rating | PDP: 46314 tipo: 7 @ https://www.lolacosmetics.com.br/kit-purple-linha-completa-p46314:28
[  473787ms] [LOG] Trustvox rating | childId: 46193 -> parent (childId-1): 46192 @ https://www.lolacosmetics.com.br/kit-purple-linha-completa-p46314:28
[  473787ms] [LOG] Trustvox rating | ID final usado = 46192 @ https://www.lolacosmetics.com.br/kit-purple-linha-completa-p46314:28
[  473787ms] [LOG] {Items: Array(0), VariationPath: /, VariationLevel: 1, ProductPath: /7.46314/5.46284/, ProductLevel: 1} @ https://www.lolacosmetics.com.br/kit-purple-linha-completa-p46314:28
[  473787ms] [LOG] {Items: Array(0), VariationPath: /, VariationLevel: 1, ProductPath: /7.46314/5.46193/, ProductLevel: 1} @ https://www.lolacosmetics.com.br/kit-purple-linha-completa-p46314:28
[  473788ms] [LOG] {Items: Array(0), VariationPath: /, VariationLevel: 1, ProductPath: /7.46314/5.46197/, ProductLevel: 1} @ https://www.lolacosmetics.com.br/kit-purple-linha-completa-p46314:28
[  473788ms] [LOG] {Items: Array(0), VariationPath: /, VariationLevel: 1, ProductPath: /7.46314/5.46195/, ProductLevel: 1} @ https://www.lolacosmetics.com.br/kit-purple-linha-completa-p46314:28
[  473788ms] [LOG] Trustvox PDP | product: 46314 | type: 7 | childId: 46193 | usedId: 46192 @ https://www.lolacosmetics.com.br/kit-purple-linha-completa-p46314:49
[  473846ms] [LOG] Banner não encontrado: banner-232 @ https://d1hjvew1n9ss7u.cloudfront.net/asset.axd?id=PAEAAB-LCAAAAAAAAAOtj0EPwUAQhf-KzLnsKqu64iBu4oSbOKzt0G2qKztTkQi_3abi6Ob43vfem8wDLIMGxjuLytwM2eCuPOvZ0gRCnrd86k8hgSaGNr5llFE40CdTEyZQXKP_EtuuRREhaA5tJLcIJqM8VSqfZlIO1VilWRYT9puwhStAjyZqIKM4fm1HoPeP333qLi5bYn8RS98wNix2JV6QxNrXRizOwRRGrLbi88ygIngm_1k8YzCOusXD8w1y8dfTPAEAAA%3d%3d:754
[  473848ms] [LOG] [Debug Carrinho] Polling ativo @ https://d1hjvew1n9ss7u.cloudfront.net/asset.axd?id=PAEAAB-LCAAAAAAAAAOtj0EPwUAQhf-KzLnsKqu64iBu4oSbOKzt0G2qKztTkQi_3abi6Ob43vfem8wDLIMGxjuLytwM2eCuPOvZ0gRCnrd86k8hgSaGNr5llFE40CdTEyZQXKP_EtuuRREhaA5tJLcIJqM8VSqfZlIO1VilWRYT9puwhStAjyZqIKM4fm1HoPeP333qLi5bYn8RS98wNix2JV6QxNrXRizOwRRGrLbi88ygIngm_1k8YzCOusXD8w1y8dfTPAEAAA%3d%3d:1790
[  473901ms] [LOG] add @ https://d1hjvew1n9ss7u.cloudfront.net/asset.axd?id=PAEAAB-LCAAAAAAAAAOtj0EPwUAQhf-KzLnsKqu64iBu4oSbOKzt0G2qKztTkQi_3abi6Ob43vfem8wDLIMGxjuLytwM2eCuPOvZ0gRCnrd86k8hgSaGNr5llFE40CdTEyZQXKP_EtuuRREhaA5tJLcIJqM8VSqfZlIO1VilWRYT9puwhStAjyZqIKM4fm1HoPeP333qLi5bYn8RS98wNix2JV6QxNrXRizOwRRGrLbi88ygIngm_1k8YzCOusXD8w1y8dfTPAEAAA%3d%3d:1
[  473903ms] [WARNING] !! Há erros de scripts de terceiros !!
Por favor, contate a Empresa responsável pelo script.  @ https://d1hjvew1n9ss7u.cloudfront.net/assets/shjs.js?t=639255987001545277:0
[  473903ms] Uncaught Error: You must pass a string or Handlebars AST to Handlebars.compile. You passed null
    at e.compile (https://d1hjvew1n9ss7u.cloudfront.net/asset.axd?id=PAEAAB-LCAAAAAAAAAOtj0EPwUAQhf-KzLnsKqu64iBu4oSbOKzt0G2qKztTkQi_3abi6Ob43vfem8wDLIMGxjuLytwM2eCuPOvZ0gRCnrd86k8hgSaGNr5llFE40CdTEyZQXKP_EtuuRREhaA5tJLcIJqM8VSqfZlIO1VilWRYT9puwhStAjyZqIKM4fm1HoPeP333qLi5bYn8RS98wNix2JV6QxNrXRizOwRRGrLbi88ygIngm_1k8YzCOusXD8w1y8dfTPAEAAA%3d%3d:1794:49302)
    at i.compile (https://d1hjvew1n9ss7u.cloudfront.net/asset.axd?id=PAEAAB-LCAAAAAAAAAOtj0EPwUAQhf-KzLnsKqu64iBu4oSbOKzt0G2qKztTkQi_3abi6Ob43vfem8wDLIMGxjuLytwM2eCuPOvZ0gRCnrd86k8hgSaGNr5llFE40CdTEyZQXKP_EtuuRREhaA5tJLcIJqM8VSqfZlIO1VilWRYT9puwhStAjyZqIKM4fm1HoPeP333qLi5bYn8RS98wNix2JV6QxNrXRizOwRRGrLbi88ygIngm_1k8YzCOusXD8w1y8dfTPAEAAA%3d%3d:1794:343)
    at renderBasket (https://d1hjvew1n9ss7u.cloudfront.net/asset.axd?id=PAEAAB-LCAAAAAAAAAOtj0EPwUAQhf-KzLnsKqu64iBu4oSbOKzt0G2qKztTkQi_3abi6Ob43vfem8wDLIMGxjuLytwM2eCuPOvZ0gRCnrd86k8hgSaGNr5llFE40CdTEyZQXKP_EtuuRREhaA5tJLcIJqM8VSqfZlIO1VilWRYT9puwhStAjyZqIKM4fm1HoPeP333qLi5bYn8RS98wNix2JV6QxNrXRizOwRRGrLbi88ygIngm_1k8YzCOusXD8w1y8dfTPAEAAA%3d%3d:29:27)
    at <anonymous> (https://d1hjvew1n9ss7u.cloudfront.net/asset.axd?id=PAEAAB-LCAAAAAAAAAOtj0EPwUAQhf-KzLnsKqu64iBu4oSbOKzt0G2qKztTkQi_3abi6Ob43vfem8wDLIMGxjuLytwM2eCuPOvZ0gRCnrd86k8hgSaGNr5llFE40CdTEyZQXKP_EtuuRREhaA5tJLcIJqM8VSqfZlIO1VilWRYT9puwhStAjyZqIKM4fm1HoPeP333qLi5bYn8RS98wNix2JV6QxNrXRizOwRRGrLbi88ygIngm_1k8YzCOusXD8w1y8dfTPAEAAA%3d%3d:220:1)
    at f (https://d1hjvew1n9ss7u.cloudfront.net/assets/shjs.js?t=639255987001545277:0:10382)
    at fireWith (https://d1hjvew1n9ss7u.cloudfront.net/assets/shjs.js?t=639255987001545277:0:11137)
    at ready (https://d1hjvew1n9ss7u.cloudfront.net/assets/shjs.js?t=639255987001545277:0:5238)
    at r (https://d1hjvew1n9ss7u.cloudfront.net/assets/shjs.js?t=639255987001545277:0:9748)
[  473906ms] [VERBOSE] [DOM] Input elements should have autocomplete attributes (suggested: "current-password"): (More info: https://goo.gl/9p2vKq) %o @ https://www.lolacosmetics.com.br/kit-purple-linha-completa-p46314:0
[  473906ms] [VERBOSE] [DOM] Input elements should have autocomplete attributes (suggested: "current-password"): (More info: https://goo.gl/9p2vKq) %o @ https://www.lolacosmetics.com.br/kit-purple-linha-completa-p46314:0
[  473991ms] [ERROR] Failed to load resource: the server responded with a status of 404 () @ https://d1hjvew1n9ss7u.cloudfront.net/Custom/Content:0
[  474048ms] [ERROR] Failed to load resource: net::ERR_NAME_NOT_RESOLVED @ https://event.getblue.io/js/blue-tag.min.js:0
[  474057ms] [LOG] AffiseStorage availability: {cookie: true, localStorage: true, sessionStorage: true} @ https://rankmediabrasil.g2afse.com/websdk.js:0
[  474057ms] [LOG] Status RNK Media - ClickId: null UTM: null @ :3
[  474074ms] [ERROR] Failed to load resource: the server responded with a status of 404 () @ https://d1hjvew1n9ss7u.cloudfront.net/Custom/Content/Themes/Lola/Agrada/CSS/ajax-loader.gif:0
[  474216ms] [WARNING] [Meta Pixel] - Invalid parameter format for currency. Please refer https://developers.facebook.com/docs/meta-pixel/reference/ for valid parameter specifications. @ https://connect.facebook.net/en_US/fbevents.js:203
[  474494ms] Uncaught TypeError: Cannot read properties of undefined (reading 'replace')
    at validaFreteGratis (https://d1hjvew1n9ss7u.cloudfront.net/asset.axd?id=PAEAAB-LCAAAAAAAAAOtj0EPwUAQhf-KzLnsKqu64iBu4oSbOKzt0G2qKztTkQi_3abi6Ob43vfem8wDLIMGxjuLytwM2eCuPOvZ0gRCnrd86k8hgSaGNr5llFE40CdTEyZQXKP_EtuuRREhaA5tJLcIJqM8VSqfZlIO1VilWRYT9puwhStAjyZqIKM4fm1HoPeP333qLi5bYn8RS98wNix2JV6QxNrXRizOwRRGrLbi88ygIngm_1k8YzCOusXD8w1y8dfTPAEAAA%3d%3d:1:7633)
    at <anonymous> (https://d1hjvew1n9ss7u.cloudfront.net/asset.axd?id=PAEAAB-LCAAAAAAAAAOtj0EPwUAQhf-KzLnsKqu64iBu4oSbOKzt0G2qKztTkQi_3abi6Ob43vfem8wDLIMGxjuLytwM2eCuPOvZ0gRCnrd86k8hgSaGNr5llFE40CdTEyZQXKP_EtuuRREhaA5tJLcIJqM8VSqfZlIO1VilWRYT9puwhStAjyZqIKM4fm1HoPeP333qLi5bYn8RS98wNix2JV6QxNrXRizOwRRGrLbi88ygIngm_1k8YzCOusXD8w1y8dfTPAEAAA%3d%3d:1:49808)
    at dispatch (https://d1hjvew1n9ss7u.cloudfront.net/assets/shjs.js?t=639255987001545277:0:32701)
    at a (https://d1hjvew1n9ss7u.cloudfront.net/assets/shjs.js?t=639255987001545277:0:28480)
[  474491ms] [LOG] Banner não encontrado: banner-232 @ https://d1hjvew1n9ss7u.cloudfront.net/asset.axd?id=PAEAAB-LCAAAAAAAAAOtj0EPwUAQhf-KzLnsKqu64iBu4oSbOKzt0G2qKztTkQi_3abi6Ob43vfem8wDLIMGxjuLytwM2eCuPOvZ0gRCnrd86k8hgSaGNr5llFE40CdTEyZQXKP_EtuuRREhaA5tJLcIJqM8VSqfZlIO1VilWRYT9puwhStAjyZqIKM4fm1HoPeP333qLi5bYn8RS98wNix2JV6QxNrXRizOwRRGrLbi88ygIngm_1k8YzCOusXD8w1y8dfTPAEAAA%3d%3d:754
[  474514ms] [LOG] %c Widde Video Commerce %c v24604ee %c Build: 21/09/2026 20:39 %c border: 1px solid #2567f8; background: #2567f8; color: #fff; font-weight: bold; padding: 4px 8px; border-radius: 3px 0 0 0; border: 1px solid #2567f8; border-left: none; background: #FFF; color: #2567f8; font-weight: bold; padding: 4px 8px; border: 1px solid #2567f8; border-left: none; background: #f0f0f0; color: #333; font-weight: bold; padding: 4px 8px; border-radius: 0 3px 3px 0; background: transparent @ https://cdn.widde.io/assets/main.utzwjalemu.js:0
[  474759ms] [LOG] %c Tryon Widde.io %c %s %c border: 1px solid #2567f8; background: #2567f8; color: #fff; font-weight: bold; padding: 4px 8px; border-radius: 3px 0 0 3px; border: 1px solid #2567f8; background: #FFF; color: #2567f8; font-weight: bold; padding: 4px 8px; border-radius: 0 3px 3px 0; 47bf7c2 background: transparent @ https://cdn-tryon.widde.io/widde-tryon.js:86
[  474805ms] [LOG] [tryon-tracker] initialized {domain: www.lolacosmetics.com.br} @ https://cdn-tryon.widde.io/widde-tryon.js:8
[  480841ms] [WARNING] Error with Feature-Policy header: Some features are specified in both Feature-Policy and Permissions-Policy header: payment, fullscreen, microphone, camera. Values defined in Permissions-Policy header will be used. @ :0
[  481121ms] [ERROR] Failed to load resource: the server responded with a status of 500 () @ https://fonts.cdnfonts.com/css/leelawade:0
[  481508ms] [ERROR] Failed to load resource: the server responded with a status of 404 () @ https://lolacosmetics.admin.linxcommerce.com.br/Custom/Content/Themes/Lola/Styles/Fonts/FontAwesome/all.css:0
[  481548ms] [LOG] Trustvox rating | PDP: 46395 tipo: 7 @ https://www.lolacosmetics.com.br/kit-rapunzel-colecao-completa-p46395:56
[  481548ms] [LOG] Trustvox rating | childId: 45484 -> parent (childId-1): 45483 @ https://www.lolacosmetics.com.br/kit-rapunzel-colecao-completa-p46395:56
[  481548ms] [LOG] Trustvox rating | ID final usado = 45483 @ https://www.lolacosmetics.com.br/kit-rapunzel-colecao-completa-p46395:56
[  481548ms] [LOG] {Items: Array(0), VariationPath: /, VariationLevel: 1, ProductPath: /7.46395/5.45543/, ProductLevel: 1} @ https://www.lolacosmetics.com.br/kit-rapunzel-colecao-completa-p46395:56
[  481549ms] [LOG] {Items: Array(0), VariationPath: /, VariationLevel: 1, ProductPath: /7.46395/5.45484/, ProductLevel: 1} @ https://www.lolacosmetics.com.br/kit-rapunzel-colecao-completa-p46395:56
[  481549ms] [LOG] {Items: Array(0), VariationPath: /, VariationLevel: 1, ProductPath: /7.46395/5.46374/, ProductLevel: 1} @ https://www.lolacosmetics.com.br/kit-rapunzel-colecao-completa-p46395:56
[  481549ms] [LOG] {Items: Array(0), VariationPath: /, VariationLevel: 1, ProductPath: /7.46395/5.45934/, ProductLevel: 1} @ https://www.lolacosmetics.com.br/kit-rapunzel-colecao-completa-p46395:56
[  481550ms] [LOG] {Items: Array(0), VariationPath: /, VariationLevel: 1, ProductPath: /7.46395/5.45622/, ProductLevel: 1} @ https://www.lolacosmetics.com.br/kit-rapunzel-colecao-completa-p46395:56
[  481551ms] [LOG] Trustvox PDP | product: 46395 | type: 7 | childId: 45484 | usedId: 45483 @ https://www.lolacosmetics.com.br/kit-rapunzel-colecao-completa-p46395:93
[  481585ms] [LOG] Banner não encontrado: banner-232 @ https://d1hjvew1n9ss7u.cloudfront.net/asset.axd?id=PAEAAB-LCAAAAAAAAAOtj0EPwUAQhf-KzLnsKqu64iBu4oSbOKzt0G2qKztTkQi_3abi6Ob43vfem8wDLIMGxjuLytwM2eCuPOvZ0gRCnrd86k8hgSaGNr5llFE40CdTEyZQXKP_EtuuRREhaA5tJLcIJqM8VSqfZlIO1VilWRYT9puwhStAjyZqIKM4fm1HoPeP333qLi5bYn8RS98wNix2JV6QxNrXRizOwRRGrLbi88ygIngm_1k8YzCOusXD8w1y8dfTPAEAAA%3d%3d:754
[  481590ms] [LOG] [Debug Carrinho] Polling ativo @ https://d1hjvew1n9ss7u.cloudfront.net/asset.axd?id=PAEAAB-LCAAAAAAAAAOtj0EPwUAQhf-KzLnsKqu64iBu4oSbOKzt0G2qKztTkQi_3abi6Ob43vfem8wDLIMGxjuLytwM2eCuPOvZ0gRCnrd86k8hgSaGNr5llFE40CdTEyZQXKP_EtuuRREhaA5tJLcIJqM8VSqfZlIO1VilWRYT9puwhStAjyZqIKM4fm1HoPeP333qLi5bYn8RS98wNix2JV6QxNrXRizOwRRGrLbi88ygIngm_1k8YzCOusXD8w1y8dfTPAEAAA%3d%3d:1790
[  481643ms] [LOG] add @ https://d1hjvew1n9ss7u.cloudfront.net/asset.axd?id=PAEAAB-LCAAAAAAAAAOtj0EPwUAQhf-KzLnsKqu64iBu4oSbOKzt0G2qKztTkQi_3abi6Ob43vfem8wDLIMGxjuLytwM2eCuPOvZ0gRCnrd86k8hgSaGNr5llFE40CdTEyZQXKP_EtuuRREhaA5tJLcIJqM8VSqfZlIO1VilWRYT9puwhStAjyZqIKM4fm1HoPeP333qLi5bYn8RS98wNix2JV6QxNrXRizOwRRGrLbi88ygIngm_1k8YzCOusXD8w1y8dfTPAEAAA%3d%3d:1
[  481644ms] [WARNING] !! Há erros de scripts de terceiros !!
Por favor, contate a Empresa responsável pelo script.  @ https://d1hjvew1n9ss7u.cloudfront.net/assets/shjs.js?t=639255987001545277:0
[  481644ms] Uncaught Error: You must pass a string or Handlebars AST to Handlebars.compile. You passed null
    at e.compile (https://d1hjvew1n9ss7u.cloudfront.net/asset.axd?id=PAEAAB-LCAAAAAAAAAOtj0EPwUAQhf-KzLnsKqu64iBu4oSbOKzt0G2qKztTkQi_3abi6Ob43vfem8wDLIMGxjuLytwM2eCuPOvZ0gRCnrd86k8hgSaGNr5llFE40CdTEyZQXKP_EtuuRREhaA5tJLcIJqM8VSqfZlIO1VilWRYT9puwhStAjyZqIKM4fm1HoPeP333qLi5bYn8RS98wNix2JV6QxNrXRizOwRRGrLbi88ygIngm_1k8YzCOusXD8w1y8dfTPAEAAA%3d%3d:1794:49302)
    at i.compile (https://d1hjvew1n9ss7u.cloudfront.net/asset.axd?id=PAEAAB-LCAAAAAAAAAOtj0EPwUAQhf-KzLnsKqu64iBu4oSbOKzt0G2qKztTkQi_3abi6Ob43vfem8wDLIMGxjuLytwM2eCuPOvZ0gRCnrd86k8hgSaGNr5llFE40CdTEyZQXKP_EtuuRREhaA5tJLcIJqM8VSqfZlIO1VilWRYT9puwhStAjyZqIKM4fm1HoPeP333qLi5bYn8RS98wNix2JV6QxNrXRizOwRRGrLbi88ygIngm_1k8YzCOusXD8w1y8dfTPAEAAA%3d%3d:1794:343)
    at renderBasket (https://d1hjvew1n9ss7u.cloudfront.net/asset.axd?id=PAEAAB-LCAAAAAAAAAOtj0EPwUAQhf-KzLnsKqu64iBu4oSbOKzt0G2qKztTkQi_3abi6Ob43vfem8wDLIMGxjuLytwM2eCuPOvZ0gRCnrd86k8hgSaGNr5llFE40CdTEyZQXKP_EtuuRREhaA5tJLcIJqM8VSqfZlIO1VilWRYT9puwhStAjyZqIKM4fm1HoPeP333qLi5bYn8RS98wNix2JV6QxNrXRizOwRRGrLbi88ygIngm_1k8YzCOusXD8w1y8dfTPAEAAA%3d%3d:29:27)
    at <anonymous> (https://d1hjvew1n9ss7u.cloudfront.net/asset.axd?id=PAEAAB-LCAAAAAAAAAOtj0EPwUAQhf-KzLnsKqu64iBu4oSbOKzt0G2qKztTkQi_3abi6Ob43vfem8wDLIMGxjuLytwM2eCuPOvZ0gRCnrd86k8hgSaGNr5llFE40CdTEyZQXKP_EtuuRREhaA5tJLcIJqM8VSqfZlIO1VilWRYT9puwhStAjyZqIKM4fm1HoPeP333qLi5bYn8RS98wNix2JV6QxNrXRizOwRRGrLbi88ygIngm_1k8YzCOusXD8w1y8dfTPAEAAA%3d%3d:220:1)
    at f (https://d1hjvew1n9ss7u.cloudfront.net/assets/shjs.js?t=639255987001545277:0:10382)
    at fireWith (https://d1hjvew1n9ss7u.cloudfront.net/assets/shjs.js?t=639255987001545277:0:11137)
    at ready (https://d1hjvew1n9ss7u.cloudfront.net/assets/shjs.js?t=639255987001545277:0:5238)
    at r (https://d1hjvew1n9ss7u.cloudfront.net/assets/shjs.js?t=639255987001545277:0:9748)
[  481647ms] [VERBOSE] [DOM] Input elements should have autocomplete attributes (suggested: "current-password"): (More info: https://goo.gl/9p2vKq) %o @ https://www.lolacosmetics.com.br/kit-rapunzel-colecao-completa-p46395:0
[  481647ms] [VERBOSE] [DOM] Input elements should have autocomplete attributes (suggested: "current-password"): (More info: https://goo.gl/9p2vKq) %o @ https://www.lolacosmetics.com.br/kit-rapunzel-colecao-completa-p46395:0
[  481761ms] [ERROR] Failed to load resource: net::ERR_NAME_NOT_RESOLVED @ https://event.getblue.io/js/blue-tag.min.js:0
[  481777ms] [LOG] AffiseStorage availability: {cookie: true, localStorage: true, sessionStorage: true} @ https://rankmediabrasil.g2afse.com/websdk.js:0
[  481778ms] [LOG] Status RNK Media - ClickId: null UTM: null @ :3
[  481846ms] [ERROR] Failed to load resource: the server responded with a status of 404 () @ https://d1hjvew1n9ss7u.cloudfront.net/Custom/Content/Themes/Lola/Agrada/CSS/ajax-loader.gif:0
[  481927ms] [WARNING] [Meta Pixel] - Invalid parameter format for currency. Please refer https://developers.facebook.com/docs/meta-pixel/reference/ for valid parameter specifications. @ https://connect.facebook.net/en_US/fbevents.js:203
[  482209ms] Uncaught TypeError: Cannot read properties of undefined (reading 'replace')
    at validaFreteGratis (https://d1hjvew1n9ss7u.cloudfront.net/asset.axd?id=PAEAAB-LCAAAAAAAAAOtj0EPwUAQhf-KzLnsKqu64iBu4oSbOKzt0G2qKztTkQi_3abi6Ob43vfem8wDLIMGxjuLytwM2eCuPOvZ0gRCnrd86k8hgSaGNr5llFE40CdTEyZQXKP_EtuuRREhaA5tJLcIJqM8VSqfZlIO1VilWRYT9puwhStAjyZqIKM4fm1HoPeP333qLi5bYn8RS98wNix2JV6QxNrXRizOwRRGrLbi88ygIngm_1k8YzCOusXD8w1y8dfTPAEAAA%3d%3d:1:7633)
    at <anonymous> (https://d1hjvew1n9ss7u.cloudfront.net/asset.axd?id=PAEAAB-LCAAAAAAAAAOtj0EPwUAQhf-KzLnsKqu64iBu4oSbOKzt0G2qKztTkQi_3abi6Ob43vfem8wDLIMGxjuLytwM2eCuPOvZ0gRCnrd86k8hgSaGNr5llFE40CdTEyZQXKP_EtuuRREhaA5tJLcIJqM8VSqfZlIO1VilWRYT9puwhStAjyZqIKM4fm1HoPeP333qLi5bYn8RS98wNix2JV6QxNrXRizOwRRGrLbi88ygIngm_1k8YzCOusXD8w1y8dfTPAEAAA%3d%3d:1:49808)
    at dispatch (https://d1hjvew1n9ss7u.cloudfront.net/assets/shjs.js?t=639255987001545277:0:32701)
    at a (https://d1hjvew1n9ss7u.cloudfront.net/assets/shjs.js?t=639255987001545277:0:28480)
[  482208ms] [LOG] Banner não encontrado: banner-232 @ https://d1hjvew1n9ss7u.cloudfront.net/asset.axd?id=PAEAAB-LCAAAAAAAAAOtj0EPwUAQhf-KzLnsKqu64iBu4oSbOKzt0G2qKztTkQi_3abi6Ob43vfem8wDLIMGxjuLytwM2eCuPOvZ0gRCnrd86k8hgSaGNr5llFE40CdTEyZQXKP_EtuuRREhaA5tJLcIJqM8VSqfZlIO1VilWRYT9puwhStAjyZqIKM4fm1HoPeP333qLi5bYn8RS98wNix2JV6QxNrXRizOwRRGrLbi88ygIngm_1k8YzCOusXD8w1y8dfTPAEAAA%3d%3d:754
[  482236ms] [LOG] %c Widde Video Commerce %c v24604ee %c Build: 21/09/2026 20:39 %c border: 1px solid #2567f8; background: #2567f8; color: #fff; font-weight: bold; padding: 4px 8px; border-radius: 3px 0 0 0; border: 1px solid #2567f8; border-left: none; background: #FFF; color: #2567f8; font-weight: bold; padding: 4px 8px; border: 1px solid #2567f8; border-left: none; background: #f0f0f0; color: #333; font-weight: bold; padding: 4px 8px; border-radius: 0 3px 3px 0; background: transparent @ https://cdn.widde.io/assets/main.utzwjalemu.js:0
[  482381ms] [LOG] %c Tryon Widde.io %c %s %c border: 1px solid #2567f8; background: #2567f8; color: #fff; font-weight: bold; padding: 4px 8px; border-radius: 3px 0 0 3px; border: 1px solid #2567f8; background: #FFF; color: #2567f8; font-weight: bold; padding: 4px 8px; border-radius: 0 3px 3px 0; 47bf7c2 background: transparent @ https://cdn-tryon.widde.io/widde-tryon.js:86
[  482399ms] [LOG] [tryon-tracker] initialized {domain: www.lolacosmetics.com.br} @ https://cdn-tryon.widde.io/widde-tryon.js:8
[  488601ms] [WARNING] Error with Feature-Policy header: Some features are specified in both Feature-Policy and Permissions-Policy header: payment, fullscreen, microphone, camera. Values defined in Permissions-Policy header will be used. @ :0
[  488983ms] [ERROR] Failed to load resource: the server responded with a status of 500 () @ https://fonts.cdnfonts.com/css/leelawade:0
[  489402ms] [ERROR] Failed to load resource: the server responded with a status of 404 () @ https://lolacosmetics.admin.linxcommerce.com.br/Custom/Content/Themes/Lola/Styles/Fonts/FontAwesome/all.css:0
[  489408ms] [LOG] Trustvox rating | PDP: 46347 tipo: 7 @ https://www.lolacosmetics.com.br/kit-tannic-acid-linha-completa-p46347:62
[  489408ms] [LOG] Trustvox rating | childId: 46286 -> parent (childId-1): 46285 @ https://www.lolacosmetics.com.br/kit-tannic-acid-linha-completa-p46347:62
[  489409ms] [LOG] Trustvox rating | ID final usado = 46285 @ https://www.lolacosmetics.com.br/kit-tannic-acid-linha-completa-p46347:62
[  489409ms] [LOG] {Items: Array(0), VariationPath: /, VariationLevel: 1, ProductPath: /7.46347/5.46286/, ProductLevel: 1} @ https://www.lolacosmetics.com.br/kit-tannic-acid-linha-completa-p46347:62
[  489409ms] [LOG] {Items: Array(0), VariationPath: /, VariationLevel: 1, ProductPath: /7.46347/5.46288/, ProductLevel: 1} @ https://www.lolacosmetics.com.br/kit-tannic-acid-linha-completa-p46347:62
[  489409ms] [LOG] {Items: Array(0), VariationPath: /, VariationLevel: 1, ProductPath: /7.46347/5.46342/, ProductLevel: 1} @ https://www.lolacosmetics.com.br/kit-tannic-acid-linha-completa-p46347:62
[  489409ms] [LOG] {Items: Array(0), VariationPath: /, VariationLevel: 1, ProductPath: /7.46347/5.46290/, ProductLevel: 1} @ https://www.lolacosmetics.com.br/kit-tannic-acid-linha-completa-p46347:62
[  489410ms] [LOG] Trustvox PDP | product: 46347 | type: 7 | childId: 46286 | usedId: 46285 @ https://www.lolacosmetics.com.br/kit-tannic-acid-linha-completa-p46347:136
[  489445ms] [LOG] Banner não encontrado: banner-232 @ https://d1hjvew1n9ss7u.cloudfront.net/asset.axd?id=PAEAAB-LCAAAAAAAAAOtj0EPwUAQhf-KzLnsKqu64iBu4oSbOKzt0G2qKztTkQi_3abi6Ob43vfem8wDLIMGxjuLytwM2eCuPOvZ0gRCnrd86k8hgSaGNr5llFE40CdTEyZQXKP_EtuuRREhaA5tJLcIJqM8VSqfZlIO1VilWRYT9puwhStAjyZqIKM4fm1HoPeP333qLi5bYn8RS98wNix2JV6QxNrXRizOwRRGrLbi88ygIngm_1k8YzCOusXD8w1y8dfTPAEAAA%3d%3d:754
[  489446ms] [LOG] [Debug Carrinho] Polling ativo @ https://d1hjvew1n9ss7u.cloudfront.net/asset.axd?id=PAEAAB-LCAAAAAAAAAOtj0EPwUAQhf-KzLnsKqu64iBu4oSbOKzt0G2qKztTkQi_3abi6Ob43vfem8wDLIMGxjuLytwM2eCuPOvZ0gRCnrd86k8hgSaGNr5llFE40CdTEyZQXKP_EtuuRREhaA5tJLcIJqM8VSqfZlIO1VilWRYT9puwhStAjyZqIKM4fm1HoPeP333qLi5bYn8RS98wNix2JV6QxNrXRizOwRRGrLbi88ygIngm_1k8YzCOusXD8w1y8dfTPAEAAA%3d%3d:1790
[  489490ms] [LOG] add @ https://d1hjvew1n9ss7u.cloudfront.net/asset.axd?id=PAEAAB-LCAAAAAAAAAOtj0EPwUAQhf-KzLnsKqu64iBu4oSbOKzt0G2qKztTkQi_3abi6Ob43vfem8wDLIMGxjuLytwM2eCuPOvZ0gRCnrd86k8hgSaGNr5llFE40CdTEyZQXKP_EtuuRREhaA5tJLcIJqM8VSqfZlIO1VilWRYT9puwhStAjyZqIKM4fm1HoPeP333qLi5bYn8RS98wNix2JV6QxNrXRizOwRRGrLbi88ygIngm_1k8YzCOusXD8w1y8dfTPAEAAA%3d%3d:1
[  489491ms] [WARNING] !! Há erros de scripts de terceiros !!
Por favor, contate a Empresa responsável pelo script.  @ https://d1hjvew1n9ss7u.cloudfront.net/assets/shjs.js?t=639255987001545277:0
[  489511ms] Uncaught Error: You must pass a string or Handlebars AST to Handlebars.compile. You passed null
    at e.compile (https://d1hjvew1n9ss7u.cloudfront.net/asset.axd?id=PAEAAB-LCAAAAAAAAAOtj0EPwUAQhf-KzLnsKqu64iBu4oSbOKzt0G2qKztTkQi_3abi6Ob43vfem8wDLIMGxjuLytwM2eCuPOvZ0gRCnrd86k8hgSaGNr5llFE40CdTEyZQXKP_EtuuRREhaA5tJLcIJqM8VSqfZlIO1VilWRYT9puwhStAjyZqIKM4fm1HoPeP333qLi5bYn8RS98wNix2JV6QxNrXRizOwRRGrLbi88ygIngm_1k8YzCOusXD8w1y8dfTPAEAAA%3d%3d:1794:49302)
    at i.compile (https://d1hjvew1n9ss7u.cloudfront.net/asset.axd?id=PAEAAB-LCAAAAAAAAAOtj0EPwUAQhf-KzLnsKqu64iBu4oSbOKzt0G2qKztTkQi_3abi6Ob43vfem8wDLIMGxjuLytwM2eCuPOvZ0gRCnrd86k8hgSaGNr5llFE40CdTEyZQXKP_EtuuRREhaA5tJLcIJqM8VSqfZlIO1VilWRYT9puwhStAjyZqIKM4fm1HoPeP333qLi5bYn8RS98wNix2JV6QxNrXRizOwRRGrLbi88ygIngm_1k8YzCOusXD8w1y8dfTPAEAAA%3d%3d:1794:343)
    at renderBasket (https://d1hjvew1n9ss7u.cloudfront.net/asset.axd?id=PAEAAB-LCAAAAAAAAAOtj0EPwUAQhf-KzLnsKqu64iBu4oSbOKzt0G2qKztTkQi_3abi6Ob43vfem8wDLIMGxjuLytwM2eCuPOvZ0gRCnrd86k8hgSaGNr5llFE40CdTEyZQXKP_EtuuRREhaA5tJLcIJqM8VSqfZlIO1VilWRYT9puwhStAjyZqIKM4fm1HoPeP333qLi5bYn8RS98wNix2JV6QxNrXRizOwRRGrLbi88ygIngm_1k8YzCOusXD8w1y8dfTPAEAAA%3d%3d:29:27)
    at <anonymous> (https://d1hjvew1n9ss7u.cloudfront.net/asset.axd?id=PAEAAB-LCAAAAAAAAAOtj0EPwUAQhf-KzLnsKqu64iBu4oSbOKzt0G2qKztTkQi_3abi6Ob43vfem8wDLIMGxjuLytwM2eCuPOvZ0gRCnrd86k8hgSaGNr5llFE40CdTEyZQXKP_EtuuRREhaA5tJLcIJqM8VSqfZlIO1VilWRYT9puwhStAjyZqIKM4fm1HoPeP333qLi5bYn8RS98wNix2JV6QxNrXRizOwRRGrLbi88ygIngm_1k8YzCOusXD8w1y8dfTPAEAAA%3d%3d:220:1)
    at f (https://d1hjvew1n9ss7u.cloudfront.net/assets/shjs.js?t=639255987001545277:0:10382)
    at fireWith (https://d1hjvew1n9ss7u.cloudfront.net/assets/shjs.js?t=639255987001545277:0:11137)
    at ready (https://d1hjvew1n9ss7u.cloudfront.net/assets/shjs.js?t=639255987001545277:0:5238)
    at r (https://d1hjvew1n9ss7u.cloudfront.net/assets/shjs.js?t=639255987001545277:0:9748)
[  489495ms] [VERBOSE] [DOM] Input elements should have autocomplete attributes (suggested: "current-password"): (More info: https://goo.gl/9p2vKq) %o @ https://www.lolacosmetics.com.br/kit-tannic-acid-linha-completa-p46347:0
[  489495ms] [VERBOSE] [DOM] Input elements should have autocomplete attributes (suggested: "current-password"): (More info: https://goo.gl/9p2vKq) %o @ https://www.lolacosmetics.com.br/kit-tannic-acid-linha-completa-p46347:0
[  489605ms] [ERROR] Failed to load resource: net::ERR_NAME_NOT_RESOLVED @ https://event.getblue.io/js/blue-tag.min.js:0
[  489665ms] [LOG] AffiseStorage availability: {cookie: true, localStorage: true, sessionStorage: true} @ https://rankmediabrasil.g2afse.com/websdk.js:0
[  489665ms] [LOG] Status RNK Media - ClickId: null UTM: null @ :3
[  489702ms] [WARNING] [Meta Pixel] - Invalid parameter format for currency. Please refer https://developers.facebook.com/docs/meta-pixel/reference/ for valid parameter specifications. @ https://connect.facebook.net/en_US/fbevents.js:203
[  489715ms] [ERROR] Failed to load resource: the server responded with a status of 404 () @ https://d1hjvew1n9ss7u.cloudfront.net/Custom/Content/Themes/Lola/Agrada/CSS/ajax-loader.gif:0
[  489716ms] [ERROR] Framing 'https://accounts.google.com/' violates the following report-only Content Security Policy directive: "frame-ancestors 'self'". The violation has been logged, but no further action has been taken.
 @ :0
[  489986ms] Uncaught TypeError: Cannot read properties of undefined (reading 'replace')
    at validaFreteGratis (https://d1hjvew1n9ss7u.cloudfront.net/asset.axd?id=PAEAAB-LCAAAAAAAAAOtj0EPwUAQhf-KzLnsKqu64iBu4oSbOKzt0G2qKztTkQi_3abi6Ob43vfem8wDLIMGxjuLytwM2eCuPOvZ0gRCnrd86k8hgSaGNr5llFE40CdTEyZQXKP_EtuuRREhaA5tJLcIJqM8VSqfZlIO1VilWRYT9puwhStAjyZqIKM4fm1HoPeP333qLi5bYn8RS98wNix2JV6QxNrXRizOwRRGrLbi88ygIngm_1k8YzCOusXD8w1y8dfTPAEAAA%3d%3d:1:7633)
    at <anonymous> (https://d1hjvew1n9ss7u.cloudfront.net/asset.axd?id=PAEAAB-LCAAAAAAAAAOtj0EPwUAQhf-KzLnsKqu64iBu4oSbOKzt0G2qKztTkQi_3abi6Ob43vfem8wDLIMGxjuLytwM2eCuPOvZ0gRCnrd86k8hgSaGNr5llFE40CdTEyZQXKP_EtuuRREhaA5tJLcIJqM8VSqfZlIO1VilWRYT9puwhStAjyZqIKM4fm1HoPeP333qLi5bYn8RS98wNix2JV6QxNrXRizOwRRGrLbi88ygIngm_1k8YzCOusXD8w1y8dfTPAEAAA%3d%3d:1:49808)
    at dispatch (https://d1hjvew1n9ss7u.cloudfront.net/assets/shjs.js?t=639255987001545277:0:32701)
    at a (https://d1hjvew1n9ss7u.cloudfront.net/assets/shjs.js?t=639255987001545277:0:28480)
[  489985ms] [LOG] Banner não encontrado: banner-232 @ https://d1hjvew1n9ss7u.cloudfront.net/asset.axd?id=PAEAAB-LCAAAAAAAAAOtj0EPwUAQhf-KzLnsKqu64iBu4oSbOKzt0G2qKztTkQi_3abi6Ob43vfem8wDLIMGxjuLytwM2eCuPOvZ0gRCnrd86k8hgSaGNr5llFE40CdTEyZQXKP_EtuuRREhaA5tJLcIJqM8VSqfZlIO1VilWRYT9puwhStAjyZqIKM4fm1HoPeP333qLi5bYn8RS98wNix2JV6QxNrXRizOwRRGrLbi88ygIngm_1k8YzCOusXD8w1y8dfTPAEAAA%3d%3d:754
[  490014ms] [LOG] %c Widde Video Commerce %c v24604ee %c Build: 21/09/2026 20:39 %c border: 1px solid #2567f8; background: #2567f8; color: #fff; font-weight: bold; padding: 4px 8px; border-radius: 3px 0 0 0; border: 1px solid #2567f8; border-left: none; background: #FFF; color: #2567f8; font-weight: bold; padding: 4px 8px; border: 1px solid #2567f8; border-left: none; background: #f0f0f0; color: #333; font-weight: bold; padding: 4px 8px; border-radius: 0 3px 3px 0; background: transparent @ https://cdn.widde.io/assets/main.utzwjalemu.js:0
[  490257ms] [LOG] %c Tryon Widde.io %c %s %c border: 1px solid #2567f8; background: #2567f8; color: #fff; font-weight: bold; padding: 4px 8px; border-radius: 3px 0 0 3px; border: 1px solid #2567f8; background: #FFF; color: #2567f8; font-weight: bold; padding: 4px 8px; border-radius: 0 3px 3px 0; 47bf7c2 background: transparent @ https://cdn-tryon.widde.io/widde-tryon.js:86
[  490283ms] [LOG] [tryon-tracker] initialized {domain: www.lolacosmetics.com.br} @ https://cdn-tryon.widde.io/widde-tryon.js:8
[  497438ms] [WARNING] Error with Feature-Policy header: Some features are specified in both Feature-Policy and Permissions-Policy header: payment, fullscreen, microphone, camera. Values defined in Permissions-Policy header will be used. @ :0
[  497954ms] [ERROR] Failed to load resource: the server responded with a status of 500 () @ https://fonts.cdnfonts.com/css/leelawade:0
[  498383ms] [ERROR] Failed to load resource: the server responded with a status of 404 () @ https://lolacosmetics.admin.linxcommerce.com.br/Custom/Content/Themes/Lola/Styles/Fonts/FontAwesome/all.css:0
[  498391ms] [LOG] Trustvox rating | PDP: 46393 tipo: 7 @ https://www.lolacosmetics.com.br/kit-volumao-linha-completa-p46393:15
[  498391ms] [LOG] Trustvox rating | childId: 46388 -> parent (childId-1): 46387 @ https://www.lolacosmetics.com.br/kit-volumao-linha-completa-p46393:15
[  498391ms] [LOG] Trustvox rating | ID final usado = 46387 @ https://www.lolacosmetics.com.br/kit-volumao-linha-completa-p46393:15
[  498391ms] [LOG] {Items: Array(0), VariationPath: /, VariationLevel: 1, ProductPath: /7.46393/5.46390/, ProductLevel: 1} @ https://www.lolacosmetics.com.br/kit-volumao-linha-completa-p46393:15
[  498392ms] [LOG] {Items: Array(0), VariationPath: /, VariationLevel: 1, ProductPath: /7.46393/5.46392/, ProductLevel: 1} @ https://www.lolacosmetics.com.br/kit-volumao-linha-completa-p46393:15
[  498392ms] [LOG] {Items: Array(0), VariationPath: /, VariationLevel: 1, ProductPath: /7.46393/5.46388/, ProductLevel: 1} @ https://www.lolacosmetics.com.br/kit-volumao-linha-completa-p46393:15
[  498426ms] [LOG] Trustvox PDP | product: 46393 | type: 7 | childId: 46388 | usedId: 46387 @ https://www.lolacosmetics.com.br/kit-volumao-linha-completa-p46393:28
[  498495ms] [LOG] Banner não encontrado: banner-232 @ https://d1hjvew1n9ss7u.cloudfront.net/asset.axd?id=PAEAAB-LCAAAAAAAAAOtj0EPwUAQhf-KzLnsKqu64iBu4oSbOKzt0G2qKztTkQi_3abi6Ob43vfem8wDLIMGxjuLytwM2eCuPOvZ0gRCnrd86k8hgSaGNr5llFE40CdTEyZQXKP_EtuuRREhaA5tJLcIJqM8VSqfZlIO1VilWRYT9puwhStAjyZqIKM4fm1HoPeP333qLi5bYn8RS98wNix2JV6QxNrXRizOwRRGrLbi88ygIngm_1k8YzCOusXD8w1y8dfTPAEAAA%3d%3d:754
[  498496ms] [LOG] [Debug Carrinho] Polling ativo @ https://d1hjvew1n9ss7u.cloudfront.net/asset.axd?id=PAEAAB-LCAAAAAAAAAOtj0EPwUAQhf-KzLnsKqu64iBu4oSbOKzt0G2qKztTkQi_3abi6Ob43vfem8wDLIMGxjuLytwM2eCuPOvZ0gRCnrd86k8hgSaGNr5llFE40CdTEyZQXKP_EtuuRREhaA5tJLcIJqM8VSqfZlIO1VilWRYT9puwhStAjyZqIKM4fm1HoPeP333qLi5bYn8RS98wNix2JV6QxNrXRizOwRRGrLbi88ygIngm_1k8YzCOusXD8w1y8dfTPAEAAA%3d%3d:1790
[  498576ms] [LOG] add @ https://d1hjvew1n9ss7u.cloudfront.net/asset.axd?id=PAEAAB-LCAAAAAAAAAOtj0EPwUAQhf-KzLnsKqu64iBu4oSbOKzt0G2qKztTkQi_3abi6Ob43vfem8wDLIMGxjuLytwM2eCuPOvZ0gRCnrd86k8hgSaGNr5llFE40CdTEyZQXKP_EtuuRREhaA5tJLcIJqM8VSqfZlIO1VilWRYT9puwhStAjyZqIKM4fm1HoPeP333qLi5bYn8RS98wNix2JV6QxNrXRizOwRRGrLbi88ygIngm_1k8YzCOusXD8w1y8dfTPAEAAA%3d%3d:1
[  498578ms] [WARNING] !! Há erros de scripts de terceiros !!
Por favor, contate a Empresa responsável pelo script.  @ https://d1hjvew1n9ss7u.cloudfront.net/assets/shjs.js?t=639255987001545277:0
[  498578ms] Uncaught Error: You must pass a string or Handlebars AST to Handlebars.compile. You passed null
    at e.compile (https://d1hjvew1n9ss7u.cloudfront.net/asset.axd?id=PAEAAB-LCAAAAAAAAAOtj0EPwUAQhf-KzLnsKqu64iBu4oSbOKzt0G2qKztTkQi_3abi6Ob43vfem8wDLIMGxjuLytwM2eCuPOvZ0gRCnrd86k8hgSaGNr5llFE40CdTEyZQXKP_EtuuRREhaA5tJLcIJqM8VSqfZlIO1VilWRYT9puwhStAjyZqIKM4fm1HoPeP333qLi5bYn8RS98wNix2JV6QxNrXRizOwRRGrLbi88ygIngm_1k8YzCOusXD8w1y8dfTPAEAAA%3d%3d:1794:49302)
    at i.compile (https://d1hjvew1n9ss7u.cloudfront.net/asset.axd?id=PAEAAB-LCAAAAAAAAAOtj0EPwUAQhf-KzLnsKqu64iBu4oSbOKzt0G2qKztTkQi_3abi6Ob43vfem8wDLIMGxjuLytwM2eCuPOvZ0gRCnrd86k8hgSaGNr5llFE40CdTEyZQXKP_EtuuRREhaA5tJLcIJqM8VSqfZlIO1VilWRYT9puwhStAjyZqIKM4fm1HoPeP333qLi5bYn8RS98wNix2JV6QxNrXRizOwRRGrLbi88ygIngm_1k8YzCOusXD8w1y8dfTPAEAAA%3d%3d:1794:343)
    at renderBasket (https://d1hjvew1n9ss7u.cloudfront.net/asset.axd?id=PAEAAB-LCAAAAAAAAAOtj0EPwUAQhf-KzLnsKqu64iBu4oSbOKzt0G2qKztTkQi_3abi6Ob43vfem8wDLIMGxjuLytwM2eCuPOvZ0gRCnrd86k8hgSaGNr5llFE40CdTEyZQXKP_EtuuRREhaA5tJLcIJqM8VSqfZlIO1VilWRYT9puwhStAjyZqIKM4fm1HoPeP333qLi5bYn8RS98wNix2JV6QxNrXRizOwRRGrLbi88ygIngm_1k8YzCOusXD8w1y8dfTPAEAAA%3d%3d:29:27)
    at <anonymous> (https://d1hjvew1n9ss7u.cloudfront.net/asset.axd?id=PAEAAB-LCAAAAAAAAAOtj0EPwUAQhf-KzLnsKqu64iBu4oSbOKzt0G2qKztTkQi_3abi6Ob43vfem8wDLIMGxjuLytwM2eCuPOvZ0gRCnrd86k8hgSaGNr5llFE40CdTEyZQXKP_EtuuRREhaA5tJLcIJqM8VSqfZlIO1VilWRYT9puwhStAjyZqIKM4fm1HoPeP333qLi5bYn8RS98wNix2JV6QxNrXRizOwRRGrLbi88ygIngm_1k8YzCOusXD8w1y8dfTPAEAAA%3d%3d:220:1)
    at f (https://d1hjvew1n9ss7u.cloudfront.net/assets/shjs.js?t=639255987001545277:0:10382)
    at fireWith (https://d1hjvew1n9ss7u.cloudfront.net/assets/shjs.js?t=639255987001545277:0:11137)
    at ready (https://d1hjvew1n9ss7u.cloudfront.net/assets/shjs.js?t=639255987001545277:0:5238)
    at r (https://d1hjvew1n9ss7u.cloudfront.net/assets/shjs.js?t=639255987001545277:0:9748)
[  498586ms] [VERBOSE] [DOM] Input elements should have autocomplete attributes (suggested: "current-password"): (More info: https://goo.gl/9p2vKq) %o @ https://www.lolacosmetics.com.br/kit-volumao-linha-completa-p46393:0
[  498586ms] [VERBOSE] [DOM] Input elements should have autocomplete attributes (suggested: "current-password"): (More info: https://goo.gl/9p2vKq) %o @ https://www.lolacosmetics.com.br/kit-volumao-linha-completa-p46393:0
[  498643ms] [ERROR] Failed to load resource: net::ERR_NAME_NOT_RESOLVED @ https://event.getblue.io/js/blue-tag.min.js:0
[  498678ms] [LOG] AffiseStorage availability: {cookie: true, localStorage: true, sessionStorage: true} @ https://rankmediabrasil.g2afse.com/websdk.js:0
[  498680ms] [LOG] Status RNK Media - ClickId: null UTM: null @ :3
[  498774ms] [ERROR] Failed to load resource: the server responded with a status of 404 () @ https://d1hjvew1n9ss7u.cloudfront.net/Custom/Content/Themes/Lola/Agrada/CSS/ajax-loader.gif:0
[  498831ms] [WARNING] [Meta Pixel] - Invalid parameter format for currency. Please refer https://developers.facebook.com/docs/meta-pixel/reference/ for valid parameter specifications. @ https://connect.facebook.net/en_US/fbevents.js:203
[  499139ms] Uncaught TypeError: Cannot read properties of undefined (reading 'replace')
    at validaFreteGratis (https://d1hjvew1n9ss7u.cloudfront.net/asset.axd?id=PAEAAB-LCAAAAAAAAAOtj0EPwUAQhf-KzLnsKqu64iBu4oSbOKzt0G2qKztTkQi_3abi6Ob43vfem8wDLIMGxjuLytwM2eCuPOvZ0gRCnrd86k8hgSaGNr5llFE40CdTEyZQXKP_EtuuRREhaA5tJLcIJqM8VSqfZlIO1VilWRYT9puwhStAjyZqIKM4fm1HoPeP333qLi5bYn8RS98wNix2JV6QxNrXRizOwRRGrLbi88ygIngm_1k8YzCOusXD8w1y8dfTPAEAAA%3d%3d:1:7633)
    at <anonymous> (https://d1hjvew1n9ss7u.cloudfront.net/asset.axd?id=PAEAAB-LCAAAAAAAAAOtj0EPwUAQhf-KzLnsKqu64iBu4oSbOKzt0G2qKztTkQi_3abi6Ob43vfem8wDLIMGxjuLytwM2eCuPOvZ0gRCnrd86k8hgSaGNr5llFE40CdTEyZQXKP_EtuuRREhaA5tJLcIJqM8VSqfZlIO1VilWRYT9puwhStAjyZqIKM4fm1HoPeP333qLi5bYn8RS98wNix2JV6QxNrXRizOwRRGrLbi88ygIngm_1k8YzCOusXD8w1y8dfTPAEAAA%3d%3d:1:49808)
    at dispatch (https://d1hjvew1n9ss7u.cloudfront.net/assets/shjs.js?t=639255987001545277:0:32701)
    at a (https://d1hjvew1n9ss7u.cloudfront.net/assets/shjs.js?t=639255987001545277:0:28480)
[  499137ms] [LOG] Banner não encontrado: banner-232 @ https://d1hjvew1n9ss7u.cloudfront.net/asset.axd?id=PAEAAB-LCAAAAAAAAAOtj0EPwUAQhf-KzLnsKqu64iBu4oSbOKzt0G2qKztTkQi_3abi6Ob43vfem8wDLIMGxjuLytwM2eCuPOvZ0gRCnrd86k8hgSaGNr5llFE40CdTEyZQXKP_EtuuRREhaA5tJLcIJqM8VSqfZlIO1VilWRYT9puwhStAjyZqIKM4fm1HoPeP333qLi5bYn8RS98wNix2JV6QxNrXRizOwRRGrLbi88ygIngm_1k8YzCOusXD8w1y8dfTPAEAAA%3d%3d:754
[  499166ms] [LOG] %c Widde Video Commerce %c v24604ee %c Build: 21/09/2026 20:39 %c border: 1px solid #2567f8; background: #2567f8; color: #fff; font-weight: bold; padding: 4px 8px; border-radius: 3px 0 0 0; border: 1px solid #2567f8; border-left: none; background: #FFF; color: #2567f8; font-weight: bold; padding: 4px 8px; border: 1px solid #2567f8; border-left: none; background: #f0f0f0; color: #333; font-weight: bold; padding: 4px 8px; border-radius: 0 3px 3px 0; background: transparent @ https://cdn.widde.io/assets/main.utzwjalemu.js:0
[  499335ms] Uncaught (in promise) TypeError: Cannot read properties of null (reading 'store_id')
    at loadAnswersSummaries (https://static.trustvox.com.br/sincero/sincero.js:0:378910)
    at <anonymous> (https://static.trustvox.com.br/sincero/sincero.js:0:104392)
    at r.dispatch (https://static.trustvox.com.br/sincero/sincero.js:0:106041)
    at dispatch (https://static.trustvox.com.br/sincero/sincero.js:0:102087)
    at <anonymous> (https://static.trustvox.com.br/sincero/sincero.js:0:365471)
[  499344ms] Uncaught (in promise) TypeError: Cannot read properties of null (reading 'store_id')
    at loadProfiles (https://static.trustvox.com.br/sincero/sincero.js:0:376806)
    at <anonymous> (https://static.trustvox.com.br/sincero/sincero.js:0:104392)
    at r.dispatch (https://static.trustvox.com.br/sincero/sincero.js:0:106041)
    at dispatch (https://static.trustvox.com.br/sincero/sincero.js:0:102087)
    at t.context.a.dispatch (https://static.trustvox.com.br/sincero/sincero.js:0:103635)
    at <anonymous> (https://static.trustvox.com.br/sincero/sincero.js:0:376597)
[  499469ms] [LOG] %c Tryon Widde.io %c %s %c border: 1px solid #2567f8; background: #2567f8; color: #fff; font-weight: bold; padding: 4px 8px; border-radius: 3px 0 0 3px; border: 1px solid #2567f8; background: #FFF; color: #2567f8; font-weight: bold; padding: 4px 8px; border-radius: 0 3px 3px 0; 47bf7c2 background: transparent @ https://cdn-tryon.widde.io/widde-tryon.js:86
[  499494ms] [LOG] [tryon-tracker] initialized {domain: www.lolacosmetics.com.br} @ https://cdn-tryon.widde.io/widde-tryon.js:8
[  505625ms] [WARNING] Error with Feature-Policy header: Some features are specified in both Feature-Policy and Permissions-Policy header: payment, fullscreen, microphone, camera. Values defined in Permissions-Policy header will be used. @ :0
[  506138ms] [ERROR] Failed to load resource: the server responded with a status of 500 () @ https://fonts.cdnfonts.com/css/leelawade:0
[  506568ms] [ERROR] Failed to load resource: the server responded with a status of 404 () @ https://lolacosmetics.admin.linxcommerce.com.br/Custom/Content/Themes/Lola/Styles/Fonts/FontAwesome/all.css:0
[  506581ms] [LOG] Trustvox rating | PDP: 45750 tipo: 7 @ https://www.lolacosmetics.com.br/kit-xapadinha-liso-perfeito-disciplina-anti-frizz-e-anti-quebra-p45750:123
[  506581ms] [LOG] Trustvox rating | childId: 45567 -> parent (childId-1): 45566 @ https://www.lolacosmetics.com.br/kit-xapadinha-liso-perfeito-disciplina-anti-frizz-e-anti-quebra-p45750:123
[  506581ms] [LOG] Trustvox rating | ID final usado = 45566 @ https://www.lolacosmetics.com.br/kit-xapadinha-liso-perfeito-disciplina-anti-frizz-e-anti-quebra-p45750:123
[  506600ms] [LOG] {Items: Array(0), VariationPath: /, VariationLevel: 1, ProductPath: /7.45750/5.45665/, ProductLevel: 1} @ https://www.lolacosmetics.com.br/kit-xapadinha-liso-perfeito-disciplina-anti-frizz-e-anti-quebra-p45750:123
[  506601ms] [LOG] {Items: Array(0), VariationPath: /, VariationLevel: 1, ProductPath: /7.45750/5.45675/, ProductLevel: 1} @ https://www.lolacosmetics.com.br/kit-xapadinha-liso-perfeito-disciplina-anti-frizz-e-anti-quebra-p45750:123
[  506601ms] [LOG] {Items: Array(0), VariationPath: /, VariationLevel: 1, ProductPath: /7.45750/5.45620/, ProductLevel: 1} @ https://www.lolacosmetics.com.br/kit-xapadinha-liso-perfeito-disciplina-anti-frizz-e-anti-quebra-p45750:123
[  506601ms] [LOG] {Items: Array(0), VariationPath: /, VariationLevel: 1, ProductPath: /7.45750/5.45567/, ProductLevel: 1} @ https://www.lolacosmetics.com.br/kit-xapadinha-liso-perfeito-disciplina-anti-frizz-e-anti-quebra-p45750:123
[  506602ms] [LOG] Trustvox PDP | product: 45750 | type: 7 | childId: 45567 | usedId: 45566 @ https://www.lolacosmetics.com.br/kit-xapadinha-liso-perfeito-disciplina-anti-frizz-e-anti-quebra-p45750:310
[  506646ms] [LOG] Banner não encontrado: banner-232 @ https://d1hjvew1n9ss7u.cloudfront.net/asset.axd?id=PAEAAB-LCAAAAAAAAAOtj0EPwUAQhf-KzLnsKqu64iBu4oSbOKzt0G2qKztTkQi_3abi6Ob43vfem8wDLIMGxjuLytwM2eCuPOvZ0gRCnrd86k8hgSaGNr5llFE40CdTEyZQXKP_EtuuRREhaA5tJLcIJqM8VSqfZlIO1VilWRYT9puwhStAjyZqIKM4fm1HoPeP333qLi5bYn8RS98wNix2JV6QxNrXRizOwRRGrLbi88ygIngm_1k8YzCOusXD8w1y8dfTPAEAAA%3d%3d:754
[  506647ms] [LOG] [Debug Carrinho] Polling ativo @ https://d1hjvew1n9ss7u.cloudfront.net/asset.axd?id=PAEAAB-LCAAAAAAAAAOtj0EPwUAQhf-KzLnsKqu64iBu4oSbOKzt0G2qKztTkQi_3abi6Ob43vfem8wDLIMGxjuLytwM2eCuPOvZ0gRCnrd86k8hgSaGNr5llFE40CdTEyZQXKP_EtuuRREhaA5tJLcIJqM8VSqfZlIO1VilWRYT9puwhStAjyZqIKM4fm1HoPeP333qLi5bYn8RS98wNix2JV6QxNrXRizOwRRGrLbi88ygIngm_1k8YzCOusXD8w1y8dfTPAEAAA%3d%3d:1790
[  506697ms] [LOG] add @ https://d1hjvew1n9ss7u.cloudfront.net/asset.axd?id=PAEAAB-LCAAAAAAAAAOtj0EPwUAQhf-KzLnsKqu64iBu4oSbOKzt0G2qKztTkQi_3abi6Ob43vfem8wDLIMGxjuLytwM2eCuPOvZ0gRCnrd86k8hgSaGNr5llFE40CdTEyZQXKP_EtuuRREhaA5tJLcIJqM8VSqfZlIO1VilWRYT9puwhStAjyZqIKM4fm1HoPeP333qLi5bYn8RS98wNix2JV6QxNrXRizOwRRGrLbi88ygIngm_1k8YzCOusXD8w1y8dfTPAEAAA%3d%3d:1
[  506699ms] [WARNING] !! Há erros de scripts de terceiros !!
Por favor, contate a Empresa responsável pelo script.  @ https://d1hjvew1n9ss7u.cloudfront.net/assets/shjs.js?t=639255987001545277:0
[  506699ms] Uncaught Error: You must pass a string or Handlebars AST to Handlebars.compile. You passed null
    at e.compile (https://d1hjvew1n9ss7u.cloudfront.net/asset.axd?id=PAEAAB-LCAAAAAAAAAOtj0EPwUAQhf-KzLnsKqu64iBu4oSbOKzt0G2qKztTkQi_3abi6Ob43vfem8wDLIMGxjuLytwM2eCuPOvZ0gRCnrd86k8hgSaGNr5llFE40CdTEyZQXKP_EtuuRREhaA5tJLcIJqM8VSqfZlIO1VilWRYT9puwhStAjyZqIKM4fm1HoPeP333qLi5bYn8RS98wNix2JV6QxNrXRizOwRRGrLbi88ygIngm_1k8YzCOusXD8w1y8dfTPAEAAA%3d%3d:1794:49302)
    at i.compile (https://d1hjvew1n9ss7u.cloudfront.net/asset.axd?id=PAEAAB-LCAAAAAAAAAOtj0EPwUAQhf-KzLnsKqu64iBu4oSbOKzt0G2qKztTkQi_3abi6Ob43vfem8wDLIMGxjuLytwM2eCuPOvZ0gRCnrd86k8hgSaGNr5llFE40CdTEyZQXKP_EtuuRREhaA5tJLcIJqM8VSqfZlIO1VilWRYT9puwhStAjyZqIKM4fm1HoPeP333qLi5bYn8RS98wNix2JV6QxNrXRizOwRRGrLbi88ygIngm_1k8YzCOusXD8w1y8dfTPAEAAA%3d%3d:1794:343)
    at renderBasket (https://d1hjvew1n9ss7u.cloudfront.net/asset.axd?id=PAEAAB-LCAAAAAAAAAOtj0EPwUAQhf-KzLnsKqu64iBu4oSbOKzt0G2qKztTkQi_3abi6Ob43vfem8wDLIMGxjuLytwM2eCuPOvZ0gRCnrd86k8hgSaGNr5llFE40CdTEyZQXKP_EtuuRREhaA5tJLcIJqM8VSqfZlIO1VilWRYT9puwhStAjyZqIKM4fm1HoPeP333qLi5bYn8RS98wNix2JV6QxNrXRizOwRRGrLbi88ygIngm_1k8YzCOusXD8w1y8dfTPAEAAA%3d%3d:29:27)
    at <anonymous> (https://d1hjvew1n9ss7u.cloudfront.net/asset.axd?id=PAEAAB-LCAAAAAAAAAOtj0EPwUAQhf-KzLnsKqu64iBu4oSbOKzt0G2qKztTkQi_3abi6Ob43vfem8wDLIMGxjuLytwM2eCuPOvZ0gRCnrd86k8hgSaGNr5llFE40CdTEyZQXKP_EtuuRREhaA5tJLcIJqM8VSqfZlIO1VilWRYT9puwhStAjyZqIKM4fm1HoPeP333qLi5bYn8RS98wNix2JV6QxNrXRizOwRRGrLbi88ygIngm_1k8YzCOusXD8w1y8dfTPAEAAA%3d%3d:220:1)
    at f (https://d1hjvew1n9ss7u.cloudfront.net/assets/shjs.js?t=639255987001545277:0:10382)
    at fireWith (https://d1hjvew1n9ss7u.cloudfront.net/assets/shjs.js?t=639255987001545277:0:11137)
    at ready (https://d1hjvew1n9ss7u.cloudfront.net/assets/shjs.js?t=639255987001545277:0:5238)
    at r (https://d1hjvew1n9ss7u.cloudfront.net/assets/shjs.js?t=639255987001545277:0:9748)
[  506702ms] [VERBOSE] [DOM] Input elements should have autocomplete attributes (suggested: "current-password"): (More info: https://goo.gl/9p2vKq) %o @ https://www.lolacosmetics.com.br/kit-xapadinha-liso-perfeito-disciplina-anti-frizz-e-anti-quebra-p45750:0
[  506702ms] [VERBOSE] [DOM] Input elements should have autocomplete attributes (suggested: "current-password"): (More info: https://goo.gl/9p2vKq) %o @ https://www.lolacosmetics.com.br/kit-xapadinha-liso-perfeito-disciplina-anti-frizz-e-anti-quebra-p45750:0
[  506783ms] [ERROR] Failed to load resource: the server responded with a status of 404 () @ https://d1hjvew1n9ss7u.cloudfront.net/Custom/Content:0
[  506787ms] [ERROR] Failed to load resource: net::ERR_NAME_NOT_RESOLVED @ https://event.getblue.io/js/blue-tag.min.js:0
[  506835ms] [LOG] AffiseStorage availability: {cookie: true, localStorage: true, sessionStorage: true} @ https://rankmediabrasil.g2afse.com/websdk.js:0
[  506836ms] [LOG] Status RNK Media - ClickId: null UTM: null @ :3
[  506870ms] [ERROR] Failed to load resource: the server responded with a status of 404 () @ https://d1hjvew1n9ss7u.cloudfront.net/Custom/Content/Themes/Lola/Agrada/CSS/ajax-loader.gif:0
[  506900ms] [WARNING] [Meta Pixel] - Invalid parameter format for currency. Please refer https://developers.facebook.com/docs/meta-pixel/reference/ for valid parameter specifications. @ https://connect.facebook.net/en_US/fbevents.js:203
[  507467ms] Uncaught TypeError: Cannot read properties of undefined (reading 'replace')
    at validaFreteGratis (https://d1hjvew1n9ss7u.cloudfront.net/asset.axd?id=PAEAAB-LCAAAAAAAAAOtj0EPwUAQhf-KzLnsKqu64iBu4oSbOKzt0G2qKztTkQi_3abi6Ob43vfem8wDLIMGxjuLytwM2eCuPOvZ0gRCnrd86k8hgSaGNr5llFE40CdTEyZQXKP_EtuuRREhaA5tJLcIJqM8VSqfZlIO1VilWRYT9puwhStAjyZqIKM4fm1HoPeP333qLi5bYn8RS98wNix2JV6QxNrXRizOwRRGrLbi88ygIngm_1k8YzCOusXD8w1y8dfTPAEAAA%3d%3d:1:7633)
    at <anonymous> (https://d1hjvew1n9ss7u.cloudfront.net/asset.axd?id=PAEAAB-LCAAAAAAAAAOtj0EPwUAQhf-KzLnsKqu64iBu4oSbOKzt0G2qKztTkQi_3abi6Ob43vfem8wDLIMGxjuLytwM2eCuPOvZ0gRCnrd86k8hgSaGNr5llFE40CdTEyZQXKP_EtuuRREhaA5tJLcIJqM8VSqfZlIO1VilWRYT9puwhStAjyZqIKM4fm1HoPeP333qLi5bYn8RS98wNix2JV6QxNrXRizOwRRGrLbi88ygIngm_1k8YzCOusXD8w1y8dfTPAEAAA%3d%3d:1:49808)
    at dispatch (https://d1hjvew1n9ss7u.cloudfront.net/assets/shjs.js?t=639255987001545277:0:32701)
    at a (https://d1hjvew1n9ss7u.cloudfront.net/assets/shjs.js?t=639255987001545277:0:28480)
[  507452ms] [LOG] Banner não encontrado: banner-232 @ https://d1hjvew1n9ss7u.cloudfront.net/asset.axd?id=PAEAAB-LCAAAAAAAAAOtj0EPwUAQhf-KzLnsKqu64iBu4oSbOKzt0G2qKztTkQi_3abi6Ob43vfem8wDLIMGxjuLytwM2eCuPOvZ0gRCnrd86k8hgSaGNr5llFE40CdTEyZQXKP_EtuuRREhaA5tJLcIJqM8VSqfZlIO1VilWRYT9puwhStAjyZqIKM4fm1HoPeP333qLi5bYn8RS98wNix2JV6QxNrXRizOwRRGrLbi88ygIngm_1k8YzCOusXD8w1y8dfTPAEAAA%3d%3d:754
[  507485ms] [LOG] %c Widde Video Commerce %c v24604ee %c Build: 21/09/2026 20:39 %c border: 1px solid #2567f8; background: #2567f8; color: #fff; font-weight: bold; padding: 4px 8px; border-radius: 3px 0 0 0; border: 1px solid #2567f8; border-left: none; background: #FFF; color: #2567f8; font-weight: bold; padding: 4px 8px; border: 1px solid #2567f8; border-left: none; background: #f0f0f0; color: #333; font-weight: bold; padding: 4px 8px; border-radius: 0 3px 3px 0; background: transparent @ https://cdn.widde.io/assets/main.utzwjalemu.js:0
[  507694ms] [LOG] %c Tryon Widde.io %c %s %c border: 1px solid #2567f8; background: #2567f8; color: #fff; font-weight: bold; padding: 4px 8px; border-radius: 3px 0 0 3px; border: 1px solid #2567f8; background: #FFF; color: #2567f8; font-weight: bold; padding: 4px 8px; border-radius: 0 3px 3px 0; 47bf7c2 background: transparent @ https://cdn-tryon.widde.io/widde-tryon.js:86
[  507717ms] [LOG] [tryon-tracker] initialized {domain: www.lolacosmetics.com.br} @ https://cdn-tryon.widde.io/widde-tryon.js:8
[  514106ms] [WARNING] Error with Feature-Policy header: Some features are specified in both Feature-Policy and Permissions-Policy header: payment, fullscreen, microphone, camera. Values defined in Permissions-Policy header will be used. @ :0
[  514624ms] [ERROR] Failed to load resource: the server responded with a status of 500 () @ https://fonts.cdnfonts.com/css/leelawade:0
[  515052ms] [ERROR] Failed to load resource: the server responded with a status of 404 () @ https://lolacosmetics.admin.linxcommerce.com.br/Custom/Content/Themes/Lola/Styles/Fonts/FontAwesome/all.css:0
[  515058ms] [LOG] Trustvox rating | PDP: 46367 tipo: 3 @ https://www.lolacosmetics.com.br/loira-de-farmacia-mascara-100g-ps-19629-311-p46367:15
[  515058ms] [LOG] Trustvox rating | ID final usado = 46367 @ https://www.lolacosmetics.com.br/loira-de-farmacia-mascara-100g-ps-19629-311-p46367:15
[  515061ms] [LOG] Trustvox PDP | product: 46367 | type: 3 | usedId: 46367 @ https://www.lolacosmetics.com.br/loira-de-farmacia-mascara-100g-ps-19629-311-p46367:43
[  515107ms] [LOG] Banner não encontrado: banner-232 @ https://d1hjvew1n9ss7u.cloudfront.net/asset.axd?id=PAEAAB-LCAAAAAAAAAOtj0EPwUAQhf-KzLnsKqu64iBu4oSbOKzt0G2qKztTkQi_3abi6Ob43vfem8wDLIMGxjuLytwM2eCuPOvZ0gRCnrd86k8hgSaGNr5llFE40CdTEyZQXKP_EtuuRREhaA5tJLcIJqM8VSqfZlIO1VilWRYT9puwhStAjyZqIKM4fm1HoPeP333qLi5bYn8RS98wNix2JV6QxNrXRizOwRRGrLbi88ygIngm_1k8YzCOusXD8w1y8dfTPAEAAA%3d%3d:754
[  515109ms] [LOG] [Debug Carrinho] Polling ativo @ https://d1hjvew1n9ss7u.cloudfront.net/asset.axd?id=PAEAAB-LCAAAAAAAAAOtj0EPwUAQhf-KzLnsKqu64iBu4oSbOKzt0G2qKztTkQi_3abi6Ob43vfem8wDLIMGxjuLytwM2eCuPOvZ0gRCnrd86k8hgSaGNr5llFE40CdTEyZQXKP_EtuuRREhaA5tJLcIJqM8VSqfZlIO1VilWRYT9puwhStAjyZqIKM4fm1HoPeP333qLi5bYn8RS98wNix2JV6QxNrXRizOwRRGrLbi88ygIngm_1k8YzCOusXD8w1y8dfTPAEAAA%3d%3d:1790
[  515161ms] [LOG] add @ https://d1hjvew1n9ss7u.cloudfront.net/asset.axd?id=PAEAAB-LCAAAAAAAAAOtj0EPwUAQhf-KzLnsKqu64iBu4oSbOKzt0G2qKztTkQi_3abi6Ob43vfem8wDLIMGxjuLytwM2eCuPOvZ0gRCnrd86k8hgSaGNr5llFE40CdTEyZQXKP_EtuuRREhaA5tJLcIJqM8VSqfZlIO1VilWRYT9puwhStAjyZqIKM4fm1HoPeP333qLi5bYn8RS98wNix2JV6QxNrXRizOwRRGrLbi88ygIngm_1k8YzCOusXD8w1y8dfTPAEAAA%3d%3d:1
[  515162ms] [WARNING] !! Há erros de scripts de terceiros !!
Por favor, contate a Empresa responsável pelo script.  @ https://d1hjvew1n9ss7u.cloudfront.net/assets/shjs.js?t=639255987001545277:0
[  515163ms] Uncaught Error: You must pass a string or Handlebars AST to Handlebars.compile. You passed null
    at e.compile (https://d1hjvew1n9ss7u.cloudfront.net/asset.axd?id=PAEAAB-LCAAAAAAAAAOtj0EPwUAQhf-KzLnsKqu64iBu4oSbOKzt0G2qKztTkQi_3abi6Ob43vfem8wDLIMGxjuLytwM2eCuPOvZ0gRCnrd86k8hgSaGNr5llFE40CdTEyZQXKP_EtuuRREhaA5tJLcIJqM8VSqfZlIO1VilWRYT9puwhStAjyZqIKM4fm1HoPeP333qLi5bYn8RS98wNix2JV6QxNrXRizOwRRGrLbi88ygIngm_1k8YzCOusXD8w1y8dfTPAEAAA%3d%3d:1794:49302)
    at i.compile (https://d1hjvew1n9ss7u.cloudfront.net/asset.axd?id=PAEAAB-LCAAAAAAAAAOtj0EPwUAQhf-KzLnsKqu64iBu4oSbOKzt0G2qKztTkQi_3abi6Ob43vfem8wDLIMGxjuLytwM2eCuPOvZ0gRCnrd86k8hgSaGNr5llFE40CdTEyZQXKP_EtuuRREhaA5tJLcIJqM8VSqfZlIO1VilWRYT9puwhStAjyZqIKM4fm1HoPeP333qLi5bYn8RS98wNix2JV6QxNrXRizOwRRGrLbi88ygIngm_1k8YzCOusXD8w1y8dfTPAEAAA%3d%3d:1794:343)
    at renderBasket (https://d1hjvew1n9ss7u.cloudfront.net/asset.axd?id=PAEAAB-LCAAAAAAAAAOtj0EPwUAQhf-KzLnsKqu64iBu4oSbOKzt0G2qKztTkQi_3abi6Ob43vfem8wDLIMGxjuLytwM2eCuPOvZ0gRCnrd86k8hgSaGNr5llFE40CdTEyZQXKP_EtuuRREhaA5tJLcIJqM8VSqfZlIO1VilWRYT9puwhStAjyZqIKM4fm1HoPeP333qLi5bYn8RS98wNix2JV6QxNrXRizOwRRGrLbi88ygIngm_1k8YzCOusXD8w1y8dfTPAEAAA%3d%3d:29:27)
    at <anonymous> (https://d1hjvew1n9ss7u.cloudfront.net/asset.axd?id=PAEAAB-LCAAAAAAAAAOtj0EPwUAQhf-KzLnsKqu64iBu4oSbOKzt0G2qKztTkQi_3abi6Ob43vfem8wDLIMGxjuLytwM2eCuPOvZ0gRCnrd86k8hgSaGNr5llFE40CdTEyZQXKP_EtuuRREhaA5tJLcIJqM8VSqfZlIO1VilWRYT9puwhStAjyZqIKM4fm1HoPeP333qLi5bYn8RS98wNix2JV6QxNrXRizOwRRGrLbi88ygIngm_1k8YzCOusXD8w1y8dfTPAEAAA%3d%3d:220:1)
    at f (https://d1hjvew1n9ss7u.cloudfront.net/assets/shjs.js?t=639255987001545277:0:10382)
    at fireWith (https://d1hjvew1n9ss7u.cloudfront.net/assets/shjs.js?t=639255987001545277:0:11137)
    at ready (https://d1hjvew1n9ss7u.cloudfront.net/assets/shjs.js?t=639255987001545277:0:5238)
    at r (https://d1hjvew1n9ss7u.cloudfront.net/assets/shjs.js?t=639255987001545277:0:9748)
[  515165ms] [VERBOSE] [DOM] Input elements should have autocomplete attributes (suggested: "current-password"): (More info: https://goo.gl/9p2vKq) %o @ https://www.lolacosmetics.com.br/loira-de-farmacia-mascara-100g-ps-19629-311-p46367:0
[  515165ms] [VERBOSE] [DOM] Input elements should have autocomplete attributes (suggested: "current-password"): (More info: https://goo.gl/9p2vKq) %o @ https://www.lolacosmetics.com.br/loira-de-farmacia-mascara-100g-ps-19629-311-p46367:0
[  515270ms] [ERROR] Failed to load resource: net::ERR_NAME_NOT_RESOLVED @ https://event.getblue.io/js/blue-tag.min.js:0
[  515341ms] [LOG] AffiseStorage availability: {cookie: true, localStorage: true, sessionStorage: true} @ https://rankmediabrasil.g2afse.com/websdk.js:0
[  515342ms] [LOG] Status RNK Media - ClickId: null UTM: null @ :3
[  515361ms] [ERROR] Failed to load resource: the server responded with a status of 404 () @ https://d1hjvew1n9ss7u.cloudfront.net/Custom/Content/Themes/Lola/Agrada/CSS/ajax-loader.gif:0
[  515385ms] [WARNING] [Meta Pixel] - Invalid parameter format for currency. Please refer https://developers.facebook.com/docs/meta-pixel/reference/ for valid parameter specifications. @ https://connect.facebook.net/en_US/fbevents.js:203
[  515711ms] Uncaught TypeError: Cannot read properties of undefined (reading 'replace')
    at validaFreteGratis (https://d1hjvew1n9ss7u.cloudfront.net/asset.axd?id=PAEAAB-LCAAAAAAAAAOtj0EPwUAQhf-KzLnsKqu64iBu4oSbOKzt0G2qKztTkQi_3abi6Ob43vfem8wDLIMGxjuLytwM2eCuPOvZ0gRCnrd86k8hgSaGNr5llFE40CdTEyZQXKP_EtuuRREhaA5tJLcIJqM8VSqfZlIO1VilWRYT9puwhStAjyZqIKM4fm1HoPeP333qLi5bYn8RS98wNix2JV6QxNrXRizOwRRGrLbi88ygIngm_1k8YzCOusXD8w1y8dfTPAEAAA%3d%3d:1:7633)
    at <anonymous> (https://d1hjvew1n9ss7u.cloudfront.net/asset.axd?id=PAEAAB-LCAAAAAAAAAOtj0EPwUAQhf-KzLnsKqu64iBu4oSbOKzt0G2qKztTkQi_3abi6Ob43vfem8wDLIMGxjuLytwM2eCuPOvZ0gRCnrd86k8hgSaGNr5llFE40CdTEyZQXKP_EtuuRREhaA5tJLcIJqM8VSqfZlIO1VilWRYT9puwhStAjyZqIKM4fm1HoPeP333qLi5bYn8RS98wNix2JV6QxNrXRizOwRRGrLbi88ygIngm_1k8YzCOusXD8w1y8dfTPAEAAA%3d%3d:1:49808)
    at dispatch (https://d1hjvew1n9ss7u.cloudfront.net/assets/shjs.js?t=639255987001545277:0:32701)
    at a (https://d1hjvew1n9ss7u.cloudfront.net/assets/shjs.js?t=639255987001545277:0:28480)
[  515709ms] [LOG] Banner não encontrado: banner-232 @ https://d1hjvew1n9ss7u.cloudfront.net/asset.axd?id=PAEAAB-LCAAAAAAAAAOtj0EPwUAQhf-KzLnsKqu64iBu4oSbOKzt0G2qKztTkQi_3abi6Ob43vfem8wDLIMGxjuLytwM2eCuPOvZ0gRCnrd86k8hgSaGNr5llFE40CdTEyZQXKP_EtuuRREhaA5tJLcIJqM8VSqfZlIO1VilWRYT9puwhStAjyZqIKM4fm1HoPeP333qLi5bYn8RS98wNix2JV6QxNrXRizOwRRGrLbi88ygIngm_1k8YzCOusXD8w1y8dfTPAEAAA%3d%3d:754
[  515748ms] [LOG] %c Widde Video Commerce %c v24604ee %c Build: 21/09/2026 20:39 %c border: 1px solid #2567f8; background: #2567f8; color: #fff; font-weight: bold; padding: 4px 8px; border-radius: 3px 0 0 0; border: 1px solid #2567f8; border-left: none; background: #FFF; color: #2567f8; font-weight: bold; padding: 4px 8px; border: 1px solid #2567f8; border-left: none; background: #f0f0f0; color: #333; font-weight: bold; padding: 4px 8px; border-radius: 0 3px 3px 0; background: transparent @ https://cdn.widde.io/assets/main.utzwjalemu.js:0
[  515972ms] [LOG] %c Tryon Widde.io %c %s %c border: 1px solid #2567f8; background: #2567f8; color: #fff; font-weight: bold; padding: 4px 8px; border-radius: 3px 0 0 3px; border: 1px solid #2567f8; background: #FFF; color: #2567f8; font-weight: bold; padding: 4px 8px; border-radius: 0 3px 3px 0; 47bf7c2 background: transparent @ https://cdn-tryon.widde.io/widde-tryon.js:86
[  516018ms] [LOG] [tryon-tracker] initialized {domain: www.lolacosmetics.com.br} @ https://cdn-tryon.widde.io/widde-tryon.js:8
[  522086ms] [WARNING] Error with Feature-Policy header: Some features are specified in both Feature-Policy and Permissions-Policy header: payment, fullscreen, microphone, camera. Values defined in Permissions-Policy header will be used. @ :0
[  522481ms] [ERROR] Failed to load resource: the server responded with a status of 500 () @ https://fonts.cdnfonts.com/css/leelawade:0
[  522762ms] [ERROR] Failed to load resource: the server responded with a status of 404 () @ https://lolacosmetics.admin.linxcommerce.com.br/Custom/Content/Themes/Lola/Styles/Fonts/FontAwesome/all.css:0
[  522774ms] [LOG] Trustvox rating | PDP: 46269 tipo: 3 @ https://www.lolacosmetics.com.br/lolabook-basicao-ps-19629-280-p46269:1
[  522774ms] [LOG] Trustvox rating | ID final usado = 46269 @ https://www.lolacosmetics.com.br/lolabook-basicao-ps-19629-280-p46269:1
[  522789ms] [LOG] Trustvox PDP | product: 46269 | type: 3 | usedId: 46269 @ https://www.lolacosmetics.com.br/lolabook-basicao-ps-19629-280-p46269:1
[  522849ms] [LOG] Banner não encontrado: banner-232 @ https://d1hjvew1n9ss7u.cloudfront.net/asset.axd?id=PAEAAB-LCAAAAAAAAAOtj0EPwUAQhf-KzLnsKqu64iBu4oSbOKzt0G2qKztTkQi_3abi6Ob43vfem8wDLIMGxjuLytwM2eCuPOvZ0gRCnrd86k8hgSaGNr5llFE40CdTEyZQXKP_EtuuRREhaA5tJLcIJqM8VSqfZlIO1VilWRYT9puwhStAjyZqIKM4fm1HoPeP333qLi5bYn8RS98wNix2JV6QxNrXRizOwRRGrLbi88ygIngm_1k8YzCOusXD8w1y8dfTPAEAAA%3d%3d:754
[  522851ms] [LOG] [Debug Carrinho] Polling ativo @ https://d1hjvew1n9ss7u.cloudfront.net/asset.axd?id=PAEAAB-LCAAAAAAAAAOtj0EPwUAQhf-KzLnsKqu64iBu4oSbOKzt0G2qKztTkQi_3abi6Ob43vfem8wDLIMGxjuLytwM2eCuPOvZ0gRCnrd86k8hgSaGNr5llFE40CdTEyZQXKP_EtuuRREhaA5tJLcIJqM8VSqfZlIO1VilWRYT9puwhStAjyZqIKM4fm1HoPeP333qLi5bYn8RS98wNix2JV6QxNrXRizOwRRGrLbi88ygIngm_1k8YzCOusXD8w1y8dfTPAEAAA%3d%3d:1790
[  522903ms] [LOG] add @ https://d1hjvew1n9ss7u.cloudfront.net/asset.axd?id=PAEAAB-LCAAAAAAAAAOtj0EPwUAQhf-KzLnsKqu64iBu4oSbOKzt0G2qKztTkQi_3abi6Ob43vfem8wDLIMGxjuLytwM2eCuPOvZ0gRCnrd86k8hgSaGNr5llFE40CdTEyZQXKP_EtuuRREhaA5tJLcIJqM8VSqfZlIO1VilWRYT9puwhStAjyZqIKM4fm1HoPeP333qLi5bYn8RS98wNix2JV6QxNrXRizOwRRGrLbi88ygIngm_1k8YzCOusXD8w1y8dfTPAEAAA%3d%3d:1
[  522904ms] [WARNING] !! Há erros de scripts de terceiros !!
Por favor, contate a Empresa responsável pelo script.  @ https://d1hjvew1n9ss7u.cloudfront.net/assets/shjs.js?t=639255987001545277:0
[  522905ms] Uncaught Error: You must pass a string or Handlebars AST to Handlebars.compile. You passed null
    at e.compile (https://d1hjvew1n9ss7u.cloudfront.net/asset.axd?id=PAEAAB-LCAAAAAAAAAOtj0EPwUAQhf-KzLnsKqu64iBu4oSbOKzt0G2qKztTkQi_3abi6Ob43vfem8wDLIMGxjuLytwM2eCuPOvZ0gRCnrd86k8hgSaGNr5llFE40CdTEyZQXKP_EtuuRREhaA5tJLcIJqM8VSqfZlIO1VilWRYT9puwhStAjyZqIKM4fm1HoPeP333qLi5bYn8RS98wNix2JV6QxNrXRizOwRRGrLbi88ygIngm_1k8YzCOusXD8w1y8dfTPAEAAA%3d%3d:1794:49302)
    at i.compile (https://d1hjvew1n9ss7u.cloudfront.net/asset.axd?id=PAEAAB-LCAAAAAAAAAOtj0EPwUAQhf-KzLnsKqu64iBu4oSbOKzt0G2qKztTkQi_3abi6Ob43vfem8wDLIMGxjuLytwM2eCuPOvZ0gRCnrd86k8hgSaGNr5llFE40CdTEyZQXKP_EtuuRREhaA5tJLcIJqM8VSqfZlIO1VilWRYT9puwhStAjyZqIKM4fm1HoPeP333qLi5bYn8RS98wNix2JV6QxNrXRizOwRRGrLbi88ygIngm_1k8YzCOusXD8w1y8dfTPAEAAA%3d%3d:1794:343)
    at renderBasket (https://d1hjvew1n9ss7u.cloudfront.net/asset.axd?id=PAEAAB-LCAAAAAAAAAOtj0EPwUAQhf-KzLnsKqu64iBu4oSbOKzt0G2qKztTkQi_3abi6Ob43vfem8wDLIMGxjuLytwM2eCuPOvZ0gRCnrd86k8hgSaGNr5llFE40CdTEyZQXKP_EtuuRREhaA5tJLcIJqM8VSqfZlIO1VilWRYT9puwhStAjyZqIKM4fm1HoPeP333qLi5bYn8RS98wNix2JV6QxNrXRizOwRRGrLbi88ygIngm_1k8YzCOusXD8w1y8dfTPAEAAA%3d%3d:29:27)
    at <anonymous> (https://d1hjvew1n9ss7u.cloudfront.net/asset.axd?id=PAEAAB-LCAAAAAAAAAOtj0EPwUAQhf-KzLnsKqu64iBu4oSbOKzt0G2qKztTkQi_3abi6Ob43vfem8wDLIMGxjuLytwM2eCuPOvZ0gRCnrd86k8hgSaGNr5llFE40CdTEyZQXKP_EtuuRREhaA5tJLcIJqM8VSqfZlIO1VilWRYT9puwhStAjyZqIKM4fm1HoPeP333qLi5bYn8RS98wNix2JV6QxNrXRizOwRRGrLbi88ygIngm_1k8YzCOusXD8w1y8dfTPAEAAA%3d%3d:220:1)
    at f (https://d1hjvew1n9ss7u.cloudfront.net/assets/shjs.js?t=639255987001545277:0:10382)
    at fireWith (https://d1hjvew1n9ss7u.cloudfront.net/assets/shjs.js?t=639255987001545277:0:11137)
    at ready (https://d1hjvew1n9ss7u.cloudfront.net/assets/shjs.js?t=639255987001545277:0:5238)
    at r (https://d1hjvew1n9ss7u.cloudfront.net/assets/shjs.js?t=639255987001545277:0:9748)
[  522906ms] [VERBOSE] [DOM] Input elements should have autocomplete attributes (suggested: "current-password"): (More info: https://goo.gl/9p2vKq) %o @ https://www.lolacosmetics.com.br/lolabook-basicao-ps-19629-280-p46269:0
[  522906ms] [VERBOSE] [DOM] Input elements should have autocomplete attributes (suggested: "current-password"): (More info: https://goo.gl/9p2vKq) %o @ https://www.lolacosmetics.com.br/lolabook-basicao-ps-19629-280-p46269:0
[  523006ms] [ERROR] Failed to load resource: net::ERR_NAME_NOT_RESOLVED @ https://event.getblue.io/js/blue-tag.min.js:0
[  523075ms] [LOG] AffiseStorage availability: {cookie: true, localStorage: true, sessionStorage: true} @ https://rankmediabrasil.g2afse.com/websdk.js:0
[  523076ms] [LOG] Status RNK Media - ClickId: null UTM: null @ :3
[  523115ms] [WARNING] [Meta Pixel] - Invalid parameter format for currency. Please refer https://developers.facebook.com/docs/meta-pixel/reference/ for valid parameter specifications. @ https://connect.facebook.net/en_US/fbevents.js:203
[  523128ms] [ERROR] Failed to load resource: the server responded with a status of 404 () @ https://d1hjvew1n9ss7u.cloudfront.net/Custom/Content/Themes/Lola/Agrada/CSS/ajax-loader.gif:0
[  523429ms] Uncaught TypeError: Cannot read properties of undefined (reading 'replace')
    at validaFreteGratis (https://d1hjvew1n9ss7u.cloudfront.net/asset.axd?id=PAEAAB-LCAAAAAAAAAOtj0EPwUAQhf-KzLnsKqu64iBu4oSbOKzt0G2qKztTkQi_3abi6Ob43vfem8wDLIMGxjuLytwM2eCuPOvZ0gRCnrd86k8hgSaGNr5llFE40CdTEyZQXKP_EtuuRREhaA5tJLcIJqM8VSqfZlIO1VilWRYT9puwhStAjyZqIKM4fm1HoPeP333qLi5bYn8RS98wNix2JV6QxNrXRizOwRRGrLbi88ygIngm_1k8YzCOusXD8w1y8dfTPAEAAA%3d%3d:1:7633)
    at <anonymous> (https://d1hjvew1n9ss7u.cloudfront.net/asset.axd?id=PAEAAB-LCAAAAAAAAAOtj0EPwUAQhf-KzLnsKqu64iBu4oSbOKzt0G2qKztTkQi_3abi6Ob43vfem8wDLIMGxjuLytwM2eCuPOvZ0gRCnrd86k8hgSaGNr5llFE40CdTEyZQXKP_EtuuRREhaA5tJLcIJqM8VSqfZlIO1VilWRYT9puwhStAjyZqIKM4fm1HoPeP333qLi5bYn8RS98wNix2JV6QxNrXRizOwRRGrLbi88ygIngm_1k8YzCOusXD8w1y8dfTPAEAAA%3d%3d:1:49808)
    at dispatch (https://d1hjvew1n9ss7u.cloudfront.net/assets/shjs.js?t=639255987001545277:0:32701)
    at a (https://d1hjvew1n9ss7u.cloudfront.net/assets/shjs.js?t=639255987001545277:0:28480)
[  523423ms] [LOG] Banner não encontrado: banner-232 @ https://d1hjvew1n9ss7u.cloudfront.net/asset.axd?id=PAEAAB-LCAAAAAAAAAOtj0EPwUAQhf-KzLnsKqu64iBu4oSbOKzt0G2qKztTkQi_3abi6Ob43vfem8wDLIMGxjuLytwM2eCuPOvZ0gRCnrd86k8hgSaGNr5llFE40CdTEyZQXKP_EtuuRREhaA5tJLcIJqM8VSqfZlIO1VilWRYT9puwhStAjyZqIKM4fm1HoPeP333qLi5bYn8RS98wNix2JV6QxNrXRizOwRRGrLbi88ygIngm_1k8YzCOusXD8w1y8dfTPAEAAA%3d%3d:754
[  523454ms] [LOG] %c Widde Video Commerce %c v24604ee %c Build: 21/09/2026 20:39 %c border: 1px solid #2567f8; background: #2567f8; color: #fff; font-weight: bold; padding: 4px 8px; border-radius: 3px 0 0 0; border: 1px solid #2567f8; border-left: none; background: #FFF; color: #2567f8; font-weight: bold; padding: 4px 8px; border: 1px solid #2567f8; border-left: none; background: #f0f0f0; color: #333; font-weight: bold; padding: 4px 8px; border-radius: 0 3px 3px 0; background: transparent @ https://cdn.widde.io/assets/main.utzwjalemu.js:0
[  523627ms] Uncaught (in promise) TypeError: Cannot read properties of null (reading 'store_id')
    at loadAnswersSummaries (https://static.trustvox.com.br/sincero/sincero.js:0:378910)
    at <anonymous> (https://static.trustvox.com.br/sincero/sincero.js:0:104392)
    at r.dispatch (https://static.trustvox.com.br/sincero/sincero.js:0:106041)
    at dispatch (https://static.trustvox.com.br/sincero/sincero.js:0:102087)
    at <anonymous> (https://static.trustvox.com.br/sincero/sincero.js:0:365471)
[  523628ms] Uncaught (in promise) TypeError: Cannot read properties of null (reading 'store_id')
    at loadProfiles (https://static.trustvox.com.br/sincero/sincero.js:0:376806)
    at <anonymous> (https://static.trustvox.com.br/sincero/sincero.js:0:104392)
    at r.dispatch (https://static.trustvox.com.br/sincero/sincero.js:0:106041)
    at dispatch (https://static.trustvox.com.br/sincero/sincero.js:0:102087)
    at t.context.a.dispatch (https://static.trustvox.com.br/sincero/sincero.js:0:103635)
    at <anonymous> (https://static.trustvox.com.br/sincero/sincero.js:0:376597)
[  523761ms] [LOG] %c Tryon Widde.io %c %s %c border: 1px solid #2567f8; background: #2567f8; color: #fff; font-weight: bold; padding: 4px 8px; border-radius: 3px 0 0 3px; border: 1px solid #2567f8; background: #FFF; color: #2567f8; font-weight: bold; padding: 4px 8px; border-radius: 0 3px 3px 0; 47bf7c2 background: transparent @ https://cdn-tryon.widde.io/widde-tryon.js:86
[  523789ms] [LOG] [tryon-tracker] initialized {domain: www.lolacosmetics.com.br} @ https://cdn-tryon.widde.io/widde-tryon.js:8
[  529897ms] [WARNING] Error with Feature-Policy header: Some features are specified in both Feature-Policy and Permissions-Policy header: payment, fullscreen, microphone, camera. Values defined in Permissions-Policy header will be used. @ :0
[  530268ms] [ERROR] Failed to load resource: the server responded with a status of 500 () @ https://fonts.cdnfonts.com/css/leelawade:0
[  530695ms] [ERROR] Failed to load resource: the server responded with a status of 404 () @ https://lolacosmetics.admin.linxcommerce.com.br/Custom/Content/Themes/Lola/Styles/Fonts/FontAwesome/all.css:0
[  530701ms] [LOG] Trustvox rating | PDP: 45984 tipo: 3 @ https://www.lolacosmetics.com.br/lolabook-papo-reto-ps-19629-224-p45984:1
[  530702ms] [LOG] Trustvox rating | ID final usado = 45984 @ https://www.lolacosmetics.com.br/lolabook-papo-reto-ps-19629-224-p45984:1
[  530702ms] [LOG] Trustvox PDP | product: 45984 | type: 3 | usedId: 45984 @ https://www.lolacosmetics.com.br/lolabook-papo-reto-ps-19629-224-p45984:1
[  530749ms] [LOG] Banner não encontrado: banner-232 @ https://d1hjvew1n9ss7u.cloudfront.net/asset.axd?id=PAEAAB-LCAAAAAAAAAOtj0EPwUAQhf-KzLnsKqu64iBu4oSbOKzt0G2qKztTkQi_3abi6Ob43vfem8wDLIMGxjuLytwM2eCuPOvZ0gRCnrd86k8hgSaGNr5llFE40CdTEyZQXKP_EtuuRREhaA5tJLcIJqM8VSqfZlIO1VilWRYT9puwhStAjyZqIKM4fm1HoPeP333qLi5bYn8RS98wNix2JV6QxNrXRizOwRRGrLbi88ygIngm_1k8YzCOusXD8w1y8dfTPAEAAA%3d%3d:754
[  530751ms] [LOG] [Debug Carrinho] Polling ativo @ https://d1hjvew1n9ss7u.cloudfront.net/asset.axd?id=PAEAAB-LCAAAAAAAAAOtj0EPwUAQhf-KzLnsKqu64iBu4oSbOKzt0G2qKztTkQi_3abi6Ob43vfem8wDLIMGxjuLytwM2eCuPOvZ0gRCnrd86k8hgSaGNr5llFE40CdTEyZQXKP_EtuuRREhaA5tJLcIJqM8VSqfZlIO1VilWRYT9puwhStAjyZqIKM4fm1HoPeP333qLi5bYn8RS98wNix2JV6QxNrXRizOwRRGrLbi88ygIngm_1k8YzCOusXD8w1y8dfTPAEAAA%3d%3d:1790
[  530807ms] [LOG] add @ https://d1hjvew1n9ss7u.cloudfront.net/asset.axd?id=PAEAAB-LCAAAAAAAAAOtj0EPwUAQhf-KzLnsKqu64iBu4oSbOKzt0G2qKztTkQi_3abi6Ob43vfem8wDLIMGxjuLytwM2eCuPOvZ0gRCnrd86k8hgSaGNr5llFE40CdTEyZQXKP_EtuuRREhaA5tJLcIJqM8VSqfZlIO1VilWRYT9puwhStAjyZqIKM4fm1HoPeP333qLi5bYn8RS98wNix2JV6QxNrXRizOwRRGrLbi88ygIngm_1k8YzCOusXD8w1y8dfTPAEAAA%3d%3d:1
[  530808ms] [WARNING] !! Há erros de scripts de terceiros !!
Por favor, contate a Empresa responsável pelo script.  @ https://d1hjvew1n9ss7u.cloudfront.net/assets/shjs.js?t=639255987001545277:0
[  530809ms] Uncaught Error: You must pass a string or Handlebars AST to Handlebars.compile. You passed null
    at e.compile (https://d1hjvew1n9ss7u.cloudfront.net/asset.axd?id=PAEAAB-LCAAAAAAAAAOtj0EPwUAQhf-KzLnsKqu64iBu4oSbOKzt0G2qKztTkQi_3abi6Ob43vfem8wDLIMGxjuLytwM2eCuPOvZ0gRCnrd86k8hgSaGNr5llFE40CdTEyZQXKP_EtuuRREhaA5tJLcIJqM8VSqfZlIO1VilWRYT9puwhStAjyZqIKM4fm1HoPeP333qLi5bYn8RS98wNix2JV6QxNrXRizOwRRGrLbi88ygIngm_1k8YzCOusXD8w1y8dfTPAEAAA%3d%3d:1794:49302)
    at i.compile (https://d1hjvew1n9ss7u.cloudfront.net/asset.axd?id=PAEAAB-LCAAAAAAAAAOtj0EPwUAQhf-KzLnsKqu64iBu4oSbOKzt0G2qKztTkQi_3abi6Ob43vfem8wDLIMGxjuLytwM2eCuPOvZ0gRCnrd86k8hgSaGNr5llFE40CdTEyZQXKP_EtuuRREhaA5tJLcIJqM8VSqfZlIO1VilWRYT9puwhStAjyZqIKM4fm1HoPeP333qLi5bYn8RS98wNix2JV6QxNrXRizOwRRGrLbi88ygIngm_1k8YzCOusXD8w1y8dfTPAEAAA%3d%3d:1794:343)
    at renderBasket (https://d1hjvew1n9ss7u.cloudfront.net/asset.axd?id=PAEAAB-LCAAAAAAAAAOtj0EPwUAQhf-KzLnsKqu64iBu4oSbOKzt0G2qKztTkQi_3abi6Ob43vfem8wDLIMGxjuLytwM2eCuPOvZ0gRCnrd86k8hgSaGNr5llFE40CdTEyZQXKP_EtuuRREhaA5tJLcIJqM8VSqfZlIO1VilWRYT9puwhStAjyZqIKM4fm1HoPeP333qLi5bYn8RS98wNix2JV6QxNrXRizOwRRGrLbi88ygIngm_1k8YzCOusXD8w1y8dfTPAEAAA%3d%3d:29:27)
    at <anonymous> (https://d1hjvew1n9ss7u.cloudfront.net/asset.axd?id=PAEAAB-LCAAAAAAAAAOtj0EPwUAQhf-KzLnsKqu64iBu4oSbOKzt0G2qKztTkQi_3abi6Ob43vfem8wDLIMGxjuLytwM2eCuPOvZ0gRCnrd86k8hgSaGNr5llFE40CdTEyZQXKP_EtuuRREhaA5tJLcIJqM8VSqfZlIO1VilWRYT9puwhStAjyZqIKM4fm1HoPeP333qLi5bYn8RS98wNix2JV6QxNrXRizOwRRGrLbi88ygIngm_1k8YzCOusXD8w1y8dfTPAEAAA%3d%3d:220:1)
    at f (https://d1hjvew1n9ss7u.cloudfront.net/assets/shjs.js?t=639255987001545277:0:10382)
    at fireWith (https://d1hjvew1n9ss7u.cloudfront.net/assets/shjs.js?t=639255987001545277:0:11137)
    at ready (https://d1hjvew1n9ss7u.cloudfront.net/assets/shjs.js?t=639255987001545277:0:5238)
    at r (https://d1hjvew1n9ss7u.cloudfront.net/assets/shjs.js?t=639255987001545277:0:9748)
[  530811ms] [VERBOSE] [DOM] Input elements should have autocomplete attributes (suggested: "current-password"): (More info: https://goo.gl/9p2vKq) %o @ https://www.lolacosmetics.com.br/lolabook-papo-reto-ps-19629-224-p45984:0
[  530811ms] [VERBOSE] [DOM] Input elements should have autocomplete attributes (suggested: "current-password"): (More info: https://goo.gl/9p2vKq) %o @ https://www.lolacosmetics.com.br/lolabook-papo-reto-ps-19629-224-p45984:0
[  530901ms] [ERROR] Failed to load resource: the server responded with a status of 404 () @ https://d1hjvew1n9ss7u.cloudfront.net/Custom/Content:0
[  530905ms] [ERROR] Failed to load resource: net::ERR_NAME_NOT_RESOLVED @ https://event.getblue.io/js/blue-tag.min.js:0
[  530973ms] [LOG] AffiseStorage availability: {cookie: true, localStorage: true, sessionStorage: true} @ https://rankmediabrasil.g2afse.com/websdk.js:0
[  530973ms] [LOG] Status RNK Media - ClickId: null UTM: null @ :3
[  530974ms] [ERROR] Failed to load resource: the server responded with a status of 404 () @ https://d1hjvew1n9ss7u.cloudfront.net/Custom/Content/Themes/Lola/Agrada/CSS/ajax-loader.gif:0
[  530990ms] [WARNING] [Meta Pixel] - Invalid parameter format for currency. Please refer https://developers.facebook.com/docs/meta-pixel/reference/ for valid parameter specifications. @ https://connect.facebook.net/en_US/fbevents.js:203
[  531268ms] Uncaught TypeError: Cannot read properties of undefined (reading 'replace')
    at validaFreteGratis (https://d1hjvew1n9ss7u.cloudfront.net/asset.axd?id=PAEAAB-LCAAAAAAAAAOtj0EPwUAQhf-KzLnsKqu64iBu4oSbOKzt0G2qKztTkQi_3abi6Ob43vfem8wDLIMGxjuLytwM2eCuPOvZ0gRCnrd86k8hgSaGNr5llFE40CdTEyZQXKP_EtuuRREhaA5tJLcIJqM8VSqfZlIO1VilWRYT9puwhStAjyZqIKM4fm1HoPeP333qLi5bYn8RS98wNix2JV6QxNrXRizOwRRGrLbi88ygIngm_1k8YzCOusXD8w1y8dfTPAEAAA%3d%3d:1:7633)
    at <anonymous> (https://d1hjvew1n9ss7u.cloudfront.net/asset.axd?id=PAEAAB-LCAAAAAAAAAOtj0EPwUAQhf-KzLnsKqu64iBu4oSbOKzt0G2qKztTkQi_3abi6Ob43vfem8wDLIMGxjuLytwM2eCuPOvZ0gRCnrd86k8hgSaGNr5llFE40CdTEyZQXKP_EtuuRREhaA5tJLcIJqM8VSqfZlIO1VilWRYT9puwhStAjyZqIKM4fm1HoPeP333qLi5bYn8RS98wNix2JV6QxNrXRizOwRRGrLbi88ygIngm_1k8YzCOusXD8w1y8dfTPAEAAA%3d%3d:1:49808)
    at dispatch (https://d1hjvew1n9ss7u.cloudfront.net/assets/shjs.js?t=639255987001545277:0:32701)
    at a (https://d1hjvew1n9ss7u.cloudfront.net/assets/shjs.js?t=639255987001545277:0:28480)
[  531266ms] [LOG] Banner não encontrado: banner-232 @ https://d1hjvew1n9ss7u.cloudfront.net/asset.axd?id=PAEAAB-LCAAAAAAAAAOtj0EPwUAQhf-KzLnsKqu64iBu4oSbOKzt0G2qKztTkQi_3abi6Ob43vfem8wDLIMGxjuLytwM2eCuPOvZ0gRCnrd86k8hgSaGNr5llFE40CdTEyZQXKP_EtuuRREhaA5tJLcIJqM8VSqfZlIO1VilWRYT9puwhStAjyZqIKM4fm1HoPeP333qLi5bYn8RS98wNix2JV6QxNrXRizOwRRGrLbi88ygIngm_1k8YzCOusXD8w1y8dfTPAEAAA%3d%3d:754
[  531296ms] [LOG] %c Widde Video Commerce %c v24604ee %c Build: 21/09/2026 20:39 %c border: 1px solid #2567f8; background: #2567f8; color: #fff; font-weight: bold; padding: 4px 8px; border-radius: 3px 0 0 0; border: 1px solid #2567f8; border-left: none; background: #FFF; color: #2567f8; font-weight: bold; padding: 4px 8px; border: 1px solid #2567f8; border-left: none; background: #f0f0f0; color: #333; font-weight: bold; padding: 4px 8px; border-radius: 0 3px 3px 0; background: transparent @ https://cdn.widde.io/assets/main.utzwjalemu.js:0
[  531463ms] Uncaught (in promise) TypeError: Cannot read properties of null (reading 'store_id')
    at loadProduct (https://static.trustvox.com.br/sincero/sincero.js:0:364742)
    at <anonymous> (https://static.trustvox.com.br/sincero/sincero.js:0:104392)
    at r.dispatch (https://static.trustvox.com.br/sincero/sincero.js:0:106041)
    at dispatch (https://static.trustvox.com.br/sincero/sincero.js:0:102087)
    at t.context.a.dispatch (https://static.trustvox.com.br/sincero/sincero.js:0:103635)
    at loadProfiles (https://static.trustvox.com.br/sincero/sincero.js:0:376970)
    at <anonymous> (https://static.trustvox.com.br/sincero/sincero.js:0:104392)
    at r.dispatch (https://static.trustvox.com.br/sincero/sincero.js:0:106041)
    at dispatch (https://static.trustvox.com.br/sincero/sincero.js:0:102087)
    at t.context.a.dispatch (https://static.trustvox.com.br/sincero/sincero.js:0:103635)
    at <anonymous> (https://static.trustvox.com.br/sincero/sincero.js:0:376597)
[  531464ms] Uncaught (in promise) TypeError: Cannot read properties of null (reading 'store_id')
    at loadAnswersSummaries (https://static.trustvox.com.br/sincero/sincero.js:0:378910)
    at <anonymous> (https://static.trustvox.com.br/sincero/sincero.js:0:104392)
    at r.dispatch (https://static.trustvox.com.br/sincero/sincero.js:0:106041)
    at dispatch (https://static.trustvox.com.br/sincero/sincero.js:0:102087)
    at <anonymous> (https://static.trustvox.com.br/sincero/sincero.js:0:365471)
[  531568ms] [LOG] %c Tryon Widde.io %c %s %c border: 1px solid #2567f8; background: #2567f8; color: #fff; font-weight: bold; padding: 4px 8px; border-radius: 3px 0 0 3px; border: 1px solid #2567f8; background: #FFF; color: #2567f8; font-weight: bold; padding: 4px 8px; border-radius: 0 3px 3px 0; 47bf7c2 background: transparent @ https://cdn-tryon.widde.io/widde-tryon.js:86
[  531590ms] [LOG] [tryon-tracker] initialized {domain: www.lolacosmetics.com.br} @ https://cdn-tryon.widde.io/widde-tryon.js:8
[  537550ms] [WARNING] Error with Feature-Policy header: Some features are specified in both Feature-Policy and Permissions-Policy header: payment, fullscreen, microphone, camera. Values defined in Permissions-Policy header will be used. @ :0
[  538092ms] [ERROR] Failed to load resource: the server responded with a status of 500 () @ https://fonts.cdnfonts.com/css/leelawade:0
[  538515ms] [ERROR] Failed to load resource: the server responded with a status of 404 () @ https://lolacosmetics.admin.linxcommerce.com.br/Custom/Content/Themes/Lola/Styles/Fonts/FontAwesome/all.css:0
[  538527ms] [LOG] Trustvox rating | PDP: 45542 tipo: 3 @ https://www.lolacosmetics.com.br/meu-cacho-minha-vida-condicionador-500g-ps-19629-21-p45542:15
[  538527ms] [LOG] Trustvox rating | ID final usado = 45542 @ https://www.lolacosmetics.com.br/meu-cacho-minha-vida-condicionador-500g-ps-19629-21-p45542:15
[  538548ms] [LOG] Trustvox PDP | product: 45542 | type: 3 | usedId: 45542 @ https://www.lolacosmetics.com.br/meu-cacho-minha-vida-condicionador-500g-ps-19629-21-p45542:42
[  538615ms] [LOG] Banner não encontrado: banner-232 @ https://d1hjvew1n9ss7u.cloudfront.net/asset.axd?id=PAEAAB-LCAAAAAAAAAOtj0EPwUAQhf-KzLnsKqu64iBu4oSbOKzt0G2qKztTkQi_3abi6Ob43vfem8wDLIMGxjuLytwM2eCuPOvZ0gRCnrd86k8hgSaGNr5llFE40CdTEyZQXKP_EtuuRREhaA5tJLcIJqM8VSqfZlIO1VilWRYT9puwhStAjyZqIKM4fm1HoPeP333qLi5bYn8RS98wNix2JV6QxNrXRizOwRRGrLbi88ygIngm_1k8YzCOusXD8w1y8dfTPAEAAA%3d%3d:754
[  538616ms] [LOG] [Debug Carrinho] Polling ativo @ https://d1hjvew1n9ss7u.cloudfront.net/asset.axd?id=PAEAAB-LCAAAAAAAAAOtj0EPwUAQhf-KzLnsKqu64iBu4oSbOKzt0G2qKztTkQi_3abi6Ob43vfem8wDLIMGxjuLytwM2eCuPOvZ0gRCnrd86k8hgSaGNr5llFE40CdTEyZQXKP_EtuuRREhaA5tJLcIJqM8VSqfZlIO1VilWRYT9puwhStAjyZqIKM4fm1HoPeP333qLi5bYn8RS98wNix2JV6QxNrXRizOwRRGrLbi88ygIngm_1k8YzCOusXD8w1y8dfTPAEAAA%3d%3d:1790
[  538661ms] [LOG] add @ https://d1hjvew1n9ss7u.cloudfront.net/asset.axd?id=PAEAAB-LCAAAAAAAAAOtj0EPwUAQhf-KzLnsKqu64iBu4oSbOKzt0G2qKztTkQi_3abi6Ob43vfem8wDLIMGxjuLytwM2eCuPOvZ0gRCnrd86k8hgSaGNr5llFE40CdTEyZQXKP_EtuuRREhaA5tJLcIJqM8VSqfZlIO1VilWRYT9puwhStAjyZqIKM4fm1HoPeP333qLi5bYn8RS98wNix2JV6QxNrXRizOwRRGrLbi88ygIngm_1k8YzCOusXD8w1y8dfTPAEAAA%3d%3d:1
[  538662ms] [WARNING] !! Há erros de scripts de terceiros !!
Por favor, contate a Empresa responsável pelo script.  @ https://d1hjvew1n9ss7u.cloudfront.net/assets/shjs.js?t=639255987001545277:0
[  538663ms] Uncaught Error: You must pass a string or Handlebars AST to Handlebars.compile. You passed null
    at e.compile (https://d1hjvew1n9ss7u.cloudfront.net/asset.axd?id=PAEAAB-LCAAAAAAAAAOtj0EPwUAQhf-KzLnsKqu64iBu4oSbOKzt0G2qKztTkQi_3abi6Ob43vfem8wDLIMGxjuLytwM2eCuPOvZ0gRCnrd86k8hgSaGNr5llFE40CdTEyZQXKP_EtuuRREhaA5tJLcIJqM8VSqfZlIO1VilWRYT9puwhStAjyZqIKM4fm1HoPeP333qLi5bYn8RS98wNix2JV6QxNrXRizOwRRGrLbi88ygIngm_1k8YzCOusXD8w1y8dfTPAEAAA%3d%3d:1794:49302)
    at i.compile (https://d1hjvew1n9ss7u.cloudfront.net/asset.axd?id=PAEAAB-LCAAAAAAAAAOtj0EPwUAQhf-KzLnsKqu64iBu4oSbOKzt0G2qKztTkQi_3abi6Ob43vfem8wDLIMGxjuLytwM2eCuPOvZ0gRCnrd86k8hgSaGNr5llFE40CdTEyZQXKP_EtuuRREhaA5tJLcIJqM8VSqfZlIO1VilWRYT9puwhStAjyZqIKM4fm1HoPeP333qLi5bYn8RS98wNix2JV6QxNrXRizOwRRGrLbi88ygIngm_1k8YzCOusXD8w1y8dfTPAEAAA%3d%3d:1794:343)
    at renderBasket (https://d1hjvew1n9ss7u.cloudfront.net/asset.axd?id=PAEAAB-LCAAAAAAAAAOtj0EPwUAQhf-KzLnsKqu64iBu4oSbOKzt0G2qKztTkQi_3abi6Ob43vfem8wDLIMGxjuLytwM2eCuPOvZ0gRCnrd86k8hgSaGNr5llFE40CdTEyZQXKP_EtuuRREhaA5tJLcIJqM8VSqfZlIO1VilWRYT9puwhStAjyZqIKM4fm1HoPeP333qLi5bYn8RS98wNix2JV6QxNrXRizOwRRGrLbi88ygIngm_1k8YzCOusXD8w1y8dfTPAEAAA%3d%3d:29:27)
    at <anonymous> (https://d1hjvew1n9ss7u.cloudfront.net/asset.axd?id=PAEAAB-LCAAAAAAAAAOtj0EPwUAQhf-KzLnsKqu64iBu4oSbOKzt0G2qKztTkQi_3abi6Ob43vfem8wDLIMGxjuLytwM2eCuPOvZ0gRCnrd86k8hgSaGNr5llFE40CdTEyZQXKP_EtuuRREhaA5tJLcIJqM8VSqfZlIO1VilWRYT9puwhStAjyZqIKM4fm1HoPeP333qLi5bYn8RS98wNix2JV6QxNrXRizOwRRGrLbi88ygIngm_1k8YzCOusXD8w1y8dfTPAEAAA%3d%3d:220:1)
    at f (https://d1hjvew1n9ss7u.cloudfront.net/assets/shjs.js?t=639255987001545277:0:10382)
    at fireWith (https://d1hjvew1n9ss7u.cloudfront.net/assets/shjs.js?t=639255987001545277:0:11137)
    at ready (https://d1hjvew1n9ss7u.cloudfront.net/assets/shjs.js?t=639255987001545277:0:5238)
    at r (https://d1hjvew1n9ss7u.cloudfront.net/assets/shjs.js?t=639255987001545277:0:9748)
[  538665ms] [VERBOSE] [DOM] Input elements should have autocomplete attributes (suggested: "current-password"): (More info: https://goo.gl/9p2vKq) %o @ https://www.lolacosmetics.com.br/meu-cacho-minha-vida-condicionador-500g-ps-19629-21-p45542:0
[  538665ms] [VERBOSE] [DOM] Input elements should have autocomplete attributes (suggested: "current-password"): (More info: https://goo.gl/9p2vKq) %o @ https://www.lolacosmetics.com.br/meu-cacho-minha-vida-condicionador-500g-ps-19629-21-p45542:0
[  538780ms] [ERROR] Failed to load resource: net::ERR_NAME_NOT_RESOLVED @ https://event.getblue.io/js/blue-tag.min.js:0
[  538784ms] [LOG] AffiseStorage availability: {cookie: true, localStorage: true, sessionStorage: true} @ https://rankmediabrasil.g2afse.com/websdk.js:0
[  538784ms] [LOG] Status RNK Media - ClickId: null UTM: null @ :3
[  538870ms] [ERROR] Failed to load resource: the server responded with a status of 404 () @ https://d1hjvew1n9ss7u.cloudfront.net/Custom/Content/Themes/Lola/Agrada/CSS/ajax-loader.gif:0
[  538928ms] [WARNING] [Meta Pixel] - Invalid parameter format for currency. Please refer https://developers.facebook.com/docs/meta-pixel/reference/ for valid parameter specifications. @ https://connect.facebook.net/en_US/fbevents.js:203
[  539359ms] Uncaught TypeError: Cannot read properties of undefined (reading 'replace')
    at validaFreteGratis (https://d1hjvew1n9ss7u.cloudfront.net/asset.axd?id=PAEAAB-LCAAAAAAAAAOtj0EPwUAQhf-KzLnsKqu64iBu4oSbOKzt0G2qKztTkQi_3abi6Ob43vfem8wDLIMGxjuLytwM2eCuPOvZ0gRCnrd86k8hgSaGNr5llFE40CdTEyZQXKP_EtuuRREhaA5tJLcIJqM8VSqfZlIO1VilWRYT9puwhStAjyZqIKM4fm1HoPeP333qLi5bYn8RS98wNix2JV6QxNrXRizOwRRGrLbi88ygIngm_1k8YzCOusXD8w1y8dfTPAEAAA%3d%3d:1:7633)
    at <anonymous> (https://d1hjvew1n9ss7u.cloudfront.net/asset.axd?id=PAEAAB-LCAAAAAAAAAOtj0EPwUAQhf-KzLnsKqu64iBu4oSbOKzt0G2qKztTkQi_3abi6Ob43vfem8wDLIMGxjuLytwM2eCuPOvZ0gRCnrd86k8hgSaGNr5llFE40CdTEyZQXKP_EtuuRREhaA5tJLcIJqM8VSqfZlIO1VilWRYT9puwhStAjyZqIKM4fm1HoPeP333qLi5bYn8RS98wNix2JV6QxNrXRizOwRRGrLbi88ygIngm_1k8YzCOusXD8w1y8dfTPAEAAA%3d%3d:1:49808)
    at dispatch (https://d1hjvew1n9ss7u.cloudfront.net/assets/shjs.js?t=639255987001545277:0:32701)
    at a (https://d1hjvew1n9ss7u.cloudfront.net/assets/shjs.js?t=639255987001545277:0:28480)
[  539358ms] [LOG] Banner não encontrado: banner-232 @ https://d1hjvew1n9ss7u.cloudfront.net/asset.axd?id=PAEAAB-LCAAAAAAAAAOtj0EPwUAQhf-KzLnsKqu64iBu4oSbOKzt0G2qKztTkQi_3abi6Ob43vfem8wDLIMGxjuLytwM2eCuPOvZ0gRCnrd86k8hgSaGNr5llFE40CdTEyZQXKP_EtuuRREhaA5tJLcIJqM8VSqfZlIO1VilWRYT9puwhStAjyZqIKM4fm1HoPeP333qLi5bYn8RS98wNix2JV6QxNrXRizOwRRGrLbi88ygIngm_1k8YzCOusXD8w1y8dfTPAEAAA%3d%3d:754
[  539385ms] [LOG] %c Widde Video Commerce %c v24604ee %c Build: 21/09/2026 20:39 %c border: 1px solid #2567f8; background: #2567f8; color: #fff; font-weight: bold; padding: 4px 8px; border-radius: 3px 0 0 0; border: 1px solid #2567f8; border-left: none; background: #FFF; color: #2567f8; font-weight: bold; padding: 4px 8px; border: 1px solid #2567f8; border-left: none; background: #f0f0f0; color: #333; font-weight: bold; padding: 4px 8px; border-radius: 0 3px 3px 0; background: transparent @ https://cdn.widde.io/assets/main.utzwjalemu.js:0
[  539534ms] [LOG] %c Tryon Widde.io %c %s %c border: 1px solid #2567f8; background: #2567f8; color: #fff; font-weight: bold; padding: 4px 8px; border-radius: 3px 0 0 3px; border: 1px solid #2567f8; background: #FFF; color: #2567f8; font-weight: bold; padding: 4px 8px; border-radius: 0 3px 3px 0; 47bf7c2 background: transparent @ https://cdn-tryon.widde.io/widde-tryon.js:86
[  539552ms] [LOG] [tryon-tracker] initialized {domain: www.lolacosmetics.com.br} @ https://cdn-tryon.widde.io/widde-tryon.js:8
[  545956ms] [WARNING] Error with Feature-Policy header: Some features are specified in both Feature-Policy and Permissions-Policy header: payment, fullscreen, microphone, camera. Values defined in Permissions-Policy header will be used. @ :0
[  546332ms] [ERROR] Failed to load resource: the server responded with a status of 500 () @ https://fonts.cdnfonts.com/css/leelawade:0
[  546615ms] [ERROR] Failed to load resource: the server responded with a status of 404 () @ https://lolacosmetics.admin.linxcommerce.com.br/Custom/Content/Themes/Lola/Styles/Fonts/FontAwesome/all.css:0
[  546624ms] [LOG] Trustvox rating | PDP: 45409 tipo: 3 @ https://www.lolacosmetics.com.br/meu-cacho-minha-vida-creme-pentear-500g-ps-19629-73-p45409:15
[  546624ms] [LOG] Trustvox rating | ID final usado = 45409 @ https://www.lolacosmetics.com.br/meu-cacho-minha-vida-creme-pentear-500g-ps-19629-73-p45409:15
[  546626ms] [LOG] Trustvox PDP | product: 45409 | type: 3 | usedId: 45409 @ https://www.lolacosmetics.com.br/meu-cacho-minha-vida-creme-pentear-500g-ps-19629-73-p45409:42
[  546673ms] [LOG] Banner não encontrado: banner-232 @ https://d1hjvew1n9ss7u.cloudfront.net/asset.axd?id=PAEAAB-LCAAAAAAAAAOtj0EPwUAQhf-KzLnsKqu64iBu4oSbOKzt0G2qKztTkQi_3abi6Ob43vfem8wDLIMGxjuLytwM2eCuPOvZ0gRCnrd86k8hgSaGNr5llFE40CdTEyZQXKP_EtuuRREhaA5tJLcIJqM8VSqfZlIO1VilWRYT9puwhStAjyZqIKM4fm1HoPeP333qLi5bYn8RS98wNix2JV6QxNrXRizOwRRGrLbi88ygIngm_1k8YzCOusXD8w1y8dfTPAEAAA%3d%3d:754
[  546675ms] [LOG] [Debug Carrinho] Polling ativo @ https://d1hjvew1n9ss7u.cloudfront.net/asset.axd?id=PAEAAB-LCAAAAAAAAAOtj0EPwUAQhf-KzLnsKqu64iBu4oSbOKzt0G2qKztTkQi_3abi6Ob43vfem8wDLIMGxjuLytwM2eCuPOvZ0gRCnrd86k8hgSaGNr5llFE40CdTEyZQXKP_EtuuRREhaA5tJLcIJqM8VSqfZlIO1VilWRYT9puwhStAjyZqIKM4fm1HoPeP333qLi5bYn8RS98wNix2JV6QxNrXRizOwRRGrLbi88ygIngm_1k8YzCOusXD8w1y8dfTPAEAAA%3d%3d:1790
[  546726ms] [LOG] add @ https://d1hjvew1n9ss7u.cloudfront.net/asset.axd?id=PAEAAB-LCAAAAAAAAAOtj0EPwUAQhf-KzLnsKqu64iBu4oSbOKzt0G2qKztTkQi_3abi6Ob43vfem8wDLIMGxjuLytwM2eCuPOvZ0gRCnrd86k8hgSaGNr5llFE40CdTEyZQXKP_EtuuRREhaA5tJLcIJqM8VSqfZlIO1VilWRYT9puwhStAjyZqIKM4fm1HoPeP333qLi5bYn8RS98wNix2JV6QxNrXRizOwRRGrLbi88ygIngm_1k8YzCOusXD8w1y8dfTPAEAAA%3d%3d:1
[  546727ms] [WARNING] !! Há erros de scripts de terceiros !!
Por favor, contate a Empresa responsável pelo script.  @ https://d1hjvew1n9ss7u.cloudfront.net/assets/shjs.js?t=639255987001545277:0
[  546728ms] Uncaught Error: You must pass a string or Handlebars AST to Handlebars.compile. You passed null
    at e.compile (https://d1hjvew1n9ss7u.cloudfront.net/asset.axd?id=PAEAAB-LCAAAAAAAAAOtj0EPwUAQhf-KzLnsKqu64iBu4oSbOKzt0G2qKztTkQi_3abi6Ob43vfem8wDLIMGxjuLytwM2eCuPOvZ0gRCnrd86k8hgSaGNr5llFE40CdTEyZQXKP_EtuuRREhaA5tJLcIJqM8VSqfZlIO1VilWRYT9puwhStAjyZqIKM4fm1HoPeP333qLi5bYn8RS98wNix2JV6QxNrXRizOwRRGrLbi88ygIngm_1k8YzCOusXD8w1y8dfTPAEAAA%3d%3d:1794:49302)
    at i.compile (https://d1hjvew1n9ss7u.cloudfront.net/asset.axd?id=PAEAAB-LCAAAAAAAAAOtj0EPwUAQhf-KzLnsKqu64iBu4oSbOKzt0G2qKztTkQi_3abi6Ob43vfem8wDLIMGxjuLytwM2eCuPOvZ0gRCnrd86k8hgSaGNr5llFE40CdTEyZQXKP_EtuuRREhaA5tJLcIJqM8VSqfZlIO1VilWRYT9puwhStAjyZqIKM4fm1HoPeP333qLi5bYn8RS98wNix2JV6QxNrXRizOwRRGrLbi88ygIngm_1k8YzCOusXD8w1y8dfTPAEAAA%3d%3d:1794:343)
    at renderBasket (https://d1hjvew1n9ss7u.cloudfront.net/asset.axd?id=PAEAAB-LCAAAAAAAAAOtj0EPwUAQhf-KzLnsKqu64iBu4oSbOKzt0G2qKztTkQi_3abi6Ob43vfem8wDLIMGxjuLytwM2eCuPOvZ0gRCnrd86k8hgSaGNr5llFE40CdTEyZQXKP_EtuuRREhaA5tJLcIJqM8VSqfZlIO1VilWRYT9puwhStAjyZqIKM4fm1HoPeP333qLi5bYn8RS98wNix2JV6QxNrXRizOwRRGrLbi88ygIngm_1k8YzCOusXD8w1y8dfTPAEAAA%3d%3d:29:27)
    at <anonymous> (https://d1hjvew1n9ss7u.cloudfront.net/asset.axd?id=PAEAAB-LCAAAAAAAAAOtj0EPwUAQhf-KzLnsKqu64iBu4oSbOKzt0G2qKztTkQi_3abi6Ob43vfem8wDLIMGxjuLytwM2eCuPOvZ0gRCnrd86k8hgSaGNr5llFE40CdTEyZQXKP_EtuuRREhaA5tJLcIJqM8VSqfZlIO1VilWRYT9puwhStAjyZqIKM4fm1HoPeP333qLi5bYn8RS98wNix2JV6QxNrXRizOwRRGrLbi88ygIngm_1k8YzCOusXD8w1y8dfTPAEAAA%3d%3d:220:1)
    at f (https://d1hjvew1n9ss7u.cloudfront.net/assets/shjs.js?t=639255987001545277:0:10382)
    at fireWith (https://d1hjvew1n9ss7u.cloudfront.net/assets/shjs.js?t=639255987001545277:0:11137)
    at ready (https://d1hjvew1n9ss7u.cloudfront.net/assets/shjs.js?t=639255987001545277:0:5238)
    at r (https://d1hjvew1n9ss7u.cloudfront.net/assets/shjs.js?t=639255987001545277:0:9748)
[  546730ms] [VERBOSE] [DOM] Input elements should have autocomplete attributes (suggested: "current-password"): (More info: https://goo.gl/9p2vKq) %o @ https://www.lolacosmetics.com.br/meu-cacho-minha-vida-creme-pentear-500g-ps-19629-73-p45409:0
[  546730ms] [VERBOSE] [DOM] Input elements should have autocomplete attributes (suggested: "current-password"): (More info: https://goo.gl/9p2vKq) %o @ https://www.lolacosmetics.com.br/meu-cacho-minha-vida-creme-pentear-500g-ps-19629-73-p45409:0
[  546851ms] [ERROR] Failed to load resource: net::ERR_NAME_NOT_RESOLVED @ https://event.getblue.io/js/blue-tag.min.js:0
[  546919ms] [ERROR] Failed to load resource: the server responded with a status of 404 () @ https://d1hjvew1n9ss7u.cloudfront.net/Custom/Content/Themes/Lola/Agrada/CSS/ajax-loader.gif:0
[  546928ms] [LOG] AffiseStorage availability: {cookie: true, localStorage: true, sessionStorage: true} @ https://rankmediabrasil.g2afse.com/websdk.js:0
[  546929ms] [LOG] Status RNK Media - ClickId: null UTM: null @ :3
[  546974ms] [WARNING] [Meta Pixel] - Invalid parameter format for currency. Please refer https://developers.facebook.com/docs/meta-pixel/reference/ for valid parameter specifications. @ https://connect.facebook.net/en_US/fbevents.js:203
[  547344ms] Uncaught TypeError: Cannot read properties of undefined (reading 'replace')
    at validaFreteGratis (https://d1hjvew1n9ss7u.cloudfront.net/asset.axd?id=PAEAAB-LCAAAAAAAAAOtj0EPwUAQhf-KzLnsKqu64iBu4oSbOKzt0G2qKztTkQi_3abi6Ob43vfem8wDLIMGxjuLytwM2eCuPOvZ0gRCnrd86k8hgSaGNr5llFE40CdTEyZQXKP_EtuuRREhaA5tJLcIJqM8VSqfZlIO1VilWRYT9puwhStAjyZqIKM4fm1HoPeP333qLi5bYn8RS98wNix2JV6QxNrXRizOwRRGrLbi88ygIngm_1k8YzCOusXD8w1y8dfTPAEAAA%3d%3d:1:7633)
    at <anonymous> (https://d1hjvew1n9ss7u.cloudfront.net/asset.axd?id=PAEAAB-LCAAAAAAAAAOtj0EPwUAQhf-KzLnsKqu64iBu4oSbOKzt0G2qKztTkQi_3abi6Ob43vfem8wDLIMGxjuLytwM2eCuPOvZ0gRCnrd86k8hgSaGNr5llFE40CdTEyZQXKP_EtuuRREhaA5tJLcIJqM8VSqfZlIO1VilWRYT9puwhStAjyZqIKM4fm1HoPeP333qLi5bYn8RS98wNix2JV6QxNrXRizOwRRGrLbi88ygIngm_1k8YzCOusXD8w1y8dfTPAEAAA%3d%3d:1:49808)
    at dispatch (https://d1hjvew1n9ss7u.cloudfront.net/assets/shjs.js?t=639255987001545277:0:32701)
    at a (https://d1hjvew1n9ss7u.cloudfront.net/assets/shjs.js?t=639255987001545277:0:28480)
[  547335ms] [LOG] Banner não encontrado: banner-232 @ https://d1hjvew1n9ss7u.cloudfront.net/asset.axd?id=PAEAAB-LCAAAAAAAAAOtj0EPwUAQhf-KzLnsKqu64iBu4oSbOKzt0G2qKztTkQi_3abi6Ob43vfem8wDLIMGxjuLytwM2eCuPOvZ0gRCnrd86k8hgSaGNr5llFE40CdTEyZQXKP_EtuuRREhaA5tJLcIJqM8VSqfZlIO1VilWRYT9puwhStAjyZqIKM4fm1HoPeP333qLi5bYn8RS98wNix2JV6QxNrXRizOwRRGrLbi88ygIngm_1k8YzCOusXD8w1y8dfTPAEAAA%3d%3d:754
[  547368ms] [LOG] %c Widde Video Commerce %c v24604ee %c Build: 21/09/2026 20:39 %c border: 1px solid #2567f8; background: #2567f8; color: #fff; font-weight: bold; padding: 4px 8px; border-radius: 3px 0 0 0; border: 1px solid #2567f8; border-left: none; background: #FFF; color: #2567f8; font-weight: bold; padding: 4px 8px; border: 1px solid #2567f8; border-left: none; background: #f0f0f0; color: #333; font-weight: bold; padding: 4px 8px; border-radius: 0 3px 3px 0; background: transparent @ https://cdn.widde.io/assets/main.utzwjalemu.js:0
[  547508ms] [LOG] %c Tryon Widde.io %c %s %c border: 1px solid #2567f8; background: #2567f8; color: #fff; font-weight: bold; padding: 4px 8px; border-radius: 3px 0 0 3px; border: 1px solid #2567f8; background: #FFF; color: #2567f8; font-weight: bold; padding: 4px 8px; border-radius: 0 3px 3px 0; 47bf7c2 background: transparent @ https://cdn-tryon.widde.io/widde-tryon.js:86
[  547530ms] [LOG] [tryon-tracker] initialized {domain: www.lolacosmetics.com.br} @ https://cdn-tryon.widde.io/widde-tryon.js:8
[  553693ms] [WARNING] Error with Feature-Policy header: Some features are specified in both Feature-Policy and Permissions-Policy header: payment, fullscreen, microphone, camera. Values defined in Permissions-Policy header will be used. @ :0
[  554096ms] [ERROR] Failed to load resource: the server responded with a status of 500 () @ https://fonts.cdnfonts.com/css/leelawade:0
[  554380ms] [ERROR] Failed to load resource: the server responded with a status of 404 () @ https://lolacosmetics.admin.linxcommerce.com.br/Custom/Content/Themes/Lola/Styles/Fonts/FontAwesome/all.css:0
[  554390ms] [LOG] Trustvox rating | PDP: 45474 tipo: 3 @ https://www.lolacosmetics.com.br/meu-cacho-minha-vida-jelly-gel-500g-ps-19629-13-p45474:15
[  554390ms] [LOG] Trustvox rating | ID final usado = 45474 @ https://www.lolacosmetics.com.br/meu-cacho-minha-vida-jelly-gel-500g-ps-19629-13-p45474:15
[  554415ms] [LOG] Trustvox PDP | product: 45474 | type: 3 | usedId: 45474 @ https://www.lolacosmetics.com.br/meu-cacho-minha-vida-jelly-gel-500g-ps-19629-13-p45474:42
[  554458ms] [LOG] Banner não encontrado: banner-232 @ https://d1hjvew1n9ss7u.cloudfront.net/asset.axd?id=PAEAAB-LCAAAAAAAAAOtj0EPwUAQhf-KzLnsKqu64iBu4oSbOKzt0G2qKztTkQi_3abi6Ob43vfem8wDLIMGxjuLytwM2eCuPOvZ0gRCnrd86k8hgSaGNr5llFE40CdTEyZQXKP_EtuuRREhaA5tJLcIJqM8VSqfZlIO1VilWRYT9puwhStAjyZqIKM4fm1HoPeP333qLi5bYn8RS98wNix2JV6QxNrXRizOwRRGrLbi88ygIngm_1k8YzCOusXD8w1y8dfTPAEAAA%3d%3d:754
[  554460ms] [LOG] [Debug Carrinho] Polling ativo @ https://d1hjvew1n9ss7u.cloudfront.net/asset.axd?id=PAEAAB-LCAAAAAAAAAOtj0EPwUAQhf-KzLnsKqu64iBu4oSbOKzt0G2qKztTkQi_3abi6Ob43vfem8wDLIMGxjuLytwM2eCuPOvZ0gRCnrd86k8hgSaGNr5llFE40CdTEyZQXKP_EtuuRREhaA5tJLcIJqM8VSqfZlIO1VilWRYT9puwhStAjyZqIKM4fm1HoPeP333qLi5bYn8RS98wNix2JV6QxNrXRizOwRRGrLbi88ygIngm_1k8YzCOusXD8w1y8dfTPAEAAA%3d%3d:1790
[  554505ms] [LOG] add @ https://d1hjvew1n9ss7u.cloudfront.net/asset.axd?id=PAEAAB-LCAAAAAAAAAOtj0EPwUAQhf-KzLnsKqu64iBu4oSbOKzt0G2qKztTkQi_3abi6Ob43vfem8wDLIMGxjuLytwM2eCuPOvZ0gRCnrd86k8hgSaGNr5llFE40CdTEyZQXKP_EtuuRREhaA5tJLcIJqM8VSqfZlIO1VilWRYT9puwhStAjyZqIKM4fm1HoPeP333qLi5bYn8RS98wNix2JV6QxNrXRizOwRRGrLbi88ygIngm_1k8YzCOusXD8w1y8dfTPAEAAA%3d%3d:1
[  554506ms] [WARNING] !! Há erros de scripts de terceiros !!
Por favor, contate a Empresa responsável pelo script.  @ https://d1hjvew1n9ss7u.cloudfront.net/assets/shjs.js?t=639255987001545277:0
[  554507ms] Uncaught Error: You must pass a string or Handlebars AST to Handlebars.compile. You passed null
    at e.compile (https://d1hjvew1n9ss7u.cloudfront.net/asset.axd?id=PAEAAB-LCAAAAAAAAAOtj0EPwUAQhf-KzLnsKqu64iBu4oSbOKzt0G2qKztTkQi_3abi6Ob43vfem8wDLIMGxjuLytwM2eCuPOvZ0gRCnrd86k8hgSaGNr5llFE40CdTEyZQXKP_EtuuRREhaA5tJLcIJqM8VSqfZlIO1VilWRYT9puwhStAjyZqIKM4fm1HoPeP333qLi5bYn8RS98wNix2JV6QxNrXRizOwRRGrLbi88ygIngm_1k8YzCOusXD8w1y8dfTPAEAAA%3d%3d:1794:49302)
    at i.compile (https://d1hjvew1n9ss7u.cloudfront.net/asset.axd?id=PAEAAB-LCAAAAAAAAAOtj0EPwUAQhf-KzLnsKqu64iBu4oSbOKzt0G2qKztTkQi_3abi6Ob43vfem8wDLIMGxjuLytwM2eCuPOvZ0gRCnrd86k8hgSaGNr5llFE40CdTEyZQXKP_EtuuRREhaA5tJLcIJqM8VSqfZlIO1VilWRYT9puwhStAjyZqIKM4fm1HoPeP333qLi5bYn8RS98wNix2JV6QxNrXRizOwRRGrLbi88ygIngm_1k8YzCOusXD8w1y8dfTPAEAAA%3d%3d:1794:343)
    at renderBasket (https://d1hjvew1n9ss7u.cloudfront.net/asset.axd?id=PAEAAB-LCAAAAAAAAAOtj0EPwUAQhf-KzLnsKqu64iBu4oSbOKzt0G2qKztTkQi_3abi6Ob43vfem8wDLIMGxjuLytwM2eCuPOvZ0gRCnrd86k8hgSaGNr5llFE40CdTEyZQXKP_EtuuRREhaA5tJLcIJqM8VSqfZlIO1VilWRYT9puwhStAjyZqIKM4fm1HoPeP333qLi5bYn8RS98wNix2JV6QxNrXRizOwRRGrLbi88ygIngm_1k8YzCOusXD8w1y8dfTPAEAAA%3d%3d:29:27)
    at <anonymous> (https://d1hjvew1n9ss7u.cloudfront.net/asset.axd?id=PAEAAB-LCAAAAAAAAAOtj0EPwUAQhf-KzLnsKqu64iBu4oSbOKzt0G2qKztTkQi_3abi6Ob43vfem8wDLIMGxjuLytwM2eCuPOvZ0gRCnrd86k8hgSaGNr5llFE40CdTEyZQXKP_EtuuRREhaA5tJLcIJqM8VSqfZlIO1VilWRYT9puwhStAjyZqIKM4fm1HoPeP333qLi5bYn8RS98wNix2JV6QxNrXRizOwRRGrLbi88ygIngm_1k8YzCOusXD8w1y8dfTPAEAAA%3d%3d:220:1)
    at f (https://d1hjvew1n9ss7u.cloudfront.net/assets/shjs.js?t=639255987001545277:0:10382)
    at fireWith (https://d1hjvew1n9ss7u.cloudfront.net/assets/shjs.js?t=639255987001545277:0:11137)
    at ready (https://d1hjvew1n9ss7u.cloudfront.net/assets/shjs.js?t=639255987001545277:0:5238)
    at r (https://d1hjvew1n9ss7u.cloudfront.net/assets/shjs.js?t=639255987001545277:0:9748)
[  554509ms] [VERBOSE] [DOM] Input elements should have autocomplete attributes (suggested: "current-password"): (More info: https://goo.gl/9p2vKq) %o @ https://www.lolacosmetics.com.br/meu-cacho-minha-vida-jelly-gel-500g-ps-19629-13-p45474:0
[  554509ms] [VERBOSE] [DOM] Input elements should have autocomplete attributes (suggested: "current-password"): (More info: https://goo.gl/9p2vKq) %o @ https://www.lolacosmetics.com.br/meu-cacho-minha-vida-jelly-gel-500g-ps-19629-13-p45474:0
[  554624ms] [ERROR] Failed to load resource: net::ERR_NAME_NOT_RESOLVED @ https://event.getblue.io/js/blue-tag.min.js:0
[  554662ms] [LOG] AffiseStorage availability: {cookie: true, localStorage: true, sessionStorage: true} @ https://rankmediabrasil.g2afse.com/websdk.js:0
[  554663ms] [LOG] Status RNK Media - ClickId: null UTM: null @ :3
[  554665ms] [ERROR] Framing 'https://accounts.google.com/' violates the following report-only Content Security Policy directive: "frame-ancestors 'self'". The violation has been logged, but no further action has been taken.
 @ :0
[  554702ms] [ERROR] Failed to load resource: the server responded with a status of 404 () @ https://d1hjvew1n9ss7u.cloudfront.net/Custom/Content/Themes/Lola/Agrada/CSS/ajax-loader.gif:0
[  554785ms] [WARNING] [Meta Pixel] - Invalid parameter format for currency. Please refer https://developers.facebook.com/docs/meta-pixel/reference/ for valid parameter specifications. @ https://connect.facebook.net/en_US/fbevents.js:203
[  555061ms] Uncaught TypeError: Cannot read properties of undefined (reading 'replace')
    at validaFreteGratis (https://d1hjvew1n9ss7u.cloudfront.net/asset.axd?id=PAEAAB-LCAAAAAAAAAOtj0EPwUAQhf-KzLnsKqu64iBu4oSbOKzt0G2qKztTkQi_3abi6Ob43vfem8wDLIMGxjuLytwM2eCuPOvZ0gRCnrd86k8hgSaGNr5llFE40CdTEyZQXKP_EtuuRREhaA5tJLcIJqM8VSqfZlIO1VilWRYT9puwhStAjyZqIKM4fm1HoPeP333qLi5bYn8RS98wNix2JV6QxNrXRizOwRRGrLbi88ygIngm_1k8YzCOusXD8w1y8dfTPAEAAA%3d%3d:1:7633)
    at <anonymous> (https://d1hjvew1n9ss7u.cloudfront.net/asset.axd?id=PAEAAB-LCAAAAAAAAAOtj0EPwUAQhf-KzLnsKqu64iBu4oSbOKzt0G2qKztTkQi_3abi6Ob43vfem8wDLIMGxjuLytwM2eCuPOvZ0gRCnrd86k8hgSaGNr5llFE40CdTEyZQXKP_EtuuRREhaA5tJLcIJqM8VSqfZlIO1VilWRYT9puwhStAjyZqIKM4fm1HoPeP333qLi5bYn8RS98wNix2JV6QxNrXRizOwRRGrLbi88ygIngm_1k8YzCOusXD8w1y8dfTPAEAAA%3d%3d:1:49808)
    at dispatch (https://d1hjvew1n9ss7u.cloudfront.net/assets/shjs.js?t=639255987001545277:0:32701)
    at a (https://d1hjvew1n9ss7u.cloudfront.net/assets/shjs.js?t=639255987001545277:0:28480)
[  555059ms] [LOG] Banner não encontrado: banner-232 @ https://d1hjvew1n9ss7u.cloudfront.net/asset.axd?id=PAEAAB-LCAAAAAAAAAOtj0EPwUAQhf-KzLnsKqu64iBu4oSbOKzt0G2qKztTkQi_3abi6Ob43vfem8wDLIMGxjuLytwM2eCuPOvZ0gRCnrd86k8hgSaGNr5llFE40CdTEyZQXKP_EtuuRREhaA5tJLcIJqM8VSqfZlIO1VilWRYT9puwhStAjyZqIKM4fm1HoPeP333qLi5bYn8RS98wNix2JV6QxNrXRizOwRRGrLbi88ygIngm_1k8YzCOusXD8w1y8dfTPAEAAA%3d%3d:754
[  555088ms] [LOG] %c Widde Video Commerce %c v24604ee %c Build: 21/09/2026 20:39 %c border: 1px solid #2567f8; background: #2567f8; color: #fff; font-weight: bold; padding: 4px 8px; border-radius: 3px 0 0 0; border: 1px solid #2567f8; border-left: none; background: #FFF; color: #2567f8; font-weight: bold; padding: 4px 8px; border: 1px solid #2567f8; border-left: none; background: #f0f0f0; color: #333; font-weight: bold; padding: 4px 8px; border-radius: 0 3px 3px 0; background: transparent @ https://cdn.widde.io/assets/main.utzwjalemu.js:0
[  555219ms] [LOG] %c Tryon Widde.io %c %s %c border: 1px solid #2567f8; background: #2567f8; color: #fff; font-weight: bold; padding: 4px 8px; border-radius: 3px 0 0 3px; border: 1px solid #2567f8; background: #FFF; color: #2567f8; font-weight: bold; padding: 4px 8px; border-radius: 0 3px 3px 0; 47bf7c2 background: transparent @ https://cdn-tryon.widde.io/widde-tryon.js:86
[  555232ms] [LOG] [tryon-tracker] initialized {domain: www.lolacosmetics.com.br} @ https://cdn-tryon.widde.io/widde-tryon.js:8
[  561601ms] [WARNING] Error with Feature-Policy header: Some features are specified in both Feature-Policy and Permissions-Policy header: payment, fullscreen, microphone, camera. Values defined in Permissions-Policy header will be used. @ :0
[  561964ms] [ERROR] Failed to load resource: the server responded with a status of 500 () @ https://fonts.cdnfonts.com/css/leelawade:0
[  562387ms] [ERROR] Failed to load resource: the server responded with a status of 404 () @ https://lolacosmetics.admin.linxcommerce.com.br/Custom/Content/Themes/Lola/Styles/Fonts/FontAwesome/all.css:0
[  562400ms] [LOG] Trustvox rating | PDP: 45712 tipo: 3 @ https://www.lolacosmetics.com.br/meu-cacho-minha-vida-mascara-450g-ps-19629-71-p45712:15
[  562400ms] [LOG] Trustvox rating | ID final usado = 45712 @ https://www.lolacosmetics.com.br/meu-cacho-minha-vida-mascara-450g-ps-19629-71-p45712:15
[  562421ms] [LOG] Trustvox PDP | product: 45712 | type: 3 | usedId: 45712 @ https://www.lolacosmetics.com.br/meu-cacho-minha-vida-mascara-450g-ps-19629-71-p45712:42
[  562457ms] [LOG] Banner não encontrado: banner-232 @ https://d1hjvew1n9ss7u.cloudfront.net/asset.axd?id=PAEAAB-LCAAAAAAAAAOtj0EPwUAQhf-KzLnsKqu64iBu4oSbOKzt0G2qKztTkQi_3abi6Ob43vfem8wDLIMGxjuLytwM2eCuPOvZ0gRCnrd86k8hgSaGNr5llFE40CdTEyZQXKP_EtuuRREhaA5tJLcIJqM8VSqfZlIO1VilWRYT9puwhStAjyZqIKM4fm1HoPeP333qLi5bYn8RS98wNix2JV6QxNrXRizOwRRGrLbi88ygIngm_1k8YzCOusXD8w1y8dfTPAEAAA%3d%3d:754
[  562459ms] [LOG] [Debug Carrinho] Polling ativo @ https://d1hjvew1n9ss7u.cloudfront.net/asset.axd?id=PAEAAB-LCAAAAAAAAAOtj0EPwUAQhf-KzLnsKqu64iBu4oSbOKzt0G2qKztTkQi_3abi6Ob43vfem8wDLIMGxjuLytwM2eCuPOvZ0gRCnrd86k8hgSaGNr5llFE40CdTEyZQXKP_EtuuRREhaA5tJLcIJqM8VSqfZlIO1VilWRYT9puwhStAjyZqIKM4fm1HoPeP333qLi5bYn8RS98wNix2JV6QxNrXRizOwRRGrLbi88ygIngm_1k8YzCOusXD8w1y8dfTPAEAAA%3d%3d:1790
[  562520ms] [LOG] add @ https://d1hjvew1n9ss7u.cloudfront.net/asset.axd?id=PAEAAB-LCAAAAAAAAAOtj0EPwUAQhf-KzLnsKqu64iBu4oSbOKzt0G2qKztTkQi_3abi6Ob43vfem8wDLIMGxjuLytwM2eCuPOvZ0gRCnrd86k8hgSaGNr5llFE40CdTEyZQXKP_EtuuRREhaA5tJLcIJqM8VSqfZlIO1VilWRYT9puwhStAjyZqIKM4fm1HoPeP333qLi5bYn8RS98wNix2JV6QxNrXRizOwRRGrLbi88ygIngm_1k8YzCOusXD8w1y8dfTPAEAAA%3d%3d:1
[  562521ms] [WARNING] !! Há erros de scripts de terceiros !!
Por favor, contate a Empresa responsável pelo script.  @ https://d1hjvew1n9ss7u.cloudfront.net/assets/shjs.js?t=639255987001545277:0
[  562522ms] Uncaught Error: You must pass a string or Handlebars AST to Handlebars.compile. You passed null
    at e.compile (https://d1hjvew1n9ss7u.cloudfront.net/asset.axd?id=PAEAAB-LCAAAAAAAAAOtj0EPwUAQhf-KzLnsKqu64iBu4oSbOKzt0G2qKztTkQi_3abi6Ob43vfem8wDLIMGxjuLytwM2eCuPOvZ0gRCnrd86k8hgSaGNr5llFE40CdTEyZQXKP_EtuuRREhaA5tJLcIJqM8VSqfZlIO1VilWRYT9puwhStAjyZqIKM4fm1HoPeP333qLi5bYn8RS98wNix2JV6QxNrXRizOwRRGrLbi88ygIngm_1k8YzCOusXD8w1y8dfTPAEAAA%3d%3d:1794:49302)
    at i.compile (https://d1hjvew1n9ss7u.cloudfront.net/asset.axd?id=PAEAAB-LCAAAAAAAAAOtj0EPwUAQhf-KzLnsKqu64iBu4oSbOKzt0G2qKztTkQi_3abi6Ob43vfem8wDLIMGxjuLytwM2eCuPOvZ0gRCnrd86k8hgSaGNr5llFE40CdTEyZQXKP_EtuuRREhaA5tJLcIJqM8VSqfZlIO1VilWRYT9puwhStAjyZqIKM4fm1HoPeP333qLi5bYn8RS98wNix2JV6QxNrXRizOwRRGrLbi88ygIngm_1k8YzCOusXD8w1y8dfTPAEAAA%3d%3d:1794:343)
    at renderBasket (https://d1hjvew1n9ss7u.cloudfront.net/asset.axd?id=PAEAAB-LCAAAAAAAAAOtj0EPwUAQhf-KzLnsKqu64iBu4oSbOKzt0G2qKztTkQi_3abi6Ob43vfem8wDLIMGxjuLytwM2eCuPOvZ0gRCnrd86k8hgSaGNr5llFE40CdTEyZQXKP_EtuuRREhaA5tJLcIJqM8VSqfZlIO1VilWRYT9puwhStAjyZqIKM4fm1HoPeP333qLi5bYn8RS98wNix2JV6QxNrXRizOwRRGrLbi88ygIngm_1k8YzCOusXD8w1y8dfTPAEAAA%3d%3d:29:27)
    at <anonymous> (https://d1hjvew1n9ss7u.cloudfront.net/asset.axd?id=PAEAAB-LCAAAAAAAAAOtj0EPwUAQhf-KzLnsKqu64iBu4oSbOKzt0G2qKztTkQi_3abi6Ob43vfem8wDLIMGxjuLytwM2eCuPOvZ0gRCnrd86k8hgSaGNr5llFE40CdTEyZQXKP_EtuuRREhaA5tJLcIJqM8VSqfZlIO1VilWRYT9puwhStAjyZqIKM4fm1HoPeP333qLi5bYn8RS98wNix2JV6QxNrXRizOwRRGrLbi88ygIngm_1k8YzCOusXD8w1y8dfTPAEAAA%3d%3d:220:1)
    at f (https://d1hjvew1n9ss7u.cloudfront.net/assets/shjs.js?t=639255987001545277:0:10382)
    at fireWith (https://d1hjvew1n9ss7u.cloudfront.net/assets/shjs.js?t=639255987001545277:0:11137)
    at ready (https://d1hjvew1n9ss7u.cloudfront.net/assets/shjs.js?t=639255987001545277:0:5238)
    at r (https://d1hjvew1n9ss7u.cloudfront.net/assets/shjs.js?t=639255987001545277:0:9748)
[  562524ms] [VERBOSE] [DOM] Input elements should have autocomplete attributes (suggested: "current-password"): (More info: https://goo.gl/9p2vKq) %o @ https://www.lolacosmetics.com.br/meu-cacho-minha-vida-mascara-450g-ps-19629-71-p45712:0
[  562524ms] [VERBOSE] [DOM] Input elements should have autocomplete attributes (suggested: "current-password"): (More info: https://goo.gl/9p2vKq) %o @ https://www.lolacosmetics.com.br/meu-cacho-minha-vida-mascara-450g-ps-19629-71-p45712:0
[  562631ms] [ERROR] Failed to load resource: net::ERR_NAME_NOT_RESOLVED @ https://event.getblue.io/js/blue-tag.min.js:0
[  562652ms] [LOG] AffiseStorage availability: {cookie: true, localStorage: true, sessionStorage: true} @ https://rankmediabrasil.g2afse.com/websdk.js:0
[  562654ms] [LOG] Status RNK Media - ClickId: null UTM: null @ :3
[  562735ms] [ERROR] Failed to load resource: the server responded with a status of 404 () @ https://d1hjvew1n9ss7u.cloudfront.net/Custom/Content/Themes/Lola/Agrada/CSS/ajax-loader.gif:0
[  562773ms] [WARNING] [Meta Pixel] - Invalid parameter format for currency. Please refer https://developers.facebook.com/docs/meta-pixel/reference/ for valid parameter specifications. @ https://connect.facebook.net/en_US/fbevents.js:203
[  563048ms] Uncaught TypeError: Cannot read properties of undefined (reading 'replace')
    at validaFreteGratis (https://d1hjvew1n9ss7u.cloudfront.net/asset.axd?id=PAEAAB-LCAAAAAAAAAOtj0EPwUAQhf-KzLnsKqu64iBu4oSbOKzt0G2qKztTkQi_3abi6Ob43vfem8wDLIMGxjuLytwM2eCuPOvZ0gRCnrd86k8hgSaGNr5llFE40CdTEyZQXKP_EtuuRREhaA5tJLcIJqM8VSqfZlIO1VilWRYT9puwhStAjyZqIKM4fm1HoPeP333qLi5bYn8RS98wNix2JV6QxNrXRizOwRRGrLbi88ygIngm_1k8YzCOusXD8w1y8dfTPAEAAA%3d%3d:1:7633)
    at <anonymous> (https://d1hjvew1n9ss7u.cloudfront.net/asset.axd?id=PAEAAB-LCAAAAAAAAAOtj0EPwUAQhf-KzLnsKqu64iBu4oSbOKzt0G2qKztTkQi_3abi6Ob43vfem8wDLIMGxjuLytwM2eCuPOvZ0gRCnrd86k8hgSaGNr5llFE40CdTEyZQXKP_EtuuRREhaA5tJLcIJqM8VSqfZlIO1VilWRYT9puwhStAjyZqIKM4fm1HoPeP333qLi5bYn8RS98wNix2JV6QxNrXRizOwRRGrLbi88ygIngm_1k8YzCOusXD8w1y8dfTPAEAAA%3d%3d:1:49808)
    at dispatch (https://d1hjvew1n9ss7u.cloudfront.net/assets/shjs.js?t=639255987001545277:0:32701)
    at a (https://d1hjvew1n9ss7u.cloudfront.net/assets/shjs.js?t=639255987001545277:0:28480)
[  563046ms] [LOG] Banner não encontrado: banner-232 @ https://d1hjvew1n9ss7u.cloudfront.net/asset.axd?id=PAEAAB-LCAAAAAAAAAOtj0EPwUAQhf-KzLnsKqu64iBu4oSbOKzt0G2qKztTkQi_3abi6Ob43vfem8wDLIMGxjuLytwM2eCuPOvZ0gRCnrd86k8hgSaGNr5llFE40CdTEyZQXKP_EtuuRREhaA5tJLcIJqM8VSqfZlIO1VilWRYT9puwhStAjyZqIKM4fm1HoPeP333qLi5bYn8RS98wNix2JV6QxNrXRizOwRRGrLbi88ygIngm_1k8YzCOusXD8w1y8dfTPAEAAA%3d%3d:754
[  563075ms] [LOG] %c Widde Video Commerce %c v24604ee %c Build: 21/09/2026 20:39 %c border: 1px solid #2567f8; background: #2567f8; color: #fff; font-weight: bold; padding: 4px 8px; border-radius: 3px 0 0 0; border: 1px solid #2567f8; border-left: none; background: #FFF; color: #2567f8; font-weight: bold; padding: 4px 8px; border: 1px solid #2567f8; border-left: none; background: #f0f0f0; color: #333; font-weight: bold; padding: 4px 8px; border-radius: 0 3px 3px 0; background: transparent @ https://cdn.widde.io/assets/main.utzwjalemu.js:0
[  563221ms] [LOG] %c Tryon Widde.io %c %s %c border: 1px solid #2567f8; background: #2567f8; color: #fff; font-weight: bold; padding: 4px 8px; border-radius: 3px 0 0 3px; border: 1px solid #2567f8; background: #FFF; color: #2567f8; font-weight: bold; padding: 4px 8px; border-radius: 0 3px 3px 0; 47bf7c2 background: transparent @ https://cdn-tryon.widde.io/widde-tryon.js:86
[  563235ms] [LOG] [tryon-tracker] initialized {domain: www.lolacosmetics.com.br} @ https://cdn-tryon.widde.io/widde-tryon.js:8
[  569626ms] [WARNING] Error with Feature-Policy header: Some features are specified in both Feature-Policy and Permissions-Policy header: payment, fullscreen, microphone, camera. Values defined in Permissions-Policy header will be used. @ :0
[  570006ms] [ERROR] Failed to load resource: the server responded with a status of 500 () @ https://fonts.cdnfonts.com/css/leelawade:0
[  570289ms] [ERROR] Failed to load resource: the server responded with a status of 404 () @ https://lolacosmetics.admin.linxcommerce.com.br/Custom/Content/Themes/Lola/Styles/Fonts/FontAwesome/all.css:0
[  570297ms] [LOG] Trustvox rating | PDP: 45499 tipo: 3 @ https://www.lolacosmetics.com.br/meu-cacho-minha-vida-shampoo-500ml-ps-19629-30-p45499:15
[  570297ms] [LOG] Trustvox rating | ID final usado = 45499 @ https://www.lolacosmetics.com.br/meu-cacho-minha-vida-shampoo-500ml-ps-19629-30-p45499:15
[  570300ms] [LOG] Trustvox PDP | product: 45499 | type: 3 | usedId: 45499 @ https://www.lolacosmetics.com.br/meu-cacho-minha-vida-shampoo-500ml-ps-19629-30-p45499:42
[  570353ms] [LOG] Banner não encontrado: banner-232 @ https://d1hjvew1n9ss7u.cloudfront.net/asset.axd?id=PAEAAB-LCAAAAAAAAAOtj0EPwUAQhf-KzLnsKqu64iBu4oSbOKzt0G2qKztTkQi_3abi6Ob43vfem8wDLIMGxjuLytwM2eCuPOvZ0gRCnrd86k8hgSaGNr5llFE40CdTEyZQXKP_EtuuRREhaA5tJLcIJqM8VSqfZlIO1VilWRYT9puwhStAjyZqIKM4fm1HoPeP333qLi5bYn8RS98wNix2JV6QxNrXRizOwRRGrLbi88ygIngm_1k8YzCOusXD8w1y8dfTPAEAAA%3d%3d:754
[  570355ms] [LOG] [Debug Carrinho] Polling ativo @ https://d1hjvew1n9ss7u.cloudfront.net/asset.axd?id=PAEAAB-LCAAAAAAAAAOtj0EPwUAQhf-KzLnsKqu64iBu4oSbOKzt0G2qKztTkQi_3abi6Ob43vfem8wDLIMGxjuLytwM2eCuPOvZ0gRCnrd86k8hgSaGNr5llFE40CdTEyZQXKP_EtuuRREhaA5tJLcIJqM8VSqfZlIO1VilWRYT9puwhStAjyZqIKM4fm1HoPeP333qLi5bYn8RS98wNix2JV6QxNrXRizOwRRGrLbi88ygIngm_1k8YzCOusXD8w1y8dfTPAEAAA%3d%3d:1790
[  570400ms] [LOG] add @ https://d1hjvew1n9ss7u.cloudfront.net/asset.axd?id=PAEAAB-LCAAAAAAAAAOtj0EPwUAQhf-KzLnsKqu64iBu4oSbOKzt0G2qKztTkQi_3abi6Ob43vfem8wDLIMGxjuLytwM2eCuPOvZ0gRCnrd86k8hgSaGNr5llFE40CdTEyZQXKP_EtuuRREhaA5tJLcIJqM8VSqfZlIO1VilWRYT9puwhStAjyZqIKM4fm1HoPeP333qLi5bYn8RS98wNix2JV6QxNrXRizOwRRGrLbi88ygIngm_1k8YzCOusXD8w1y8dfTPAEAAA%3d%3d:1
[  570401ms] [WARNING] !! Há erros de scripts de terceiros !!
Por favor, contate a Empresa responsável pelo script.  @ https://d1hjvew1n9ss7u.cloudfront.net/assets/shjs.js?t=639255987001545277:0
[  570402ms] Uncaught Error: You must pass a string or Handlebars AST to Handlebars.compile. You passed null
    at e.compile (https://d1hjvew1n9ss7u.cloudfront.net/asset.axd?id=PAEAAB-LCAAAAAAAAAOtj0EPwUAQhf-KzLnsKqu64iBu4oSbOKzt0G2qKztTkQi_3abi6Ob43vfem8wDLIMGxjuLytwM2eCuPOvZ0gRCnrd86k8hgSaGNr5llFE40CdTEyZQXKP_EtuuRREhaA5tJLcIJqM8VSqfZlIO1VilWRYT9puwhStAjyZqIKM4fm1HoPeP333qLi5bYn8RS98wNix2JV6QxNrXRizOwRRGrLbi88ygIngm_1k8YzCOusXD8w1y8dfTPAEAAA%3d%3d:1794:49302)
    at i.compile (https://d1hjvew1n9ss7u.cloudfront.net/asset.axd?id=PAEAAB-LCAAAAAAAAAOtj0EPwUAQhf-KzLnsKqu64iBu4oSbOKzt0G2qKztTkQi_3abi6Ob43vfem8wDLIMGxjuLytwM2eCuPOvZ0gRCnrd86k8hgSaGNr5llFE40CdTEyZQXKP_EtuuRREhaA5tJLcIJqM8VSqfZlIO1VilWRYT9puwhStAjyZqIKM4fm1HoPeP333qLi5bYn8RS98wNix2JV6QxNrXRizOwRRGrLbi88ygIngm_1k8YzCOusXD8w1y8dfTPAEAAA%3d%3d:1794:343)
    at renderBasket (https://d1hjvew1n9ss7u.cloudfront.net/asset.axd?id=PAEAAB-LCAAAAAAAAAOtj0EPwUAQhf-KzLnsKqu64iBu4oSbOKzt0G2qKztTkQi_3abi6Ob43vfem8wDLIMGxjuLytwM2eCuPOvZ0gRCnrd86k8hgSaGNr5llFE40CdTEyZQXKP_EtuuRREhaA5tJLcIJqM8VSqfZlIO1VilWRYT9puwhStAjyZqIKM4fm1HoPeP333qLi5bYn8RS98wNix2JV6QxNrXRizOwRRGrLbi88ygIngm_1k8YzCOusXD8w1y8dfTPAEAAA%3d%3d:29:27)
    at <anonymous> (https://d1hjvew1n9ss7u.cloudfront.net/asset.axd?id=PAEAAB-LCAAAAAAAAAOtj0EPwUAQhf-KzLnsKqu64iBu4oSbOKzt0G2qKztTkQi_3abi6Ob43vfem8wDLIMGxjuLytwM2eCuPOvZ0gRCnrd86k8hgSaGNr5llFE40CdTEyZQXKP_EtuuRREhaA5tJLcIJqM8VSqfZlIO1VilWRYT9puwhStAjyZqIKM4fm1HoPeP333qLi5bYn8RS98wNix2JV6QxNrXRizOwRRGrLbi88ygIngm_1k8YzCOusXD8w1y8dfTPAEAAA%3d%3d:220:1)
    at f (https://d1hjvew1n9ss7u.cloudfront.net/assets/shjs.js?t=639255987001545277:0:10382)
    at fireWith (https://d1hjvew1n9ss7u.cloudfront.net/assets/shjs.js?t=639255987001545277:0:11137)
    at ready (https://d1hjvew1n9ss7u.cloudfront.net/assets/shjs.js?t=639255987001545277:0:5238)
    at r (https://d1hjvew1n9ss7u.cloudfront.net/assets/shjs.js?t=639255987001545277:0:9748)
[  570404ms] [VERBOSE] [DOM] Input elements should have autocomplete attributes (suggested: "current-password"): (More info: https://goo.gl/9p2vKq) %o @ https://www.lolacosmetics.com.br/meu-cacho-minha-vida-shampoo-500ml-ps-19629-30-p45499:0
[  570405ms] [VERBOSE] [DOM] Input elements should have autocomplete attributes (suggested: "current-password"): (More info: https://goo.gl/9p2vKq) %o @ https://www.lolacosmetics.com.br/meu-cacho-minha-vida-shampoo-500ml-ps-19629-30-p45499:0
[  570541ms] [ERROR] Failed to load resource: net::ERR_NAME_NOT_RESOLVED @ https://event.getblue.io/js/blue-tag.min.js:0
[  570597ms] [ERROR] Failed to load resource: the server responded with a status of 404 () @ https://d1hjvew1n9ss7u.cloudfront.net/Custom/Content/Themes/Lola/Agrada/CSS/ajax-loader.gif:0
[  570609ms] [LOG] AffiseStorage availability: {cookie: true, localStorage: true, sessionStorage: true} @ https://rankmediabrasil.g2afse.com/websdk.js:0
[  570610ms] [LOG] Status RNK Media - ClickId: null UTM: null @ :3
[  570660ms] [WARNING] [Meta Pixel] - Invalid parameter format for currency. Please refer https://developers.facebook.com/docs/meta-pixel/reference/ for valid parameter specifications. @ https://connect.facebook.net/en_US/fbevents.js:203
[  571204ms] Uncaught TypeError: Cannot read properties of undefined (reading 'replace')
    at validaFreteGratis (https://d1hjvew1n9ss7u.cloudfront.net/asset.axd?id=PAEAAB-LCAAAAAAAAAOtj0EPwUAQhf-KzLnsKqu64iBu4oSbOKzt0G2qKztTkQi_3abi6Ob43vfem8wDLIMGxjuLytwM2eCuPOvZ0gRCnrd86k8hgSaGNr5llFE40CdTEyZQXKP_EtuuRREhaA5tJLcIJqM8VSqfZlIO1VilWRYT9puwhStAjyZqIKM4fm1HoPeP333qLi5bYn8RS98wNix2JV6QxNrXRizOwRRGrLbi88ygIngm_1k8YzCOusXD8w1y8dfTPAEAAA%3d%3d:1:7633)
    at <anonymous> (https://d1hjvew1n9ss7u.cloudfront.net/asset.axd?id=PAEAAB-LCAAAAAAAAAOtj0EPwUAQhf-KzLnsKqu64iBu4oSbOKzt0G2qKztTkQi_3abi6Ob43vfem8wDLIMGxjuLytwM2eCuPOvZ0gRCnrd86k8hgSaGNr5llFE40CdTEyZQXKP_EtuuRREhaA5tJLcIJqM8VSqfZlIO1VilWRYT9puwhStAjyZqIKM4fm1HoPeP333qLi5bYn8RS98wNix2JV6QxNrXRizOwRRGrLbi88ygIngm_1k8YzCOusXD8w1y8dfTPAEAAA%3d%3d:1:49808)
    at dispatch (https://d1hjvew1n9ss7u.cloudfront.net/assets/shjs.js?t=639255987001545277:0:32701)
    at a (https://d1hjvew1n9ss7u.cloudfront.net/assets/shjs.js?t=639255987001545277:0:28480)
[  571203ms] [LOG] Banner não encontrado: banner-232 @ https://d1hjvew1n9ss7u.cloudfront.net/asset.axd?id=PAEAAB-LCAAAAAAAAAOtj0EPwUAQhf-KzLnsKqu64iBu4oSbOKzt0G2qKztTkQi_3abi6Ob43vfem8wDLIMGxjuLytwM2eCuPOvZ0gRCnrd86k8hgSaGNr5llFE40CdTEyZQXKP_EtuuRREhaA5tJLcIJqM8VSqfZlIO1VilWRYT9puwhStAjyZqIKM4fm1HoPeP333qLi5bYn8RS98wNix2JV6QxNrXRizOwRRGrLbi88ygIngm_1k8YzCOusXD8w1y8dfTPAEAAA%3d%3d:754
[  571233ms] [LOG] %c Widde Video Commerce %c v24604ee %c Build: 21/09/2026 20:39 %c border: 1px solid #2567f8; background: #2567f8; color: #fff; font-weight: bold; padding: 4px 8px; border-radius: 3px 0 0 0; border: 1px solid #2567f8; border-left: none; background: #FFF; color: #2567f8; font-weight: bold; padding: 4px 8px; border: 1px solid #2567f8; border-left: none; background: #f0f0f0; color: #333; font-weight: bold; padding: 4px 8px; border-radius: 0 3px 3px 0; background: transparent @ https://cdn.widde.io/assets/main.utzwjalemu.js:0
[  571594ms] [LOG] %c Tryon Widde.io %c %s %c border: 1px solid #2567f8; background: #2567f8; color: #fff; font-weight: bold; padding: 4px 8px; border-radius: 3px 0 0 3px; border: 1px solid #2567f8; background: #FFF; color: #2567f8; font-weight: bold; padding: 4px 8px; border-radius: 0 3px 3px 0; 47bf7c2 background: transparent @ https://cdn-tryon.widde.io/widde-tryon.js:86
[  571624ms] [LOG] [tryon-tracker] initialized {domain: www.lolacosmetics.com.br} @ https://cdn-tryon.widde.io/widde-tryon.js:8
[  577744ms] [WARNING] Error with Feature-Policy header: Some features are specified in both Feature-Policy and Permissions-Policy header: payment, fullscreen, microphone, camera. Values defined in Permissions-Policy header will be used. @ :0
[  578133ms] [ERROR] Failed to load resource: the server responded with a status of 500 () @ https://fonts.cdnfonts.com/css/leelawade:0
[  578414ms] [ERROR] Failed to load resource: the server responded with a status of 404 () @ https://lolacosmetics.admin.linxcommerce.com.br/Custom/Content/Themes/Lola/Styles/Fonts/FontAwesome/all.css:0
[  578426ms] [LOG] Trustvox rating | PDP: 46375 tipo: 3 @ https://www.lolacosmetics.com.br/morte-subita-oleo-50ml-ps-19629-315-p46375:25
[  578426ms] [LOG] Trustvox rating | ID final usado = 46375 @ https://www.lolacosmetics.com.br/morte-subita-oleo-50ml-ps-19629-315-p46375:25
[  578455ms] [LOG] Trustvox PDP | product: 46375 | type: 3 | usedId: 46375 @ https://www.lolacosmetics.com.br/morte-subita-oleo-50ml-ps-19629-315-p46375:75
[  578506ms] [LOG] Banner não encontrado: banner-232 @ https://d1hjvew1n9ss7u.cloudfront.net/asset.axd?id=PAEAAB-LCAAAAAAAAAOtj0EPwUAQhf-KzLnsKqu64iBu4oSbOKzt0G2qKztTkQi_3abi6Ob43vfem8wDLIMGxjuLytwM2eCuPOvZ0gRCnrd86k8hgSaGNr5llFE40CdTEyZQXKP_EtuuRREhaA5tJLcIJqM8VSqfZlIO1VilWRYT9puwhStAjyZqIKM4fm1HoPeP333qLi5bYn8RS98wNix2JV6QxNrXRizOwRRGrLbi88ygIngm_1k8YzCOusXD8w1y8dfTPAEAAA%3d%3d:754
[  578507ms] [LOG] [Debug Carrinho] Polling ativo @ https://d1hjvew1n9ss7u.cloudfront.net/asset.axd?id=PAEAAB-LCAAAAAAAAAOtj0EPwUAQhf-KzLnsKqu64iBu4oSbOKzt0G2qKztTkQi_3abi6Ob43vfem8wDLIMGxjuLytwM2eCuPOvZ0gRCnrd86k8hgSaGNr5llFE40CdTEyZQXKP_EtuuRREhaA5tJLcIJqM8VSqfZlIO1VilWRYT9puwhStAjyZqIKM4fm1HoPeP333qLi5bYn8RS98wNix2JV6QxNrXRizOwRRGrLbi88ygIngm_1k8YzCOusXD8w1y8dfTPAEAAA%3d%3d:1790
[  578557ms] [LOG] add @ https://d1hjvew1n9ss7u.cloudfront.net/asset.axd?id=PAEAAB-LCAAAAAAAAAOtj0EPwUAQhf-KzLnsKqu64iBu4oSbOKzt0G2qKztTkQi_3abi6Ob43vfem8wDLIMGxjuLytwM2eCuPOvZ0gRCnrd86k8hgSaGNr5llFE40CdTEyZQXKP_EtuuRREhaA5tJLcIJqM8VSqfZlIO1VilWRYT9puwhStAjyZqIKM4fm1HoPeP333qLi5bYn8RS98wNix2JV6QxNrXRizOwRRGrLbi88ygIngm_1k8YzCOusXD8w1y8dfTPAEAAA%3d%3d:1
[  578559ms] [WARNING] !! Há erros de scripts de terceiros !!
Por favor, contate a Empresa responsável pelo script.  @ https://d1hjvew1n9ss7u.cloudfront.net/assets/shjs.js?t=639255987001545277:0
[  578609ms] Uncaught Error: You must pass a string or Handlebars AST to Handlebars.compile. You passed null
    at e.compile (https://d1hjvew1n9ss7u.cloudfront.net/asset.axd?id=PAEAAB-LCAAAAAAAAAOtj0EPwUAQhf-KzLnsKqu64iBu4oSbOKzt0G2qKztTkQi_3abi6Ob43vfem8wDLIMGxjuLytwM2eCuPOvZ0gRCnrd86k8hgSaGNr5llFE40CdTEyZQXKP_EtuuRREhaA5tJLcIJqM8VSqfZlIO1VilWRYT9puwhStAjyZqIKM4fm1HoPeP333qLi5bYn8RS98wNix2JV6QxNrXRizOwRRGrLbi88ygIngm_1k8YzCOusXD8w1y8dfTPAEAAA%3d%3d:1794:49302)
    at i.compile (https://d1hjvew1n9ss7u.cloudfront.net/asset.axd?id=PAEAAB-LCAAAAAAAAAOtj0EPwUAQhf-KzLnsKqu64iBu4oSbOKzt0G2qKztTkQi_3abi6Ob43vfem8wDLIMGxjuLytwM2eCuPOvZ0gRCnrd86k8hgSaGNr5llFE40CdTEyZQXKP_EtuuRREhaA5tJLcIJqM8VSqfZlIO1VilWRYT9puwhStAjyZqIKM4fm1HoPeP333qLi5bYn8RS98wNix2JV6QxNrXRizOwRRGrLbi88ygIngm_1k8YzCOusXD8w1y8dfTPAEAAA%3d%3d:1794:343)
    at renderBasket (https://d1hjvew1n9ss7u.cloudfront.net/asset.axd?id=PAEAAB-LCAAAAAAAAAOtj0EPwUAQhf-KzLnsKqu64iBu4oSbOKzt0G2qKztTkQi_3abi6Ob43vfem8wDLIMGxjuLytwM2eCuPOvZ0gRCnrd86k8hgSaGNr5llFE40CdTEyZQXKP_EtuuRREhaA5tJLcIJqM8VSqfZlIO1VilWRYT9puwhStAjyZqIKM4fm1HoPeP333qLi5bYn8RS98wNix2JV6QxNrXRizOwRRGrLbi88ygIngm_1k8YzCOusXD8w1y8dfTPAEAAA%3d%3d:29:27)
    at <anonymous> (https://d1hjvew1n9ss7u.cloudfront.net/asset.axd?id=PAEAAB-LCAAAAAAAAAOtj0EPwUAQhf-KzLnsKqu64iBu4oSbOKzt0G2qKztTkQi_3abi6Ob43vfem8wDLIMGxjuLytwM2eCuPOvZ0gRCnrd86k8hgSaGNr5llFE40CdTEyZQXKP_EtuuRREhaA5tJLcIJqM8VSqfZlIO1VilWRYT9puwhStAjyZqIKM4fm1HoPeP333qLi5bYn8RS98wNix2JV6QxNrXRizOwRRGrLbi88ygIngm_1k8YzCOusXD8w1y8dfTPAEAAA%3d%3d:220:1)
    at f (https://d1hjvew1n9ss7u.cloudfront.net/assets/shjs.js?t=639255987001545277:0:10382)
    at fireWith (https://d1hjvew1n9ss7u.cloudfront.net/assets/shjs.js?t=639255987001545277:0:11137)
    at ready (https://d1hjvew1n9ss7u.cloudfront.net/assets/shjs.js?t=639255987001545277:0:5238)
    at r (https://d1hjvew1n9ss7u.cloudfront.net/assets/shjs.js?t=639255987001545277:0:9748)
[  578562ms] [VERBOSE] [DOM] Input elements should have autocomplete attributes (suggested: "current-password"): (More info: https://goo.gl/9p2vKq) %o @ https://www.lolacosmetics.com.br/morte-subita-oleo-50ml-ps-19629-315-p46375:0
[  578562ms] [VERBOSE] [DOM] Input elements should have autocomplete attributes (suggested: "current-password"): (More info: https://goo.gl/9p2vKq) %o @ https://www.lolacosmetics.com.br/morte-subita-oleo-50ml-ps-19629-315-p46375:0
[  578640ms] [ERROR] Failed to load resource: net::ERR_NAME_NOT_RESOLVED @ https://event.getblue.io/js/blue-tag.min.js:0
[  578693ms] [LOG] AffiseStorage availability: {cookie: true, localStorage: true, sessionStorage: true} @ https://rankmediabrasil.g2afse.com/websdk.js:0
[  578696ms] [LOG] Status RNK Media - ClickId: null UTM: null @ :3
[  578774ms] [ERROR] Failed to load resource: the server responded with a status of 404 () @ https://d1hjvew1n9ss7u.cloudfront.net/Custom/Content/Themes/Lola/Agrada/CSS/ajax-loader.gif:0
[  578800ms] [WARNING] [Meta Pixel] - Invalid parameter format for currency. Please refer https://developers.facebook.com/docs/meta-pixel/reference/ for valid parameter specifications. @ https://connect.facebook.net/en_US/fbevents.js:203
[  579099ms] Uncaught TypeError: Cannot read properties of undefined (reading 'replace')
    at validaFreteGratis (https://d1hjvew1n9ss7u.cloudfront.net/asset.axd?id=PAEAAB-LCAAAAAAAAAOtj0EPwUAQhf-KzLnsKqu64iBu4oSbOKzt0G2qKztTkQi_3abi6Ob43vfem8wDLIMGxjuLytwM2eCuPOvZ0gRCnrd86k8hgSaGNr5llFE40CdTEyZQXKP_EtuuRREhaA5tJLcIJqM8VSqfZlIO1VilWRYT9puwhStAjyZqIKM4fm1HoPeP333qLi5bYn8RS98wNix2JV6QxNrXRizOwRRGrLbi88ygIngm_1k8YzCOusXD8w1y8dfTPAEAAA%3d%3d:1:7633)
    at <anonymous> (https://d1hjvew1n9ss7u.cloudfront.net/asset.axd?id=PAEAAB-LCAAAAAAAAAOtj0EPwUAQhf-KzLnsKqu64iBu4oSbOKzt0G2qKztTkQi_3abi6Ob43vfem8wDLIMGxjuLytwM2eCuPOvZ0gRCnrd86k8hgSaGNr5llFE40CdTEyZQXKP_EtuuRREhaA5tJLcIJqM8VSqfZlIO1VilWRYT9puwhStAjyZqIKM4fm1HoPeP333qLi5bYn8RS98wNix2JV6QxNrXRizOwRRGrLbi88ygIngm_1k8YzCOusXD8w1y8dfTPAEAAA%3d%3d:1:49808)
    at dispatch (https://d1hjvew1n9ss7u.cloudfront.net/assets/shjs.js?t=639255987001545277:0:32701)
    at a (https://d1hjvew1n9ss7u.cloudfront.net/assets/shjs.js?t=639255987001545277:0:28480)
[  579097ms] [LOG] Banner não encontrado: banner-232 @ https://d1hjvew1n9ss7u.cloudfront.net/asset.axd?id=PAEAAB-LCAAAAAAAAAOtj0EPwUAQhf-KzLnsKqu64iBu4oSbOKzt0G2qKztTkQi_3abi6Ob43vfem8wDLIMGxjuLytwM2eCuPOvZ0gRCnrd86k8hgSaGNr5llFE40CdTEyZQXKP_EtuuRREhaA5tJLcIJqM8VSqfZlIO1VilWRYT9puwhStAjyZqIKM4fm1HoPeP333qLi5bYn8RS98wNix2JV6QxNrXRizOwRRGrLbi88ygIngm_1k8YzCOusXD8w1y8dfTPAEAAA%3d%3d:754
[  579119ms] [LOG] %c Widde Video Commerce %c v24604ee %c Build: 21/09/2026 20:39 %c border: 1px solid #2567f8; background: #2567f8; color: #fff; font-weight: bold; padding: 4px 8px; border-radius: 3px 0 0 0; border: 1px solid #2567f8; border-left: none; background: #FFF; color: #2567f8; font-weight: bold; padding: 4px 8px; border: 1px solid #2567f8; border-left: none; background: #f0f0f0; color: #333; font-weight: bold; padding: 4px 8px; border-radius: 0 3px 3px 0; background: transparent @ https://cdn.widde.io/assets/main.utzwjalemu.js:0
[  579301ms] [LOG] %c Tryon Widde.io %c %s %c border: 1px solid #2567f8; background: #2567f8; color: #fff; font-weight: bold; padding: 4px 8px; border-radius: 3px 0 0 3px; border: 1px solid #2567f8; background: #FFF; color: #2567f8; font-weight: bold; padding: 4px 8px; border-radius: 0 3px 3px 0; 47bf7c2 background: transparent @ https://cdn-tryon.widde.io/widde-tryon.js:86
[  579343ms] [LOG] [tryon-tracker] initialized {domain: www.lolacosmetics.com.br} @ https://cdn-tryon.widde.io/widde-tryon.js:8
[  585553ms] [WARNING] Error with Feature-Policy header: Some features are specified in both Feature-Policy and Permissions-Policy header: payment, fullscreen, microphone, camera. Values defined in Permissions-Policy header will be used. @ :0
[  585835ms] [ERROR] Failed to load resource: the server responded with a status of 500 () @ https://fonts.cdnfonts.com/css/leelawade:0
[  586226ms] [ERROR] Failed to load resource: the server responded with a status of 404 () @ https://lolacosmetics.admin.linxcommerce.com.br/Custom/Content/Themes/Lola/Styles/Fonts/FontAwesome/all.css:0
[  586232ms] [LOG] Trustvox rating | PDP: 46295 tipo: 3 @ https://www.lolacosmetics.com.br/necessaire-doce-vida-ps-19629-293-p46295:1
[  586232ms] [LOG] Trustvox rating | ID final usado = 46295 @ https://www.lolacosmetics.com.br/necessaire-doce-vida-ps-19629-293-p46295:1
[  586233ms] [LOG] Trustvox PDP | product: 46295 | type: 3 | usedId: 46295 @ https://www.lolacosmetics.com.br/necessaire-doce-vida-ps-19629-293-p46295:1
[  586267ms] [LOG] Banner não encontrado: banner-232 @ https://d1hjvew1n9ss7u.cloudfront.net/asset.axd?id=PAEAAB-LCAAAAAAAAAOtj0EPwUAQhf-KzLnsKqu64iBu4oSbOKzt0G2qKztTkQi_3abi6Ob43vfem8wDLIMGxjuLytwM2eCuPOvZ0gRCnrd86k8hgSaGNr5llFE40CdTEyZQXKP_EtuuRREhaA5tJLcIJqM8VSqfZlIO1VilWRYT9puwhStAjyZqIKM4fm1HoPeP333qLi5bYn8RS98wNix2JV6QxNrXRizOwRRGrLbi88ygIngm_1k8YzCOusXD8w1y8dfTPAEAAA%3d%3d:754
[  586268ms] [LOG] [Debug Carrinho] Polling ativo @ https://d1hjvew1n9ss7u.cloudfront.net/asset.axd?id=PAEAAB-LCAAAAAAAAAOtj0EPwUAQhf-KzLnsKqu64iBu4oSbOKzt0G2qKztTkQi_3abi6Ob43vfem8wDLIMGxjuLytwM2eCuPOvZ0gRCnrd86k8hgSaGNr5llFE40CdTEyZQXKP_EtuuRREhaA5tJLcIJqM8VSqfZlIO1VilWRYT9puwhStAjyZqIKM4fm1HoPeP333qLi5bYn8RS98wNix2JV6QxNrXRizOwRRGrLbi88ygIngm_1k8YzCOusXD8w1y8dfTPAEAAA%3d%3d:1790
[  586319ms] [LOG] add @ https://d1hjvew1n9ss7u.cloudfront.net/asset.axd?id=PAEAAB-LCAAAAAAAAAOtj0EPwUAQhf-KzLnsKqu64iBu4oSbOKzt0G2qKztTkQi_3abi6Ob43vfem8wDLIMGxjuLytwM2eCuPOvZ0gRCnrd86k8hgSaGNr5llFE40CdTEyZQXKP_EtuuRREhaA5tJLcIJqM8VSqfZlIO1VilWRYT9puwhStAjyZqIKM4fm1HoPeP333qLi5bYn8RS98wNix2JV6QxNrXRizOwRRGrLbi88ygIngm_1k8YzCOusXD8w1y8dfTPAEAAA%3d%3d:1
[  586320ms] [WARNING] !! Há erros de scripts de terceiros !!
Por favor, contate a Empresa responsável pelo script.  @ https://d1hjvew1n9ss7u.cloudfront.net/assets/shjs.js?t=639255987001545277:0
[  586321ms] Uncaught Error: You must pass a string or Handlebars AST to Handlebars.compile. You passed null
    at e.compile (https://d1hjvew1n9ss7u.cloudfront.net/asset.axd?id=PAEAAB-LCAAAAAAAAAOtj0EPwUAQhf-KzLnsKqu64iBu4oSbOKzt0G2qKztTkQi_3abi6Ob43vfem8wDLIMGxjuLytwM2eCuPOvZ0gRCnrd86k8hgSaGNr5llFE40CdTEyZQXKP_EtuuRREhaA5tJLcIJqM8VSqfZlIO1VilWRYT9puwhStAjyZqIKM4fm1HoPeP333qLi5bYn8RS98wNix2JV6QxNrXRizOwRRGrLbi88ygIngm_1k8YzCOusXD8w1y8dfTPAEAAA%3d%3d:1794:49302)
    at i.compile (https://d1hjvew1n9ss7u.cloudfront.net/asset.axd?id=PAEAAB-LCAAAAAAAAAOtj0EPwUAQhf-KzLnsKqu64iBu4oSbOKzt0G2qKztTkQi_3abi6Ob43vfem8wDLIMGxjuLytwM2eCuPOvZ0gRCnrd86k8hgSaGNr5llFE40CdTEyZQXKP_EtuuRREhaA5tJLcIJqM8VSqfZlIO1VilWRYT9puwhStAjyZqIKM4fm1HoPeP333qLi5bYn8RS98wNix2JV6QxNrXRizOwRRGrLbi88ygIngm_1k8YzCOusXD8w1y8dfTPAEAAA%3d%3d:1794:343)
    at renderBasket (https://d1hjvew1n9ss7u.cloudfront.net/asset.axd?id=PAEAAB-LCAAAAAAAAAOtj0EPwUAQhf-KzLnsKqu64iBu4oSbOKzt0G2qKztTkQi_3abi6Ob43vfem8wDLIMGxjuLytwM2eCuPOvZ0gRCnrd86k8hgSaGNr5llFE40CdTEyZQXKP_EtuuRREhaA5tJLcIJqM8VSqfZlIO1VilWRYT9puwhStAjyZqIKM4fm1HoPeP333qLi5bYn8RS98wNix2JV6QxNrXRizOwRRGrLbi88ygIngm_1k8YzCOusXD8w1y8dfTPAEAAA%3d%3d:29:27)
    at <anonymous> (https://d1hjvew1n9ss7u.cloudfront.net/asset.axd?id=PAEAAB-LCAAAAAAAAAOtj0EPwUAQhf-KzLnsKqu64iBu4oSbOKzt0G2qKztTkQi_3abi6Ob43vfem8wDLIMGxjuLytwM2eCuPOvZ0gRCnrd86k8hgSaGNr5llFE40CdTEyZQXKP_EtuuRREhaA5tJLcIJqM8VSqfZlIO1VilWRYT9puwhStAjyZqIKM4fm1HoPeP333qLi5bYn8RS98wNix2JV6QxNrXRizOwRRGrLbi88ygIngm_1k8YzCOusXD8w1y8dfTPAEAAA%3d%3d:220:1)
    at f (https://d1hjvew1n9ss7u.cloudfront.net/assets/shjs.js?t=639255987001545277:0:10382)
    at fireWith (https://d1hjvew1n9ss7u.cloudfront.net/assets/shjs.js?t=639255987001545277:0:11137)
    at ready (https://d1hjvew1n9ss7u.cloudfront.net/assets/shjs.js?t=639255987001545277:0:5238)
    at r (https://d1hjvew1n9ss7u.cloudfront.net/assets/shjs.js?t=639255987001545277:0:9748)
[  586323ms] [VERBOSE] [DOM] Input elements should have autocomplete attributes (suggested: "current-password"): (More info: https://goo.gl/9p2vKq) %o @ https://www.lolacosmetics.com.br/necessaire-doce-vida-ps-19629-293-p46295:0
[  586323ms] [VERBOSE] [DOM] Input elements should have autocomplete attributes (suggested: "current-password"): (More info: https://goo.gl/9p2vKq) %o @ https://www.lolacosmetics.com.br/necessaire-doce-vida-ps-19629-293-p46295:0
[  586425ms] [ERROR] Failed to load resource: net::ERR_NAME_NOT_RESOLVED @ https://event.getblue.io/js/blue-tag.min.js:0
[  586495ms] [LOG] AffiseStorage availability: {cookie: true, localStorage: true, sessionStorage: true} @ https://rankmediabrasil.g2afse.com/websdk.js:0
[  586496ms] [LOG] Status RNK Media - ClickId: null UTM: null @ :3
[  586513ms] [WARNING] [Meta Pixel] - Invalid parameter format for currency. Please refer https://developers.facebook.com/docs/meta-pixel/reference/ for valid parameter specifications. @ https://connect.facebook.net/en_US/fbevents.js:203
[  586526ms] [ERROR] Failed to load resource: the server responded with a status of 404 () @ https://d1hjvew1n9ss7u.cloudfront.net/Custom/Content/Themes/Lola/Agrada/CSS/ajax-loader.gif:0
[  586790ms] Uncaught TypeError: Cannot read properties of undefined (reading 'replace')
    at validaFreteGratis (https://d1hjvew1n9ss7u.cloudfront.net/asset.axd?id=PAEAAB-LCAAAAAAAAAOtj0EPwUAQhf-KzLnsKqu64iBu4oSbOKzt0G2qKztTkQi_3abi6Ob43vfem8wDLIMGxjuLytwM2eCuPOvZ0gRCnrd86k8hgSaGNr5llFE40CdTEyZQXKP_EtuuRREhaA5tJLcIJqM8VSqfZlIO1VilWRYT9puwhStAjyZqIKM4fm1HoPeP333qLi5bYn8RS98wNix2JV6QxNrXRizOwRRGrLbi88ygIngm_1k8YzCOusXD8w1y8dfTPAEAAA%3d%3d:1:7633)
    at <anonymous> (https://d1hjvew1n9ss7u.cloudfront.net/asset.axd?id=PAEAAB-LCAAAAAAAAAOtj0EPwUAQhf-KzLnsKqu64iBu4oSbOKzt0G2qKztTkQi_3abi6Ob43vfem8wDLIMGxjuLytwM2eCuPOvZ0gRCnrd86k8hgSaGNr5llFE40CdTEyZQXKP_EtuuRREhaA5tJLcIJqM8VSqfZlIO1VilWRYT9puwhStAjyZqIKM4fm1HoPeP333qLi5bYn8RS98wNix2JV6QxNrXRizOwRRGrLbi88ygIngm_1k8YzCOusXD8w1y8dfTPAEAAA%3d%3d:1:49808)
    at dispatch (https://d1hjvew1n9ss7u.cloudfront.net/assets/shjs.js?t=639255987001545277:0:32701)
    at a (https://d1hjvew1n9ss7u.cloudfront.net/assets/shjs.js?t=639255987001545277:0:28480)
[  586788ms] [LOG] Banner não encontrado: banner-232 @ https://d1hjvew1n9ss7u.cloudfront.net/asset.axd?id=PAEAAB-LCAAAAAAAAAOtj0EPwUAQhf-KzLnsKqu64iBu4oSbOKzt0G2qKztTkQi_3abi6Ob43vfem8wDLIMGxjuLytwM2eCuPOvZ0gRCnrd86k8hgSaGNr5llFE40CdTEyZQXKP_EtuuRREhaA5tJLcIJqM8VSqfZlIO1VilWRYT9puwhStAjyZqIKM4fm1HoPeP333qLi5bYn8RS98wNix2JV6QxNrXRizOwRRGrLbi88ygIngm_1k8YzCOusXD8w1y8dfTPAEAAA%3d%3d:754
[  586808ms] [LOG] %c Widde Video Commerce %c v24604ee %c Build: 21/09/2026 20:39 %c border: 1px solid #2567f8; background: #2567f8; color: #fff; font-weight: bold; padding: 4px 8px; border-radius: 3px 0 0 0; border: 1px solid #2567f8; border-left: none; background: #FFF; color: #2567f8; font-weight: bold; padding: 4px 8px; border: 1px solid #2567f8; border-left: none; background: #f0f0f0; color: #333; font-weight: bold; padding: 4px 8px; border-radius: 0 3px 3px 0; background: transparent @ https://cdn.widde.io/assets/main.utzwjalemu.js:0
[  586989ms] [LOG] %c Tryon Widde.io %c %s %c border: 1px solid #2567f8; background: #2567f8; color: #fff; font-weight: bold; padding: 4px 8px; border-radius: 3px 0 0 3px; border: 1px solid #2567f8; background: #FFF; color: #2567f8; font-weight: bold; padding: 4px 8px; border-radius: 0 3px 3px 0; 47bf7c2 background: transparent @ https://cdn-tryon.widde.io/widde-tryon.js:86
[  587062ms] [LOG] [tryon-tracker] initialized {domain: www.lolacosmetics.com.br} @ https://cdn-tryon.widde.io/widde-tryon.js:8
[  593168ms] [WARNING] Error with Feature-Policy header: Some features are specified in both Feature-Policy and Permissions-Policy header: payment, fullscreen, microphone, camera. Values defined in Permissions-Policy header will be used. @ :0
[  593448ms] [ERROR] Failed to load resource: the server responded with a status of 500 () @ https://fonts.cdnfonts.com/css/leelawade:0
[  593707ms] [ERROR] Failed to load resource: the server responded with a status of 404 () @ https://lolacosmetics.admin.linxcommerce.com.br/Custom/Content/Themes/Lola/Styles/Fonts/FontAwesome/all.css:0
[  593717ms] [LOG] Trustvox rating | PDP: 46202 tipo: 3 @ https://www.lolacosmetics.com.br/necessaire-ghee-ps-19629-270-p46202:1
[  593717ms] [LOG] Trustvox rating | ID final usado = 46202 @ https://www.lolacosmetics.com.br/necessaire-ghee-ps-19629-270-p46202:1
[  593718ms] [LOG] Trustvox PDP | product: 46202 | type: 3 | usedId: 46202 @ https://www.lolacosmetics.com.br/necessaire-ghee-ps-19629-270-p46202:1
[  593759ms] [LOG] Banner não encontrado: banner-232 @ https://d1hjvew1n9ss7u.cloudfront.net/asset.axd?id=PAEAAB-LCAAAAAAAAAOtj0EPwUAQhf-KzLnsKqu64iBu4oSbOKzt0G2qKztTkQi_3abi6Ob43vfem8wDLIMGxjuLytwM2eCuPOvZ0gRCnrd86k8hgSaGNr5llFE40CdTEyZQXKP_EtuuRREhaA5tJLcIJqM8VSqfZlIO1VilWRYT9puwhStAjyZqIKM4fm1HoPeP333qLi5bYn8RS98wNix2JV6QxNrXRizOwRRGrLbi88ygIngm_1k8YzCOusXD8w1y8dfTPAEAAA%3d%3d:754
[  593761ms] [LOG] [Debug Carrinho] Polling ativo @ https://d1hjvew1n9ss7u.cloudfront.net/asset.axd?id=PAEAAB-LCAAAAAAAAAOtj0EPwUAQhf-KzLnsKqu64iBu4oSbOKzt0G2qKztTkQi_3abi6Ob43vfem8wDLIMGxjuLytwM2eCuPOvZ0gRCnrd86k8hgSaGNr5llFE40CdTEyZQXKP_EtuuRREhaA5tJLcIJqM8VSqfZlIO1VilWRYT9puwhStAjyZqIKM4fm1HoPeP333qLi5bYn8RS98wNix2JV6QxNrXRizOwRRGrLbi88ygIngm_1k8YzCOusXD8w1y8dfTPAEAAA%3d%3d:1790
[  593813ms] [LOG] add @ https://d1hjvew1n9ss7u.cloudfront.net/asset.axd?id=PAEAAB-LCAAAAAAAAAOtj0EPwUAQhf-KzLnsKqu64iBu4oSbOKzt0G2qKztTkQi_3abi6Ob43vfem8wDLIMGxjuLytwM2eCuPOvZ0gRCnrd86k8hgSaGNr5llFE40CdTEyZQXKP_EtuuRREhaA5tJLcIJqM8VSqfZlIO1VilWRYT9puwhStAjyZqIKM4fm1HoPeP333qLi5bYn8RS98wNix2JV6QxNrXRizOwRRGrLbi88ygIngm_1k8YzCOusXD8w1y8dfTPAEAAA%3d%3d:1
[  593814ms] [WARNING] !! Há erros de scripts de terceiros !!
Por favor, contate a Empresa responsável pelo script.  @ https://d1hjvew1n9ss7u.cloudfront.net/assets/shjs.js?t=639255987001545277:0
[  593815ms] Uncaught Error: You must pass a string or Handlebars AST to Handlebars.compile. You passed null
    at e.compile (https://d1hjvew1n9ss7u.cloudfront.net/asset.axd?id=PAEAAB-LCAAAAAAAAAOtj0EPwUAQhf-KzLnsKqu64iBu4oSbOKzt0G2qKztTkQi_3abi6Ob43vfem8wDLIMGxjuLytwM2eCuPOvZ0gRCnrd86k8hgSaGNr5llFE40CdTEyZQXKP_EtuuRREhaA5tJLcIJqM8VSqfZlIO1VilWRYT9puwhStAjyZqIKM4fm1HoPeP333qLi5bYn8RS98wNix2JV6QxNrXRizOwRRGrLbi88ygIngm_1k8YzCOusXD8w1y8dfTPAEAAA%3d%3d:1794:49302)
    at i.compile (https://d1hjvew1n9ss7u.cloudfront.net/asset.axd?id=PAEAAB-LCAAAAAAAAAOtj0EPwUAQhf-KzLnsKqu64iBu4oSbOKzt0G2qKztTkQi_3abi6Ob43vfem8wDLIMGxjuLytwM2eCuPOvZ0gRCnrd86k8hgSaGNr5llFE40CdTEyZQXKP_EtuuRREhaA5tJLcIJqM8VSqfZlIO1VilWRYT9puwhStAjyZqIKM4fm1HoPeP333qLi5bYn8RS98wNix2JV6QxNrXRizOwRRGrLbi88ygIngm_1k8YzCOusXD8w1y8dfTPAEAAA%3d%3d:1794:343)
    at renderBasket (https://d1hjvew1n9ss7u.cloudfront.net/asset.axd?id=PAEAAB-LCAAAAAAAAAOtj0EPwUAQhf-KzLnsKqu64iBu4oSbOKzt0G2qKztTkQi_3abi6Ob43vfem8wDLIMGxjuLytwM2eCuPOvZ0gRCnrd86k8hgSaGNr5llFE40CdTEyZQXKP_EtuuRREhaA5tJLcIJqM8VSqfZlIO1VilWRYT9puwhStAjyZqIKM4fm1HoPeP333qLi5bYn8RS98wNix2JV6QxNrXRizOwRRGrLbi88ygIngm_1k8YzCOusXD8w1y8dfTPAEAAA%3d%3d:29:27)
    at <anonymous> (https://d1hjvew1n9ss7u.cloudfront.net/asset.axd?id=PAEAAB-LCAAAAAAAAAOtj0EPwUAQhf-KzLnsKqu64iBu4oSbOKzt0G2qKztTkQi_3abi6Ob43vfem8wDLIMGxjuLytwM2eCuPOvZ0gRCnrd86k8hgSaGNr5llFE40CdTEyZQXKP_EtuuRREhaA5tJLcIJqM8VSqfZlIO1VilWRYT9puwhStAjyZqIKM4fm1HoPeP333qLi5bYn8RS98wNix2JV6QxNrXRizOwRRGrLbi88ygIngm_1k8YzCOusXD8w1y8dfTPAEAAA%3d%3d:220:1)
    at f (https://d1hjvew1n9ss7u.cloudfront.net/assets/shjs.js?t=639255987001545277:0:10382)
    at fireWith (https://d1hjvew1n9ss7u.cloudfront.net/assets/shjs.js?t=639255987001545277:0:11137)
    at ready (https://d1hjvew1n9ss7u.cloudfront.net/assets/shjs.js?t=639255987001545277:0:5238)
    at r (https://d1hjvew1n9ss7u.cloudfront.net/assets/shjs.js?t=639255987001545277:0:9748)
[  593816ms] [VERBOSE] [DOM] Input elements should have autocomplete attributes (suggested: "current-password"): (More info: https://goo.gl/9p2vKq) %o @ https://www.lolacosmetics.com.br/necessaire-ghee-ps-19629-270-p46202:0
[  593816ms] [VERBOSE] [DOM] Input elements should have autocomplete attributes (suggested: "current-password"): (More info: https://goo.gl/9p2vKq) %o @ https://www.lolacosmetics.com.br/necessaire-ghee-ps-19629-270-p46202:0
[  593919ms] [ERROR] Failed to load resource: net::ERR_NAME_NOT_RESOLVED @ https://event.getblue.io/js/blue-tag.min.js:0
[  593984ms] [LOG] AffiseStorage availability: {cookie: true, localStorage: true, sessionStorage: true} @ https://rankmediabrasil.g2afse.com/websdk.js:0
[  593987ms] [LOG] Status RNK Media - ClickId: null UTM: null @ :3
[  594006ms] [ERROR] Failed to load resource: the server responded with a status of 404 () @ https://d1hjvew1n9ss7u.cloudfront.net/Custom/Content/Themes/Lola/Agrada/CSS/ajax-loader.gif:0
[  594029ms] [WARNING] [Meta Pixel] - Invalid parameter format for currency. Please refer https://developers.facebook.com/docs/meta-pixel/reference/ for valid parameter specifications. @ https://connect.facebook.net/en_US/fbevents.js:203
[  594363ms] Uncaught TypeError: Cannot read properties of undefined (reading 'replace')
    at validaFreteGratis (https://d1hjvew1n9ss7u.cloudfront.net/asset.axd?id=PAEAAB-LCAAAAAAAAAOtj0EPwUAQhf-KzLnsKqu64iBu4oSbOKzt0G2qKztTkQi_3abi6Ob43vfem8wDLIMGxjuLytwM2eCuPOvZ0gRCnrd86k8hgSaGNr5llFE40CdTEyZQXKP_EtuuRREhaA5tJLcIJqM8VSqfZlIO1VilWRYT9puwhStAjyZqIKM4fm1HoPeP333qLi5bYn8RS98wNix2JV6QxNrXRizOwRRGrLbi88ygIngm_1k8YzCOusXD8w1y8dfTPAEAAA%3d%3d:1:7633)
    at <anonymous> (https://d1hjvew1n9ss7u.cloudfront.net/asset.axd?id=PAEAAB-LCAAAAAAAAAOtj0EPwUAQhf-KzLnsKqu64iBu4oSbOKzt0G2qKztTkQi_3abi6Ob43vfem8wDLIMGxjuLytwM2eCuPOvZ0gRCnrd86k8hgSaGNr5llFE40CdTEyZQXKP_EtuuRREhaA5tJLcIJqM8VSqfZlIO1VilWRYT9puwhStAjyZqIKM4fm1HoPeP333qLi5bYn8RS98wNix2JV6QxNrXRizOwRRGrLbi88ygIngm_1k8YzCOusXD8w1y8dfTPAEAAA%3d%3d:1:49808)
    at dispatch (https://d1hjvew1n9ss7u.cloudfront.net/assets/shjs.js?t=639255987001545277:0:32701)
    at a (https://d1hjvew1n9ss7u.cloudfront.net/assets/shjs.js?t=639255987001545277:0:28480)
[  594362ms] [LOG] Banner não encontrado: banner-232 @ https://d1hjvew1n9ss7u.cloudfront.net/asset.axd?id=PAEAAB-LCAAAAAAAAAOtj0EPwUAQhf-KzLnsKqu64iBu4oSbOKzt0G2qKztTkQi_3abi6Ob43vfem8wDLIMGxjuLytwM2eCuPOvZ0gRCnrd86k8hgSaGNr5llFE40CdTEyZQXKP_EtuuRREhaA5tJLcIJqM8VSqfZlIO1VilWRYT9puwhStAjyZqIKM4fm1HoPeP333qLi5bYn8RS98wNix2JV6QxNrXRizOwRRGrLbi88ygIngm_1k8YzCOusXD8w1y8dfTPAEAAA%3d%3d:754
[  594390ms] [LOG] %c Widde Video Commerce %c v24604ee %c Build: 21/09/2026 20:39 %c border: 1px solid #2567f8; background: #2567f8; color: #fff; font-weight: bold; padding: 4px 8px; border-radius: 3px 0 0 0; border: 1px solid #2567f8; border-left: none; background: #FFF; color: #2567f8; font-weight: bold; padding: 4px 8px; border: 1px solid #2567f8; border-left: none; background: #f0f0f0; color: #333; font-weight: bold; padding: 4px 8px; border-radius: 0 3px 3px 0; background: transparent @ https://cdn.widde.io/assets/main.utzwjalemu.js:0
[  594540ms] [LOG] %c Tryon Widde.io %c %s %c border: 1px solid #2567f8; background: #2567f8; color: #fff; font-weight: bold; padding: 4px 8px; border-radius: 3px 0 0 3px; border: 1px solid #2567f8; background: #FFF; color: #2567f8; font-weight: bold; padding: 4px 8px; border-radius: 0 3px 3px 0; 47bf7c2 background: transparent @ https://cdn-tryon.widde.io/widde-tryon.js:86
[  594559ms] [LOG] [tryon-tracker] initialized {domain: www.lolacosmetics.com.br} @ https://cdn-tryon.widde.io/widde-tryon.js:8
[  600824ms] [WARNING] Error with Feature-Policy header: Some features are specified in both Feature-Policy and Permissions-Policy header: payment, fullscreen, microphone, camera. Values defined in Permissions-Policy header will be used. @ :0
[  601104ms] [ERROR] Failed to load resource: the server responded with a status of 500 () @ https://fonts.cdnfonts.com/css/leelawade:0
[  601362ms] [ERROR] Failed to load resource: the server responded with a status of 404 () @ https://lolacosmetics.admin.linxcommerce.com.br/Custom/Content/Themes/Lola/Styles/Fonts/FontAwesome/all.css:0
[  601368ms] [LOG] Trustvox rating | PDP: 46369 tipo: 3 @ https://www.lolacosmetics.com.br/ondulados-creme-texturizador-450g-ps-19629-312-p46369:15
[  601368ms] [LOG] Trustvox rating | ID final usado = 46369 @ https://www.lolacosmetics.com.br/ondulados-creme-texturizador-450g-ps-19629-312-p46369:15
[  601370ms] [LOG] Trustvox PDP | product: 46369 | type: 3 | usedId: 46369 @ https://www.lolacosmetics.com.br/ondulados-creme-texturizador-450g-ps-19629-312-p46369:42
[  601410ms] [LOG] Banner não encontrado: banner-232 @ https://d1hjvew1n9ss7u.cloudfront.net/asset.axd?id=PAEAAB-LCAAAAAAAAAOtj0EPwUAQhf-KzLnsKqu64iBu4oSbOKzt0G2qKztTkQi_3abi6Ob43vfem8wDLIMGxjuLytwM2eCuPOvZ0gRCnrd86k8hgSaGNr5llFE40CdTEyZQXKP_EtuuRREhaA5tJLcIJqM8VSqfZlIO1VilWRYT9puwhStAjyZqIKM4fm1HoPeP333qLi5bYn8RS98wNix2JV6QxNrXRizOwRRGrLbi88ygIngm_1k8YzCOusXD8w1y8dfTPAEAAA%3d%3d:754
[  601412ms] [LOG] [Debug Carrinho] Polling ativo @ https://d1hjvew1n9ss7u.cloudfront.net/asset.axd?id=PAEAAB-LCAAAAAAAAAOtj0EPwUAQhf-KzLnsKqu64iBu4oSbOKzt0G2qKztTkQi_3abi6Ob43vfem8wDLIMGxjuLytwM2eCuPOvZ0gRCnrd86k8hgSaGNr5llFE40CdTEyZQXKP_EtuuRREhaA5tJLcIJqM8VSqfZlIO1VilWRYT9puwhStAjyZqIKM4fm1HoPeP333qLi5bYn8RS98wNix2JV6QxNrXRizOwRRGrLbi88ygIngm_1k8YzCOusXD8w1y8dfTPAEAAA%3d%3d:1790
[  601469ms] [LOG] add @ https://d1hjvew1n9ss7u.cloudfront.net/asset.axd?id=PAEAAB-LCAAAAAAAAAOtj0EPwUAQhf-KzLnsKqu64iBu4oSbOKzt0G2qKztTkQi_3abi6Ob43vfem8wDLIMGxjuLytwM2eCuPOvZ0gRCnrd86k8hgSaGNr5llFE40CdTEyZQXKP_EtuuRREhaA5tJLcIJqM8VSqfZlIO1VilWRYT9puwhStAjyZqIKM4fm1HoPeP333qLi5bYn8RS98wNix2JV6QxNrXRizOwRRGrLbi88ygIngm_1k8YzCOusXD8w1y8dfTPAEAAA%3d%3d:1
[  601470ms] [WARNING] !! Há erros de scripts de terceiros !!
Por favor, contate a Empresa responsável pelo script.  @ https://d1hjvew1n9ss7u.cloudfront.net/assets/shjs.js?t=639255987001545277:0
[  601471ms] Uncaught Error: You must pass a string or Handlebars AST to Handlebars.compile. You passed null
    at e.compile (https://d1hjvew1n9ss7u.cloudfront.net/asset.axd?id=PAEAAB-LCAAAAAAAAAOtj0EPwUAQhf-KzLnsKqu64iBu4oSbOKzt0G2qKztTkQi_3abi6Ob43vfem8wDLIMGxjuLytwM2eCuPOvZ0gRCnrd86k8hgSaGNr5llFE40CdTEyZQXKP_EtuuRREhaA5tJLcIJqM8VSqfZlIO1VilWRYT9puwhStAjyZqIKM4fm1HoPeP333qLi5bYn8RS98wNix2JV6QxNrXRizOwRRGrLbi88ygIngm_1k8YzCOusXD8w1y8dfTPAEAAA%3d%3d:1794:49302)
    at i.compile (https://d1hjvew1n9ss7u.cloudfront.net/asset.axd?id=PAEAAB-LCAAAAAAAAAOtj0EPwUAQhf-KzLnsKqu64iBu4oSbOKzt0G2qKztTkQi_3abi6Ob43vfem8wDLIMGxjuLytwM2eCuPOvZ0gRCnrd86k8hgSaGNr5llFE40CdTEyZQXKP_EtuuRREhaA5tJLcIJqM8VSqfZlIO1VilWRYT9puwhStAjyZqIKM4fm1HoPeP333qLi5bYn8RS98wNix2JV6QxNrXRizOwRRGrLbi88ygIngm_1k8YzCOusXD8w1y8dfTPAEAAA%3d%3d:1794:343)
    at renderBasket (https://d1hjvew1n9ss7u.cloudfront.net/asset.axd?id=PAEAAB-LCAAAAAAAAAOtj0EPwUAQhf-KzLnsKqu64iBu4oSbOKzt0G2qKztTkQi_3abi6Ob43vfem8wDLIMGxjuLytwM2eCuPOvZ0gRCnrd86k8hgSaGNr5llFE40CdTEyZQXKP_EtuuRREhaA5tJLcIJqM8VSqfZlIO1VilWRYT9puwhStAjyZqIKM4fm1HoPeP333qLi5bYn8RS98wNix2JV6QxNrXRizOwRRGrLbi88ygIngm_1k8YzCOusXD8w1y8dfTPAEAAA%3d%3d:29:27)
    at <anonymous> (https://d1hjvew1n9ss7u.cloudfront.net/asset.axd?id=PAEAAB-LCAAAAAAAAAOtj0EPwUAQhf-KzLnsKqu64iBu4oSbOKzt0G2qKztTkQi_3abi6Ob43vfem8wDLIMGxjuLytwM2eCuPOvZ0gRCnrd86k8hgSaGNr5llFE40CdTEyZQXKP_EtuuRREhaA5tJLcIJqM8VSqfZlIO1VilWRYT9puwhStAjyZqIKM4fm1HoPeP333qLi5bYn8RS98wNix2JV6QxNrXRizOwRRGrLbi88ygIngm_1k8YzCOusXD8w1y8dfTPAEAAA%3d%3d:220:1)
    at f (https://d1hjvew1n9ss7u.cloudfront.net/assets/shjs.js?t=639255987001545277:0:10382)
    at fireWith (https://d1hjvew1n9ss7u.cloudfront.net/assets/shjs.js?t=639255987001545277:0:11137)
    at ready (https://d1hjvew1n9ss7u.cloudfront.net/assets/shjs.js?t=639255987001545277:0:5238)
    at r (https://d1hjvew1n9ss7u.cloudfront.net/assets/shjs.js?t=639255987001545277:0:9748)
[  601473ms] [VERBOSE] [DOM] Input elements should have autocomplete attributes (suggested: "current-password"): (More info: https://goo.gl/9p2vKq) %o @ https://www.lolacosmetics.com.br/ondulados-creme-texturizador-450g-ps-19629-312-p46369:0
[  601473ms] [VERBOSE] [DOM] Input elements should have autocomplete attributes (suggested: "current-password"): (More info: https://goo.gl/9p2vKq) %o @ https://www.lolacosmetics.com.br/ondulados-creme-texturizador-450g-ps-19629-312-p46369:0
[  601602ms] [ERROR] Failed to load resource: net::ERR_NAME_NOT_RESOLVED @ https://event.getblue.io/js/blue-tag.min.js:0
[  601658ms] [LOG] AffiseStorage availability: {cookie: true, localStorage: true, sessionStorage: true} @ https://rankmediabrasil.g2afse.com/websdk.js:0
[  601658ms] [LOG] Status RNK Media - ClickId: null UTM: null @ :3
[  601661ms] [ERROR] Failed to load resource: the server responded with a status of 404 () @ https://d1hjvew1n9ss7u.cloudfront.net/Custom/Content/Themes/Lola/Agrada/CSS/ajax-loader.gif:0
[  601691ms] [WARNING] [Meta Pixel] - Invalid parameter format for currency. Please refer https://developers.facebook.com/docs/meta-pixel/reference/ for valid parameter specifications. @ https://connect.facebook.net/en_US/fbevents.js:203
[  601989ms] Uncaught TypeError: Cannot read properties of undefined (reading 'replace')
    at validaFreteGratis (https://d1hjvew1n9ss7u.cloudfront.net/asset.axd?id=PAEAAB-LCAAAAAAAAAOtj0EPwUAQhf-KzLnsKqu64iBu4oSbOKzt0G2qKztTkQi_3abi6Ob43vfem8wDLIMGxjuLytwM2eCuPOvZ0gRCnrd86k8hgSaGNr5llFE40CdTEyZQXKP_EtuuRREhaA5tJLcIJqM8VSqfZlIO1VilWRYT9puwhStAjyZqIKM4fm1HoPeP333qLi5bYn8RS98wNix2JV6QxNrXRizOwRRGrLbi88ygIngm_1k8YzCOusXD8w1y8dfTPAEAAA%3d%3d:1:7633)
    at <anonymous> (https://d1hjvew1n9ss7u.cloudfront.net/asset.axd?id=PAEAAB-LCAAAAAAAAAOtj0EPwUAQhf-KzLnsKqu64iBu4oSbOKzt0G2qKztTkQi_3abi6Ob43vfem8wDLIMGxjuLytwM2eCuPOvZ0gRCnrd86k8hgSaGNr5llFE40CdTEyZQXKP_EtuuRREhaA5tJLcIJqM8VSqfZlIO1VilWRYT9puwhStAjyZqIKM4fm1HoPeP333qLi5bYn8RS98wNix2JV6QxNrXRizOwRRGrLbi88ygIngm_1k8YzCOusXD8w1y8dfTPAEAAA%3d%3d:1:49808)
    at dispatch (https://d1hjvew1n9ss7u.cloudfront.net/assets/shjs.js?t=639255987001545277:0:32701)
    at a (https://d1hjvew1n9ss7u.cloudfront.net/assets/shjs.js?t=639255987001545277:0:28480)
[  601987ms] [LOG] Banner não encontrado: banner-232 @ https://d1hjvew1n9ss7u.cloudfront.net/asset.axd?id=PAEAAB-LCAAAAAAAAAOtj0EPwUAQhf-KzLnsKqu64iBu4oSbOKzt0G2qKztTkQi_3abi6Ob43vfem8wDLIMGxjuLytwM2eCuPOvZ0gRCnrd86k8hgSaGNr5llFE40CdTEyZQXKP_EtuuRREhaA5tJLcIJqM8VSqfZlIO1VilWRYT9puwhStAjyZqIKM4fm1HoPeP333qLi5bYn8RS98wNix2JV6QxNrXRizOwRRGrLbi88ygIngm_1k8YzCOusXD8w1y8dfTPAEAAA%3d%3d:754
[  602017ms] [LOG] %c Widde Video Commerce %c v24604ee %c Build: 21/09/2026 20:39 %c border: 1px solid #2567f8; background: #2567f8; color: #fff; font-weight: bold; padding: 4px 8px; border-radius: 3px 0 0 0; border: 1px solid #2567f8; border-left: none; background: #FFF; color: #2567f8; font-weight: bold; padding: 4px 8px; border: 1px solid #2567f8; border-left: none; background: #f0f0f0; color: #333; font-weight: bold; padding: 4px 8px; border-radius: 0 3px 3px 0; background: transparent @ https://cdn.widde.io/assets/main.utzwjalemu.js:0
[  602170ms] Uncaught (in promise) TypeError: Cannot read properties of null (reading 'store_id')
    at loadAnswersSummaries (https://static.trustvox.com.br/sincero/sincero.js:0:378910)
    at <anonymous> (https://static.trustvox.com.br/sincero/sincero.js:0:104392)
    at r.dispatch (https://static.trustvox.com.br/sincero/sincero.js:0:106041)
    at dispatch (https://static.trustvox.com.br/sincero/sincero.js:0:102087)
    at <anonymous> (https://static.trustvox.com.br/sincero/sincero.js:0:365471)
[  602227ms] Uncaught (in promise) TypeError: Cannot read properties of null (reading 'store_id')
    at loadProfiles (https://static.trustvox.com.br/sincero/sincero.js:0:376806)
    at <anonymous> (https://static.trustvox.com.br/sincero/sincero.js:0:104392)
    at r.dispatch (https://static.trustvox.com.br/sincero/sincero.js:0:106041)
    at dispatch (https://static.trustvox.com.br/sincero/sincero.js:0:102087)
    at t.context.a.dispatch (https://static.trustvox.com.br/sincero/sincero.js:0:103635)
    at <anonymous> (https://static.trustvox.com.br/sincero/sincero.js:0:376597)
[  602247ms] [LOG] %c Tryon Widde.io %c %s %c border: 1px solid #2567f8; background: #2567f8; color: #fff; font-weight: bold; padding: 4px 8px; border-radius: 3px 0 0 3px; border: 1px solid #2567f8; background: #FFF; color: #2567f8; font-weight: bold; padding: 4px 8px; border-radius: 0 3px 3px 0; 47bf7c2 background: transparent @ https://cdn-tryon.widde.io/widde-tryon.js:86
[  602269ms] [LOG] [tryon-tracker] initialized {domain: www.lolacosmetics.com.br} @ https://cdn-tryon.widde.io/widde-tryon.js:8
[  608411ms] [WARNING] Error with Feature-Policy header: Some features are specified in both Feature-Policy and Permissions-Policy header: payment, fullscreen, microphone, camera. Values defined in Permissions-Policy header will be used. @ :0
[  608695ms] [ERROR] Failed to load resource: the server responded with a status of 500 () @ https://fonts.cdnfonts.com/css/leelawade:0
[  608948ms] [ERROR] Failed to load resource: the server responded with a status of 404 () @ https://lolacosmetics.admin.linxcommerce.com.br/Custom/Content/Themes/Lola/Styles/Fonts/FontAwesome/all.css:0
[  608954ms] [LOG] Trustvox rating | PDP: 45398 tipo: 3 @ https://www.lolacosmetics.com.br/ondulados-lola-inc-condicionador-500g-ps-19629-31-p45398:15
[  608954ms] [LOG] Trustvox rating | ID final usado = 45398 @ https://www.lolacosmetics.com.br/ondulados-lola-inc-condicionador-500g-ps-19629-31-p45398:15
[  608957ms] [LOG] Trustvox PDP | product: 45398 | type: 3 | usedId: 45398 @ https://www.lolacosmetics.com.br/ondulados-lola-inc-condicionador-500g-ps-19629-31-p45398:42
[  608995ms] [LOG] Banner não encontrado: banner-232 @ https://d1hjvew1n9ss7u.cloudfront.net/asset.axd?id=PAEAAB-LCAAAAAAAAAOtj0EPwUAQhf-KzLnsKqu64iBu4oSbOKzt0G2qKztTkQi_3abi6Ob43vfem8wDLIMGxjuLytwM2eCuPOvZ0gRCnrd86k8hgSaGNr5llFE40CdTEyZQXKP_EtuuRREhaA5tJLcIJqM8VSqfZlIO1VilWRYT9puwhStAjyZqIKM4fm1HoPeP333qLi5bYn8RS98wNix2JV6QxNrXRizOwRRGrLbi88ygIngm_1k8YzCOusXD8w1y8dfTPAEAAA%3d%3d:754
[  608996ms] [LOG] [Debug Carrinho] Polling ativo @ https://d1hjvew1n9ss7u.cloudfront.net/asset.axd?id=PAEAAB-LCAAAAAAAAAOtj0EPwUAQhf-KzLnsKqu64iBu4oSbOKzt0G2qKztTkQi_3abi6Ob43vfem8wDLIMGxjuLytwM2eCuPOvZ0gRCnrd86k8hgSaGNr5llFE40CdTEyZQXKP_EtuuRREhaA5tJLcIJqM8VSqfZlIO1VilWRYT9puwhStAjyZqIKM4fm1HoPeP333qLi5bYn8RS98wNix2JV6QxNrXRizOwRRGrLbi88ygIngm_1k8YzCOusXD8w1y8dfTPAEAAA%3d%3d:1790
[  609040ms] [LOG] add @ https://d1hjvew1n9ss7u.cloudfront.net/asset.axd?id=PAEAAB-LCAAAAAAAAAOtj0EPwUAQhf-KzLnsKqu64iBu4oSbOKzt0G2qKztTkQi_3abi6Ob43vfem8wDLIMGxjuLytwM2eCuPOvZ0gRCnrd86k8hgSaGNr5llFE40CdTEyZQXKP_EtuuRREhaA5tJLcIJqM8VSqfZlIO1VilWRYT9puwhStAjyZqIKM4fm1HoPeP333qLi5bYn8RS98wNix2JV6QxNrXRizOwRRGrLbi88ygIngm_1k8YzCOusXD8w1y8dfTPAEAAA%3d%3d:1
[  609041ms] [WARNING] !! Há erros de scripts de terceiros !!
Por favor, contate a Empresa responsável pelo script.  @ https://d1hjvew1n9ss7u.cloudfront.net/assets/shjs.js?t=639255987001545277:0
[  609042ms] Uncaught Error: You must pass a string or Handlebars AST to Handlebars.compile. You passed null
    at e.compile (https://d1hjvew1n9ss7u.cloudfront.net/asset.axd?id=PAEAAB-LCAAAAAAAAAOtj0EPwUAQhf-KzLnsKqu64iBu4oSbOKzt0G2qKztTkQi_3abi6Ob43vfem8wDLIMGxjuLytwM2eCuPOvZ0gRCnrd86k8hgSaGNr5llFE40CdTEyZQXKP_EtuuRREhaA5tJLcIJqM8VSqfZlIO1VilWRYT9puwhStAjyZqIKM4fm1HoPeP333qLi5bYn8RS98wNix2JV6QxNrXRizOwRRGrLbi88ygIngm_1k8YzCOusXD8w1y8dfTPAEAAA%3d%3d:1794:49302)
    at i.compile (https://d1hjvew1n9ss7u.cloudfront.net/asset.axd?id=PAEAAB-LCAAAAAAAAAOtj0EPwUAQhf-KzLnsKqu64iBu4oSbOKzt0G2qKztTkQi_3abi6Ob43vfem8wDLIMGxjuLytwM2eCuPOvZ0gRCnrd86k8hgSaGNr5llFE40CdTEyZQXKP_EtuuRREhaA5tJLcIJqM8VSqfZlIO1VilWRYT9puwhStAjyZqIKM4fm1HoPeP333qLi5bYn8RS98wNix2JV6QxNrXRizOwRRGrLbi88ygIngm_1k8YzCOusXD8w1y8dfTPAEAAA%3d%3d:1794:343)
    at renderBasket (https://d1hjvew1n9ss7u.cloudfront.net/asset.axd?id=PAEAAB-LCAAAAAAAAAOtj0EPwUAQhf-KzLnsKqu64iBu4oSbOKzt0G2qKztTkQi_3abi6Ob43vfem8wDLIMGxjuLytwM2eCuPOvZ0gRCnrd86k8hgSaGNr5llFE40CdTEyZQXKP_EtuuRREhaA5tJLcIJqM8VSqfZlIO1VilWRYT9puwhStAjyZqIKM4fm1HoPeP333qLi5bYn8RS98wNix2JV6QxNrXRizOwRRGrLbi88ygIngm_1k8YzCOusXD8w1y8dfTPAEAAA%3d%3d:29:27)
    at <anonymous> (https://d1hjvew1n9ss7u.cloudfront.net/asset.axd?id=PAEAAB-LCAAAAAAAAAOtj0EPwUAQhf-KzLnsKqu64iBu4oSbOKzt0G2qKztTkQi_3abi6Ob43vfem8wDLIMGxjuLytwM2eCuPOvZ0gRCnrd86k8hgSaGNr5llFE40CdTEyZQXKP_EtuuRREhaA5tJLcIJqM8VSqfZlIO1VilWRYT9puwhStAjyZqIKM4fm1HoPeP333qLi5bYn8RS98wNix2JV6QxNrXRizOwRRGrLbi88ygIngm_1k8YzCOusXD8w1y8dfTPAEAAA%3d%3d:220:1)
    at f (https://d1hjvew1n9ss7u.cloudfront.net/assets/shjs.js?t=639255987001545277:0:10382)
    at fireWith (https://d1hjvew1n9ss7u.cloudfront.net/assets/shjs.js?t=639255987001545277:0:11137)
    at ready (https://d1hjvew1n9ss7u.cloudfront.net/assets/shjs.js?t=639255987001545277:0:5238)
    at r (https://d1hjvew1n9ss7u.cloudfront.net/assets/shjs.js?t=639255987001545277:0:9748)
[  609044ms] [VERBOSE] [DOM] Input elements should have autocomplete attributes (suggested: "current-password"): (More info: https://goo.gl/9p2vKq) %o @ https://www.lolacosmetics.com.br/ondulados-lola-inc-condicionador-500g-ps-19629-31-p45398:0
[  609044ms] [VERBOSE] [DOM] Input elements should have autocomplete attributes (suggested: "current-password"): (More info: https://goo.gl/9p2vKq) %o @ https://www.lolacosmetics.com.br/ondulados-lola-inc-condicionador-500g-ps-19629-31-p45398:0
[  609155ms] [ERROR] Failed to load resource: net::ERR_NAME_NOT_RESOLVED @ https://event.getblue.io/js/blue-tag.min.js:0
[  609229ms] [LOG] AffiseStorage availability: {cookie: true, localStorage: true, sessionStorage: true} @ https://rankmediabrasil.g2afse.com/websdk.js:0
[  609230ms] [LOG] Status RNK Media - ClickId: null UTM: null @ :3
[  609230ms] [ERROR] Failed to load resource: the server responded with a status of 404 () @ https://d1hjvew1n9ss7u.cloudfront.net/Custom/Content/Themes/Lola/Agrada/CSS/ajax-loader.gif:0
[  609253ms] [WARNING] [Meta Pixel] - Invalid parameter format for currency. Please refer https://developers.facebook.com/docs/meta-pixel/reference/ for valid parameter specifications. @ https://connect.facebook.net/en_US/fbevents.js:203
[  609676ms] Uncaught TypeError: Cannot read properties of undefined (reading 'replace')
    at validaFreteGratis (https://d1hjvew1n9ss7u.cloudfront.net/asset.axd?id=PAEAAB-LCAAAAAAAAAOtj0EPwUAQhf-KzLnsKqu64iBu4oSbOKzt0G2qKztTkQi_3abi6Ob43vfem8wDLIMGxjuLytwM2eCuPOvZ0gRCnrd86k8hgSaGNr5llFE40CdTEyZQXKP_EtuuRREhaA5tJLcIJqM8VSqfZlIO1VilWRYT9puwhStAjyZqIKM4fm1HoPeP333qLi5bYn8RS98wNix2JV6QxNrXRizOwRRGrLbi88ygIngm_1k8YzCOusXD8w1y8dfTPAEAAA%3d%3d:1:7633)
    at <anonymous> (https://d1hjvew1n9ss7u.cloudfront.net/asset.axd?id=PAEAAB-LCAAAAAAAAAOtj0EPwUAQhf-KzLnsKqu64iBu4oSbOKzt0G2qKztTkQi_3abi6Ob43vfem8wDLIMGxjuLytwM2eCuPOvZ0gRCnrd86k8hgSaGNr5llFE40CdTEyZQXKP_EtuuRREhaA5tJLcIJqM8VSqfZlIO1VilWRYT9puwhStAjyZqIKM4fm1HoPeP333qLi5bYn8RS98wNix2JV6QxNrXRizOwRRGrLbi88ygIngm_1k8YzCOusXD8w1y8dfTPAEAAA%3d%3d:1:49808)
    at dispatch (https://d1hjvew1n9ss7u.cloudfront.net/assets/shjs.js?t=639255987001545277:0:32701)
    at a (https://d1hjvew1n9ss7u.cloudfront.net/assets/shjs.js?t=639255987001545277:0:28480)
[  609674ms] [LOG] Banner não encontrado: banner-232 @ https://d1hjvew1n9ss7u.cloudfront.net/asset.axd?id=PAEAAB-LCAAAAAAAAAOtj0EPwUAQhf-KzLnsKqu64iBu4oSbOKzt0G2qKztTkQi_3abi6Ob43vfem8wDLIMGxjuLytwM2eCuPOvZ0gRCnrd86k8hgSaGNr5llFE40CdTEyZQXKP_EtuuRREhaA5tJLcIJqM8VSqfZlIO1VilWRYT9puwhStAjyZqIKM4fm1HoPeP333qLi5bYn8RS98wNix2JV6QxNrXRizOwRRGrLbi88ygIngm_1k8YzCOusXD8w1y8dfTPAEAAA%3d%3d:754
[  609695ms] [LOG] %c Widde Video Commerce %c v24604ee %c Build: 21/09/2026 20:39 %c border: 1px solid #2567f8; background: #2567f8; color: #fff; font-weight: bold; padding: 4px 8px; border-radius: 3px 0 0 0; border: 1px solid #2567f8; border-left: none; background: #FFF; color: #2567f8; font-weight: bold; padding: 4px 8px; border: 1px solid #2567f8; border-left: none; background: #f0f0f0; color: #333; font-weight: bold; padding: 4px 8px; border-radius: 0 3px 3px 0; background: transparent @ https://cdn.widde.io/assets/main.utzwjalemu.js:0
[  609832ms] [LOG] %c Tryon Widde.io %c %s %c border: 1px solid #2567f8; background: #2567f8; color: #fff; font-weight: bold; padding: 4px 8px; border-radius: 3px 0 0 3px; border: 1px solid #2567f8; background: #FFF; color: #2567f8; font-weight: bold; padding: 4px 8px; border-radius: 0 3px 3px 0; 47bf7c2 background: transparent @ https://cdn-tryon.widde.io/widde-tryon.js:86
[  609850ms] [LOG] [tryon-tracker] initialized {domain: www.lolacosmetics.com.br} @ https://cdn-tryon.widde.io/widde-tryon.js:8
[  616165ms] [WARNING] Error with Feature-Policy header: Some features are specified in both Feature-Policy and Permissions-Policy header: payment, fullscreen, microphone, camera. Values defined in Permissions-Policy header will be used. @ :0
[  616444ms] [ERROR] Failed to load resource: the server responded with a status of 500 () @ https://fonts.cdnfonts.com/css/leelawade:0
[  616707ms] [ERROR] Failed to load resource: the server responded with a status of 404 () @ https://lolacosmetics.admin.linxcommerce.com.br/Custom/Content/Themes/Lola/Styles/Fonts/FontAwesome/all.css:0
[  616713ms] [LOG] Trustvox rating | PDP: 45550 tipo: 3 @ https://www.lolacosmetics.com.br/ondulados-lola-inc-shampoo-500ml-ps-19629-36-p45550:15
[  616713ms] [LOG] Trustvox rating | ID final usado = 45550 @ https://www.lolacosmetics.com.br/ondulados-lola-inc-shampoo-500ml-ps-19629-36-p45550:15
[  616714ms] [LOG] Trustvox PDP | product: 45550 | type: 3 | usedId: 45550 @ https://www.lolacosmetics.com.br/ondulados-lola-inc-shampoo-500ml-ps-19629-36-p45550:42
[  616751ms] [LOG] Banner não encontrado: banner-232 @ https://d1hjvew1n9ss7u.cloudfront.net/asset.axd?id=PAEAAB-LCAAAAAAAAAOtj0EPwUAQhf-KzLnsKqu64iBu4oSbOKzt0G2qKztTkQi_3abi6Ob43vfem8wDLIMGxjuLytwM2eCuPOvZ0gRCnrd86k8hgSaGNr5llFE40CdTEyZQXKP_EtuuRREhaA5tJLcIJqM8VSqfZlIO1VilWRYT9puwhStAjyZqIKM4fm1HoPeP333qLi5bYn8RS98wNix2JV6QxNrXRizOwRRGrLbi88ygIngm_1k8YzCOusXD8w1y8dfTPAEAAA%3d%3d:754
[  616753ms] [LOG] [Debug Carrinho] Polling ativo @ https://d1hjvew1n9ss7u.cloudfront.net/asset.axd?id=PAEAAB-LCAAAAAAAAAOtj0EPwUAQhf-KzLnsKqu64iBu4oSbOKzt0G2qKztTkQi_3abi6Ob43vfem8wDLIMGxjuLytwM2eCuPOvZ0gRCnrd86k8hgSaGNr5llFE40CdTEyZQXKP_EtuuRREhaA5tJLcIJqM8VSqfZlIO1VilWRYT9puwhStAjyZqIKM4fm1HoPeP333qLi5bYn8RS98wNix2JV6QxNrXRizOwRRGrLbi88ygIngm_1k8YzCOusXD8w1y8dfTPAEAAA%3d%3d:1790
[  616801ms] [LOG] add @ https://d1hjvew1n9ss7u.cloudfront.net/asset.axd?id=PAEAAB-LCAAAAAAAAAOtj0EPwUAQhf-KzLnsKqu64iBu4oSbOKzt0G2qKztTkQi_3abi6Ob43vfem8wDLIMGxjuLytwM2eCuPOvZ0gRCnrd86k8hgSaGNr5llFE40CdTEyZQXKP_EtuuRREhaA5tJLcIJqM8VSqfZlIO1VilWRYT9puwhStAjyZqIKM4fm1HoPeP333qLi5bYn8RS98wNix2JV6QxNrXRizOwRRGrLbi88ygIngm_1k8YzCOusXD8w1y8dfTPAEAAA%3d%3d:1
[  616802ms] [WARNING] !! Há erros de scripts de terceiros !!
Por favor, contate a Empresa responsável pelo script.  @ https://d1hjvew1n9ss7u.cloudfront.net/assets/shjs.js?t=639255987001545277:0
[  616862ms] Uncaught Error: You must pass a string or Handlebars AST to Handlebars.compile. You passed null
    at e.compile (https://d1hjvew1n9ss7u.cloudfront.net/asset.axd?id=PAEAAB-LCAAAAAAAAAOtj0EPwUAQhf-KzLnsKqu64iBu4oSbOKzt0G2qKztTkQi_3abi6Ob43vfem8wDLIMGxjuLytwM2eCuPOvZ0gRCnrd86k8hgSaGNr5llFE40CdTEyZQXKP_EtuuRREhaA5tJLcIJqM8VSqfZlIO1VilWRYT9puwhStAjyZqIKM4fm1HoPeP333qLi5bYn8RS98wNix2JV6QxNrXRizOwRRGrLbi88ygIngm_1k8YzCOusXD8w1y8dfTPAEAAA%3d%3d:1794:49302)
    at i.compile (https://d1hjvew1n9ss7u.cloudfront.net/asset.axd?id=PAEAAB-LCAAAAAAAAAOtj0EPwUAQhf-KzLnsKqu64iBu4oSbOKzt0G2qKztTkQi_3abi6Ob43vfem8wDLIMGxjuLytwM2eCuPOvZ0gRCnrd86k8hgSaGNr5llFE40CdTEyZQXKP_EtuuRREhaA5tJLcIJqM8VSqfZlIO1VilWRYT9puwhStAjyZqIKM4fm1HoPeP333qLi5bYn8RS98wNix2JV6QxNrXRizOwRRGrLbi88ygIngm_1k8YzCOusXD8w1y8dfTPAEAAA%3d%3d:1794:343)
    at renderBasket (https://d1hjvew1n9ss7u.cloudfront.net/asset.axd?id=PAEAAB-LCAAAAAAAAAOtj0EPwUAQhf-KzLnsKqu64iBu4oSbOKzt0G2qKztTkQi_3abi6Ob43vfem8wDLIMGxjuLytwM2eCuPOvZ0gRCnrd86k8hgSaGNr5llFE40CdTEyZQXKP_EtuuRREhaA5tJLcIJqM8VSqfZlIO1VilWRYT9puwhStAjyZqIKM4fm1HoPeP333qLi5bYn8RS98wNix2JV6QxNrXRizOwRRGrLbi88ygIngm_1k8YzCOusXD8w1y8dfTPAEAAA%3d%3d:29:27)
    at <anonymous> (https://d1hjvew1n9ss7u.cloudfront.net/asset.axd?id=PAEAAB-LCAAAAAAAAAOtj0EPwUAQhf-KzLnsKqu64iBu4oSbOKzt0G2qKztTkQi_3abi6Ob43vfem8wDLIMGxjuLytwM2eCuPOvZ0gRCnrd86k8hgSaGNr5llFE40CdTEyZQXKP_EtuuRREhaA5tJLcIJqM8VSqfZlIO1VilWRYT9puwhStAjyZqIKM4fm1HoPeP333qLi5bYn8RS98wNix2JV6QxNrXRizOwRRGrLbi88ygIngm_1k8YzCOusXD8w1y8dfTPAEAAA%3d%3d:220:1)
    at f (https://d1hjvew1n9ss7u.cloudfront.net/assets/shjs.js?t=639255987001545277:0:10382)
    at fireWith (https://d1hjvew1n9ss7u.cloudfront.net/assets/shjs.js?t=639255987001545277:0:11137)
    at ready (https://d1hjvew1n9ss7u.cloudfront.net/assets/shjs.js?t=639255987001545277:0:5238)
    at r (https://d1hjvew1n9ss7u.cloudfront.net/assets/shjs.js?t=639255987001545277:0:9748)
[  616805ms] [VERBOSE] [DOM] Input elements should have autocomplete attributes (suggested: "current-password"): (More info: https://goo.gl/9p2vKq) %o @ https://www.lolacosmetics.com.br/ondulados-lola-inc-shampoo-500ml-ps-19629-36-p45550:0
[  616805ms] [VERBOSE] [DOM] Input elements should have autocomplete attributes (suggested: "current-password"): (More info: https://goo.gl/9p2vKq) %o @ https://www.lolacosmetics.com.br/ondulados-lola-inc-shampoo-500ml-ps-19629-36-p45550:0
[  616959ms] [ERROR] Failed to load resource: net::ERR_NAME_NOT_RESOLVED @ https://event.getblue.io/js/blue-tag.min.js:0
[  616979ms] [ERROR] Failed to load resource: the server responded with a status of 404 () @ https://d1hjvew1n9ss7u.cloudfront.net/Custom/Content/Themes/Lola/Agrada/CSS/ajax-loader.gif:0
[  616980ms] [LOG] AffiseStorage availability: {cookie: true, localStorage: true, sessionStorage: true} @ https://rankmediabrasil.g2afse.com/websdk.js:0
[  616981ms] [LOG] Status RNK Media - ClickId: null UTM: null @ :3
[  617058ms] [WARNING] [Meta Pixel] - Invalid parameter format for currency. Please refer https://developers.facebook.com/docs/meta-pixel/reference/ for valid parameter specifications. @ https://connect.facebook.net/en_US/fbevents.js:203
[  617393ms] Uncaught TypeError: Cannot read properties of undefined (reading 'replace')
    at validaFreteGratis (https://d1hjvew1n9ss7u.cloudfront.net/asset.axd?id=PAEAAB-LCAAAAAAAAAOtj0EPwUAQhf-KzLnsKqu64iBu4oSbOKzt0G2qKztTkQi_3abi6Ob43vfem8wDLIMGxjuLytwM2eCuPOvZ0gRCnrd86k8hgSaGNr5llFE40CdTEyZQXKP_EtuuRREhaA5tJLcIJqM8VSqfZlIO1VilWRYT9puwhStAjyZqIKM4fm1HoPeP333qLi5bYn8RS98wNix2JV6QxNrXRizOwRRGrLbi88ygIngm_1k8YzCOusXD8w1y8dfTPAEAAA%3d%3d:1:7633)
    at <anonymous> (https://d1hjvew1n9ss7u.cloudfront.net/asset.axd?id=PAEAAB-LCAAAAAAAAAOtj0EPwUAQhf-KzLnsKqu64iBu4oSbOKzt0G2qKztTkQi_3abi6Ob43vfem8wDLIMGxjuLytwM2eCuPOvZ0gRCnrd86k8hgSaGNr5llFE40CdTEyZQXKP_EtuuRREhaA5tJLcIJqM8VSqfZlIO1VilWRYT9puwhStAjyZqIKM4fm1HoPeP333qLi5bYn8RS98wNix2JV6QxNrXRizOwRRGrLbi88ygIngm_1k8YzCOusXD8w1y8dfTPAEAAA%3d%3d:1:49808)
    at dispatch (https://d1hjvew1n9ss7u.cloudfront.net/assets/shjs.js?t=639255987001545277:0:32701)
    at a (https://d1hjvew1n9ss7u.cloudfront.net/assets/shjs.js?t=639255987001545277:0:28480)
[  617392ms] [LOG] Banner não encontrado: banner-232 @ https://d1hjvew1n9ss7u.cloudfront.net/asset.axd?id=PAEAAB-LCAAAAAAAAAOtj0EPwUAQhf-KzLnsKqu64iBu4oSbOKzt0G2qKztTkQi_3abi6Ob43vfem8wDLIMGxjuLytwM2eCuPOvZ0gRCnrd86k8hgSaGNr5llFE40CdTEyZQXKP_EtuuRREhaA5tJLcIJqM8VSqfZlIO1VilWRYT9puwhStAjyZqIKM4fm1HoPeP333qLi5bYn8RS98wNix2JV6QxNrXRizOwRRGrLbi88ygIngm_1k8YzCOusXD8w1y8dfTPAEAAA%3d%3d:754
[  617424ms] [LOG] %c Widde Video Commerce %c v24604ee %c Build: 21/09/2026 20:39 %c border: 1px solid #2567f8; background: #2567f8; color: #fff; font-weight: bold; padding: 4px 8px; border-radius: 3px 0 0 0; border: 1px solid #2567f8; border-left: none; background: #FFF; color: #2567f8; font-weight: bold; padding: 4px 8px; border: 1px solid #2567f8; border-left: none; background: #f0f0f0; color: #333; font-weight: bold; padding: 4px 8px; border-radius: 0 3px 3px 0; background: transparent @ https://cdn.widde.io/assets/main.utzwjalemu.js:0
[  617609ms] [LOG] %c Tryon Widde.io %c %s %c border: 1px solid #2567f8; background: #2567f8; color: #fff; font-weight: bold; padding: 4px 8px; border-radius: 3px 0 0 3px; border: 1px solid #2567f8; background: #FFF; color: #2567f8; font-weight: bold; padding: 4px 8px; border-radius: 0 3px 3px 0; 47bf7c2 background: transparent @ https://cdn-tryon.widde.io/widde-tryon.js:86
[  617655ms] [LOG] [tryon-tracker] initialized {domain: www.lolacosmetics.com.br} @ https://cdn-tryon.widde.io/widde-tryon.js:8
[  623869ms] [WARNING] Error with Feature-Policy header: Some features are specified in both Feature-Policy and Permissions-Policy header: payment, fullscreen, microphone, camera. Values defined in Permissions-Policy header will be used. @ :0
[  624152ms] [ERROR] Failed to load resource: the server responded with a status of 500 () @ https://fonts.cdnfonts.com/css/leelawade:0
[  624538ms] [ERROR] Failed to load resource: the server responded with a status of 404 () @ https://lolacosmetics.admin.linxcommerce.com.br/Custom/Content/Themes/Lola/Styles/Fonts/FontAwesome/all.css:0
[  624549ms] [LOG] Trustvox rating | PDP: 45950 tipo: 3 @ https://www.lolacosmetics.com.br/papo-reto-condicionador-270ml-ps-19629-210-p45950:15
[  624549ms] [LOG] Trustvox rating | ID final usado = 45950 @ https://www.lolacosmetics.com.br/papo-reto-condicionador-270ml-ps-19629-210-p45950:15
[  624567ms] [LOG] Trustvox PDP | product: 45950 | type: 3 | usedId: 45950 @ https://www.lolacosmetics.com.br/papo-reto-condicionador-270ml-ps-19629-210-p45950:42
[  624600ms] [LOG] Banner não encontrado: banner-232 @ https://d1hjvew1n9ss7u.cloudfront.net/asset.axd?id=PAEAAB-LCAAAAAAAAAOtj0EPwUAQhf-KzLnsKqu64iBu4oSbOKzt0G2qKztTkQi_3abi6Ob43vfem8wDLIMGxjuLytwM2eCuPOvZ0gRCnrd86k8hgSaGNr5llFE40CdTEyZQXKP_EtuuRREhaA5tJLcIJqM8VSqfZlIO1VilWRYT9puwhStAjyZqIKM4fm1HoPeP333qLi5bYn8RS98wNix2JV6QxNrXRizOwRRGrLbi88ygIngm_1k8YzCOusXD8w1y8dfTPAEAAA%3d%3d:754
[  624602ms] [LOG] [Debug Carrinho] Polling ativo @ https://d1hjvew1n9ss7u.cloudfront.net/asset.axd?id=PAEAAB-LCAAAAAAAAAOtj0EPwUAQhf-KzLnsKqu64iBu4oSbOKzt0G2qKztTkQi_3abi6Ob43vfem8wDLIMGxjuLytwM2eCuPOvZ0gRCnrd86k8hgSaGNr5llFE40CdTEyZQXKP_EtuuRREhaA5tJLcIJqM8VSqfZlIO1VilWRYT9puwhStAjyZqIKM4fm1HoPeP333qLi5bYn8RS98wNix2JV6QxNrXRizOwRRGrLbi88ygIngm_1k8YzCOusXD8w1y8dfTPAEAAA%3d%3d:1790
[  624659ms] [LOG] add @ https://d1hjvew1n9ss7u.cloudfront.net/asset.axd?id=PAEAAB-LCAAAAAAAAAOtj0EPwUAQhf-KzLnsKqu64iBu4oSbOKzt0G2qKztTkQi_3abi6Ob43vfem8wDLIMGxjuLytwM2eCuPOvZ0gRCnrd86k8hgSaGNr5llFE40CdTEyZQXKP_EtuuRREhaA5tJLcIJqM8VSqfZlIO1VilWRYT9puwhStAjyZqIKM4fm1HoPeP333qLi5bYn8RS98wNix2JV6QxNrXRizOwRRGrLbi88ygIngm_1k8YzCOusXD8w1y8dfTPAEAAA%3d%3d:1
[  624660ms] [WARNING] !! Há erros de scripts de terceiros !!
Por favor, contate a Empresa responsável pelo script.  @ https://d1hjvew1n9ss7u.cloudfront.net/assets/shjs.js?t=639255987001545277:0
[  624661ms] Uncaught Error: You must pass a string or Handlebars AST to Handlebars.compile. You passed null
    at e.compile (https://d1hjvew1n9ss7u.cloudfront.net/asset.axd?id=PAEAAB-LCAAAAAAAAAOtj0EPwUAQhf-KzLnsKqu64iBu4oSbOKzt0G2qKztTkQi_3abi6Ob43vfem8wDLIMGxjuLytwM2eCuPOvZ0gRCnrd86k8hgSaGNr5llFE40CdTEyZQXKP_EtuuRREhaA5tJLcIJqM8VSqfZlIO1VilWRYT9puwhStAjyZqIKM4fm1HoPeP333qLi5bYn8RS98wNix2JV6QxNrXRizOwRRGrLbi88ygIngm_1k8YzCOusXD8w1y8dfTPAEAAA%3d%3d:1794:49302)
    at i.compile (https://d1hjvew1n9ss7u.cloudfront.net/asset.axd?id=PAEAAB-LCAAAAAAAAAOtj0EPwUAQhf-KzLnsKqu64iBu4oSbOKzt0G2qKztTkQi_3abi6Ob43vfem8wDLIMGxjuLytwM2eCuPOvZ0gRCnrd86k8hgSaGNr5llFE40CdTEyZQXKP_EtuuRREhaA5tJLcIJqM8VSqfZlIO1VilWRYT9puwhStAjyZqIKM4fm1HoPeP333qLi5bYn8RS98wNix2JV6QxNrXRizOwRRGrLbi88ygIngm_1k8YzCOusXD8w1y8dfTPAEAAA%3d%3d:1794:343)
    at renderBasket (https://d1hjvew1n9ss7u.cloudfront.net/asset.axd?id=PAEAAB-LCAAAAAAAAAOtj0EPwUAQhf-KzLnsKqu64iBu4oSbOKzt0G2qKztTkQi_3abi6Ob43vfem8wDLIMGxjuLytwM2eCuPOvZ0gRCnrd86k8hgSaGNr5llFE40CdTEyZQXKP_EtuuRREhaA5tJLcIJqM8VSqfZlIO1VilWRYT9puwhStAjyZqIKM4fm1HoPeP333qLi5bYn8RS98wNix2JV6QxNrXRizOwRRGrLbi88ygIngm_1k8YzCOusXD8w1y8dfTPAEAAA%3d%3d:29:27)
    at <anonymous> (https://d1hjvew1n9ss7u.cloudfront.net/asset.axd?id=PAEAAB-LCAAAAAAAAAOtj0EPwUAQhf-KzLnsKqu64iBu4oSbOKzt0G2qKztTkQi_3abi6Ob43vfem8wDLIMGxjuLytwM2eCuPOvZ0gRCnrd86k8hgSaGNr5llFE40CdTEyZQXKP_EtuuRREhaA5tJLcIJqM8VSqfZlIO1VilWRYT9puwhStAjyZqIKM4fm1HoPeP333qLi5bYn8RS98wNix2JV6QxNrXRizOwRRGrLbi88ygIngm_1k8YzCOusXD8w1y8dfTPAEAAA%3d%3d:220:1)
    at f (https://d1hjvew1n9ss7u.cloudfront.net/assets/shjs.js?t=639255987001545277:0:10382)
    at fireWith (https://d1hjvew1n9ss7u.cloudfront.net/assets/shjs.js?t=639255987001545277:0:11137)
    at ready (https://d1hjvew1n9ss7u.cloudfront.net/assets/shjs.js?t=639255987001545277:0:5238)
    at r (https://d1hjvew1n9ss7u.cloudfront.net/assets/shjs.js?t=639255987001545277:0:9748)
[  624662ms] [VERBOSE] [DOM] Input elements should have autocomplete attributes (suggested: "current-password"): (More info: https://goo.gl/9p2vKq) %o @ https://www.lolacosmetics.com.br/papo-reto-condicionador-270ml-ps-19629-210-p45950:0
[  624662ms] [VERBOSE] [DOM] Input elements should have autocomplete attributes (suggested: "current-password"): (More info: https://goo.gl/9p2vKq) %o @ https://www.lolacosmetics.com.br/papo-reto-condicionador-270ml-ps-19629-210-p45950:0
[  624718ms] [ERROR] Failed to load resource: the server responded with a status of 404 () @ https://d1hjvew1n9ss7u.cloudfront.net/Custom/Content:0
[  624763ms] [ERROR] Failed to load resource: net::ERR_NAME_NOT_RESOLVED @ https://event.getblue.io/js/blue-tag.min.js:0
[  624826ms] [ERROR] Failed to load resource: the server responded with a status of 404 () @ https://d1hjvew1n9ss7u.cloudfront.net/Custom/Content/Themes/Lola/Agrada/CSS/ajax-loader.gif:0
[  624828ms] [LOG] AffiseStorage availability: {cookie: true, localStorage: true, sessionStorage: true} @ https://rankmediabrasil.g2afse.com/websdk.js:0
[  624828ms] [LOG] Status RNK Media - ClickId: null UTM: null @ :3
[  624849ms] [WARNING] [Meta Pixel] - Invalid parameter format for currency. Please refer https://developers.facebook.com/docs/meta-pixel/reference/ for valid parameter specifications. @ https://connect.facebook.net/en_US/fbevents.js:203
[  625147ms] Uncaught TypeError: Cannot read properties of undefined (reading 'replace')
    at validaFreteGratis (https://d1hjvew1n9ss7u.cloudfront.net/asset.axd?id=PAEAAB-LCAAAAAAAAAOtj0EPwUAQhf-KzLnsKqu64iBu4oSbOKzt0G2qKztTkQi_3abi6Ob43vfem8wDLIMGxjuLytwM2eCuPOvZ0gRCnrd86k8hgSaGNr5llFE40CdTEyZQXKP_EtuuRREhaA5tJLcIJqM8VSqfZlIO1VilWRYT9puwhStAjyZqIKM4fm1HoPeP333qLi5bYn8RS98wNix2JV6QxNrXRizOwRRGrLbi88ygIngm_1k8YzCOusXD8w1y8dfTPAEAAA%3d%3d:1:7633)
    at <anonymous> (https://d1hjvew1n9ss7u.cloudfront.net/asset.axd?id=PAEAAB-LCAAAAAAAAAOtj0EPwUAQhf-KzLnsKqu64iBu4oSbOKzt0G2qKztTkQi_3abi6Ob43vfem8wDLIMGxjuLytwM2eCuPOvZ0gRCnrd86k8hgSaGNr5llFE40CdTEyZQXKP_EtuuRREhaA5tJLcIJqM8VSqfZlIO1VilWRYT9puwhStAjyZqIKM4fm1HoPeP333qLi5bYn8RS98wNix2JV6QxNrXRizOwRRGrLbi88ygIngm_1k8YzCOusXD8w1y8dfTPAEAAA%3d%3d:1:49808)
    at dispatch (https://d1hjvew1n9ss7u.cloudfront.net/assets/shjs.js?t=639255987001545277:0:32701)
    at a (https://d1hjvew1n9ss7u.cloudfront.net/assets/shjs.js?t=639255987001545277:0:28480)
[  625146ms] [LOG] Banner não encontrado: banner-232 @ https://d1hjvew1n9ss7u.cloudfront.net/asset.axd?id=PAEAAB-LCAAAAAAAAAOtj0EPwUAQhf-KzLnsKqu64iBu4oSbOKzt0G2qKztTkQi_3abi6Ob43vfem8wDLIMGxjuLytwM2eCuPOvZ0gRCnrd86k8hgSaGNr5llFE40CdTEyZQXKP_EtuuRREhaA5tJLcIJqM8VSqfZlIO1VilWRYT9puwhStAjyZqIKM4fm1HoPeP333qLi5bYn8RS98wNix2JV6QxNrXRizOwRRGrLbi88ygIngm_1k8YzCOusXD8w1y8dfTPAEAAA%3d%3d:754
[  625166ms] [LOG] %c Widde Video Commerce %c v24604ee %c Build: 21/09/2026 20:39 %c border: 1px solid #2567f8; background: #2567f8; color: #fff; font-weight: bold; padding: 4px 8px; border-radius: 3px 0 0 0; border: 1px solid #2567f8; border-left: none; background: #FFF; color: #2567f8; font-weight: bold; padding: 4px 8px; border: 1px solid #2567f8; border-left: none; background: #f0f0f0; color: #333; font-weight: bold; padding: 4px 8px; border-radius: 0 3px 3px 0; background: transparent @ https://cdn.widde.io/assets/main.utzwjalemu.js:0
[  625319ms] [LOG] %c Tryon Widde.io %c %s %c border: 1px solid #2567f8; background: #2567f8; color: #fff; font-weight: bold; padding: 4px 8px; border-radius: 3px 0 0 3px; border: 1px solid #2567f8; background: #FFF; color: #2567f8; font-weight: bold; padding: 4px 8px; border-radius: 0 3px 3px 0; 47bf7c2 background: transparent @ https://cdn-tryon.widde.io/widde-tryon.js:86
[  625337ms] [LOG] [tryon-tracker] initialized {domain: www.lolacosmetics.com.br} @ https://cdn-tryon.widde.io/widde-tryon.js:8
[  631665ms] [WARNING] Error with Feature-Policy header: Some features are specified in both Feature-Policy and Permissions-Policy header: payment, fullscreen, microphone, camera. Values defined in Permissions-Policy header will be used. @ :0
[  631948ms] [ERROR] Failed to load resource: the server responded with a status of 500 () @ https://fonts.cdnfonts.com/css/leelawade:0
[  632201ms] [ERROR] Failed to load resource: the server responded with a status of 404 () @ https://lolacosmetics.admin.linxcommerce.com.br/Custom/Content/Themes/Lola/Styles/Fonts/FontAwesome/all.css:0
[  632208ms] [LOG] Trustvox rating | PDP: 45949 tipo: 3 @ https://www.lolacosmetics.com.br/papo-reto-mascara-270ml-ps-19629-211-p45949:15
[  632208ms] [LOG] Trustvox rating | ID final usado = 45949 @ https://www.lolacosmetics.com.br/papo-reto-mascara-270ml-ps-19629-211-p45949:15
[  632210ms] [LOG] Trustvox PDP | product: 45949 | type: 3 | usedId: 45949 @ https://www.lolacosmetics.com.br/papo-reto-mascara-270ml-ps-19629-211-p45949:42
[  632251ms] [LOG] Banner não encontrado: banner-232 @ https://d1hjvew1n9ss7u.cloudfront.net/asset.axd?id=PAEAAB-LCAAAAAAAAAOtj0EPwUAQhf-KzLnsKqu64iBu4oSbOKzt0G2qKztTkQi_3abi6Ob43vfem8wDLIMGxjuLytwM2eCuPOvZ0gRCnrd86k8hgSaGNr5llFE40CdTEyZQXKP_EtuuRREhaA5tJLcIJqM8VSqfZlIO1VilWRYT9puwhStAjyZqIKM4fm1HoPeP333qLi5bYn8RS98wNix2JV6QxNrXRizOwRRGrLbi88ygIngm_1k8YzCOusXD8w1y8dfTPAEAAA%3d%3d:754
[  632252ms] [LOG] [Debug Carrinho] Polling ativo @ https://d1hjvew1n9ss7u.cloudfront.net/asset.axd?id=PAEAAB-LCAAAAAAAAAOtj0EPwUAQhf-KzLnsKqu64iBu4oSbOKzt0G2qKztTkQi_3abi6Ob43vfem8wDLIMGxjuLytwM2eCuPOvZ0gRCnrd86k8hgSaGNr5llFE40CdTEyZQXKP_EtuuRREhaA5tJLcIJqM8VSqfZlIO1VilWRYT9puwhStAjyZqIKM4fm1HoPeP333qLi5bYn8RS98wNix2JV6QxNrXRizOwRRGrLbi88ygIngm_1k8YzCOusXD8w1y8dfTPAEAAA%3d%3d:1790
[  632304ms] [LOG] add @ https://d1hjvew1n9ss7u.cloudfront.net/asset.axd?id=PAEAAB-LCAAAAAAAAAOtj0EPwUAQhf-KzLnsKqu64iBu4oSbOKzt0G2qKztTkQi_3abi6Ob43vfem8wDLIMGxjuLytwM2eCuPOvZ0gRCnrd86k8hgSaGNr5llFE40CdTEyZQXKP_EtuuRREhaA5tJLcIJqM8VSqfZlIO1VilWRYT9puwhStAjyZqIKM4fm1HoPeP333qLi5bYn8RS98wNix2JV6QxNrXRizOwRRGrLbi88ygIngm_1k8YzCOusXD8w1y8dfTPAEAAA%3d%3d:1
[  632305ms] [WARNING] !! Há erros de scripts de terceiros !!
Por favor, contate a Empresa responsável pelo script.  @ https://d1hjvew1n9ss7u.cloudfront.net/assets/shjs.js?t=639255987001545277:0
[  632306ms] Uncaught Error: You must pass a string or Handlebars AST to Handlebars.compile. You passed null
    at e.compile (https://d1hjvew1n9ss7u.cloudfront.net/asset.axd?id=PAEAAB-LCAAAAAAAAAOtj0EPwUAQhf-KzLnsKqu64iBu4oSbOKzt0G2qKztTkQi_3abi6Ob43vfem8wDLIMGxjuLytwM2eCuPOvZ0gRCnrd86k8hgSaGNr5llFE40CdTEyZQXKP_EtuuRREhaA5tJLcIJqM8VSqfZlIO1VilWRYT9puwhStAjyZqIKM4fm1HoPeP333qLi5bYn8RS98wNix2JV6QxNrXRizOwRRGrLbi88ygIngm_1k8YzCOusXD8w1y8dfTPAEAAA%3d%3d:1794:49302)
    at i.compile (https://d1hjvew1n9ss7u.cloudfront.net/asset.axd?id=PAEAAB-LCAAAAAAAAAOtj0EPwUAQhf-KzLnsKqu64iBu4oSbOKzt0G2qKztTkQi_3abi6Ob43vfem8wDLIMGxjuLytwM2eCuPOvZ0gRCnrd86k8hgSaGNr5llFE40CdTEyZQXKP_EtuuRREhaA5tJLcIJqM8VSqfZlIO1VilWRYT9puwhStAjyZqIKM4fm1HoPeP333qLi5bYn8RS98wNix2JV6QxNrXRizOwRRGrLbi88ygIngm_1k8YzCOusXD8w1y8dfTPAEAAA%3d%3d:1794:343)
    at renderBasket (https://d1hjvew1n9ss7u.cloudfront.net/asset.axd?id=PAEAAB-LCAAAAAAAAAOtj0EPwUAQhf-KzLnsKqu64iBu4oSbOKzt0G2qKztTkQi_3abi6Ob43vfem8wDLIMGxjuLytwM2eCuPOvZ0gRCnrd86k8hgSaGNr5llFE40CdTEyZQXKP_EtuuRREhaA5tJLcIJqM8VSqfZlIO1VilWRYT9puwhStAjyZqIKM4fm1HoPeP333qLi5bYn8RS98wNix2JV6QxNrXRizOwRRGrLbi88ygIngm_1k8YzCOusXD8w1y8dfTPAEAAA%3d%3d:29:27)
    at <anonymous> (https://d1hjvew1n9ss7u.cloudfront.net/asset.axd?id=PAEAAB-LCAAAAAAAAAOtj0EPwUAQhf-KzLnsKqu64iBu4oSbOKzt0G2qKztTkQi_3abi6Ob43vfem8wDLIMGxjuLytwM2eCuPOvZ0gRCnrd86k8hgSaGNr5llFE40CdTEyZQXKP_EtuuRREhaA5tJLcIJqM8VSqfZlIO1VilWRYT9puwhStAjyZqIKM4fm1HoPeP333qLi5bYn8RS98wNix2JV6QxNrXRizOwRRGrLbi88ygIngm_1k8YzCOusXD8w1y8dfTPAEAAA%3d%3d:220:1)
    at f (https://d1hjvew1n9ss7u.cloudfront.net/assets/shjs.js?t=639255987001545277:0:10382)
    at fireWith (https://d1hjvew1n9ss7u.cloudfront.net/assets/shjs.js?t=639255987001545277:0:11137)
    at ready (https://d1hjvew1n9ss7u.cloudfront.net/assets/shjs.js?t=639255987001545277:0:5238)
    at r (https://d1hjvew1n9ss7u.cloudfront.net/assets/shjs.js?t=639255987001545277:0:9748)
[  632308ms] [VERBOSE] [DOM] Input elements should have autocomplete attributes (suggested: "current-password"): (More info: https://goo.gl/9p2vKq) %o @ https://www.lolacosmetics.com.br/papo-reto-mascara-270ml-ps-19629-211-p45949:0
[  632309ms] [VERBOSE] [DOM] Input elements should have autocomplete attributes (suggested: "current-password"): (More info: https://goo.gl/9p2vKq) %o @ https://www.lolacosmetics.com.br/papo-reto-mascara-270ml-ps-19629-211-p45949:0
[  632433ms] [ERROR] Failed to load resource: the server responded with a status of 404 () @ https://d1hjvew1n9ss7u.cloudfront.net/Custom/Content:0
[  632436ms] [ERROR] Failed to load resource: net::ERR_NAME_NOT_RESOLVED @ https://event.getblue.io/js/blue-tag.min.js:0
[  632479ms] [ERROR] Failed to load resource: the server responded with a status of 404 () @ https://d1hjvew1n9ss7u.cloudfront.net/Custom/Content/Themes/Lola/Agrada/CSS/ajax-loader.gif:0
[  632486ms] [LOG] AffiseStorage availability: {cookie: true, localStorage: true, sessionStorage: true} @ https://rankmediabrasil.g2afse.com/websdk.js:0
[  632486ms] [LOG] Status RNK Media - ClickId: null UTM: null @ :3
[  632520ms] [WARNING] [Meta Pixel] - Invalid parameter format for currency. Please refer https://developers.facebook.com/docs/meta-pixel/reference/ for valid parameter specifications. @ https://connect.facebook.net/en_US/fbevents.js:203
[  632808ms] Uncaught TypeError: Cannot read properties of undefined (reading 'replace')
    at validaFreteGratis (https://d1hjvew1n9ss7u.cloudfront.net/asset.axd?id=PAEAAB-LCAAAAAAAAAOtj0EPwUAQhf-KzLnsKqu64iBu4oSbOKzt0G2qKztTkQi_3abi6Ob43vfem8wDLIMGxjuLytwM2eCuPOvZ0gRCnrd86k8hgSaGNr5llFE40CdTEyZQXKP_EtuuRREhaA5tJLcIJqM8VSqfZlIO1VilWRYT9puwhStAjyZqIKM4fm1HoPeP333qLi5bYn8RS98wNix2JV6QxNrXRizOwRRGrLbi88ygIngm_1k8YzCOusXD8w1y8dfTPAEAAA%3d%3d:1:7633)
    at <anonymous> (https://d1hjvew1n9ss7u.cloudfront.net/asset.axd?id=PAEAAB-LCAAAAAAAAAOtj0EPwUAQhf-KzLnsKqu64iBu4oSbOKzt0G2qKztTkQi_3abi6Ob43vfem8wDLIMGxjuLytwM2eCuPOvZ0gRCnrd86k8hgSaGNr5llFE40CdTEyZQXKP_EtuuRREhaA5tJLcIJqM8VSqfZlIO1VilWRYT9puwhStAjyZqIKM4fm1HoPeP333qLi5bYn8RS98wNix2JV6QxNrXRizOwRRGrLbi88ygIngm_1k8YzCOusXD8w1y8dfTPAEAAA%3d%3d:1:49808)
    at dispatch (https://d1hjvew1n9ss7u.cloudfront.net/assets/shjs.js?t=639255987001545277:0:32701)
    at a (https://d1hjvew1n9ss7u.cloudfront.net/assets/shjs.js?t=639255987001545277:0:28480)
[  632807ms] [LOG] Banner não encontrado: banner-232 @ https://d1hjvew1n9ss7u.cloudfront.net/asset.axd?id=PAEAAB-LCAAAAAAAAAOtj0EPwUAQhf-KzLnsKqu64iBu4oSbOKzt0G2qKztTkQi_3abi6Ob43vfem8wDLIMGxjuLytwM2eCuPOvZ0gRCnrd86k8hgSaGNr5llFE40CdTEyZQXKP_EtuuRREhaA5tJLcIJqM8VSqfZlIO1VilWRYT9puwhStAjyZqIKM4fm1HoPeP333qLi5bYn8RS98wNix2JV6QxNrXRizOwRRGrLbi88ygIngm_1k8YzCOusXD8w1y8dfTPAEAAA%3d%3d:754
[  632832ms] [LOG] %c Widde Video Commerce %c v24604ee %c Build: 21/09/2026 20:39 %c border: 1px solid #2567f8; background: #2567f8; color: #fff; font-weight: bold; padding: 4px 8px; border-radius: 3px 0 0 0; border: 1px solid #2567f8; border-left: none; background: #FFF; color: #2567f8; font-weight: bold; padding: 4px 8px; border: 1px solid #2567f8; border-left: none; background: #f0f0f0; color: #333; font-weight: bold; padding: 4px 8px; border-radius: 0 3px 3px 0; background: transparent @ https://cdn.widde.io/assets/main.utzwjalemu.js:0
[  632977ms] Uncaught (in promise) TypeError: Cannot read properties of null (reading 'store_id')
    at loadAnswersSummaries (https://static.trustvox.com.br/sincero/sincero.js:0:378910)
    at <anonymous> (https://static.trustvox.com.br/sincero/sincero.js:0:104392)
    at r.dispatch (https://static.trustvox.com.br/sincero/sincero.js:0:106041)
    at dispatch (https://static.trustvox.com.br/sincero/sincero.js:0:102087)
    at <anonymous> (https://static.trustvox.com.br/sincero/sincero.js:0:365471)
[  632977ms] Uncaught (in promise) TypeError: Cannot read properties of null (reading 'store_id')
    at loadProfiles (https://static.trustvox.com.br/sincero/sincero.js:0:376806)
    at <anonymous> (https://static.trustvox.com.br/sincero/sincero.js:0:104392)
    at r.dispatch (https://static.trustvox.com.br/sincero/sincero.js:0:106041)
    at dispatch (https://static.trustvox.com.br/sincero/sincero.js:0:102087)
    at t.context.a.dispatch (https://static.trustvox.com.br/sincero/sincero.js:0:103635)
    at <anonymous> (https://static.trustvox.com.br/sincero/sincero.js:0:376597)
[  633029ms] [LOG] %c Tryon Widde.io %c %s %c border: 1px solid #2567f8; background: #2567f8; color: #fff; font-weight: bold; padding: 4px 8px; border-radius: 3px 0 0 3px; border: 1px solid #2567f8; background: #FFF; color: #2567f8; font-weight: bold; padding: 4px 8px; border-radius: 0 3px 3px 0; 47bf7c2 background: transparent @ https://cdn-tryon.widde.io/widde-tryon.js:86
[  633072ms] [LOG] [tryon-tracker] initialized {domain: www.lolacosmetics.com.br} @ https://cdn-tryon.widde.io/widde-tryon.js:8
[  639429ms] [WARNING] Error with Feature-Policy header: Some features are specified in both Feature-Policy and Permissions-Policy header: payment, fullscreen, microphone, camera. Values defined in Permissions-Policy header will be used. @ :0
[  639707ms] [ERROR] Failed to load resource: the server responded with a status of 500 () @ https://fonts.cdnfonts.com/css/leelawade:0
[  639951ms] [ERROR] Failed to load resource: the server responded with a status of 404 () @ https://lolacosmetics.admin.linxcommerce.com.br/Custom/Content/Themes/Lola/Styles/Fonts/FontAwesome/all.css:0
[  639959ms] [LOG] Trustvox rating | PDP: 46176 tipo: 3 @ https://www.lolacosmetics.com.br/plot-twist-bio-nut-oil-90ml-ps-19629-258-p46176:14
[  639959ms] [LOG] Trustvox rating | ID final usado = 46176 @ https://www.lolacosmetics.com.br/plot-twist-bio-nut-oil-90ml-ps-19629-258-p46176:14
[  639961ms] [LOG] Trustvox PDP | product: 46176 | type: 3 | usedId: 46176 @ https://www.lolacosmetics.com.br/plot-twist-bio-nut-oil-90ml-ps-19629-258-p46176:39
[  640007ms] [LOG] Banner não encontrado: banner-232 @ https://d1hjvew1n9ss7u.cloudfront.net/asset.axd?id=PAEAAB-LCAAAAAAAAAOtj0EPwUAQhf-KzLnsKqu64iBu4oSbOKzt0G2qKztTkQi_3abi6Ob43vfem8wDLIMGxjuLytwM2eCuPOvZ0gRCnrd86k8hgSaGNr5llFE40CdTEyZQXKP_EtuuRREhaA5tJLcIJqM8VSqfZlIO1VilWRYT9puwhStAjyZqIKM4fm1HoPeP333qLi5bYn8RS98wNix2JV6QxNrXRizOwRRGrLbi88ygIngm_1k8YzCOusXD8w1y8dfTPAEAAA%3d%3d:754
[  640008ms] [LOG] [Debug Carrinho] Polling ativo @ https://d1hjvew1n9ss7u.cloudfront.net/asset.axd?id=PAEAAB-LCAAAAAAAAAOtj0EPwUAQhf-KzLnsKqu64iBu4oSbOKzt0G2qKztTkQi_3abi6Ob43vfem8wDLIMGxjuLytwM2eCuPOvZ0gRCnrd86k8hgSaGNr5llFE40CdTEyZQXKP_EtuuRREhaA5tJLcIJqM8VSqfZlIO1VilWRYT9puwhStAjyZqIKM4fm1HoPeP333qLi5bYn8RS98wNix2JV6QxNrXRizOwRRGrLbi88ygIngm_1k8YzCOusXD8w1y8dfTPAEAAA%3d%3d:1790
[  640060ms] [LOG] add @ https://d1hjvew1n9ss7u.cloudfront.net/asset.axd?id=PAEAAB-LCAAAAAAAAAOtj0EPwUAQhf-KzLnsKqu64iBu4oSbOKzt0G2qKztTkQi_3abi6Ob43vfem8wDLIMGxjuLytwM2eCuPOvZ0gRCnrd86k8hgSaGNr5llFE40CdTEyZQXKP_EtuuRREhaA5tJLcIJqM8VSqfZlIO1VilWRYT9puwhStAjyZqIKM4fm1HoPeP333qLi5bYn8RS98wNix2JV6QxNrXRizOwRRGrLbi88ygIngm_1k8YzCOusXD8w1y8dfTPAEAAA%3d%3d:1
[  640061ms] [WARNING] !! Há erros de scripts de terceiros !!
Por favor, contate a Empresa responsável pelo script.  @ https://d1hjvew1n9ss7u.cloudfront.net/assets/shjs.js?t=639255987001545277:0
[  640062ms] Uncaught Error: You must pass a string or Handlebars AST to Handlebars.compile. You passed null
    at e.compile (https://d1hjvew1n9ss7u.cloudfront.net/asset.axd?id=PAEAAB-LCAAAAAAAAAOtj0EPwUAQhf-KzLnsKqu64iBu4oSbOKzt0G2qKztTkQi_3abi6Ob43vfem8wDLIMGxjuLytwM2eCuPOvZ0gRCnrd86k8hgSaGNr5llFE40CdTEyZQXKP_EtuuRREhaA5tJLcIJqM8VSqfZlIO1VilWRYT9puwhStAjyZqIKM4fm1HoPeP333qLi5bYn8RS98wNix2JV6QxNrXRizOwRRGrLbi88ygIngm_1k8YzCOusXD8w1y8dfTPAEAAA%3d%3d:1794:49302)
    at i.compile (https://d1hjvew1n9ss7u.cloudfront.net/asset.axd?id=PAEAAB-LCAAAAAAAAAOtj0EPwUAQhf-KzLnsKqu64iBu4oSbOKzt0G2qKztTkQi_3abi6Ob43vfem8wDLIMGxjuLytwM2eCuPOvZ0gRCnrd86k8hgSaGNr5llFE40CdTEyZQXKP_EtuuRREhaA5tJLcIJqM8VSqfZlIO1VilWRYT9puwhStAjyZqIKM4fm1HoPeP333qLi5bYn8RS98wNix2JV6QxNrXRizOwRRGrLbi88ygIngm_1k8YzCOusXD8w1y8dfTPAEAAA%3d%3d:1794:343)
    at renderBasket (https://d1hjvew1n9ss7u.cloudfront.net/asset.axd?id=PAEAAB-LCAAAAAAAAAOtj0EPwUAQhf-KzLnsKqu64iBu4oSbOKzt0G2qKztTkQi_3abi6Ob43vfem8wDLIMGxjuLytwM2eCuPOvZ0gRCnrd86k8hgSaGNr5llFE40CdTEyZQXKP_EtuuRREhaA5tJLcIJqM8VSqfZlIO1VilWRYT9puwhStAjyZqIKM4fm1HoPeP333qLi5bYn8RS98wNix2JV6QxNrXRizOwRRGrLbi88ygIngm_1k8YzCOusXD8w1y8dfTPAEAAA%3d%3d:29:27)
    at <anonymous> (https://d1hjvew1n9ss7u.cloudfront.net/asset.axd?id=PAEAAB-LCAAAAAAAAAOtj0EPwUAQhf-KzLnsKqu64iBu4oSbOKzt0G2qKztTkQi_3abi6Ob43vfem8wDLIMGxjuLytwM2eCuPOvZ0gRCnrd86k8hgSaGNr5llFE40CdTEyZQXKP_EtuuRREhaA5tJLcIJqM8VSqfZlIO1VilWRYT9puwhStAjyZqIKM4fm1HoPeP333qLi5bYn8RS98wNix2JV6QxNrXRizOwRRGrLbi88ygIngm_1k8YzCOusXD8w1y8dfTPAEAAA%3d%3d:220:1)
    at f (https://d1hjvew1n9ss7u.cloudfront.net/assets/shjs.js?t=639255987001545277:0:10382)
    at fireWith (https://d1hjvew1n9ss7u.cloudfront.net/assets/shjs.js?t=639255987001545277:0:11137)
    at ready (https://d1hjvew1n9ss7u.cloudfront.net/assets/shjs.js?t=639255987001545277:0:5238)
    at r (https://d1hjvew1n9ss7u.cloudfront.net/assets/shjs.js?t=639255987001545277:0:9748)
[  640064ms] [VERBOSE] [DOM] Input elements should have autocomplete attributes (suggested: "current-password"): (More info: https://goo.gl/9p2vKq) %o @ https://www.lolacosmetics.com.br/plot-twist-bio-nut-oil-90ml-ps-19629-258-p46176:0
[  640064ms] [VERBOSE] [DOM] Input elements should have autocomplete attributes (suggested: "current-password"): (More info: https://goo.gl/9p2vKq) %o @ https://www.lolacosmetics.com.br/plot-twist-bio-nut-oil-90ml-ps-19629-258-p46176:0
[  640184ms] [ERROR] Failed to load resource: the server responded with a status of 404 () @ https://d1hjvew1n9ss7u.cloudfront.net/Custom/Content:0
[  640187ms] [ERROR] Failed to load resource: net::ERR_NAME_NOT_RESOLVED @ https://event.getblue.io/js/blue-tag.min.js:0
[  640228ms] [ERROR] Failed to load resource: the server responded with a status of 404 () @ https://d1hjvew1n9ss7u.cloudfront.net/Custom/Content/Themes/Lola/Agrada/CSS/ajax-loader.gif:0
[  640229ms] [LOG] AffiseStorage availability: {cookie: true, localStorage: true, sessionStorage: true} @ https://rankmediabrasil.g2afse.com/websdk.js:0
[  640230ms] [LOG] Status RNK Media - ClickId: null UTM: null @ :3
[  640299ms] [WARNING] [Meta Pixel] - Invalid parameter format for currency. Please refer https://developers.facebook.com/docs/meta-pixel/reference/ for valid parameter specifications. @ https://connect.facebook.net/en_US/fbevents.js:203
[  640679ms] Uncaught TypeError: Cannot read properties of undefined (reading 'replace')
    at validaFreteGratis (https://d1hjvew1n9ss7u.cloudfront.net/asset.axd?id=PAEAAB-LCAAAAAAAAAOtj0EPwUAQhf-KzLnsKqu64iBu4oSbOKzt0G2qKztTkQi_3abi6Ob43vfem8wDLIMGxjuLytwM2eCuPOvZ0gRCnrd86k8hgSaGNr5llFE40CdTEyZQXKP_EtuuRREhaA5tJLcIJqM8VSqfZlIO1VilWRYT9puwhStAjyZqIKM4fm1HoPeP333qLi5bYn8RS98wNix2JV6QxNrXRizOwRRGrLbi88ygIngm_1k8YzCOusXD8w1y8dfTPAEAAA%3d%3d:1:7633)
    at <anonymous> (https://d1hjvew1n9ss7u.cloudfront.net/asset.axd?id=PAEAAB-LCAAAAAAAAAOtj0EPwUAQhf-KzLnsKqu64iBu4oSbOKzt0G2qKztTkQi_3abi6Ob43vfem8wDLIMGxjuLytwM2eCuPOvZ0gRCnrd86k8hgSaGNr5llFE40CdTEyZQXKP_EtuuRREhaA5tJLcIJqM8VSqfZlIO1VilWRYT9puwhStAjyZqIKM4fm1HoPeP333qLi5bYn8RS98wNix2JV6QxNrXRizOwRRGrLbi88ygIngm_1k8YzCOusXD8w1y8dfTPAEAAA%3d%3d:1:49808)
    at dispatch (https://d1hjvew1n9ss7u.cloudfront.net/assets/shjs.js?t=639255987001545277:0:32701)
    at a (https://d1hjvew1n9ss7u.cloudfront.net/assets/shjs.js?t=639255987001545277:0:28480)
[  640675ms] [LOG] Banner não encontrado: banner-232 @ https://d1hjvew1n9ss7u.cloudfront.net/asset.axd?id=PAEAAB-LCAAAAAAAAAOtj0EPwUAQhf-KzLnsKqu64iBu4oSbOKzt0G2qKztTkQi_3abi6Ob43vfem8wDLIMGxjuLytwM2eCuPOvZ0gRCnrd86k8hgSaGNr5llFE40CdTEyZQXKP_EtuuRREhaA5tJLcIJqM8VSqfZlIO1VilWRYT9puwhStAjyZqIKM4fm1HoPeP333qLi5bYn8RS98wNix2JV6QxNrXRizOwRRGrLbi88ygIngm_1k8YzCOusXD8w1y8dfTPAEAAA%3d%3d:754
[  640686ms] [LOG] %c Widde Video Commerce %c v24604ee %c Build: 21/09/2026 20:39 %c border: 1px solid #2567f8; background: #2567f8; color: #fff; font-weight: bold; padding: 4px 8px; border-radius: 3px 0 0 0; border: 1px solid #2567f8; border-left: none; background: #FFF; color: #2567f8; font-weight: bold; padding: 4px 8px; border: 1px solid #2567f8; border-left: none; background: #f0f0f0; color: #333; font-weight: bold; padding: 4px 8px; border-radius: 0 3px 3px 0; background: transparent @ https://cdn.widde.io/assets/main.utzwjalemu.js:0
[  640865ms] [LOG] %c Tryon Widde.io %c %s %c border: 1px solid #2567f8; background: #2567f8; color: #fff; font-weight: bold; padding: 4px 8px; border-radius: 3px 0 0 3px; border: 1px solid #2567f8; background: #FFF; color: #2567f8; font-weight: bold; padding: 4px 8px; border-radius: 0 3px 3px 0; 47bf7c2 background: transparent @ https://cdn-tryon.widde.io/widde-tryon.js:86
[  640887ms] [LOG] [tryon-tracker] initialized {domain: www.lolacosmetics.com.br} @ https://cdn-tryon.widde.io/widde-tryon.js:8
[  647138ms] [WARNING] Error with Feature-Policy header: Some features are specified in both Feature-Policy and Permissions-Policy header: payment, fullscreen, microphone, camera. Values defined in Permissions-Policy header will be used. @ :0
[  647496ms] [ERROR] Failed to load resource: the server responded with a status of 500 () @ https://fonts.cdnfonts.com/css/leelawade:0
[  647777ms] [ERROR] Failed to load resource: the server responded with a status of 404 () @ https://lolacosmetics.admin.linxcommerce.com.br/Custom/Content/Themes/Lola/Styles/Fonts/FontAwesome/all.css:0
[  647789ms] [LOG] Trustvox rating | PDP: 46174 tipo: 3 @ https://www.lolacosmetics.com.br/plot-twist-buriti-creme-ativador-480g-ps-19629-257-p46174:14
[  647789ms] [LOG] Trustvox rating | ID final usado = 46174 @ https://www.lolacosmetics.com.br/plot-twist-buriti-creme-ativador-480g-ps-19629-257-p46174:14
[  647807ms] [LOG] Trustvox PDP | product: 46174 | type: 3 | usedId: 46174 @ https://www.lolacosmetics.com.br/plot-twist-buriti-creme-ativador-480g-ps-19629-257-p46174:39
[  647845ms] [LOG] Banner não encontrado: banner-232 @ https://d1hjvew1n9ss7u.cloudfront.net/asset.axd?id=PAEAAB-LCAAAAAAAAAOtj0EPwUAQhf-KzLnsKqu64iBu4oSbOKzt0G2qKztTkQi_3abi6Ob43vfem8wDLIMGxjuLytwM2eCuPOvZ0gRCnrd86k8hgSaGNr5llFE40CdTEyZQXKP_EtuuRREhaA5tJLcIJqM8VSqfZlIO1VilWRYT9puwhStAjyZqIKM4fm1HoPeP333qLi5bYn8RS98wNix2JV6QxNrXRizOwRRGrLbi88ygIngm_1k8YzCOusXD8w1y8dfTPAEAAA%3d%3d:754
[  647848ms] [LOG] [Debug Carrinho] Polling ativo @ https://d1hjvew1n9ss7u.cloudfront.net/asset.axd?id=PAEAAB-LCAAAAAAAAAOtj0EPwUAQhf-KzLnsKqu64iBu4oSbOKzt0G2qKztTkQi_3abi6Ob43vfem8wDLIMGxjuLytwM2eCuPOvZ0gRCnrd86k8hgSaGNr5llFE40CdTEyZQXKP_EtuuRREhaA5tJLcIJqM8VSqfZlIO1VilWRYT9puwhStAjyZqIKM4fm1HoPeP333qLi5bYn8RS98wNix2JV6QxNrXRizOwRRGrLbi88ygIngm_1k8YzCOusXD8w1y8dfTPAEAAA%3d%3d:1790
[  647897ms] [LOG] add @ https://d1hjvew1n9ss7u.cloudfront.net/asset.axd?id=PAEAAB-LCAAAAAAAAAOtj0EPwUAQhf-KzLnsKqu64iBu4oSbOKzt0G2qKztTkQi_3abi6Ob43vfem8wDLIMGxjuLytwM2eCuPOvZ0gRCnrd86k8hgSaGNr5llFE40CdTEyZQXKP_EtuuRREhaA5tJLcIJqM8VSqfZlIO1VilWRYT9puwhStAjyZqIKM4fm1HoPeP333qLi5bYn8RS98wNix2JV6QxNrXRizOwRRGrLbi88ygIngm_1k8YzCOusXD8w1y8dfTPAEAAA%3d%3d:1
[  647899ms] [WARNING] !! Há erros de scripts de terceiros !!
Por favor, contate a Empresa responsável pelo script.  @ https://d1hjvew1n9ss7u.cloudfront.net/assets/shjs.js?t=639255987001545277:0
[  647899ms] Uncaught Error: You must pass a string or Handlebars AST to Handlebars.compile. You passed null
    at e.compile (https://d1hjvew1n9ss7u.cloudfront.net/asset.axd?id=PAEAAB-LCAAAAAAAAAOtj0EPwUAQhf-KzLnsKqu64iBu4oSbOKzt0G2qKztTkQi_3abi6Ob43vfem8wDLIMGxjuLytwM2eCuPOvZ0gRCnrd86k8hgSaGNr5llFE40CdTEyZQXKP_EtuuRREhaA5tJLcIJqM8VSqfZlIO1VilWRYT9puwhStAjyZqIKM4fm1HoPeP333qLi5bYn8RS98wNix2JV6QxNrXRizOwRRGrLbi88ygIngm_1k8YzCOusXD8w1y8dfTPAEAAA%3d%3d:1794:49302)
    at i.compile (https://d1hjvew1n9ss7u.cloudfront.net/asset.axd?id=PAEAAB-LCAAAAAAAAAOtj0EPwUAQhf-KzLnsKqu64iBu4oSbOKzt0G2qKztTkQi_3abi6Ob43vfem8wDLIMGxjuLytwM2eCuPOvZ0gRCnrd86k8hgSaGNr5llFE40CdTEyZQXKP_EtuuRREhaA5tJLcIJqM8VSqfZlIO1VilWRYT9puwhStAjyZqIKM4fm1HoPeP333qLi5bYn8RS98wNix2JV6QxNrXRizOwRRGrLbi88ygIngm_1k8YzCOusXD8w1y8dfTPAEAAA%3d%3d:1794:343)
    at renderBasket (https://d1hjvew1n9ss7u.cloudfront.net/asset.axd?id=PAEAAB-LCAAAAAAAAAOtj0EPwUAQhf-KzLnsKqu64iBu4oSbOKzt0G2qKztTkQi_3abi6Ob43vfem8wDLIMGxjuLytwM2eCuPOvZ0gRCnrd86k8hgSaGNr5llFE40CdTEyZQXKP_EtuuRREhaA5tJLcIJqM8VSqfZlIO1VilWRYT9puwhStAjyZqIKM4fm1HoPeP333qLi5bYn8RS98wNix2JV6QxNrXRizOwRRGrLbi88ygIngm_1k8YzCOusXD8w1y8dfTPAEAAA%3d%3d:29:27)
    at <anonymous> (https://d1hjvew1n9ss7u.cloudfront.net/asset.axd?id=PAEAAB-LCAAAAAAAAAOtj0EPwUAQhf-KzLnsKqu64iBu4oSbOKzt0G2qKztTkQi_3abi6Ob43vfem8wDLIMGxjuLytwM2eCuPOvZ0gRCnrd86k8hgSaGNr5llFE40CdTEyZQXKP_EtuuRREhaA5tJLcIJqM8VSqfZlIO1VilWRYT9puwhStAjyZqIKM4fm1HoPeP333qLi5bYn8RS98wNix2JV6QxNrXRizOwRRGrLbi88ygIngm_1k8YzCOusXD8w1y8dfTPAEAAA%3d%3d:220:1)
    at f (https://d1hjvew1n9ss7u.cloudfront.net/assets/shjs.js?t=639255987001545277:0:10382)
    at fireWith (https://d1hjvew1n9ss7u.cloudfront.net/assets/shjs.js?t=639255987001545277:0:11137)
    at ready (https://d1hjvew1n9ss7u.cloudfront.net/assets/shjs.js?t=639255987001545277:0:5238)
    at r (https://d1hjvew1n9ss7u.cloudfront.net/assets/shjs.js?t=639255987001545277:0:9748)
[  647901ms] [VERBOSE] [DOM] Input elements should have autocomplete attributes (suggested: "current-password"): (More info: https://goo.gl/9p2vKq) %o @ https://www.lolacosmetics.com.br/plot-twist-buriti-creme-ativador-480g-ps-19629-257-p46174:0
[  647901ms] [VERBOSE] [DOM] Input elements should have autocomplete attributes (suggested: "current-password"): (More info: https://goo.gl/9p2vKq) %o @ https://www.lolacosmetics.com.br/plot-twist-buriti-creme-ativador-480g-ps-19629-257-p46174:0
[  647977ms] [ERROR] Failed to load resource: net::ERR_NAME_NOT_RESOLVED @ https://event.getblue.io/js/blue-tag.min.js:0
[  648047ms] [LOG] AffiseStorage availability: {cookie: true, localStorage: true, sessionStorage: true} @ https://rankmediabrasil.g2afse.com/websdk.js:0
[  648048ms] [LOG] Status RNK Media - ClickId: null UTM: null @ :3
[  648104ms] [WARNING] [Meta Pixel] - Invalid parameter format for currency. Please refer https://developers.facebook.com/docs/meta-pixel/reference/ for valid parameter specifications. @ https://connect.facebook.net/en_US/fbevents.js:203
[  648111ms] [ERROR] Failed to load resource: the server responded with a status of 404 () @ https://d1hjvew1n9ss7u.cloudfront.net/Custom/Content/Themes/Lola/Agrada/CSS/ajax-loader.gif:0
[  648386ms] Uncaught TypeError: Cannot read properties of undefined (reading 'replace')
    at validaFreteGratis (https://d1hjvew1n9ss7u.cloudfront.net/asset.axd?id=PAEAAB-LCAAAAAAAAAOtj0EPwUAQhf-KzLnsKqu64iBu4oSbOKzt0G2qKztTkQi_3abi6Ob43vfem8wDLIMGxjuLytwM2eCuPOvZ0gRCnrd86k8hgSaGNr5llFE40CdTEyZQXKP_EtuuRREhaA5tJLcIJqM8VSqfZlIO1VilWRYT9puwhStAjyZqIKM4fm1HoPeP333qLi5bYn8RS98wNix2JV6QxNrXRizOwRRGrLbi88ygIngm_1k8YzCOusXD8w1y8dfTPAEAAA%3d%3d:1:7633)
    at <anonymous> (https://d1hjvew1n9ss7u.cloudfront.net/asset.axd?id=PAEAAB-LCAAAAAAAAAOtj0EPwUAQhf-KzLnsKqu64iBu4oSbOKzt0G2qKztTkQi_3abi6Ob43vfem8wDLIMGxjuLytwM2eCuPOvZ0gRCnrd86k8hgSaGNr5llFE40CdTEyZQXKP_EtuuRREhaA5tJLcIJqM8VSqfZlIO1VilWRYT9puwhStAjyZqIKM4fm1HoPeP333qLi5bYn8RS98wNix2JV6QxNrXRizOwRRGrLbi88ygIngm_1k8YzCOusXD8w1y8dfTPAEAAA%3d%3d:1:49808)
    at dispatch (https://d1hjvew1n9ss7u.cloudfront.net/assets/shjs.js?t=639255987001545277:0:32701)
    at a (https://d1hjvew1n9ss7u.cloudfront.net/assets/shjs.js?t=639255987001545277:0:28480)
[  648385ms] [LOG] Banner não encontrado: banner-232 @ https://d1hjvew1n9ss7u.cloudfront.net/asset.axd?id=PAEAAB-LCAAAAAAAAAOtj0EPwUAQhf-KzLnsKqu64iBu4oSbOKzt0G2qKztTkQi_3abi6Ob43vfem8wDLIMGxjuLytwM2eCuPOvZ0gRCnrd86k8hgSaGNr5llFE40CdTEyZQXKP_EtuuRREhaA5tJLcIJqM8VSqfZlIO1VilWRYT9puwhStAjyZqIKM4fm1HoPeP333qLi5bYn8RS98wNix2JV6QxNrXRizOwRRGrLbi88ygIngm_1k8YzCOusXD8w1y8dfTPAEAAA%3d%3d:754
[  648410ms] [LOG] %c Widde Video Commerce %c v24604ee %c Build: 21/09/2026 20:39 %c border: 1px solid #2567f8; background: #2567f8; color: #fff; font-weight: bold; padding: 4px 8px; border-radius: 3px 0 0 0; border: 1px solid #2567f8; border-left: none; background: #FFF; color: #2567f8; font-weight: bold; padding: 4px 8px; border: 1px solid #2567f8; border-left: none; background: #f0f0f0; color: #333; font-weight: bold; padding: 4px 8px; border-radius: 0 3px 3px 0; background: transparent @ https://cdn.widde.io/assets/main.utzwjalemu.js:0
[  648598ms] [LOG] %c Tryon Widde.io %c %s %c border: 1px solid #2567f8; background: #2567f8; color: #fff; font-weight: bold; padding: 4px 8px; border-radius: 3px 0 0 3px; border: 1px solid #2567f8; background: #FFF; color: #2567f8; font-weight: bold; padding: 4px 8px; border-radius: 0 3px 3px 0; 47bf7c2 background: transparent @ https://cdn-tryon.widde.io/widde-tryon.js:86
[  648651ms] [LOG] [tryon-tracker] initialized {domain: www.lolacosmetics.com.br} @ https://cdn-tryon.widde.io/widde-tryon.js:8
[  654848ms] [WARNING] Error with Feature-Policy header: Some features are specified in both Feature-Policy and Permissions-Policy header: payment, fullscreen, microphone, camera. Values defined in Permissions-Policy header will be used. @ :0
[  655128ms] [ERROR] Failed to load resource: the server responded with a status of 500 () @ https://fonts.cdnfonts.com/css/leelawade:0
[  655383ms] [ERROR] Failed to load resource: the server responded with a status of 404 () @ https://lolacosmetics.admin.linxcommerce.com.br/Custom/Content/Themes/Lola/Styles/Fonts/FontAwesome/all.css:0
[  655388ms] [LOG] Trustvox rating | PDP: 46166 tipo: 3 @ https://www.lolacosmetics.com.br/plot-twist-buriti-pudding-ps-19629-254-p46166:14
[  655388ms] [LOG] Trustvox rating | ID final usado = 46166 @ https://www.lolacosmetics.com.br/plot-twist-buriti-pudding-ps-19629-254-p46166:14
[  655391ms] [LOG] Trustvox PDP | product: 46166 | type: 3 | usedId: 46166 @ https://www.lolacosmetics.com.br/plot-twist-buriti-pudding-ps-19629-254-p46166:39
[  655432ms] [LOG] Banner não encontrado: banner-232 @ https://d1hjvew1n9ss7u.cloudfront.net/asset.axd?id=PAEAAB-LCAAAAAAAAAOtj0EPwUAQhf-KzLnsKqu64iBu4oSbOKzt0G2qKztTkQi_3abi6Ob43vfem8wDLIMGxjuLytwM2eCuPOvZ0gRCnrd86k8hgSaGNr5llFE40CdTEyZQXKP_EtuuRREhaA5tJLcIJqM8VSqfZlIO1VilWRYT9puwhStAjyZqIKM4fm1HoPeP333qLi5bYn8RS98wNix2JV6QxNrXRizOwRRGrLbi88ygIngm_1k8YzCOusXD8w1y8dfTPAEAAA%3d%3d:754
[  655434ms] [LOG] [Debug Carrinho] Polling ativo @ https://d1hjvew1n9ss7u.cloudfront.net/asset.axd?id=PAEAAB-LCAAAAAAAAAOtj0EPwUAQhf-KzLnsKqu64iBu4oSbOKzt0G2qKztTkQi_3abi6Ob43vfem8wDLIMGxjuLytwM2eCuPOvZ0gRCnrd86k8hgSaGNr5llFE40CdTEyZQXKP_EtuuRREhaA5tJLcIJqM8VSqfZlIO1VilWRYT9puwhStAjyZqIKM4fm1HoPeP333qLi5bYn8RS98wNix2JV6QxNrXRizOwRRGrLbi88ygIngm_1k8YzCOusXD8w1y8dfTPAEAAA%3d%3d:1790
[  655490ms] [LOG] add @ https://d1hjvew1n9ss7u.cloudfront.net/asset.axd?id=PAEAAB-LCAAAAAAAAAOtj0EPwUAQhf-KzLnsKqu64iBu4oSbOKzt0G2qKztTkQi_3abi6Ob43vfem8wDLIMGxjuLytwM2eCuPOvZ0gRCnrd86k8hgSaGNr5llFE40CdTEyZQXKP_EtuuRREhaA5tJLcIJqM8VSqfZlIO1VilWRYT9puwhStAjyZqIKM4fm1HoPeP333qLi5bYn8RS98wNix2JV6QxNrXRizOwRRGrLbi88ygIngm_1k8YzCOusXD8w1y8dfTPAEAAA%3d%3d:1
[  655491ms] [WARNING] !! Há erros de scripts de terceiros !!
Por favor, contate a Empresa responsável pelo script.  @ https://d1hjvew1n9ss7u.cloudfront.net/assets/shjs.js?t=639255987001545277:0
[  655492ms] Uncaught Error: You must pass a string or Handlebars AST to Handlebars.compile. You passed null
    at e.compile (https://d1hjvew1n9ss7u.cloudfront.net/asset.axd?id=PAEAAB-LCAAAAAAAAAOtj0EPwUAQhf-KzLnsKqu64iBu4oSbOKzt0G2qKztTkQi_3abi6Ob43vfem8wDLIMGxjuLytwM2eCuPOvZ0gRCnrd86k8hgSaGNr5llFE40CdTEyZQXKP_EtuuRREhaA5tJLcIJqM8VSqfZlIO1VilWRYT9puwhStAjyZqIKM4fm1HoPeP333qLi5bYn8RS98wNix2JV6QxNrXRizOwRRGrLbi88ygIngm_1k8YzCOusXD8w1y8dfTPAEAAA%3d%3d:1794:49302)
    at i.compile (https://d1hjvew1n9ss7u.cloudfront.net/asset.axd?id=PAEAAB-LCAAAAAAAAAOtj0EPwUAQhf-KzLnsKqu64iBu4oSbOKzt0G2qKztTkQi_3abi6Ob43vfem8wDLIMGxjuLytwM2eCuPOvZ0gRCnrd86k8hgSaGNr5llFE40CdTEyZQXKP_EtuuRREhaA5tJLcIJqM8VSqfZlIO1VilWRYT9puwhStAjyZqIKM4fm1HoPeP333qLi5bYn8RS98wNix2JV6QxNrXRizOwRRGrLbi88ygIngm_1k8YzCOusXD8w1y8dfTPAEAAA%3d%3d:1794:343)
    at renderBasket (https://d1hjvew1n9ss7u.cloudfront.net/asset.axd?id=PAEAAB-LCAAAAAAAAAOtj0EPwUAQhf-KzLnsKqu64iBu4oSbOKzt0G2qKztTkQi_3abi6Ob43vfem8wDLIMGxjuLytwM2eCuPOvZ0gRCnrd86k8hgSaGNr5llFE40CdTEyZQXKP_EtuuRREhaA5tJLcIJqM8VSqfZlIO1VilWRYT9puwhStAjyZqIKM4fm1HoPeP333qLi5bYn8RS98wNix2JV6QxNrXRizOwRRGrLbi88ygIngm_1k8YzCOusXD8w1y8dfTPAEAAA%3d%3d:29:27)
    at <anonymous> (https://d1hjvew1n9ss7u.cloudfront.net/asset.axd?id=PAEAAB-LCAAAAAAAAAOtj0EPwUAQhf-KzLnsKqu64iBu4oSbOKzt0G2qKztTkQi_3abi6Ob43vfem8wDLIMGxjuLytwM2eCuPOvZ0gRCnrd86k8hgSaGNr5llFE40CdTEyZQXKP_EtuuRREhaA5tJLcIJqM8VSqfZlIO1VilWRYT9puwhStAjyZqIKM4fm1HoPeP333qLi5bYn8RS98wNix2JV6QxNrXRizOwRRGrLbi88ygIngm_1k8YzCOusXD8w1y8dfTPAEAAA%3d%3d:220:1)
    at f (https://d1hjvew1n9ss7u.cloudfront.net/assets/shjs.js?t=639255987001545277:0:10382)
    at fireWith (https://d1hjvew1n9ss7u.cloudfront.net/assets/shjs.js?t=639255987001545277:0:11137)
    at ready (https://d1hjvew1n9ss7u.cloudfront.net/assets/shjs.js?t=639255987001545277:0:5238)
    at r (https://d1hjvew1n9ss7u.cloudfront.net/assets/shjs.js?t=639255987001545277:0:9748)
[  655494ms] [VERBOSE] [DOM] Input elements should have autocomplete attributes (suggested: "current-password"): (More info: https://goo.gl/9p2vKq) %o @ https://www.lolacosmetics.com.br/plot-twist-buriti-pudding-ps-19629-254-p46166:0
[  655494ms] [VERBOSE] [DOM] Input elements should have autocomplete attributes (suggested: "current-password"): (More info: https://goo.gl/9p2vKq) %o @ https://www.lolacosmetics.com.br/plot-twist-buriti-pudding-ps-19629-254-p46166:0
[  655614ms] [ERROR] Failed to load resource: net::ERR_NAME_NOT_RESOLVED @ https://event.getblue.io/js/blue-tag.min.js:0
[  655684ms] [ERROR] Failed to load resource: the server responded with a status of 404 () @ https://d1hjvew1n9ss7u.cloudfront.net/Custom/Content/Themes/Lola/Agrada/CSS/ajax-loader.gif:0
[  655689ms] [LOG] AffiseStorage availability: {cookie: true, localStorage: true, sessionStorage: true} @ https://rankmediabrasil.g2afse.com/websdk.js:0
[  655690ms] [LOG] Status RNK Media - ClickId: null UTM: null @ :3
[  655711ms] [WARNING] [Meta Pixel] - Invalid parameter format for currency. Please refer https://developers.facebook.com/docs/meta-pixel/reference/ for valid parameter specifications. @ https://connect.facebook.net/en_US/fbevents.js:203
[  656002ms] Uncaught TypeError: Cannot read properties of undefined (reading 'replace')
    at validaFreteGratis (https://d1hjvew1n9ss7u.cloudfront.net/asset.axd?id=PAEAAB-LCAAAAAAAAAOtj0EPwUAQhf-KzLnsKqu64iBu4oSbOKzt0G2qKztTkQi_3abi6Ob43vfem8wDLIMGxjuLytwM2eCuPOvZ0gRCnrd86k8hgSaGNr5llFE40CdTEyZQXKP_EtuuRREhaA5tJLcIJqM8VSqfZlIO1VilWRYT9puwhStAjyZqIKM4fm1HoPeP333qLi5bYn8RS98wNix2JV6QxNrXRizOwRRGrLbi88ygIngm_1k8YzCOusXD8w1y8dfTPAEAAA%3d%3d:1:7633)
    at <anonymous> (https://d1hjvew1n9ss7u.cloudfront.net/asset.axd?id=PAEAAB-LCAAAAAAAAAOtj0EPwUAQhf-KzLnsKqu64iBu4oSbOKzt0G2qKztTkQi_3abi6Ob43vfem8wDLIMGxjuLytwM2eCuPOvZ0gRCnrd86k8hgSaGNr5llFE40CdTEyZQXKP_EtuuRREhaA5tJLcIJqM8VSqfZlIO1VilWRYT9puwhStAjyZqIKM4fm1HoPeP333qLi5bYn8RS98wNix2JV6QxNrXRizOwRRGrLbi88ygIngm_1k8YzCOusXD8w1y8dfTPAEAAA%3d%3d:1:49808)
    at dispatch (https://d1hjvew1n9ss7u.cloudfront.net/assets/shjs.js?t=639255987001545277:0:32701)
    at a (https://d1hjvew1n9ss7u.cloudfront.net/assets/shjs.js?t=639255987001545277:0:28480)
[  656000ms] [LOG] Banner não encontrado: banner-232 @ https://d1hjvew1n9ss7u.cloudfront.net/asset.axd?id=PAEAAB-LCAAAAAAAAAOtj0EPwUAQhf-KzLnsKqu64iBu4oSbOKzt0G2qKztTkQi_3abi6Ob43vfem8wDLIMGxjuLytwM2eCuPOvZ0gRCnrd86k8hgSaGNr5llFE40CdTEyZQXKP_EtuuRREhaA5tJLcIJqM8VSqfZlIO1VilWRYT9puwhStAjyZqIKM4fm1HoPeP333qLi5bYn8RS98wNix2JV6QxNrXRizOwRRGrLbi88ygIngm_1k8YzCOusXD8w1y8dfTPAEAAA%3d%3d:754
[  656028ms] [LOG] %c Widde Video Commerce %c v24604ee %c Build: 21/09/2026 20:39 %c border: 1px solid #2567f8; background: #2567f8; color: #fff; font-weight: bold; padding: 4px 8px; border-radius: 3px 0 0 0; border: 1px solid #2567f8; border-left: none; background: #FFF; color: #2567f8; font-weight: bold; padding: 4px 8px; border: 1px solid #2567f8; border-left: none; background: #f0f0f0; color: #333; font-weight: bold; padding: 4px 8px; border-radius: 0 3px 3px 0; background: transparent @ https://cdn.widde.io/assets/main.utzwjalemu.js:0
[  656153ms] [LOG] %c Tryon Widde.io %c %s %c border: 1px solid #2567f8; background: #2567f8; color: #fff; font-weight: bold; padding: 4px 8px; border-radius: 3px 0 0 3px; border: 1px solid #2567f8; background: #FFF; color: #2567f8; font-weight: bold; padding: 4px 8px; border-radius: 0 3px 3px 0; 47bf7c2 background: transparent @ https://cdn-tryon.widde.io/widde-tryon.js:86
[  656186ms] [LOG] [tryon-tracker] initialized {domain: www.lolacosmetics.com.br} @ https://cdn-tryon.widde.io/widde-tryon.js:8
[  662331ms] [WARNING] Error with Feature-Policy header: Some features are specified in both Feature-Policy and Permissions-Policy header: payment, fullscreen, microphone, camera. Values defined in Permissions-Policy header will be used. @ :0
[  662612ms] [ERROR] Failed to load resource: the server responded with a status of 500 () @ https://fonts.cdnfonts.com/css/leelawade:0
[  662864ms] [ERROR] Failed to load resource: the server responded with a status of 404 () @ https://lolacosmetics.admin.linxcommerce.com.br/Custom/Content/Themes/Lola/Styles/Fonts/FontAwesome/all.css:0
[  662875ms] [LOG] Trustvox rating | PDP: 45431 tipo: 3 @ https://www.lolacosmetics.com.br/plot-twist-guava-butter-gel-480g-ps-19629-146-p45431:14
[  662875ms] [LOG] Trustvox rating | ID final usado = 45431 @ https://www.lolacosmetics.com.br/plot-twist-guava-butter-gel-480g-ps-19629-146-p45431:14
[  662893ms] [LOG] Trustvox PDP | product: 45431 | type: 3 | usedId: 45431 @ https://www.lolacosmetics.com.br/plot-twist-guava-butter-gel-480g-ps-19629-146-p45431:39
[  662927ms] [LOG] Banner não encontrado: banner-232 @ https://d1hjvew1n9ss7u.cloudfront.net/asset.axd?id=PAEAAB-LCAAAAAAAAAOtj0EPwUAQhf-KzLnsKqu64iBu4oSbOKzt0G2qKztTkQi_3abi6Ob43vfem8wDLIMGxjuLytwM2eCuPOvZ0gRCnrd86k8hgSaGNr5llFE40CdTEyZQXKP_EtuuRREhaA5tJLcIJqM8VSqfZlIO1VilWRYT9puwhStAjyZqIKM4fm1HoPeP333qLi5bYn8RS98wNix2JV6QxNrXRizOwRRGrLbi88ygIngm_1k8YzCOusXD8w1y8dfTPAEAAA%3d%3d:754
[  662928ms] [LOG] [Debug Carrinho] Polling ativo @ https://d1hjvew1n9ss7u.cloudfront.net/asset.axd?id=PAEAAB-LCAAAAAAAAAOtj0EPwUAQhf-KzLnsKqu64iBu4oSbOKzt0G2qKztTkQi_3abi6Ob43vfem8wDLIMGxjuLytwM2eCuPOvZ0gRCnrd86k8hgSaGNr5llFE40CdTEyZQXKP_EtuuRREhaA5tJLcIJqM8VSqfZlIO1VilWRYT9puwhStAjyZqIKM4fm1HoPeP333qLi5bYn8RS98wNix2JV6QxNrXRizOwRRGrLbi88ygIngm_1k8YzCOusXD8w1y8dfTPAEAAA%3d%3d:1790
[  662982ms] [LOG] add @ https://d1hjvew1n9ss7u.cloudfront.net/asset.axd?id=PAEAAB-LCAAAAAAAAAOtj0EPwUAQhf-KzLnsKqu64iBu4oSbOKzt0G2qKztTkQi_3abi6Ob43vfem8wDLIMGxjuLytwM2eCuPOvZ0gRCnrd86k8hgSaGNr5llFE40CdTEyZQXKP_EtuuRREhaA5tJLcIJqM8VSqfZlIO1VilWRYT9puwhStAjyZqIKM4fm1HoPeP333qLi5bYn8RS98wNix2JV6QxNrXRizOwRRGrLbi88ygIngm_1k8YzCOusXD8w1y8dfTPAEAAA%3d%3d:1
[  662984ms] [WARNING] !! Há erros de scripts de terceiros !!
Por favor, contate a Empresa responsável pelo script.  @ https://d1hjvew1n9ss7u.cloudfront.net/assets/shjs.js?t=639255987001545277:0
[  662985ms] Uncaught Error: You must pass a string or Handlebars AST to Handlebars.compile. You passed null
    at e.compile (https://d1hjvew1n9ss7u.cloudfront.net/asset.axd?id=PAEAAB-LCAAAAAAAAAOtj0EPwUAQhf-KzLnsKqu64iBu4oSbOKzt0G2qKztTkQi_3abi6Ob43vfem8wDLIMGxjuLytwM2eCuPOvZ0gRCnrd86k8hgSaGNr5llFE40CdTEyZQXKP_EtuuRREhaA5tJLcIJqM8VSqfZlIO1VilWRYT9puwhStAjyZqIKM4fm1HoPeP333qLi5bYn8RS98wNix2JV6QxNrXRizOwRRGrLbi88ygIngm_1k8YzCOusXD8w1y8dfTPAEAAA%3d%3d:1794:49302)
    at i.compile (https://d1hjvew1n9ss7u.cloudfront.net/asset.axd?id=PAEAAB-LCAAAAAAAAAOtj0EPwUAQhf-KzLnsKqu64iBu4oSbOKzt0G2qKztTkQi_3abi6Ob43vfem8wDLIMGxjuLytwM2eCuPOvZ0gRCnrd86k8hgSaGNr5llFE40CdTEyZQXKP_EtuuRREhaA5tJLcIJqM8VSqfZlIO1VilWRYT9puwhStAjyZqIKM4fm1HoPeP333qLi5bYn8RS98wNix2JV6QxNrXRizOwRRGrLbi88ygIngm_1k8YzCOusXD8w1y8dfTPAEAAA%3d%3d:1794:343)
    at renderBasket (https://d1hjvew1n9ss7u.cloudfront.net/asset.axd?id=PAEAAB-LCAAAAAAAAAOtj0EPwUAQhf-KzLnsKqu64iBu4oSbOKzt0G2qKztTkQi_3abi6Ob43vfem8wDLIMGxjuLytwM2eCuPOvZ0gRCnrd86k8hgSaGNr5llFE40CdTEyZQXKP_EtuuRREhaA5tJLcIJqM8VSqfZlIO1VilWRYT9puwhStAjyZqIKM4fm1HoPeP333qLi5bYn8RS98wNix2JV6QxNrXRizOwRRGrLbi88ygIngm_1k8YzCOusXD8w1y8dfTPAEAAA%3d%3d:29:27)
    at <anonymous> (https://d1hjvew1n9ss7u.cloudfront.net/asset.axd?id=PAEAAB-LCAAAAAAAAAOtj0EPwUAQhf-KzLnsKqu64iBu4oSbOKzt0G2qKztTkQi_3abi6Ob43vfem8wDLIMGxjuLytwM2eCuPOvZ0gRCnrd86k8hgSaGNr5llFE40CdTEyZQXKP_EtuuRREhaA5tJLcIJqM8VSqfZlIO1VilWRYT9puwhStAjyZqIKM4fm1HoPeP333qLi5bYn8RS98wNix2JV6QxNrXRizOwRRGrLbi88ygIngm_1k8YzCOusXD8w1y8dfTPAEAAA%3d%3d:220:1)
    at f (https://d1hjvew1n9ss7u.cloudfront.net/assets/shjs.js?t=639255987001545277:0:10382)
    at fireWith (https://d1hjvew1n9ss7u.cloudfront.net/assets/shjs.js?t=639255987001545277:0:11137)
    at ready (https://d1hjvew1n9ss7u.cloudfront.net/assets/shjs.js?t=639255987001545277:0:5238)
    at r (https://d1hjvew1n9ss7u.cloudfront.net/assets/shjs.js?t=639255987001545277:0:9748)
[  662987ms] [VERBOSE] [DOM] Input elements should have autocomplete attributes (suggested: "current-password"): (More info: https://goo.gl/9p2vKq) %o @ https://www.lolacosmetics.com.br/plot-twist-guava-butter-gel-480g-ps-19629-146-p45431:0
[  662987ms] [VERBOSE] [DOM] Input elements should have autocomplete attributes (suggested: "current-password"): (More info: https://goo.gl/9p2vKq) %o @ https://www.lolacosmetics.com.br/plot-twist-guava-butter-gel-480g-ps-19629-146-p45431:0
[  663055ms] [ERROR] Failed to load resource: the server responded with a status of 404 () @ https://d1hjvew1n9ss7u.cloudfront.net/Custom/Content:0
[  663095ms] [ERROR] Failed to load resource: net::ERR_NAME_NOT_RESOLVED @ https://event.getblue.io/js/blue-tag.min.js:0
[  663136ms] [LOG] AffiseStorage availability: {cookie: true, localStorage: true, sessionStorage: true} @ https://rankmediabrasil.g2afse.com/websdk.js:0
[  663137ms] [LOG] Status RNK Media - ClickId: null UTM: null @ :3
[  663187ms] [ERROR] Failed to load resource: the server responded with a status of 404 () @ https://d1hjvew1n9ss7u.cloudfront.net/Custom/Content/Themes/Lola/Agrada/CSS/ajax-loader.gif:0
[  663229ms] [WARNING] [Meta Pixel] - Invalid parameter format for currency. Please refer https://developers.facebook.com/docs/meta-pixel/reference/ for valid parameter specifications. @ https://connect.facebook.net/en_US/fbevents.js:203
[  663563ms] Uncaught TypeError: Cannot read properties of undefined (reading 'replace')
    at validaFreteGratis (https://d1hjvew1n9ss7u.cloudfront.net/asset.axd?id=PAEAAB-LCAAAAAAAAAOtj0EPwUAQhf-KzLnsKqu64iBu4oSbOKzt0G2qKztTkQi_3abi6Ob43vfem8wDLIMGxjuLytwM2eCuPOvZ0gRCnrd86k8hgSaGNr5llFE40CdTEyZQXKP_EtuuRREhaA5tJLcIJqM8VSqfZlIO1VilWRYT9puwhStAjyZqIKM4fm1HoPeP333qLi5bYn8RS98wNix2JV6QxNrXRizOwRRGrLbi88ygIngm_1k8YzCOusXD8w1y8dfTPAEAAA%3d%3d:1:7633)
    at <anonymous> (https://d1hjvew1n9ss7u.cloudfront.net/asset.axd?id=PAEAAB-LCAAAAAAAAAOtj0EPwUAQhf-KzLnsKqu64iBu4oSbOKzt0G2qKztTkQi_3abi6Ob43vfem8wDLIMGxjuLytwM2eCuPOvZ0gRCnrd86k8hgSaGNr5llFE40CdTEyZQXKP_EtuuRREhaA5tJLcIJqM8VSqfZlIO1VilWRYT9puwhStAjyZqIKM4fm1HoPeP333qLi5bYn8RS98wNix2JV6QxNrXRizOwRRGrLbi88ygIngm_1k8YzCOusXD8w1y8dfTPAEAAA%3d%3d:1:49808)
    at dispatch (https://d1hjvew1n9ss7u.cloudfront.net/assets/shjs.js?t=639255987001545277:0:32701)
    at a (https://d1hjvew1n9ss7u.cloudfront.net/assets/shjs.js?t=639255987001545277:0:28480)
[  663561ms] [LOG] Banner não encontrado: banner-232 @ https://d1hjvew1n9ss7u.cloudfront.net/asset.axd?id=PAEAAB-LCAAAAAAAAAOtj0EPwUAQhf-KzLnsKqu64iBu4oSbOKzt0G2qKztTkQi_3abi6Ob43vfem8wDLIMGxjuLytwM2eCuPOvZ0gRCnrd86k8hgSaGNr5llFE40CdTEyZQXKP_EtuuRREhaA5tJLcIJqM8VSqfZlIO1VilWRYT9puwhStAjyZqIKM4fm1HoPeP333qLi5bYn8RS98wNix2JV6QxNrXRizOwRRGrLbi88ygIngm_1k8YzCOusXD8w1y8dfTPAEAAA%3d%3d:754
[  663586ms] [LOG] %c Widde Video Commerce %c v24604ee %c Build: 21/09/2026 20:39 %c border: 1px solid #2567f8; background: #2567f8; color: #fff; font-weight: bold; padding: 4px 8px; border-radius: 3px 0 0 0; border: 1px solid #2567f8; border-left: none; background: #FFF; color: #2567f8; font-weight: bold; padding: 4px 8px; border: 1px solid #2567f8; border-left: none; background: #f0f0f0; color: #333; font-weight: bold; padding: 4px 8px; border-radius: 0 3px 3px 0; background: transparent @ https://cdn.widde.io/assets/main.utzwjalemu.js:0
[  663744ms] [LOG] %c Tryon Widde.io %c %s %c border: 1px solid #2567f8; background: #2567f8; color: #fff; font-weight: bold; padding: 4px 8px; border-radius: 3px 0 0 3px; border: 1px solid #2567f8; background: #FFF; color: #2567f8; font-weight: bold; padding: 4px 8px; border-radius: 0 3px 3px 0; 47bf7c2 background: transparent @ https://cdn-tryon.widde.io/widde-tryon.js:86
[  663762ms] [LOG] [tryon-tracker] initialized {domain: www.lolacosmetics.com.br} @ https://cdn-tryon.widde.io/widde-tryon.js:8
[  670105ms] [WARNING] Error with Feature-Policy header: Some features are specified in both Feature-Policy and Permissions-Policy header: payment, fullscreen, microphone, camera. Values defined in Permissions-Policy header will be used. @ :0
[  670388ms] [ERROR] Failed to load resource: the server responded with a status of 500 () @ https://fonts.cdnfonts.com/css/leelawade:0
[  670783ms] [ERROR] Failed to load resource: the server responded with a status of 404 () @ https://lolacosmetics.admin.linxcommerce.com.br/Custom/Content/Themes/Lola/Styles/Fonts/FontAwesome/all.css:0
[  670790ms] [LOG] Trustvox rating | PDP: 45666 tipo: 3 @ https://www.lolacosmetics.com.br/plot-twist-guava-cream-480g-ps-19629-147-p45666:14
[  670790ms] [LOG] Trustvox rating | ID final usado = 45666 @ https://www.lolacosmetics.com.br/plot-twist-guava-cream-480g-ps-19629-147-p45666:14
[  670794ms] [LOG] Trustvox PDP | product: 45666 | type: 3 | usedId: 45666 @ https://www.lolacosmetics.com.br/plot-twist-guava-cream-480g-ps-19629-147-p45666:39
[  670878ms] [LOG] Banner não encontrado: banner-232 @ https://d1hjvew1n9ss7u.cloudfront.net/asset.axd?id=PAEAAB-LCAAAAAAAAAOtj0EPwUAQhf-KzLnsKqu64iBu4oSbOKzt0G2qKztTkQi_3abi6Ob43vfem8wDLIMGxjuLytwM2eCuPOvZ0gRCnrd86k8hgSaGNr5llFE40CdTEyZQXKP_EtuuRREhaA5tJLcIJqM8VSqfZlIO1VilWRYT9puwhStAjyZqIKM4fm1HoPeP333qLi5bYn8RS98wNix2JV6QxNrXRizOwRRGrLbi88ygIngm_1k8YzCOusXD8w1y8dfTPAEAAA%3d%3d:754
[  670879ms] [LOG] [Debug Carrinho] Polling ativo @ https://d1hjvew1n9ss7u.cloudfront.net/asset.axd?id=PAEAAB-LCAAAAAAAAAOtj0EPwUAQhf-KzLnsKqu64iBu4oSbOKzt0G2qKztTkQi_3abi6Ob43vfem8wDLIMGxjuLytwM2eCuPOvZ0gRCnrd86k8hgSaGNr5llFE40CdTEyZQXKP_EtuuRREhaA5tJLcIJqM8VSqfZlIO1VilWRYT9puwhStAjyZqIKM4fm1HoPeP333qLi5bYn8RS98wNix2JV6QxNrXRizOwRRGrLbi88ygIngm_1k8YzCOusXD8w1y8dfTPAEAAA%3d%3d:1790
[  670924ms] [LOG] add @ https://d1hjvew1n9ss7u.cloudfront.net/asset.axd?id=PAEAAB-LCAAAAAAAAAOtj0EPwUAQhf-KzLnsKqu64iBu4oSbOKzt0G2qKztTkQi_3abi6Ob43vfem8wDLIMGxjuLytwM2eCuPOvZ0gRCnrd86k8hgSaGNr5llFE40CdTEyZQXKP_EtuuRREhaA5tJLcIJqM8VSqfZlIO1VilWRYT9puwhStAjyZqIKM4fm1HoPeP333qLi5bYn8RS98wNix2JV6QxNrXRizOwRRGrLbi88ygIngm_1k8YzCOusXD8w1y8dfTPAEAAA%3d%3d:1
[  670926ms] [WARNING] !! Há erros de scripts de terceiros !!
Por favor, contate a Empresa responsável pelo script.  @ https://d1hjvew1n9ss7u.cloudfront.net/assets/shjs.js?t=639255987001545277:0
[  670926ms] Uncaught Error: You must pass a string or Handlebars AST to Handlebars.compile. You passed null
    at e.compile (https://d1hjvew1n9ss7u.cloudfront.net/asset.axd?id=PAEAAB-LCAAAAAAAAAOtj0EPwUAQhf-KzLnsKqu64iBu4oSbOKzt0G2qKztTkQi_3abi6Ob43vfem8wDLIMGxjuLytwM2eCuPOvZ0gRCnrd86k8hgSaGNr5llFE40CdTEyZQXKP_EtuuRREhaA5tJLcIJqM8VSqfZlIO1VilWRYT9puwhStAjyZqIKM4fm1HoPeP333qLi5bYn8RS98wNix2JV6QxNrXRizOwRRGrLbi88ygIngm_1k8YzCOusXD8w1y8dfTPAEAAA%3d%3d:1794:49302)
    at i.compile (https://d1hjvew1n9ss7u.cloudfront.net/asset.axd?id=PAEAAB-LCAAAAAAAAAOtj0EPwUAQhf-KzLnsKqu64iBu4oSbOKzt0G2qKztTkQi_3abi6Ob43vfem8wDLIMGxjuLytwM2eCuPOvZ0gRCnrd86k8hgSaGNr5llFE40CdTEyZQXKP_EtuuRREhaA5tJLcIJqM8VSqfZlIO1VilWRYT9puwhStAjyZqIKM4fm1HoPeP333qLi5bYn8RS98wNix2JV6QxNrXRizOwRRGrLbi88ygIngm_1k8YzCOusXD8w1y8dfTPAEAAA%3d%3d:1794:343)
    at renderBasket (https://d1hjvew1n9ss7u.cloudfront.net/asset.axd?id=PAEAAB-LCAAAAAAAAAOtj0EPwUAQhf-KzLnsKqu64iBu4oSbOKzt0G2qKztTkQi_3abi6Ob43vfem8wDLIMGxjuLytwM2eCuPOvZ0gRCnrd86k8hgSaGNr5llFE40CdTEyZQXKP_EtuuRREhaA5tJLcIJqM8VSqfZlIO1VilWRYT9puwhStAjyZqIKM4fm1HoPeP333qLi5bYn8RS98wNix2JV6QxNrXRizOwRRGrLbi88ygIngm_1k8YzCOusXD8w1y8dfTPAEAAA%3d%3d:29:27)
    at <anonymous> (https://d1hjvew1n9ss7u.cloudfront.net/asset.axd?id=PAEAAB-LCAAAAAAAAAOtj0EPwUAQhf-KzLnsKqu64iBu4oSbOKzt0G2qKztTkQi_3abi6Ob43vfem8wDLIMGxjuLytwM2eCuPOvZ0gRCnrd86k8hgSaGNr5llFE40CdTEyZQXKP_EtuuRREhaA5tJLcIJqM8VSqfZlIO1VilWRYT9puwhStAjyZqIKM4fm1HoPeP333qLi5bYn8RS98wNix2JV6QxNrXRizOwRRGrLbi88ygIngm_1k8YzCOusXD8w1y8dfTPAEAAA%3d%3d:220:1)
    at f (https://d1hjvew1n9ss7u.cloudfront.net/assets/shjs.js?t=639255987001545277:0:10382)
    at fireWith (https://d1hjvew1n9ss7u.cloudfront.net/assets/shjs.js?t=639255987001545277:0:11137)
    at ready (https://d1hjvew1n9ss7u.cloudfront.net/assets/shjs.js?t=639255987001545277:0:5238)
    at r (https://d1hjvew1n9ss7u.cloudfront.net/assets/shjs.js?t=639255987001545277:0:9748)
[  670928ms] [VERBOSE] [DOM] Input elements should have autocomplete attributes (suggested: "current-password"): (More info: https://goo.gl/9p2vKq) %o @ https://www.lolacosmetics.com.br/plot-twist-guava-cream-480g-ps-19629-147-p45666:0
[  670928ms] [VERBOSE] [DOM] Input elements should have autocomplete attributes (suggested: "current-password"): (More info: https://goo.gl/9p2vKq) %o @ https://www.lolacosmetics.com.br/plot-twist-guava-cream-480g-ps-19629-147-p45666:0
[  670987ms] [ERROR] Failed to load resource: the server responded with a status of 404 () @ https://d1hjvew1n9ss7u.cloudfront.net/Custom/Content:0
[  671042ms] [ERROR] Failed to load resource: net::ERR_NAME_NOT_RESOLVED @ https://event.getblue.io/js/blue-tag.min.js:0
[  671094ms] [ERROR] Failed to load resource: the server responded with a status of 404 () @ https://d1hjvew1n9ss7u.cloudfront.net/Custom/Content/Themes/Lola/Agrada/CSS/ajax-loader.gif:0
[  671096ms] [LOG] AffiseStorage availability: {cookie: true, localStorage: true, sessionStorage: true} @ https://rankmediabrasil.g2afse.com/websdk.js:0
[  671097ms] [LOG] Status RNK Media - ClickId: null UTM: null @ :3
[  671200ms] [WARNING] [Meta Pixel] - Invalid parameter format for currency. Please refer https://developers.facebook.com/docs/meta-pixel/reference/ for valid parameter specifications. @ https://connect.facebook.net/en_US/fbevents.js:203
[  671520ms] Uncaught TypeError: Cannot read properties of undefined (reading 'replace')
    at validaFreteGratis (https://d1hjvew1n9ss7u.cloudfront.net/asset.axd?id=PAEAAB-LCAAAAAAAAAOtj0EPwUAQhf-KzLnsKqu64iBu4oSbOKzt0G2qKztTkQi_3abi6Ob43vfem8wDLIMGxjuLytwM2eCuPOvZ0gRCnrd86k8hgSaGNr5llFE40CdTEyZQXKP_EtuuRREhaA5tJLcIJqM8VSqfZlIO1VilWRYT9puwhStAjyZqIKM4fm1HoPeP333qLi5bYn8RS98wNix2JV6QxNrXRizOwRRGrLbi88ygIngm_1k8YzCOusXD8w1y8dfTPAEAAA%3d%3d:1:7633)
    at <anonymous> (https://d1hjvew1n9ss7u.cloudfront.net/asset.axd?id=PAEAAB-LCAAAAAAAAAOtj0EPwUAQhf-KzLnsKqu64iBu4oSbOKzt0G2qKztTkQi_3abi6Ob43vfem8wDLIMGxjuLytwM2eCuPOvZ0gRCnrd86k8hgSaGNr5llFE40CdTEyZQXKP_EtuuRREhaA5tJLcIJqM8VSqfZlIO1VilWRYT9puwhStAjyZqIKM4fm1HoPeP333qLi5bYn8RS98wNix2JV6QxNrXRizOwRRGrLbi88ygIngm_1k8YzCOusXD8w1y8dfTPAEAAA%3d%3d:1:49808)
    at dispatch (https://d1hjvew1n9ss7u.cloudfront.net/assets/shjs.js?t=639255987001545277:0:32701)
    at a (https://d1hjvew1n9ss7u.cloudfront.net/assets/shjs.js?t=639255987001545277:0:28480)
[  671518ms] [LOG] Banner não encontrado: banner-232 @ https://d1hjvew1n9ss7u.cloudfront.net/asset.axd?id=PAEAAB-LCAAAAAAAAAOtj0EPwUAQhf-KzLnsKqu64iBu4oSbOKzt0G2qKztTkQi_3abi6Ob43vfem8wDLIMGxjuLytwM2eCuPOvZ0gRCnrd86k8hgSaGNr5llFE40CdTEyZQXKP_EtuuRREhaA5tJLcIJqM8VSqfZlIO1VilWRYT9puwhStAjyZqIKM4fm1HoPeP333qLi5bYn8RS98wNix2JV6QxNrXRizOwRRGrLbi88ygIngm_1k8YzCOusXD8w1y8dfTPAEAAA%3d%3d:754
[  671562ms] [LOG] %c Widde Video Commerce %c v24604ee %c Build: 21/09/2026 20:39 %c border: 1px solid #2567f8; background: #2567f8; color: #fff; font-weight: bold; padding: 4px 8px; border-radius: 3px 0 0 0; border: 1px solid #2567f8; border-left: none; background: #FFF; color: #2567f8; font-weight: bold; padding: 4px 8px; border: 1px solid #2567f8; border-left: none; background: #f0f0f0; color: #333; font-weight: bold; padding: 4px 8px; border-radius: 0 3px 3px 0; background: transparent @ https://cdn.widde.io/assets/main.utzwjalemu.js:0
[  671745ms] [LOG] %c Tryon Widde.io %c %s %c border: 1px solid #2567f8; background: #2567f8; color: #fff; font-weight: bold; padding: 4px 8px; border-radius: 3px 0 0 3px; border: 1px solid #2567f8; background: #FFF; color: #2567f8; font-weight: bold; padding: 4px 8px; border-radius: 0 3px 3px 0; 47bf7c2 background: transparent @ https://cdn-tryon.widde.io/widde-tryon.js:86
[  671776ms] [LOG] [tryon-tracker] initialized {domain: www.lolacosmetics.com.br} @ https://cdn-tryon.widde.io/widde-tryon.js:8
[  678024ms] [WARNING] Error with Feature-Policy header: Some features are specified in both Feature-Policy and Permissions-Policy header: payment, fullscreen, microphone, camera. Values defined in Permissions-Policy header will be used. @ :0
[  678308ms] [ERROR] Failed to load resource: the server responded with a status of 500 () @ https://fonts.cdnfonts.com/css/leelawade:0
[  678561ms] [ERROR] Failed to load resource: the server responded with a status of 404 () @ https://lolacosmetics.admin.linxcommerce.com.br/Custom/Content/Themes/Lola/Styles/Fonts/FontAwesome/all.css:0
[  678569ms] [LOG] Trustvox rating | PDP: 46078 tipo: 3 @ https://www.lolacosmetics.com.br/plot-twist-guava-misturinha-ps-19629-243-p46078:14
[  678569ms] [LOG] Trustvox rating | ID final usado = 46078 @ https://www.lolacosmetics.com.br/plot-twist-guava-misturinha-ps-19629-243-p46078:14
[  678570ms] [LOG] Trustvox PDP | product: 46078 | type: 3 | usedId: 46078 @ https://www.lolacosmetics.com.br/plot-twist-guava-misturinha-ps-19629-243-p46078:39
[  678606ms] [LOG] Banner não encontrado: banner-232 @ https://d1hjvew1n9ss7u.cloudfront.net/asset.axd?id=PAEAAB-LCAAAAAAAAAOtj0EPwUAQhf-KzLnsKqu64iBu4oSbOKzt0G2qKztTkQi_3abi6Ob43vfem8wDLIMGxjuLytwM2eCuPOvZ0gRCnrd86k8hgSaGNr5llFE40CdTEyZQXKP_EtuuRREhaA5tJLcIJqM8VSqfZlIO1VilWRYT9puwhStAjyZqIKM4fm1HoPeP333qLi5bYn8RS98wNix2JV6QxNrXRizOwRRGrLbi88ygIngm_1k8YzCOusXD8w1y8dfTPAEAAA%3d%3d:754
[  678607ms] [LOG] [Debug Carrinho] Polling ativo @ https://d1hjvew1n9ss7u.cloudfront.net/asset.axd?id=PAEAAB-LCAAAAAAAAAOtj0EPwUAQhf-KzLnsKqu64iBu4oSbOKzt0G2qKztTkQi_3abi6Ob43vfem8wDLIMGxjuLytwM2eCuPOvZ0gRCnrd86k8hgSaGNr5llFE40CdTEyZQXKP_EtuuRREhaA5tJLcIJqM8VSqfZlIO1VilWRYT9puwhStAjyZqIKM4fm1HoPeP333qLi5bYn8RS98wNix2JV6QxNrXRizOwRRGrLbi88ygIngm_1k8YzCOusXD8w1y8dfTPAEAAA%3d%3d:1790
[  678650ms] [LOG] add @ https://d1hjvew1n9ss7u.cloudfront.net/asset.axd?id=PAEAAB-LCAAAAAAAAAOtj0EPwUAQhf-KzLnsKqu64iBu4oSbOKzt0G2qKztTkQi_3abi6Ob43vfem8wDLIMGxjuLytwM2eCuPOvZ0gRCnrd86k8hgSaGNr5llFE40CdTEyZQXKP_EtuuRREhaA5tJLcIJqM8VSqfZlIO1VilWRYT9puwhStAjyZqIKM4fm1HoPeP333qLi5bYn8RS98wNix2JV6QxNrXRizOwRRGrLbi88ygIngm_1k8YzCOusXD8w1y8dfTPAEAAA%3d%3d:1
[  678652ms] [WARNING] !! Há erros de scripts de terceiros !!
Por favor, contate a Empresa responsável pelo script.  @ https://d1hjvew1n9ss7u.cloudfront.net/assets/shjs.js?t=639255987001545277:0
[  678653ms] Uncaught Error: You must pass a string or Handlebars AST to Handlebars.compile. You passed null
    at e.compile (https://d1hjvew1n9ss7u.cloudfront.net/asset.axd?id=PAEAAB-LCAAAAAAAAAOtj0EPwUAQhf-KzLnsKqu64iBu4oSbOKzt0G2qKztTkQi_3abi6Ob43vfem8wDLIMGxjuLytwM2eCuPOvZ0gRCnrd86k8hgSaGNr5llFE40CdTEyZQXKP_EtuuRREhaA5tJLcIJqM8VSqfZlIO1VilWRYT9puwhStAjyZqIKM4fm1HoPeP333qLi5bYn8RS98wNix2JV6QxNrXRizOwRRGrLbi88ygIngm_1k8YzCOusXD8w1y8dfTPAEAAA%3d%3d:1794:49302)
    at i.compile (https://d1hjvew1n9ss7u.cloudfront.net/asset.axd?id=PAEAAB-LCAAAAAAAAAOtj0EPwUAQhf-KzLnsKqu64iBu4oSbOKzt0G2qKztTkQi_3abi6Ob43vfem8wDLIMGxjuLytwM2eCuPOvZ0gRCnrd86k8hgSaGNr5llFE40CdTEyZQXKP_EtuuRREhaA5tJLcIJqM8VSqfZlIO1VilWRYT9puwhStAjyZqIKM4fm1HoPeP333qLi5bYn8RS98wNix2JV6QxNrXRizOwRRGrLbi88ygIngm_1k8YzCOusXD8w1y8dfTPAEAAA%3d%3d:1794:343)
    at renderBasket (https://d1hjvew1n9ss7u.cloudfront.net/asset.axd?id=PAEAAB-LCAAAAAAAAAOtj0EPwUAQhf-KzLnsKqu64iBu4oSbOKzt0G2qKztTkQi_3abi6Ob43vfem8wDLIMGxjuLytwM2eCuPOvZ0gRCnrd86k8hgSaGNr5llFE40CdTEyZQXKP_EtuuRREhaA5tJLcIJqM8VSqfZlIO1VilWRYT9puwhStAjyZqIKM4fm1HoPeP333qLi5bYn8RS98wNix2JV6QxNrXRizOwRRGrLbi88ygIngm_1k8YzCOusXD8w1y8dfTPAEAAA%3d%3d:29:27)
    at <anonymous> (https://d1hjvew1n9ss7u.cloudfront.net/asset.axd?id=PAEAAB-LCAAAAAAAAAOtj0EPwUAQhf-KzLnsKqu64iBu4oSbOKzt0G2qKztTkQi_3abi6Ob43vfem8wDLIMGxjuLytwM2eCuPOvZ0gRCnrd86k8hgSaGNr5llFE40CdTEyZQXKP_EtuuRREhaA5tJLcIJqM8VSqfZlIO1VilWRYT9puwhStAjyZqIKM4fm1HoPeP333qLi5bYn8RS98wNix2JV6QxNrXRizOwRRGrLbi88ygIngm_1k8YzCOusXD8w1y8dfTPAEAAA%3d%3d:220:1)
    at f (https://d1hjvew1n9ss7u.cloudfront.net/assets/shjs.js?t=639255987001545277:0:10382)
    at fireWith (https://d1hjvew1n9ss7u.cloudfront.net/assets/shjs.js?t=639255987001545277:0:11137)
    at ready (https://d1hjvew1n9ss7u.cloudfront.net/assets/shjs.js?t=639255987001545277:0:5238)
    at r (https://d1hjvew1n9ss7u.cloudfront.net/assets/shjs.js?t=639255987001545277:0:9748)
[  678654ms] [VERBOSE] [DOM] Input elements should have autocomplete attributes (suggested: "current-password"): (More info: https://goo.gl/9p2vKq) %o @ https://www.lolacosmetics.com.br/plot-twist-guava-misturinha-ps-19629-243-p46078:0
[  678654ms] [VERBOSE] [DOM] Input elements should have autocomplete attributes (suggested: "current-password"): (More info: https://goo.gl/9p2vKq) %o @ https://www.lolacosmetics.com.br/plot-twist-guava-misturinha-ps-19629-243-p46078:0
[  678747ms] [ERROR] Failed to load resource: the server responded with a status of 404 () @ https://d1hjvew1n9ss7u.cloudfront.net/Custom/Content:0
[  678808ms] [ERROR] Failed to load resource: net::ERR_NAME_NOT_RESOLVED @ https://event.getblue.io/js/blue-tag.min.js:0
[  678832ms] [LOG] AffiseStorage availability: {cookie: true, localStorage: true, sessionStorage: true} @ https://rankmediabrasil.g2afse.com/websdk.js:0
[  678834ms] [LOG] Status RNK Media - ClickId: null UTM: null @ :3
[  678845ms] [ERROR] Failed to load resource: the server responded with a status of 404 () @ https://d1hjvew1n9ss7u.cloudfront.net/Custom/Content/Themes/Lola/Agrada/CSS/ajax-loader.gif:0
[  678953ms] [WARNING] [Meta Pixel] - Invalid parameter format for currency. Please refer https://developers.facebook.com/docs/meta-pixel/reference/ for valid parameter specifications. @ https://connect.facebook.net/en_US/fbevents.js:203
[  679222ms] Uncaught TypeError: Cannot read properties of undefined (reading 'replace')
    at validaFreteGratis (https://d1hjvew1n9ss7u.cloudfront.net/asset.axd?id=PAEAAB-LCAAAAAAAAAOtj0EPwUAQhf-KzLnsKqu64iBu4oSbOKzt0G2qKztTkQi_3abi6Ob43vfem8wDLIMGxjuLytwM2eCuPOvZ0gRCnrd86k8hgSaGNr5llFE40CdTEyZQXKP_EtuuRREhaA5tJLcIJqM8VSqfZlIO1VilWRYT9puwhStAjyZqIKM4fm1HoPeP333qLi5bYn8RS98wNix2JV6QxNrXRizOwRRGrLbi88ygIngm_1k8YzCOusXD8w1y8dfTPAEAAA%3d%3d:1:7633)
    at <anonymous> (https://d1hjvew1n9ss7u.cloudfront.net/asset.axd?id=PAEAAB-LCAAAAAAAAAOtj0EPwUAQhf-KzLnsKqu64iBu4oSbOKzt0G2qKztTkQi_3abi6Ob43vfem8wDLIMGxjuLytwM2eCuPOvZ0gRCnrd86k8hgSaGNr5llFE40CdTEyZQXKP_EtuuRREhaA5tJLcIJqM8VSqfZlIO1VilWRYT9puwhStAjyZqIKM4fm1HoPeP333qLi5bYn8RS98wNix2JV6QxNrXRizOwRRGrLbi88ygIngm_1k8YzCOusXD8w1y8dfTPAEAAA%3d%3d:1:49808)
    at dispatch (https://d1hjvew1n9ss7u.cloudfront.net/assets/shjs.js?t=639255987001545277:0:32701)
    at a (https://d1hjvew1n9ss7u.cloudfront.net/assets/shjs.js?t=639255987001545277:0:28480)
[  679221ms] [LOG] Banner não encontrado: banner-232 @ https://d1hjvew1n9ss7u.cloudfront.net/asset.axd?id=PAEAAB-LCAAAAAAAAAOtj0EPwUAQhf-KzLnsKqu64iBu4oSbOKzt0G2qKztTkQi_3abi6Ob43vfem8wDLIMGxjuLytwM2eCuPOvZ0gRCnrd86k8hgSaGNr5llFE40CdTEyZQXKP_EtuuRREhaA5tJLcIJqM8VSqfZlIO1VilWRYT9puwhStAjyZqIKM4fm1HoPeP333qLi5bYn8RS98wNix2JV6QxNrXRizOwRRGrLbi88ygIngm_1k8YzCOusXD8w1y8dfTPAEAAA%3d%3d:754
[  679249ms] [LOG] %c Widde Video Commerce %c v24604ee %c Build: 21/09/2026 20:39 %c border: 1px solid #2567f8; background: #2567f8; color: #fff; font-weight: bold; padding: 4px 8px; border-radius: 3px 0 0 0; border: 1px solid #2567f8; border-left: none; background: #FFF; color: #2567f8; font-weight: bold; padding: 4px 8px; border: 1px solid #2567f8; border-left: none; background: #f0f0f0; color: #333; font-weight: bold; padding: 4px 8px; border-radius: 0 3px 3px 0; background: transparent @ https://cdn.widde.io/assets/main.utzwjalemu.js:0
[  679379ms] [LOG] %c Tryon Widde.io %c %s %c border: 1px solid #2567f8; background: #2567f8; color: #fff; font-weight: bold; padding: 4px 8px; border-radius: 3px 0 0 3px; border: 1px solid #2567f8; background: #FFF; color: #2567f8; font-weight: bold; padding: 4px 8px; border-radius: 0 3px 3px 0; 47bf7c2 background: transparent @ https://cdn-tryon.widde.io/widde-tryon.js:86
[  679394ms] [LOG] [tryon-tracker] initialized {domain: www.lolacosmetics.com.br} @ https://cdn-tryon.widde.io/widde-tryon.js:8
[  685711ms] [WARNING] Error with Feature-Policy header: Some features are specified in both Feature-Policy and Permissions-Policy header: payment, fullscreen, microphone, camera. Values defined in Permissions-Policy header will be used. @ :0
[  685996ms] [ERROR] Failed to load resource: the server responded with a status of 500 () @ https://fonts.cdnfonts.com/css/leelawade:0
[  686276ms] [ERROR] Failed to load resource: the server responded with a status of 404 () @ https://lolacosmetics.admin.linxcommerce.com.br/Custom/Content/Themes/Lola/Styles/Fonts/FontAwesome/all.css:0
[  686284ms] [LOG] Trustvox rating | PDP: 45527 tipo: 3 @ https://www.lolacosmetics.com.br/plot-twist-guava-mousse-150-ml-ps-19629-149-p45527:14
[  686285ms] [LOG] Trustvox rating | ID final usado = 45527 @ https://www.lolacosmetics.com.br/plot-twist-guava-mousse-150-ml-ps-19629-149-p45527:14
[  686288ms] [LOG] Trustvox PDP | product: 45527 | type: 3 | usedId: 45527 @ https://www.lolacosmetics.com.br/plot-twist-guava-mousse-150-ml-ps-19629-149-p45527:39
[  686331ms] [LOG] Banner não encontrado: banner-232 @ https://d1hjvew1n9ss7u.cloudfront.net/asset.axd?id=PAEAAB-LCAAAAAAAAAOtj0EPwUAQhf-KzLnsKqu64iBu4oSbOKzt0G2qKztTkQi_3abi6Ob43vfem8wDLIMGxjuLytwM2eCuPOvZ0gRCnrd86k8hgSaGNr5llFE40CdTEyZQXKP_EtuuRREhaA5tJLcIJqM8VSqfZlIO1VilWRYT9puwhStAjyZqIKM4fm1HoPeP333qLi5bYn8RS98wNix2JV6QxNrXRizOwRRGrLbi88ygIngm_1k8YzCOusXD8w1y8dfTPAEAAA%3d%3d:754
[  686332ms] [LOG] [Debug Carrinho] Polling ativo @ https://d1hjvew1n9ss7u.cloudfront.net/asset.axd?id=PAEAAB-LCAAAAAAAAAOtj0EPwUAQhf-KzLnsKqu64iBu4oSbOKzt0G2qKztTkQi_3abi6Ob43vfem8wDLIMGxjuLytwM2eCuPOvZ0gRCnrd86k8hgSaGNr5llFE40CdTEyZQXKP_EtuuRREhaA5tJLcIJqM8VSqfZlIO1VilWRYT9puwhStAjyZqIKM4fm1HoPeP333qLi5bYn8RS98wNix2JV6QxNrXRizOwRRGrLbi88ygIngm_1k8YzCOusXD8w1y8dfTPAEAAA%3d%3d:1790
[  686374ms] [LOG] add @ https://d1hjvew1n9ss7u.cloudfront.net/asset.axd?id=PAEAAB-LCAAAAAAAAAOtj0EPwUAQhf-KzLnsKqu64iBu4oSbOKzt0G2qKztTkQi_3abi6Ob43vfem8wDLIMGxjuLytwM2eCuPOvZ0gRCnrd86k8hgSaGNr5llFE40CdTEyZQXKP_EtuuRREhaA5tJLcIJqM8VSqfZlIO1VilWRYT9puwhStAjyZqIKM4fm1HoPeP333qLi5bYn8RS98wNix2JV6QxNrXRizOwRRGrLbi88ygIngm_1k8YzCOusXD8w1y8dfTPAEAAA%3d%3d:1
[  686375ms] [WARNING] !! Há erros de scripts de terceiros !!
Por favor, contate a Empresa responsável pelo script.  @ https://d1hjvew1n9ss7u.cloudfront.net/assets/shjs.js?t=639255987001545277:0
[  686376ms] Uncaught Error: You must pass a string or Handlebars AST to Handlebars.compile. You passed null
    at e.compile (https://d1hjvew1n9ss7u.cloudfront.net/asset.axd?id=PAEAAB-LCAAAAAAAAAOtj0EPwUAQhf-KzLnsKqu64iBu4oSbOKzt0G2qKztTkQi_3abi6Ob43vfem8wDLIMGxjuLytwM2eCuPOvZ0gRCnrd86k8hgSaGNr5llFE40CdTEyZQXKP_EtuuRREhaA5tJLcIJqM8VSqfZlIO1VilWRYT9puwhStAjyZqIKM4fm1HoPeP333qLi5bYn8RS98wNix2JV6QxNrXRizOwRRGrLbi88ygIngm_1k8YzCOusXD8w1y8dfTPAEAAA%3d%3d:1794:49302)
    at i.compile (https://d1hjvew1n9ss7u.cloudfront.net/asset.axd?id=PAEAAB-LCAAAAAAAAAOtj0EPwUAQhf-KzLnsKqu64iBu4oSbOKzt0G2qKztTkQi_3abi6Ob43vfem8wDLIMGxjuLytwM2eCuPOvZ0gRCnrd86k8hgSaGNr5llFE40CdTEyZQXKP_EtuuRREhaA5tJLcIJqM8VSqfZlIO1VilWRYT9puwhStAjyZqIKM4fm1HoPeP333qLi5bYn8RS98wNix2JV6QxNrXRizOwRRGrLbi88ygIngm_1k8YzCOusXD8w1y8dfTPAEAAA%3d%3d:1794:343)
    at renderBasket (https://d1hjvew1n9ss7u.cloudfront.net/asset.axd?id=PAEAAB-LCAAAAAAAAAOtj0EPwUAQhf-KzLnsKqu64iBu4oSbOKzt0G2qKztTkQi_3abi6Ob43vfem8wDLIMGxjuLytwM2eCuPOvZ0gRCnrd86k8hgSaGNr5llFE40CdTEyZQXKP_EtuuRREhaA5tJLcIJqM8VSqfZlIO1VilWRYT9puwhStAjyZqIKM4fm1HoPeP333qLi5bYn8RS98wNix2JV6QxNrXRizOwRRGrLbi88ygIngm_1k8YzCOusXD8w1y8dfTPAEAAA%3d%3d:29:27)
    at <anonymous> (https://d1hjvew1n9ss7u.cloudfront.net/asset.axd?id=PAEAAB-LCAAAAAAAAAOtj0EPwUAQhf-KzLnsKqu64iBu4oSbOKzt0G2qKztTkQi_3abi6Ob43vfem8wDLIMGxjuLytwM2eCuPOvZ0gRCnrd86k8hgSaGNr5llFE40CdTEyZQXKP_EtuuRREhaA5tJLcIJqM8VSqfZlIO1VilWRYT9puwhStAjyZqIKM4fm1HoPeP333qLi5bYn8RS98wNix2JV6QxNrXRizOwRRGrLbi88ygIngm_1k8YzCOusXD8w1y8dfTPAEAAA%3d%3d:220:1)
    at f (https://d1hjvew1n9ss7u.cloudfront.net/assets/shjs.js?t=639255987001545277:0:10382)
    at fireWith (https://d1hjvew1n9ss7u.cloudfront.net/assets/shjs.js?t=639255987001545277:0:11137)
    at ready (https://d1hjvew1n9ss7u.cloudfront.net/assets/shjs.js?t=639255987001545277:0:5238)
    at r (https://d1hjvew1n9ss7u.cloudfront.net/assets/shjs.js?t=639255987001545277:0:9748)
[  686378ms] [VERBOSE] [DOM] Input elements should have autocomplete attributes (suggested: "current-password"): (More info: https://goo.gl/9p2vKq) %o @ https://www.lolacosmetics.com.br/plot-twist-guava-mousse-150-ml-ps-19629-149-p45527:0
[  686378ms] [VERBOSE] [DOM] Input elements should have autocomplete attributes (suggested: "current-password"): (More info: https://goo.gl/9p2vKq) %o @ https://www.lolacosmetics.com.br/plot-twist-guava-mousse-150-ml-ps-19629-149-p45527:0
[  686486ms] [ERROR] Failed to load resource: the server responded with a status of 404 () @ https://d1hjvew1n9ss7u.cloudfront.net/Custom/Content:0
[  686490ms] [ERROR] Failed to load resource: net::ERR_NAME_NOT_RESOLVED @ https://event.getblue.io/js/blue-tag.min.js:0
[  686544ms] [ERROR] Failed to load resource: the server responded with a status of 404 () @ https://d1hjvew1n9ss7u.cloudfront.net/Custom/Content/Themes/Lola/Agrada/CSS/ajax-loader.gif:0
[  686548ms] [LOG] AffiseStorage availability: {cookie: true, localStorage: true, sessionStorage: true} @ https://rankmediabrasil.g2afse.com/websdk.js:0
[  686549ms] [LOG] Status RNK Media - ClickId: null UTM: null @ :3
[  686601ms] [WARNING] [Meta Pixel] - Invalid parameter format for currency. Please refer https://developers.facebook.com/docs/meta-pixel/reference/ for valid parameter specifications. @ https://connect.facebook.net/en_US/fbevents.js:203
[  686931ms] Uncaught TypeError: Cannot read properties of undefined (reading 'replace')
    at validaFreteGratis (https://d1hjvew1n9ss7u.cloudfront.net/asset.axd?id=PAEAAB-LCAAAAAAAAAOtj0EPwUAQhf-KzLnsKqu64iBu4oSbOKzt0G2qKztTkQi_3abi6Ob43vfem8wDLIMGxjuLytwM2eCuPOvZ0gRCnrd86k8hgSaGNr5llFE40CdTEyZQXKP_EtuuRREhaA5tJLcIJqM8VSqfZlIO1VilWRYT9puwhStAjyZqIKM4fm1HoPeP333qLi5bYn8RS98wNix2JV6QxNrXRizOwRRGrLbi88ygIngm_1k8YzCOusXD8w1y8dfTPAEAAA%3d%3d:1:7633)
    at <anonymous> (https://d1hjvew1n9ss7u.cloudfront.net/asset.axd?id=PAEAAB-LCAAAAAAAAAOtj0EPwUAQhf-KzLnsKqu64iBu4oSbOKzt0G2qKztTkQi_3abi6Ob43vfem8wDLIMGxjuLytwM2eCuPOvZ0gRCnrd86k8hgSaGNr5llFE40CdTEyZQXKP_EtuuRREhaA5tJLcIJqM8VSqfZlIO1VilWRYT9puwhStAjyZqIKM4fm1HoPeP333qLi5bYn8RS98wNix2JV6QxNrXRizOwRRGrLbi88ygIngm_1k8YzCOusXD8w1y8dfTPAEAAA%3d%3d:1:49808)
    at dispatch (https://d1hjvew1n9ss7u.cloudfront.net/assets/shjs.js?t=639255987001545277:0:32701)
    at a (https://d1hjvew1n9ss7u.cloudfront.net/assets/shjs.js?t=639255987001545277:0:28480)
[  686929ms] [LOG] Banner não encontrado: banner-232 @ https://d1hjvew1n9ss7u.cloudfront.net/asset.axd?id=PAEAAB-LCAAAAAAAAAOtj0EPwUAQhf-KzLnsKqu64iBu4oSbOKzt0G2qKztTkQi_3abi6Ob43vfem8wDLIMGxjuLytwM2eCuPOvZ0gRCnrd86k8hgSaGNr5llFE40CdTEyZQXKP_EtuuRREhaA5tJLcIJqM8VSqfZlIO1VilWRYT9puwhStAjyZqIKM4fm1HoPeP333qLi5bYn8RS98wNix2JV6QxNrXRizOwRRGrLbi88ygIngm_1k8YzCOusXD8w1y8dfTPAEAAA%3d%3d:754
[  686956ms] [LOG] %c Widde Video Commerce %c v24604ee %c Build: 21/09/2026 20:39 %c border: 1px solid #2567f8; background: #2567f8; color: #fff; font-weight: bold; padding: 4px 8px; border-radius: 3px 0 0 0; border: 1px solid #2567f8; border-left: none; background: #FFF; color: #2567f8; font-weight: bold; padding: 4px 8px; border: 1px solid #2567f8; border-left: none; background: #f0f0f0; color: #333; font-weight: bold; padding: 4px 8px; border-radius: 0 3px 3px 0; background: transparent @ https://cdn.widde.io/assets/main.utzwjalemu.js:0
[  687129ms] [LOG] %c Tryon Widde.io %c %s %c border: 1px solid #2567f8; background: #2567f8; color: #fff; font-weight: bold; padding: 4px 8px; border-radius: 3px 0 0 3px; border: 1px solid #2567f8; background: #FFF; color: #2567f8; font-weight: bold; padding: 4px 8px; border-radius: 0 3px 3px 0; 47bf7c2 background: transparent @ https://cdn-tryon.widde.io/widde-tryon.js:86
[  687152ms] [LOG] [tryon-tracker] initialized {domain: www.lolacosmetics.com.br} @ https://cdn-tryon.widde.io/widde-tryon.js:8
[  693252ms] [WARNING] Error with Feature-Policy header: Some features are specified in both Feature-Policy and Permissions-Policy header: payment, fullscreen, microphone, camera. Values defined in Permissions-Policy header will be used. @ :0
[  693534ms] [ERROR] Failed to load resource: the server responded with a status of 500 () @ https://fonts.cdnfonts.com/css/leelawade:0
[  693918ms] [ERROR] Failed to load resource: the server responded with a status of 404 () @ https://lolacosmetics.admin.linxcommerce.com.br/Custom/Content/Themes/Lola/Styles/Fonts/FontAwesome/all.css:0
[  693947ms] [LOG] Trustvox rating | PDP: 45413 tipo: 3 @ https://www.lolacosmetics.com.br/plot-twist-guava-oil-90-ml-ps-19629-151-p45413:14
[  693947ms] [LOG] Trustvox rating | ID final usado = 45413 @ https://www.lolacosmetics.com.br/plot-twist-guava-oil-90-ml-ps-19629-151-p45413:14
[  693950ms] [LOG] Trustvox PDP | product: 45413 | type: 3 | usedId: 45413 @ https://www.lolacosmetics.com.br/plot-twist-guava-oil-90-ml-ps-19629-151-p45413:39
[  693983ms] [LOG] Banner não encontrado: banner-232 @ https://d1hjvew1n9ss7u.cloudfront.net/asset.axd?id=PAEAAB-LCAAAAAAAAAOtj0EPwUAQhf-KzLnsKqu64iBu4oSbOKzt0G2qKztTkQi_3abi6Ob43vfem8wDLIMGxjuLytwM2eCuPOvZ0gRCnrd86k8hgSaGNr5llFE40CdTEyZQXKP_EtuuRREhaA5tJLcIJqM8VSqfZlIO1VilWRYT9puwhStAjyZqIKM4fm1HoPeP333qLi5bYn8RS98wNix2JV6QxNrXRizOwRRGrLbi88ygIngm_1k8YzCOusXD8w1y8dfTPAEAAA%3d%3d:754
[  693985ms] [LOG] [Debug Carrinho] Polling ativo @ https://d1hjvew1n9ss7u.cloudfront.net/asset.axd?id=PAEAAB-LCAAAAAAAAAOtj0EPwUAQhf-KzLnsKqu64iBu4oSbOKzt0G2qKztTkQi_3abi6Ob43vfem8wDLIMGxjuLytwM2eCuPOvZ0gRCnrd86k8hgSaGNr5llFE40CdTEyZQXKP_EtuuRREhaA5tJLcIJqM8VSqfZlIO1VilWRYT9puwhStAjyZqIKM4fm1HoPeP333qLi5bYn8RS98wNix2JV6QxNrXRizOwRRGrLbi88ygIngm_1k8YzCOusXD8w1y8dfTPAEAAA%3d%3d:1790
[  694047ms] [LOG] add @ https://d1hjvew1n9ss7u.cloudfront.net/asset.axd?id=PAEAAB-LCAAAAAAAAAOtj0EPwUAQhf-KzLnsKqu64iBu4oSbOKzt0G2qKztTkQi_3abi6Ob43vfem8wDLIMGxjuLytwM2eCuPOvZ0gRCnrd86k8hgSaGNr5llFE40CdTEyZQXKP_EtuuRREhaA5tJLcIJqM8VSqfZlIO1VilWRYT9puwhStAjyZqIKM4fm1HoPeP333qLi5bYn8RS98wNix2JV6QxNrXRizOwRRGrLbi88ygIngm_1k8YzCOusXD8w1y8dfTPAEAAA%3d%3d:1
[  694048ms] [WARNING] !! Há erros de scripts de terceiros !!
Por favor, contate a Empresa responsável pelo script.  @ https://d1hjvew1n9ss7u.cloudfront.net/assets/shjs.js?t=639255987001545277:0
[  694048ms] Uncaught Error: You must pass a string or Handlebars AST to Handlebars.compile. You passed null
    at e.compile (https://d1hjvew1n9ss7u.cloudfront.net/asset.axd?id=PAEAAB-LCAAAAAAAAAOtj0EPwUAQhf-KzLnsKqu64iBu4oSbOKzt0G2qKztTkQi_3abi6Ob43vfem8wDLIMGxjuLytwM2eCuPOvZ0gRCnrd86k8hgSaGNr5llFE40CdTEyZQXKP_EtuuRREhaA5tJLcIJqM8VSqfZlIO1VilWRYT9puwhStAjyZqIKM4fm1HoPeP333qLi5bYn8RS98wNix2JV6QxNrXRizOwRRGrLbi88ygIngm_1k8YzCOusXD8w1y8dfTPAEAAA%3d%3d:1794:49302)
    at i.compile (https://d1hjvew1n9ss7u.cloudfront.net/asset.axd?id=PAEAAB-LCAAAAAAAAAOtj0EPwUAQhf-KzLnsKqu64iBu4oSbOKzt0G2qKztTkQi_3abi6Ob43vfem8wDLIMGxjuLytwM2eCuPOvZ0gRCnrd86k8hgSaGNr5llFE40CdTEyZQXKP_EtuuRREhaA5tJLcIJqM8VSqfZlIO1VilWRYT9puwhStAjyZqIKM4fm1HoPeP333qLi5bYn8RS98wNix2JV6QxNrXRizOwRRGrLbi88ygIngm_1k8YzCOusXD8w1y8dfTPAEAAA%3d%3d:1794:343)
    at renderBasket (https://d1hjvew1n9ss7u.cloudfront.net/asset.axd?id=PAEAAB-LCAAAAAAAAAOtj0EPwUAQhf-KzLnsKqu64iBu4oSbOKzt0G2qKztTkQi_3abi6Ob43vfem8wDLIMGxjuLytwM2eCuPOvZ0gRCnrd86k8hgSaGNr5llFE40CdTEyZQXKP_EtuuRREhaA5tJLcIJqM8VSqfZlIO1VilWRYT9puwhStAjyZqIKM4fm1HoPeP333qLi5bYn8RS98wNix2JV6QxNrXRizOwRRGrLbi88ygIngm_1k8YzCOusXD8w1y8dfTPAEAAA%3d%3d:29:27)
    at <anonymous> (https://d1hjvew1n9ss7u.cloudfront.net/asset.axd?id=PAEAAB-LCAAAAAAAAAOtj0EPwUAQhf-KzLnsKqu64iBu4oSbOKzt0G2qKztTkQi_3abi6Ob43vfem8wDLIMGxjuLytwM2eCuPOvZ0gRCnrd86k8hgSaGNr5llFE40CdTEyZQXKP_EtuuRREhaA5tJLcIJqM8VSqfZlIO1VilWRYT9puwhStAjyZqIKM4fm1HoPeP333qLi5bYn8RS98wNix2JV6QxNrXRizOwRRGrLbi88ygIngm_1k8YzCOusXD8w1y8dfTPAEAAA%3d%3d:220:1)
    at f (https://d1hjvew1n9ss7u.cloudfront.net/assets/shjs.js?t=639255987001545277:0:10382)
    at fireWith (https://d1hjvew1n9ss7u.cloudfront.net/assets/shjs.js?t=639255987001545277:0:11137)
    at ready (https://d1hjvew1n9ss7u.cloudfront.net/assets/shjs.js?t=639255987001545277:0:5238)
    at r (https://d1hjvew1n9ss7u.cloudfront.net/assets/shjs.js?t=639255987001545277:0:9748)
[  694050ms] [VERBOSE] [DOM] Input elements should have autocomplete attributes (suggested: "current-password"): (More info: https://goo.gl/9p2vKq) %o @ https://www.lolacosmetics.com.br/plot-twist-guava-oil-90-ml-ps-19629-151-p45413:0
[  694050ms] [VERBOSE] [DOM] Input elements should have autocomplete attributes (suggested: "current-password"): (More info: https://goo.gl/9p2vKq) %o @ https://www.lolacosmetics.com.br/plot-twist-guava-oil-90-ml-ps-19629-151-p45413:0
[  694160ms] [ERROR] Failed to load resource: the server responded with a status of 404 () @ https://d1hjvew1n9ss7u.cloudfront.net/Custom/Content:0
[  694176ms] [ERROR] Failed to load resource: net::ERR_NAME_NOT_RESOLVED @ https://event.getblue.io/js/blue-tag.min.js:0
[  694215ms] [ERROR] Failed to load resource: the server responded with a status of 404 () @ https://d1hjvew1n9ss7u.cloudfront.net/Custom/Content/Themes/Lola/Agrada/CSS/ajax-loader.gif:0
[  694218ms] [LOG] AffiseStorage availability: {cookie: true, localStorage: true, sessionStorage: true} @ https://rankmediabrasil.g2afse.com/websdk.js:0
[  694219ms] [LOG] Status RNK Media - ClickId: null UTM: null @ :3
[  694258ms] [WARNING] [Meta Pixel] - Invalid parameter format for currency. Please refer https://developers.facebook.com/docs/meta-pixel/reference/ for valid parameter specifications. @ https://connect.facebook.net/en_US/fbevents.js:203
[  694556ms] Uncaught TypeError: Cannot read properties of undefined (reading 'replace')
    at validaFreteGratis (https://d1hjvew1n9ss7u.cloudfront.net/asset.axd?id=PAEAAB-LCAAAAAAAAAOtj0EPwUAQhf-KzLnsKqu64iBu4oSbOKzt0G2qKztTkQi_3abi6Ob43vfem8wDLIMGxjuLytwM2eCuPOvZ0gRCnrd86k8hgSaGNr5llFE40CdTEyZQXKP_EtuuRREhaA5tJLcIJqM8VSqfZlIO1VilWRYT9puwhStAjyZqIKM4fm1HoPeP333qLi5bYn8RS98wNix2JV6QxNrXRizOwRRGrLbi88ygIngm_1k8YzCOusXD8w1y8dfTPAEAAA%3d%3d:1:7633)
    at <anonymous> (https://d1hjvew1n9ss7u.cloudfront.net/asset.axd?id=PAEAAB-LCAAAAAAAAAOtj0EPwUAQhf-KzLnsKqu64iBu4oSbOKzt0G2qKztTkQi_3abi6Ob43vfem8wDLIMGxjuLytwM2eCuPOvZ0gRCnrd86k8hgSaGNr5llFE40CdTEyZQXKP_EtuuRREhaA5tJLcIJqM8VSqfZlIO1VilWRYT9puwhStAjyZqIKM4fm1HoPeP333qLi5bYn8RS98wNix2JV6QxNrXRizOwRRGrLbi88ygIngm_1k8YzCOusXD8w1y8dfTPAEAAA%3d%3d:1:49808)
    at dispatch (https://d1hjvew1n9ss7u.cloudfront.net/assets/shjs.js?t=639255987001545277:0:32701)
    at a (https://d1hjvew1n9ss7u.cloudfront.net/assets/shjs.js?t=639255987001545277:0:28480)
[  694554ms] [LOG] Banner não encontrado: banner-232 @ https://d1hjvew1n9ss7u.cloudfront.net/asset.axd?id=PAEAAB-LCAAAAAAAAAOtj0EPwUAQhf-KzLnsKqu64iBu4oSbOKzt0G2qKztTkQi_3abi6Ob43vfem8wDLIMGxjuLytwM2eCuPOvZ0gRCnrd86k8hgSaGNr5llFE40CdTEyZQXKP_EtuuRREhaA5tJLcIJqM8VSqfZlIO1VilWRYT9puwhStAjyZqIKM4fm1HoPeP333qLi5bYn8RS98wNix2JV6QxNrXRizOwRRGrLbi88ygIngm_1k8YzCOusXD8w1y8dfTPAEAAA%3d%3d:754
[  694580ms] [LOG] %c Widde Video Commerce %c v24604ee %c Build: 21/09/2026 20:39 %c border: 1px solid #2567f8; background: #2567f8; color: #fff; font-weight: bold; padding: 4px 8px; border-radius: 3px 0 0 0; border: 1px solid #2567f8; border-left: none; background: #FFF; color: #2567f8; font-weight: bold; padding: 4px 8px; border: 1px solid #2567f8; border-left: none; background: #f0f0f0; color: #333; font-weight: bold; padding: 4px 8px; border-radius: 0 3px 3px 0; background: transparent @ https://cdn.widde.io/assets/main.utzwjalemu.js:0
[  694725ms] [LOG] %c Tryon Widde.io %c %s %c border: 1px solid #2567f8; background: #2567f8; color: #fff; font-weight: bold; padding: 4px 8px; border-radius: 3px 0 0 3px; border: 1px solid #2567f8; background: #FFF; color: #2567f8; font-weight: bold; padding: 4px 8px; border-radius: 0 3px 3px 0; 47bf7c2 background: transparent @ https://cdn-tryon.widde.io/widde-tryon.js:86
[  694750ms] [LOG] [tryon-tracker] initialized {domain: www.lolacosmetics.com.br} @ https://cdn-tryon.widde.io/widde-tryon.js:8
[  700966ms] [WARNING] Error with Feature-Policy header: Some features are specified in both Feature-Policy and Permissions-Policy header: payment, fullscreen, microphone, camera. Values defined in Permissions-Policy header will be used. @ :0
[  701245ms] [ERROR] Failed to load resource: the server responded with a status of 500 () @ https://fonts.cdnfonts.com/css/leelawade:0
[  701495ms] [ERROR] Failed to load resource: the server responded with a status of 404 () @ https://lolacosmetics.admin.linxcommerce.com.br/Custom/Content/Themes/Lola/Styles/Fonts/FontAwesome/all.css:0
[  701504ms] [LOG] Trustvox rating | PDP: 45399 tipo: 3 @ https://www.lolacosmetics.com.br/plot-twist-nut-butter-cream-480g-ps-19629-148-p45399:15
[  701504ms] [LOG] Trustvox rating | ID final usado = 45399 @ https://www.lolacosmetics.com.br/plot-twist-nut-butter-cream-480g-ps-19629-148-p45399:15
[  701523ms] [LOG] Trustvox PDP | product: 45399 | type: 3 | usedId: 45399 @ https://www.lolacosmetics.com.br/plot-twist-nut-butter-cream-480g-ps-19629-148-p45399:42
[  701562ms] [LOG] Banner não encontrado: banner-232 @ https://d1hjvew1n9ss7u.cloudfront.net/asset.axd?id=PAEAAB-LCAAAAAAAAAOtj0EPwUAQhf-KzLnsKqu64iBu4oSbOKzt0G2qKztTkQi_3abi6Ob43vfem8wDLIMGxjuLytwM2eCuPOvZ0gRCnrd86k8hgSaGNr5llFE40CdTEyZQXKP_EtuuRREhaA5tJLcIJqM8VSqfZlIO1VilWRYT9puwhStAjyZqIKM4fm1HoPeP333qLi5bYn8RS98wNix2JV6QxNrXRizOwRRGrLbi88ygIngm_1k8YzCOusXD8w1y8dfTPAEAAA%3d%3d:754
[  701567ms] [LOG] [Debug Carrinho] Polling ativo @ https://d1hjvew1n9ss7u.cloudfront.net/asset.axd?id=PAEAAB-LCAAAAAAAAAOtj0EPwUAQhf-KzLnsKqu64iBu4oSbOKzt0G2qKztTkQi_3abi6Ob43vfem8wDLIMGxjuLytwM2eCuPOvZ0gRCnrd86k8hgSaGNr5llFE40CdTEyZQXKP_EtuuRREhaA5tJLcIJqM8VSqfZlIO1VilWRYT9puwhStAjyZqIKM4fm1HoPeP333qLi5bYn8RS98wNix2JV6QxNrXRizOwRRGrLbi88ygIngm_1k8YzCOusXD8w1y8dfTPAEAAA%3d%3d:1790
[  701616ms] [LOG] add @ https://d1hjvew1n9ss7u.cloudfront.net/asset.axd?id=PAEAAB-LCAAAAAAAAAOtj0EPwUAQhf-KzLnsKqu64iBu4oSbOKzt0G2qKztTkQi_3abi6Ob43vfem8wDLIMGxjuLytwM2eCuPOvZ0gRCnrd86k8hgSaGNr5llFE40CdTEyZQXKP_EtuuRREhaA5tJLcIJqM8VSqfZlIO1VilWRYT9puwhStAjyZqIKM4fm1HoPeP333qLi5bYn8RS98wNix2JV6QxNrXRizOwRRGrLbi88ygIngm_1k8YzCOusXD8w1y8dfTPAEAAA%3d%3d:1
[  701617ms] [WARNING] !! Há erros de scripts de terceiros !!
Por favor, contate a Empresa responsável pelo script.  @ https://d1hjvew1n9ss7u.cloudfront.net/assets/shjs.js?t=639255987001545277:0
[  701618ms] Uncaught Error: You must pass a string or Handlebars AST to Handlebars.compile. You passed null
    at e.compile (https://d1hjvew1n9ss7u.cloudfront.net/asset.axd?id=PAEAAB-LCAAAAAAAAAOtj0EPwUAQhf-KzLnsKqu64iBu4oSbOKzt0G2qKztTkQi_3abi6Ob43vfem8wDLIMGxjuLytwM2eCuPOvZ0gRCnrd86k8hgSaGNr5llFE40CdTEyZQXKP_EtuuRREhaA5tJLcIJqM8VSqfZlIO1VilWRYT9puwhStAjyZqIKM4fm1HoPeP333qLi5bYn8RS98wNix2JV6QxNrXRizOwRRGrLbi88ygIngm_1k8YzCOusXD8w1y8dfTPAEAAA%3d%3d:1794:49302)
    at i.compile (https://d1hjvew1n9ss7u.cloudfront.net/asset.axd?id=PAEAAB-LCAAAAAAAAAOtj0EPwUAQhf-KzLnsKqu64iBu4oSbOKzt0G2qKztTkQi_3abi6Ob43vfem8wDLIMGxjuLytwM2eCuPOvZ0gRCnrd86k8hgSaGNr5llFE40CdTEyZQXKP_EtuuRREhaA5tJLcIJqM8VSqfZlIO1VilWRYT9puwhStAjyZqIKM4fm1HoPeP333qLi5bYn8RS98wNix2JV6QxNrXRizOwRRGrLbi88ygIngm_1k8YzCOusXD8w1y8dfTPAEAAA%3d%3d:1794:343)
    at renderBasket (https://d1hjvew1n9ss7u.cloudfront.net/asset.axd?id=PAEAAB-LCAAAAAAAAAOtj0EPwUAQhf-KzLnsKqu64iBu4oSbOKzt0G2qKztTkQi_3abi6Ob43vfem8wDLIMGxjuLytwM2eCuPOvZ0gRCnrd86k8hgSaGNr5llFE40CdTEyZQXKP_EtuuRREhaA5tJLcIJqM8VSqfZlIO1VilWRYT9puwhStAjyZqIKM4fm1HoPeP333qLi5bYn8RS98wNix2JV6QxNrXRizOwRRGrLbi88ygIngm_1k8YzCOusXD8w1y8dfTPAEAAA%3d%3d:29:27)
    at <anonymous> (https://d1hjvew1n9ss7u.cloudfront.net/asset.axd?id=PAEAAB-LCAAAAAAAAAOtj0EPwUAQhf-KzLnsKqu64iBu4oSbOKzt0G2qKztTkQi_3abi6Ob43vfem8wDLIMGxjuLytwM2eCuPOvZ0gRCnrd86k8hgSaGNr5llFE40CdTEyZQXKP_EtuuRREhaA5tJLcIJqM8VSqfZlIO1VilWRYT9puwhStAjyZqIKM4fm1HoPeP333qLi5bYn8RS98wNix2JV6QxNrXRizOwRRGrLbi88ygIngm_1k8YzCOusXD8w1y8dfTPAEAAA%3d%3d:220:1)
    at f (https://d1hjvew1n9ss7u.cloudfront.net/assets/shjs.js?t=639255987001545277:0:10382)
    at fireWith (https://d1hjvew1n9ss7u.cloudfront.net/assets/shjs.js?t=639255987001545277:0:11137)
    at ready (https://d1hjvew1n9ss7u.cloudfront.net/assets/shjs.js?t=639255987001545277:0:5238)
    at r (https://d1hjvew1n9ss7u.cloudfront.net/assets/shjs.js?t=639255987001545277:0:9748)
[  701620ms] [VERBOSE] [DOM] Input elements should have autocomplete attributes (suggested: "current-password"): (More info: https://goo.gl/9p2vKq) %o @ https://www.lolacosmetics.com.br/plot-twist-nut-butter-cream-480g-ps-19629-148-p45399:0
[  701620ms] [VERBOSE] [DOM] Input elements should have autocomplete attributes (suggested: "current-password"): (More info: https://goo.gl/9p2vKq) %o @ https://www.lolacosmetics.com.br/plot-twist-nut-butter-cream-480g-ps-19629-148-p45399:0
[  701717ms] [ERROR] Failed to load resource: the server responded with a status of 404 () @ https://d1hjvew1n9ss7u.cloudfront.net/Custom/Content:0
[  701720ms] [ERROR] Failed to load resource: net::ERR_NAME_NOT_RESOLVED @ https://event.getblue.io/js/blue-tag.min.js:0
[  701767ms] [LOG] AffiseStorage availability: {cookie: true, localStorage: true, sessionStorage: true} @ https://rankmediabrasil.g2afse.com/websdk.js:0
[  701768ms] [LOG] Status RNK Media - ClickId: null UTM: null @ :3
[  701817ms] [ERROR] Failed to load resource: the server responded with a status of 404 () @ https://d1hjvew1n9ss7u.cloudfront.net/Custom/Content/Themes/Lola/Agrada/CSS/ajax-loader.gif:0
[  701859ms] [WARNING] [Meta Pixel] - Invalid parameter format for currency. Please refer https://developers.facebook.com/docs/meta-pixel/reference/ for valid parameter specifications. @ https://connect.facebook.net/en_US/fbevents.js:203
[  702153ms] Uncaught TypeError: Cannot read properties of undefined (reading 'replace')
    at validaFreteGratis (https://d1hjvew1n9ss7u.cloudfront.net/asset.axd?id=PAEAAB-LCAAAAAAAAAOtj0EPwUAQhf-KzLnsKqu64iBu4oSbOKzt0G2qKztTkQi_3abi6Ob43vfem8wDLIMGxjuLytwM2eCuPOvZ0gRCnrd86k8hgSaGNr5llFE40CdTEyZQXKP_EtuuRREhaA5tJLcIJqM8VSqfZlIO1VilWRYT9puwhStAjyZqIKM4fm1HoPeP333qLi5bYn8RS98wNix2JV6QxNrXRizOwRRGrLbi88ygIngm_1k8YzCOusXD8w1y8dfTPAEAAA%3d%3d:1:7633)
    at <anonymous> (https://d1hjvew1n9ss7u.cloudfront.net/asset.axd?id=PAEAAB-LCAAAAAAAAAOtj0EPwUAQhf-KzLnsKqu64iBu4oSbOKzt0G2qKztTkQi_3abi6Ob43vfem8wDLIMGxjuLytwM2eCuPOvZ0gRCnrd86k8hgSaGNr5llFE40CdTEyZQXKP_EtuuRREhaA5tJLcIJqM8VSqfZlIO1VilWRYT9puwhStAjyZqIKM4fm1HoPeP333qLi5bYn8RS98wNix2JV6QxNrXRizOwRRGrLbi88ygIngm_1k8YzCOusXD8w1y8dfTPAEAAA%3d%3d:1:49808)
    at dispatch (https://d1hjvew1n9ss7u.cloudfront.net/assets/shjs.js?t=639255987001545277:0:32701)
    at a (https://d1hjvew1n9ss7u.cloudfront.net/assets/shjs.js?t=639255987001545277:0:28480)
[  702151ms] [LOG] Banner não encontrado: banner-232 @ https://d1hjvew1n9ss7u.cloudfront.net/asset.axd?id=PAEAAB-LCAAAAAAAAAOtj0EPwUAQhf-KzLnsKqu64iBu4oSbOKzt0G2qKztTkQi_3abi6Ob43vfem8wDLIMGxjuLytwM2eCuPOvZ0gRCnrd86k8hgSaGNr5llFE40CdTEyZQXKP_EtuuRREhaA5tJLcIJqM8VSqfZlIO1VilWRYT9puwhStAjyZqIKM4fm1HoPeP333qLi5bYn8RS98wNix2JV6QxNrXRizOwRRGrLbi88ygIngm_1k8YzCOusXD8w1y8dfTPAEAAA%3d%3d:754
[  702179ms] [LOG] %c Widde Video Commerce %c v24604ee %c Build: 21/09/2026 20:39 %c border: 1px solid #2567f8; background: #2567f8; color: #fff; font-weight: bold; padding: 4px 8px; border-radius: 3px 0 0 0; border: 1px solid #2567f8; border-left: none; background: #FFF; color: #2567f8; font-weight: bold; padding: 4px 8px; border: 1px solid #2567f8; border-left: none; background: #f0f0f0; color: #333; font-weight: bold; padding: 4px 8px; border-radius: 0 3px 3px 0; background: transparent @ https://cdn.widde.io/assets/main.utzwjalemu.js:0
[  702512ms] [LOG] %c Tryon Widde.io %c %s %c border: 1px solid #2567f8; background: #2567f8; color: #fff; font-weight: bold; padding: 4px 8px; border-radius: 3px 0 0 3px; border: 1px solid #2567f8; background: #FFF; color: #2567f8; font-weight: bold; padding: 4px 8px; border-radius: 0 3px 3px 0; 47bf7c2 background: transparent @ https://cdn-tryon.widde.io/widde-tryon.js:86
[  702540ms] [LOG] [tryon-tracker] initialized {domain: www.lolacosmetics.com.br} @ https://cdn-tryon.widde.io/widde-tryon.js:8
[  708674ms] [WARNING] Error with Feature-Policy header: Some features are specified in both Feature-Policy and Permissions-Policy header: payment, fullscreen, microphone, camera. Values defined in Permissions-Policy header will be used. @ :0
[  708959ms] [ERROR] Failed to load resource: the server responded with a status of 500 () @ https://fonts.cdnfonts.com/css/leelawade:0
[  709349ms] [ERROR] Failed to load resource: the server responded with a status of 404 () @ https://lolacosmetics.admin.linxcommerce.com.br/Custom/Content/Themes/Lola/Styles/Fonts/FontAwesome/all.css:0
[  709358ms] [LOG] Trustvox rating | PDP: 46172 tipo: 3 @ https://www.lolacosmetics.com.br/plot-twist-nut-gel-230g-ps-19629-256-p46172:14
[  709358ms] [LOG] Trustvox rating | ID final usado = 46172 @ https://www.lolacosmetics.com.br/plot-twist-nut-gel-230g-ps-19629-256-p46172:14
[  709361ms] [LOG] Trustvox PDP | product: 46172 | type: 3 | usedId: 46172 @ https://www.lolacosmetics.com.br/plot-twist-nut-gel-230g-ps-19629-256-p46172:39
[  709425ms] [LOG] Banner não encontrado: banner-232 @ https://d1hjvew1n9ss7u.cloudfront.net/asset.axd?id=PAEAAB-LCAAAAAAAAAOtj0EPwUAQhf-KzLnsKqu64iBu4oSbOKzt0G2qKztTkQi_3abi6Ob43vfem8wDLIMGxjuLytwM2eCuPOvZ0gRCnrd86k8hgSaGNr5llFE40CdTEyZQXKP_EtuuRREhaA5tJLcIJqM8VSqfZlIO1VilWRYT9puwhStAjyZqIKM4fm1HoPeP333qLi5bYn8RS98wNix2JV6QxNrXRizOwRRGrLbi88ygIngm_1k8YzCOusXD8w1y8dfTPAEAAA%3d%3d:754
[  709427ms] [LOG] [Debug Carrinho] Polling ativo @ https://d1hjvew1n9ss7u.cloudfront.net/asset.axd?id=PAEAAB-LCAAAAAAAAAOtj0EPwUAQhf-KzLnsKqu64iBu4oSbOKzt0G2qKztTkQi_3abi6Ob43vfem8wDLIMGxjuLytwM2eCuPOvZ0gRCnrd86k8hgSaGNr5llFE40CdTEyZQXKP_EtuuRREhaA5tJLcIJqM8VSqfZlIO1VilWRYT9puwhStAjyZqIKM4fm1HoPeP333qLi5bYn8RS98wNix2JV6QxNrXRizOwRRGrLbi88ygIngm_1k8YzCOusXD8w1y8dfTPAEAAA%3d%3d:1790
[  709481ms] [LOG] add @ https://d1hjvew1n9ss7u.cloudfront.net/asset.axd?id=PAEAAB-LCAAAAAAAAAOtj0EPwUAQhf-KzLnsKqu64iBu4oSbOKzt0G2qKztTkQi_3abi6Ob43vfem8wDLIMGxjuLytwM2eCuPOvZ0gRCnrd86k8hgSaGNr5llFE40CdTEyZQXKP_EtuuRREhaA5tJLcIJqM8VSqfZlIO1VilWRYT9puwhStAjyZqIKM4fm1HoPeP333qLi5bYn8RS98wNix2JV6QxNrXRizOwRRGrLbi88ygIngm_1k8YzCOusXD8w1y8dfTPAEAAA%3d%3d:1
[  709483ms] [WARNING] !! Há erros de scripts de terceiros !!
Por favor, contate a Empresa responsável pelo script.  @ https://d1hjvew1n9ss7u.cloudfront.net/assets/shjs.js?t=639255987001545277:0
[  709484ms] Uncaught Error: You must pass a string or Handlebars AST to Handlebars.compile. You passed null
    at e.compile (https://d1hjvew1n9ss7u.cloudfront.net/asset.axd?id=PAEAAB-LCAAAAAAAAAOtj0EPwUAQhf-KzLnsKqu64iBu4oSbOKzt0G2qKztTkQi_3abi6Ob43vfem8wDLIMGxjuLytwM2eCuPOvZ0gRCnrd86k8hgSaGNr5llFE40CdTEyZQXKP_EtuuRREhaA5tJLcIJqM8VSqfZlIO1VilWRYT9puwhStAjyZqIKM4fm1HoPeP333qLi5bYn8RS98wNix2JV6QxNrXRizOwRRGrLbi88ygIngm_1k8YzCOusXD8w1y8dfTPAEAAA%3d%3d:1794:49302)
    at i.compile (https://d1hjvew1n9ss7u.cloudfront.net/asset.axd?id=PAEAAB-LCAAAAAAAAAOtj0EPwUAQhf-KzLnsKqu64iBu4oSbOKzt0G2qKztTkQi_3abi6Ob43vfem8wDLIMGxjuLytwM2eCuPOvZ0gRCnrd86k8hgSaGNr5llFE40CdTEyZQXKP_EtuuRREhaA5tJLcIJqM8VSqfZlIO1VilWRYT9puwhStAjyZqIKM4fm1HoPeP333qLi5bYn8RS98wNix2JV6QxNrXRizOwRRGrLbi88ygIngm_1k8YzCOusXD8w1y8dfTPAEAAA%3d%3d:1794:343)
    at renderBasket (https://d1hjvew1n9ss7u.cloudfront.net/asset.axd?id=PAEAAB-LCAAAAAAAAAOtj0EPwUAQhf-KzLnsKqu64iBu4oSbOKzt0G2qKztTkQi_3abi6Ob43vfem8wDLIMGxjuLytwM2eCuPOvZ0gRCnrd86k8hgSaGNr5llFE40CdTEyZQXKP_EtuuRREhaA5tJLcIJqM8VSqfZlIO1VilWRYT9puwhStAjyZqIKM4fm1HoPeP333qLi5bYn8RS98wNix2JV6QxNrXRizOwRRGrLbi88ygIngm_1k8YzCOusXD8w1y8dfTPAEAAA%3d%3d:29:27)
    at <anonymous> (https://d1hjvew1n9ss7u.cloudfront.net/asset.axd?id=PAEAAB-LCAAAAAAAAAOtj0EPwUAQhf-KzLnsKqu64iBu4oSbOKzt0G2qKztTkQi_3abi6Ob43vfem8wDLIMGxjuLytwM2eCuPOvZ0gRCnrd86k8hgSaGNr5llFE40CdTEyZQXKP_EtuuRREhaA5tJLcIJqM8VSqfZlIO1VilWRYT9puwhStAjyZqIKM4fm1HoPeP333qLi5bYn8RS98wNix2JV6QxNrXRizOwRRGrLbi88ygIngm_1k8YzCOusXD8w1y8dfTPAEAAA%3d%3d:220:1)
    at f (https://d1hjvew1n9ss7u.cloudfront.net/assets/shjs.js?t=639255987001545277:0:10382)
    at fireWith (https://d1hjvew1n9ss7u.cloudfront.net/assets/shjs.js?t=639255987001545277:0:11137)
    at ready (https://d1hjvew1n9ss7u.cloudfront.net/assets/shjs.js?t=639255987001545277:0:5238)
    at r (https://d1hjvew1n9ss7u.cloudfront.net/assets/shjs.js?t=639255987001545277:0:9748)
[  709486ms] [VERBOSE] [DOM] Input elements should have autocomplete attributes (suggested: "current-password"): (More info: https://goo.gl/9p2vKq) %o @ https://www.lolacosmetics.com.br/plot-twist-nut-gel-230g-ps-19629-256-p46172:0
[  709486ms] [VERBOSE] [DOM] Input elements should have autocomplete attributes (suggested: "current-password"): (More info: https://goo.gl/9p2vKq) %o @ https://www.lolacosmetics.com.br/plot-twist-nut-gel-230g-ps-19629-256-p46172:0
[  709584ms] [ERROR] Failed to load resource: the server responded with a status of 404 () @ https://d1hjvew1n9ss7u.cloudfront.net/Custom/Content:0
[  709587ms] [ERROR] Failed to load resource: net::ERR_NAME_NOT_RESOLVED @ https://event.getblue.io/js/blue-tag.min.js:0
[  709644ms] [LOG] AffiseStorage availability: {cookie: true, localStorage: true, sessionStorage: true} @ https://rankmediabrasil.g2afse.com/websdk.js:0
[  709645ms] [LOG] Status RNK Media - ClickId: null UTM: null @ :3
[  709649ms] [ERROR] Failed to load resource: the server responded with a status of 404 () @ https://d1hjvew1n9ss7u.cloudfront.net/Custom/Content/Themes/Lola/Agrada/CSS/ajax-loader.gif:0
[  709691ms] [WARNING] [Meta Pixel] - Invalid parameter format for currency. Please refer https://developers.facebook.com/docs/meta-pixel/reference/ for valid parameter specifications. @ https://connect.facebook.net/en_US/fbevents.js:203
[  709980ms] Uncaught TypeError: Cannot read properties of undefined (reading 'replace')
    at validaFreteGratis (https://d1hjvew1n9ss7u.cloudfront.net/asset.axd?id=PAEAAB-LCAAAAAAAAAOtj0EPwUAQhf-KzLnsKqu64iBu4oSbOKzt0G2qKztTkQi_3abi6Ob43vfem8wDLIMGxjuLytwM2eCuPOvZ0gRCnrd86k8hgSaGNr5llFE40CdTEyZQXKP_EtuuRREhaA5tJLcIJqM8VSqfZlIO1VilWRYT9puwhStAjyZqIKM4fm1HoPeP333qLi5bYn8RS98wNix2JV6QxNrXRizOwRRGrLbi88ygIngm_1k8YzCOusXD8w1y8dfTPAEAAA%3d%3d:1:7633)
    at <anonymous> (https://d1hjvew1n9ss7u.cloudfront.net/asset.axd?id=PAEAAB-LCAAAAAAAAAOtj0EPwUAQhf-KzLnsKqu64iBu4oSbOKzt0G2qKztTkQi_3abi6Ob43vfem8wDLIMGxjuLytwM2eCuPOvZ0gRCnrd86k8hgSaGNr5llFE40CdTEyZQXKP_EtuuRREhaA5tJLcIJqM8VSqfZlIO1VilWRYT9puwhStAjyZqIKM4fm1HoPeP333qLi5bYn8RS98wNix2JV6QxNrXRizOwRRGrLbi88ygIngm_1k8YzCOusXD8w1y8dfTPAEAAA%3d%3d:1:49808)
    at dispatch (https://d1hjvew1n9ss7u.cloudfront.net/assets/shjs.js?t=639255987001545277:0:32701)
    at a (https://d1hjvew1n9ss7u.cloudfront.net/assets/shjs.js?t=639255987001545277:0:28480)
[  709979ms] [LOG] Banner não encontrado: banner-232 @ https://d1hjvew1n9ss7u.cloudfront.net/asset.axd?id=PAEAAB-LCAAAAAAAAAOtj0EPwUAQhf-KzLnsKqu64iBu4oSbOKzt0G2qKztTkQi_3abi6Ob43vfem8wDLIMGxjuLytwM2eCuPOvZ0gRCnrd86k8hgSaGNr5llFE40CdTEyZQXKP_EtuuRREhaA5tJLcIJqM8VSqfZlIO1VilWRYT9puwhStAjyZqIKM4fm1HoPeP333qLi5bYn8RS98wNix2JV6QxNrXRizOwRRGrLbi88ygIngm_1k8YzCOusXD8w1y8dfTPAEAAA%3d%3d:754
[  710011ms] [LOG] %c Widde Video Commerce %c v24604ee %c Build: 21/09/2026 20:39 %c border: 1px solid #2567f8; background: #2567f8; color: #fff; font-weight: bold; padding: 4px 8px; border-radius: 3px 0 0 0; border: 1px solid #2567f8; border-left: none; background: #FFF; color: #2567f8; font-weight: bold; padding: 4px 8px; border: 1px solid #2567f8; border-left: none; background: #f0f0f0; color: #333; font-weight: bold; padding: 4px 8px; border-radius: 0 3px 3px 0; background: transparent @ https://cdn.widde.io/assets/main.utzwjalemu.js:0
[  710277ms] [LOG] %c Tryon Widde.io %c %s %c border: 1px solid #2567f8; background: #2567f8; color: #fff; font-weight: bold; padding: 4px 8px; border-radius: 3px 0 0 3px; border: 1px solid #2567f8; background: #FFF; color: #2567f8; font-weight: bold; padding: 4px 8px; border-radius: 0 3px 3px 0; 47bf7c2 background: transparent @ https://cdn-tryon.widde.io/widde-tryon.js:86
[  710297ms] [LOG] [tryon-tracker] initialized {domain: www.lolacosmetics.com.br} @ https://cdn-tryon.widde.io/widde-tryon.js:8
[  716515ms] [WARNING] Error with Feature-Policy header: Some features are specified in both Feature-Policy and Permissions-Policy header: payment, fullscreen, microphone, camera. Values defined in Permissions-Policy header will be used. @ :0
[  716799ms] [ERROR] Failed to load resource: the server responded with a status of 500 () @ https://fonts.cdnfonts.com/css/leelawade:0
[  717048ms] [ERROR] Failed to load resource: the server responded with a status of 404 () @ https://lolacosmetics.admin.linxcommerce.com.br/Custom/Content/Themes/Lola/Styles/Fonts/FontAwesome/all.css:0
[  717059ms] [LOG] Trustvox rating | PDP: 46170 tipo: 3 @ https://www.lolacosmetics.com.br/plot-twist-shampoo-sem-enxague-200ml-ps-19629-255-p46170:14
[  717059ms] [LOG] Trustvox rating | ID final usado = 46170 @ https://www.lolacosmetics.com.br/plot-twist-shampoo-sem-enxague-200ml-ps-19629-255-p46170:14
[  717076ms] [LOG] Trustvox PDP | product: 46170 | type: 3 | usedId: 46170 @ https://www.lolacosmetics.com.br/plot-twist-shampoo-sem-enxague-200ml-ps-19629-255-p46170:39
[  717103ms] [LOG] Banner não encontrado: banner-232 @ https://d1hjvew1n9ss7u.cloudfront.net/asset.axd?id=PAEAAB-LCAAAAAAAAAOtj0EPwUAQhf-KzLnsKqu64iBu4oSbOKzt0G2qKztTkQi_3abi6Ob43vfem8wDLIMGxjuLytwM2eCuPOvZ0gRCnrd86k8hgSaGNr5llFE40CdTEyZQXKP_EtuuRREhaA5tJLcIJqM8VSqfZlIO1VilWRYT9puwhStAjyZqIKM4fm1HoPeP333qLi5bYn8RS98wNix2JV6QxNrXRizOwRRGrLbi88ygIngm_1k8YzCOusXD8w1y8dfTPAEAAA%3d%3d:754
[  717104ms] [LOG] [Debug Carrinho] Polling ativo @ https://d1hjvew1n9ss7u.cloudfront.net/asset.axd?id=PAEAAB-LCAAAAAAAAAOtj0EPwUAQhf-KzLnsKqu64iBu4oSbOKzt0G2qKztTkQi_3abi6Ob43vfem8wDLIMGxjuLytwM2eCuPOvZ0gRCnrd86k8hgSaGNr5llFE40CdTEyZQXKP_EtuuRREhaA5tJLcIJqM8VSqfZlIO1VilWRYT9puwhStAjyZqIKM4fm1HoPeP333qLi5bYn8RS98wNix2JV6QxNrXRizOwRRGrLbi88ygIngm_1k8YzCOusXD8w1y8dfTPAEAAA%3d%3d:1790
[  717146ms] [LOG] add @ https://d1hjvew1n9ss7u.cloudfront.net/asset.axd?id=PAEAAB-LCAAAAAAAAAOtj0EPwUAQhf-KzLnsKqu64iBu4oSbOKzt0G2qKztTkQi_3abi6Ob43vfem8wDLIMGxjuLytwM2eCuPOvZ0gRCnrd86k8hgSaGNr5llFE40CdTEyZQXKP_EtuuRREhaA5tJLcIJqM8VSqfZlIO1VilWRYT9puwhStAjyZqIKM4fm1HoPeP333qLi5bYn8RS98wNix2JV6QxNrXRizOwRRGrLbi88ygIngm_1k8YzCOusXD8w1y8dfTPAEAAA%3d%3d:1
[  717148ms] [WARNING] !! Há erros de scripts de terceiros !!
Por favor, contate a Empresa responsável pelo script.  @ https://d1hjvew1n9ss7u.cloudfront.net/assets/shjs.js?t=639255987001545277:0
[  717148ms] Uncaught Error: You must pass a string or Handlebars AST to Handlebars.compile. You passed null
    at e.compile (https://d1hjvew1n9ss7u.cloudfront.net/asset.axd?id=PAEAAB-LCAAAAAAAAAOtj0EPwUAQhf-KzLnsKqu64iBu4oSbOKzt0G2qKztTkQi_3abi6Ob43vfem8wDLIMGxjuLytwM2eCuPOvZ0gRCnrd86k8hgSaGNr5llFE40CdTEyZQXKP_EtuuRREhaA5tJLcIJqM8VSqfZlIO1VilWRYT9puwhStAjyZqIKM4fm1HoPeP333qLi5bYn8RS98wNix2JV6QxNrXRizOwRRGrLbi88ygIngm_1k8YzCOusXD8w1y8dfTPAEAAA%3d%3d:1794:49302)
    at i.compile (https://d1hjvew1n9ss7u.cloudfront.net/asset.axd?id=PAEAAB-LCAAAAAAAAAOtj0EPwUAQhf-KzLnsKqu64iBu4oSbOKzt0G2qKztTkQi_3abi6Ob43vfem8wDLIMGxjuLytwM2eCuPOvZ0gRCnrd86k8hgSaGNr5llFE40CdTEyZQXKP_EtuuRREhaA5tJLcIJqM8VSqfZlIO1VilWRYT9puwhStAjyZqIKM4fm1HoPeP333qLi5bYn8RS98wNix2JV6QxNrXRizOwRRGrLbi88ygIngm_1k8YzCOusXD8w1y8dfTPAEAAA%3d%3d:1794:343)
    at renderBasket (https://d1hjvew1n9ss7u.cloudfront.net/asset.axd?id=PAEAAB-LCAAAAAAAAAOtj0EPwUAQhf-KzLnsKqu64iBu4oSbOKzt0G2qKztTkQi_3abi6Ob43vfem8wDLIMGxjuLytwM2eCuPOvZ0gRCnrd86k8hgSaGNr5llFE40CdTEyZQXKP_EtuuRREhaA5tJLcIJqM8VSqfZlIO1VilWRYT9puwhStAjyZqIKM4fm1HoPeP333qLi5bYn8RS98wNix2JV6QxNrXRizOwRRGrLbi88ygIngm_1k8YzCOusXD8w1y8dfTPAEAAA%3d%3d:29:27)
    at <anonymous> (https://d1hjvew1n9ss7u.cloudfront.net/asset.axd?id=PAEAAB-LCAAAAAAAAAOtj0EPwUAQhf-KzLnsKqu64iBu4oSbOKzt0G2qKztTkQi_3abi6Ob43vfem8wDLIMGxjuLytwM2eCuPOvZ0gRCnrd86k8hgSaGNr5llFE40CdTEyZQXKP_EtuuRREhaA5tJLcIJqM8VSqfZlIO1VilWRYT9puwhStAjyZqIKM4fm1HoPeP333qLi5bYn8RS98wNix2JV6QxNrXRizOwRRGrLbi88ygIngm_1k8YzCOusXD8w1y8dfTPAEAAA%3d%3d:220:1)
    at f (https://d1hjvew1n9ss7u.cloudfront.net/assets/shjs.js?t=639255987001545277:0:10382)
    at fireWith (https://d1hjvew1n9ss7u.cloudfront.net/assets/shjs.js?t=639255987001545277:0:11137)
    at ready (https://d1hjvew1n9ss7u.cloudfront.net/assets/shjs.js?t=639255987001545277:0:5238)
    at r (https://d1hjvew1n9ss7u.cloudfront.net/assets/shjs.js?t=639255987001545277:0:9748)
[  717150ms] [VERBOSE] [DOM] Input elements should have autocomplete attributes (suggested: "current-password"): (More info: https://goo.gl/9p2vKq) %o @ https://www.lolacosmetics.com.br/plot-twist-shampoo-sem-enxague-200ml-ps-19629-255-p46170:0
[  717150ms] [VERBOSE] [DOM] Input elements should have autocomplete attributes (suggested: "current-password"): (More info: https://goo.gl/9p2vKq) %o @ https://www.lolacosmetics.com.br/plot-twist-shampoo-sem-enxague-200ml-ps-19629-255-p46170:0
[  717242ms] [ERROR] Failed to load resource: net::ERR_NAME_NOT_RESOLVED @ https://event.getblue.io/js/blue-tag.min.js:0
[  717325ms] [LOG] AffiseStorage availability: {cookie: true, localStorage: true, sessionStorage: true} @ https://rankmediabrasil.g2afse.com/websdk.js:0
[  717326ms] [LOG] Status RNK Media - ClickId: null UTM: null @ :3
[  717363ms] [ERROR] Failed to load resource: the server responded with a status of 404 () @ https://d1hjvew1n9ss7u.cloudfront.net/Custom/Content/Themes/Lola/Agrada/CSS/ajax-loader.gif:0
[  717385ms] [WARNING] [Meta Pixel] - Invalid parameter format for currency. Please refer https://developers.facebook.com/docs/meta-pixel/reference/ for valid parameter specifications. @ https://connect.facebook.net/en_US/fbevents.js:203
[  717715ms] Uncaught TypeError: Cannot read properties of undefined (reading 'replace')
    at validaFreteGratis (https://d1hjvew1n9ss7u.cloudfront.net/asset.axd?id=PAEAAB-LCAAAAAAAAAOtj0EPwUAQhf-KzLnsKqu64iBu4oSbOKzt0G2qKztTkQi_3abi6Ob43vfem8wDLIMGxjuLytwM2eCuPOvZ0gRCnrd86k8hgSaGNr5llFE40CdTEyZQXKP_EtuuRREhaA5tJLcIJqM8VSqfZlIO1VilWRYT9puwhStAjyZqIKM4fm1HoPeP333qLi5bYn8RS98wNix2JV6QxNrXRizOwRRGrLbi88ygIngm_1k8YzCOusXD8w1y8dfTPAEAAA%3d%3d:1:7633)
    at <anonymous> (https://d1hjvew1n9ss7u.cloudfront.net/asset.axd?id=PAEAAB-LCAAAAAAAAAOtj0EPwUAQhf-KzLnsKqu64iBu4oSbOKzt0G2qKztTkQi_3abi6Ob43vfem8wDLIMGxjuLytwM2eCuPOvZ0gRCnrd86k8hgSaGNr5llFE40CdTEyZQXKP_EtuuRREhaA5tJLcIJqM8VSqfZlIO1VilWRYT9puwhStAjyZqIKM4fm1HoPeP333qLi5bYn8RS98wNix2JV6QxNrXRizOwRRGrLbi88ygIngm_1k8YzCOusXD8w1y8dfTPAEAAA%3d%3d:1:49808)
    at dispatch (https://d1hjvew1n9ss7u.cloudfront.net/assets/shjs.js?t=639255987001545277:0:32701)
    at a (https://d1hjvew1n9ss7u.cloudfront.net/assets/shjs.js?t=639255987001545277:0:28480)
[  717714ms] [LOG] Banner não encontrado: banner-232 @ https://d1hjvew1n9ss7u.cloudfront.net/asset.axd?id=PAEAAB-LCAAAAAAAAAOtj0EPwUAQhf-KzLnsKqu64iBu4oSbOKzt0G2qKztTkQi_3abi6Ob43vfem8wDLIMGxjuLytwM2eCuPOvZ0gRCnrd86k8hgSaGNr5llFE40CdTEyZQXKP_EtuuRREhaA5tJLcIJqM8VSqfZlIO1VilWRYT9puwhStAjyZqIKM4fm1HoPeP333qLi5bYn8RS98wNix2JV6QxNrXRizOwRRGrLbi88ygIngm_1k8YzCOusXD8w1y8dfTPAEAAA%3d%3d:754
[  717738ms] [LOG] %c Widde Video Commerce %c v24604ee %c Build: 21/09/2026 20:39 %c border: 1px solid #2567f8; background: #2567f8; color: #fff; font-weight: bold; padding: 4px 8px; border-radius: 3px 0 0 0; border: 1px solid #2567f8; border-left: none; background: #FFF; color: #2567f8; font-weight: bold; padding: 4px 8px; border: 1px solid #2567f8; border-left: none; background: #f0f0f0; color: #333; font-weight: bold; padding: 4px 8px; border-radius: 0 3px 3px 0; background: transparent @ https://cdn.widde.io/assets/main.utzwjalemu.js:0
[  717918ms] [LOG] %c Tryon Widde.io %c %s %c border: 1px solid #2567f8; background: #2567f8; color: #fff; font-weight: bold; padding: 4px 8px; border-radius: 3px 0 0 3px; border: 1px solid #2567f8; background: #FFF; color: #2567f8; font-weight: bold; padding: 4px 8px; border-radius: 0 3px 3px 0; 47bf7c2 background: transparent @ https://cdn-tryon.widde.io/widde-tryon.js:86
[  717980ms] [LOG] [tryon-tracker] initialized {domain: www.lolacosmetics.com.br} @ https://cdn-tryon.widde.io/widde-tryon.js:8
[  724109ms] [WARNING] Error with Feature-Policy header: Some features are specified in both Feature-Policy and Permissions-Policy header: payment, fullscreen, microphone, camera. Values defined in Permissions-Policy header will be used. @ :0
[  724391ms] [ERROR] Failed to load resource: the server responded with a status of 500 () @ https://fonts.cdnfonts.com/css/leelawade:0
[  724649ms] [ERROR] Failed to load resource: the server responded with a status of 404 () @ https://lolacosmetics.admin.linxcommerce.com.br/Custom/Content/Themes/Lola/Styles/Fonts/FontAwesome/all.css:0
[  724657ms] [LOG] Trustvox rating | PDP: 46194 tipo: 3 @ https://www.lolacosmetics.com.br/purple-acid-250ml-ps-19629-1002-p46194:15
[  724657ms] [LOG] Trustvox rating | ID final usado = 46194 @ https://www.lolacosmetics.com.br/purple-acid-250ml-ps-19629-1002-p46194:15
[  724660ms] [LOG] Trustvox PDP | product: 46194 | type: 3 | usedId: 46194 @ https://www.lolacosmetics.com.br/purple-acid-250ml-ps-19629-1002-p46194:42
[  724710ms] [LOG] Banner não encontrado: banner-232 @ https://d1hjvew1n9ss7u.cloudfront.net/asset.axd?id=PAEAAB-LCAAAAAAAAAOtj0EPwUAQhf-KzLnsKqu64iBu4oSbOKzt0G2qKztTkQi_3abi6Ob43vfem8wDLIMGxjuLytwM2eCuPOvZ0gRCnrd86k8hgSaGNr5llFE40CdTEyZQXKP_EtuuRREhaA5tJLcIJqM8VSqfZlIO1VilWRYT9puwhStAjyZqIKM4fm1HoPeP333qLi5bYn8RS98wNix2JV6QxNrXRizOwRRGrLbi88ygIngm_1k8YzCOusXD8w1y8dfTPAEAAA%3d%3d:754
[  724712ms] [LOG] [Debug Carrinho] Polling ativo @ https://d1hjvew1n9ss7u.cloudfront.net/asset.axd?id=PAEAAB-LCAAAAAAAAAOtj0EPwUAQhf-KzLnsKqu64iBu4oSbOKzt0G2qKztTkQi_3abi6Ob43vfem8wDLIMGxjuLytwM2eCuPOvZ0gRCnrd86k8hgSaGNr5llFE40CdTEyZQXKP_EtuuRREhaA5tJLcIJqM8VSqfZlIO1VilWRYT9puwhStAjyZqIKM4fm1HoPeP333qLi5bYn8RS98wNix2JV6QxNrXRizOwRRGrLbi88ygIngm_1k8YzCOusXD8w1y8dfTPAEAAA%3d%3d:1790
[  724757ms] [LOG] add @ https://d1hjvew1n9ss7u.cloudfront.net/asset.axd?id=PAEAAB-LCAAAAAAAAAOtj0EPwUAQhf-KzLnsKqu64iBu4oSbOKzt0G2qKztTkQi_3abi6Ob43vfem8wDLIMGxjuLytwM2eCuPOvZ0gRCnrd86k8hgSaGNr5llFE40CdTEyZQXKP_EtuuRREhaA5tJLcIJqM8VSqfZlIO1VilWRYT9puwhStAjyZqIKM4fm1HoPeP333qLi5bYn8RS98wNix2JV6QxNrXRizOwRRGrLbi88ygIngm_1k8YzCOusXD8w1y8dfTPAEAAA%3d%3d:1
[  724758ms] [WARNING] !! Há erros de scripts de terceiros !!
Por favor, contate a Empresa responsável pelo script.  @ https://d1hjvew1n9ss7u.cloudfront.net/assets/shjs.js?t=639255987001545277:0
[  724759ms] Uncaught Error: You must pass a string or Handlebars AST to Handlebars.compile. You passed null
    at e.compile (https://d1hjvew1n9ss7u.cloudfront.net/asset.axd?id=PAEAAB-LCAAAAAAAAAOtj0EPwUAQhf-KzLnsKqu64iBu4oSbOKzt0G2qKztTkQi_3abi6Ob43vfem8wDLIMGxjuLytwM2eCuPOvZ0gRCnrd86k8hgSaGNr5llFE40CdTEyZQXKP_EtuuRREhaA5tJLcIJqM8VSqfZlIO1VilWRYT9puwhStAjyZqIKM4fm1HoPeP333qLi5bYn8RS98wNix2JV6QxNrXRizOwRRGrLbi88ygIngm_1k8YzCOusXD8w1y8dfTPAEAAA%3d%3d:1794:49302)
    at i.compile (https://d1hjvew1n9ss7u.cloudfront.net/asset.axd?id=PAEAAB-LCAAAAAAAAAOtj0EPwUAQhf-KzLnsKqu64iBu4oSbOKzt0G2qKztTkQi_3abi6Ob43vfem8wDLIMGxjuLytwM2eCuPOvZ0gRCnrd86k8hgSaGNr5llFE40CdTEyZQXKP_EtuuRREhaA5tJLcIJqM8VSqfZlIO1VilWRYT9puwhStAjyZqIKM4fm1HoPeP333qLi5bYn8RS98wNix2JV6QxNrXRizOwRRGrLbi88ygIngm_1k8YzCOusXD8w1y8dfTPAEAAA%3d%3d:1794:343)
    at renderBasket (https://d1hjvew1n9ss7u.cloudfront.net/asset.axd?id=PAEAAB-LCAAAAAAAAAOtj0EPwUAQhf-KzLnsKqu64iBu4oSbOKzt0G2qKztTkQi_3abi6Ob43vfem8wDLIMGxjuLytwM2eCuPOvZ0gRCnrd86k8hgSaGNr5llFE40CdTEyZQXKP_EtuuRREhaA5tJLcIJqM8VSqfZlIO1VilWRYT9puwhStAjyZqIKM4fm1HoPeP333qLi5bYn8RS98wNix2JV6QxNrXRizOwRRGrLbi88ygIngm_1k8YzCOusXD8w1y8dfTPAEAAA%3d%3d:29:27)
    at <anonymous> (https://d1hjvew1n9ss7u.cloudfront.net/asset.axd?id=PAEAAB-LCAAAAAAAAAOtj0EPwUAQhf-KzLnsKqu64iBu4oSbOKzt0G2qKztTkQi_3abi6Ob43vfem8wDLIMGxjuLytwM2eCuPOvZ0gRCnrd86k8hgSaGNr5llFE40CdTEyZQXKP_EtuuRREhaA5tJLcIJqM8VSqfZlIO1VilWRYT9puwhStAjyZqIKM4fm1HoPeP333qLi5bYn8RS98wNix2JV6QxNrXRizOwRRGrLbi88ygIngm_1k8YzCOusXD8w1y8dfTPAEAAA%3d%3d:220:1)
    at f (https://d1hjvew1n9ss7u.cloudfront.net/assets/shjs.js?t=639255987001545277:0:10382)
    at fireWith (https://d1hjvew1n9ss7u.cloudfront.net/assets/shjs.js?t=639255987001545277:0:11137)
    at ready (https://d1hjvew1n9ss7u.cloudfront.net/assets/shjs.js?t=639255987001545277:0:5238)
    at r (https://d1hjvew1n9ss7u.cloudfront.net/assets/shjs.js?t=639255987001545277:0:9748)
[  724761ms] [VERBOSE] [DOM] Input elements should have autocomplete attributes (suggested: "current-password"): (More info: https://goo.gl/9p2vKq) %o @ https://www.lolacosmetics.com.br/purple-acid-250ml-ps-19629-1002-p46194:0
[  724761ms] [VERBOSE] [DOM] Input elements should have autocomplete attributes (suggested: "current-password"): (More info: https://goo.gl/9p2vKq) %o @ https://www.lolacosmetics.com.br/purple-acid-250ml-ps-19629-1002-p46194:0
[  724834ms] [ERROR] Failed to load resource: the server responded with a status of 404 () @ https://d1hjvew1n9ss7u.cloudfront.net/Custom/Content:0
[  724845ms] [ERROR] Failed to load resource: net::ERR_NAME_NOT_RESOLVED @ https://event.getblue.io/js/blue-tag.min.js:0
[  724946ms] [ERROR] Failed to load resource: the server responded with a status of 404 () @ https://d1hjvew1n9ss7u.cloudfront.net/Custom/Content/Themes/Lola/Agrada/CSS/ajax-loader.gif:0
[  724954ms] [LOG] AffiseStorage availability: {cookie: true, localStorage: true, sessionStorage: true} @ https://rankmediabrasil.g2afse.com/websdk.js:0
[  724955ms] [LOG] Status RNK Media - ClickId: null UTM: null @ :3
[  724991ms] [WARNING] [Meta Pixel] - Invalid parameter format for currency. Please refer https://developers.facebook.com/docs/meta-pixel/reference/ for valid parameter specifications. @ https://connect.facebook.net/en_US/fbevents.js:203
[  725285ms] Uncaught TypeError: Cannot read properties of undefined (reading 'replace')
    at validaFreteGratis (https://d1hjvew1n9ss7u.cloudfront.net/asset.axd?id=PAEAAB-LCAAAAAAAAAOtj0EPwUAQhf-KzLnsKqu64iBu4oSbOKzt0G2qKztTkQi_3abi6Ob43vfem8wDLIMGxjuLytwM2eCuPOvZ0gRCnrd86k8hgSaGNr5llFE40CdTEyZQXKP_EtuuRREhaA5tJLcIJqM8VSqfZlIO1VilWRYT9puwhStAjyZqIKM4fm1HoPeP333qLi5bYn8RS98wNix2JV6QxNrXRizOwRRGrLbi88ygIngm_1k8YzCOusXD8w1y8dfTPAEAAA%3d%3d:1:7633)
    at <anonymous> (https://d1hjvew1n9ss7u.cloudfront.net/asset.axd?id=PAEAAB-LCAAAAAAAAAOtj0EPwUAQhf-KzLnsKqu64iBu4oSbOKzt0G2qKztTkQi_3abi6Ob43vfem8wDLIMGxjuLytwM2eCuPOvZ0gRCnrd86k8hgSaGNr5llFE40CdTEyZQXKP_EtuuRREhaA5tJLcIJqM8VSqfZlIO1VilWRYT9puwhStAjyZqIKM4fm1HoPeP333qLi5bYn8RS98wNix2JV6QxNrXRizOwRRGrLbi88ygIngm_1k8YzCOusXD8w1y8dfTPAEAAA%3d%3d:1:49808)
    at dispatch (https://d1hjvew1n9ss7u.cloudfront.net/assets/shjs.js?t=639255987001545277:0:32701)
    at a (https://d1hjvew1n9ss7u.cloudfront.net/assets/shjs.js?t=639255987001545277:0:28480)
[  725284ms] [LOG] Banner não encontrado: banner-232 @ https://d1hjvew1n9ss7u.cloudfront.net/asset.axd?id=PAEAAB-LCAAAAAAAAAOtj0EPwUAQhf-KzLnsKqu64iBu4oSbOKzt0G2qKztTkQi_3abi6Ob43vfem8wDLIMGxjuLytwM2eCuPOvZ0gRCnrd86k8hgSaGNr5llFE40CdTEyZQXKP_EtuuRREhaA5tJLcIJqM8VSqfZlIO1VilWRYT9puwhStAjyZqIKM4fm1HoPeP333qLi5bYn8RS98wNix2JV6QxNrXRizOwRRGrLbi88ygIngm_1k8YzCOusXD8w1y8dfTPAEAAA%3d%3d:754
[  725311ms] [LOG] %c Widde Video Commerce %c v24604ee %c Build: 21/09/2026 20:39 %c border: 1px solid #2567f8; background: #2567f8; color: #fff; font-weight: bold; padding: 4px 8px; border-radius: 3px 0 0 0; border: 1px solid #2567f8; border-left: none; background: #FFF; color: #2567f8; font-weight: bold; padding: 4px 8px; border: 1px solid #2567f8; border-left: none; background: #f0f0f0; color: #333; font-weight: bold; padding: 4px 8px; border-radius: 0 3px 3px 0; background: transparent @ https://cdn.widde.io/assets/main.utzwjalemu.js:0
[  725436ms] [LOG] %c Tryon Widde.io %c %s %c border: 1px solid #2567f8; background: #2567f8; color: #fff; font-weight: bold; padding: 4px 8px; border-radius: 3px 0 0 3px; border: 1px solid #2567f8; background: #FFF; color: #2567f8; font-weight: bold; padding: 4px 8px; border-radius: 0 3px 3px 0; 47bf7c2 background: transparent @ https://cdn-tryon.widde.io/widde-tryon.js:86
[  725466ms] [LOG] [tryon-tracker] initialized {domain: www.lolacosmetics.com.br} @ https://cdn-tryon.widde.io/widde-tryon.js:8
[  731792ms] [WARNING] Error with Feature-Policy header: Some features are specified in both Feature-Policy and Permissions-Policy header: payment, fullscreen, microphone, camera. Values defined in Permissions-Policy header will be used. @ :0
[  732091ms] [ERROR] Failed to load resource: the server responded with a status of 500 () @ https://fonts.cdnfonts.com/css/leelawade:0
[  732372ms] [ERROR] Failed to load resource: the server responded with a status of 404 () @ https://lolacosmetics.admin.linxcommerce.com.br/Custom/Content/Themes/Lola/Styles/Fonts/FontAwesome/all.css:0
[  732384ms] [LOG] Trustvox rating | PDP: 46283 tipo: 3 @ https://www.lolacosmetics.com.br/purple-mask-100g-ps-19629-286-p46283:15
[  732384ms] [LOG] Trustvox rating | ID final usado = 46283 @ https://www.lolacosmetics.com.br/purple-mask-100g-ps-19629-286-p46283:15
[  732402ms] [LOG] Trustvox PDP | product: 46283 | type: 3 | usedId: 46283 @ https://www.lolacosmetics.com.br/purple-mask-100g-ps-19629-286-p46283:42
[  732429ms] [LOG] Banner não encontrado: banner-232 @ https://d1hjvew1n9ss7u.cloudfront.net/asset.axd?id=PAEAAB-LCAAAAAAAAAOtj0EPwUAQhf-KzLnsKqu64iBu4oSbOKzt0G2qKztTkQi_3abi6Ob43vfem8wDLIMGxjuLytwM2eCuPOvZ0gRCnrd86k8hgSaGNr5llFE40CdTEyZQXKP_EtuuRREhaA5tJLcIJqM8VSqfZlIO1VilWRYT9puwhStAjyZqIKM4fm1HoPeP333qLi5bYn8RS98wNix2JV6QxNrXRizOwRRGrLbi88ygIngm_1k8YzCOusXD8w1y8dfTPAEAAA%3d%3d:754
[  732430ms] [LOG] [Debug Carrinho] Polling ativo @ https://d1hjvew1n9ss7u.cloudfront.net/asset.axd?id=PAEAAB-LCAAAAAAAAAOtj0EPwUAQhf-KzLnsKqu64iBu4oSbOKzt0G2qKztTkQi_3abi6Ob43vfem8wDLIMGxjuLytwM2eCuPOvZ0gRCnrd86k8hgSaGNr5llFE40CdTEyZQXKP_EtuuRREhaA5tJLcIJqM8VSqfZlIO1VilWRYT9puwhStAjyZqIKM4fm1HoPeP333qLi5bYn8RS98wNix2JV6QxNrXRizOwRRGrLbi88ygIngm_1k8YzCOusXD8w1y8dfTPAEAAA%3d%3d:1790
[  732479ms] [LOG] add @ https://d1hjvew1n9ss7u.cloudfront.net/asset.axd?id=PAEAAB-LCAAAAAAAAAOtj0EPwUAQhf-KzLnsKqu64iBu4oSbOKzt0G2qKztTkQi_3abi6Ob43vfem8wDLIMGxjuLytwM2eCuPOvZ0gRCnrd86k8hgSaGNr5llFE40CdTEyZQXKP_EtuuRREhaA5tJLcIJqM8VSqfZlIO1VilWRYT9puwhStAjyZqIKM4fm1HoPeP333qLi5bYn8RS98wNix2JV6QxNrXRizOwRRGrLbi88ygIngm_1k8YzCOusXD8w1y8dfTPAEAAA%3d%3d:1
[  732480ms] [WARNING] !! Há erros de scripts de terceiros !!
Por favor, contate a Empresa responsável pelo script.  @ https://d1hjvew1n9ss7u.cloudfront.net/assets/shjs.js?t=639255987001545277:0
[  732481ms] Uncaught Error: You must pass a string or Handlebars AST to Handlebars.compile. You passed null
    at e.compile (https://d1hjvew1n9ss7u.cloudfront.net/asset.axd?id=PAEAAB-LCAAAAAAAAAOtj0EPwUAQhf-KzLnsKqu64iBu4oSbOKzt0G2qKztTkQi_3abi6Ob43vfem8wDLIMGxjuLytwM2eCuPOvZ0gRCnrd86k8hgSaGNr5llFE40CdTEyZQXKP_EtuuRREhaA5tJLcIJqM8VSqfZlIO1VilWRYT9puwhStAjyZqIKM4fm1HoPeP333qLi5bYn8RS98wNix2JV6QxNrXRizOwRRGrLbi88ygIngm_1k8YzCOusXD8w1y8dfTPAEAAA%3d%3d:1794:49302)
    at i.compile (https://d1hjvew1n9ss7u.cloudfront.net/asset.axd?id=PAEAAB-LCAAAAAAAAAOtj0EPwUAQhf-KzLnsKqu64iBu4oSbOKzt0G2qKztTkQi_3abi6Ob43vfem8wDLIMGxjuLytwM2eCuPOvZ0gRCnrd86k8hgSaGNr5llFE40CdTEyZQXKP_EtuuRREhaA5tJLcIJqM8VSqfZlIO1VilWRYT9puwhStAjyZqIKM4fm1HoPeP333qLi5bYn8RS98wNix2JV6QxNrXRizOwRRGrLbi88ygIngm_1k8YzCOusXD8w1y8dfTPAEAAA%3d%3d:1794:343)
    at renderBasket (https://d1hjvew1n9ss7u.cloudfront.net/asset.axd?id=PAEAAB-LCAAAAAAAAAOtj0EPwUAQhf-KzLnsKqu64iBu4oSbOKzt0G2qKztTkQi_3abi6Ob43vfem8wDLIMGxjuLytwM2eCuPOvZ0gRCnrd86k8hgSaGNr5llFE40CdTEyZQXKP_EtuuRREhaA5tJLcIJqM8VSqfZlIO1VilWRYT9puwhStAjyZqIKM4fm1HoPeP333qLi5bYn8RS98wNix2JV6QxNrXRizOwRRGrLbi88ygIngm_1k8YzCOusXD8w1y8dfTPAEAAA%3d%3d:29:27)
    at <anonymous> (https://d1hjvew1n9ss7u.cloudfront.net/asset.axd?id=PAEAAB-LCAAAAAAAAAOtj0EPwUAQhf-KzLnsKqu64iBu4oSbOKzt0G2qKztTkQi_3abi6Ob43vfem8wDLIMGxjuLytwM2eCuPOvZ0gRCnrd86k8hgSaGNr5llFE40CdTEyZQXKP_EtuuRREhaA5tJLcIJqM8VSqfZlIO1VilWRYT9puwhStAjyZqIKM4fm1HoPeP333qLi5bYn8RS98wNix2JV6QxNrXRizOwRRGrLbi88ygIngm_1k8YzCOusXD8w1y8dfTPAEAAA%3d%3d:220:1)
    at f (https://d1hjvew1n9ss7u.cloudfront.net/assets/shjs.js?t=639255987001545277:0:10382)
    at fireWith (https://d1hjvew1n9ss7u.cloudfront.net/assets/shjs.js?t=639255987001545277:0:11137)
    at ready (https://d1hjvew1n9ss7u.cloudfront.net/assets/shjs.js?t=639255987001545277:0:5238)
    at r (https://d1hjvew1n9ss7u.cloudfront.net/assets/shjs.js?t=639255987001545277:0:9748)
[  732483ms] [VERBOSE] [DOM] Input elements should have autocomplete attributes (suggested: "current-password"): (More info: https://goo.gl/9p2vKq) %o @ https://www.lolacosmetics.com.br/purple-mask-100g-ps-19629-286-p46283:0
[  732483ms] [VERBOSE] [DOM] Input elements should have autocomplete attributes (suggested: "current-password"): (More info: https://goo.gl/9p2vKq) %o @ https://www.lolacosmetics.com.br/purple-mask-100g-ps-19629-286-p46283:0
[  732614ms] [ERROR] Failed to load resource: net::ERR_NAME_NOT_RESOLVED @ https://event.getblue.io/js/blue-tag.min.js:0
[  732653ms] [LOG] AffiseStorage availability: {cookie: true, localStorage: true, sessionStorage: true} @ https://rankmediabrasil.g2afse.com/websdk.js:0
[  732654ms] [LOG] Status RNK Media - ClickId: null UTM: null @ :3
[  732676ms] [WARNING] [Meta Pixel] - Invalid parameter format for currency. Please refer https://developers.facebook.com/docs/meta-pixel/reference/ for valid parameter specifications. @ https://connect.facebook.net/en_US/fbevents.js:203
[  732689ms] [ERROR] Failed to load resource: the server responded with a status of 404 () @ https://d1hjvew1n9ss7u.cloudfront.net/Custom/Content/Themes/Lola/Agrada/CSS/ajax-loader.gif:0
[  733007ms] Uncaught TypeError: Cannot read properties of undefined (reading 'replace')
    at validaFreteGratis (https://d1hjvew1n9ss7u.cloudfront.net/asset.axd?id=PAEAAB-LCAAAAAAAAAOtj0EPwUAQhf-KzLnsKqu64iBu4oSbOKzt0G2qKztTkQi_3abi6Ob43vfem8wDLIMGxjuLytwM2eCuPOvZ0gRCnrd86k8hgSaGNr5llFE40CdTEyZQXKP_EtuuRREhaA5tJLcIJqM8VSqfZlIO1VilWRYT9puwhStAjyZqIKM4fm1HoPeP333qLi5bYn8RS98wNix2JV6QxNrXRizOwRRGrLbi88ygIngm_1k8YzCOusXD8w1y8dfTPAEAAA%3d%3d:1:7633)
    at <anonymous> (https://d1hjvew1n9ss7u.cloudfront.net/asset.axd?id=PAEAAB-LCAAAAAAAAAOtj0EPwUAQhf-KzLnsKqu64iBu4oSbOKzt0G2qKztTkQi_3abi6Ob43vfem8wDLIMGxjuLytwM2eCuPOvZ0gRCnrd86k8hgSaGNr5llFE40CdTEyZQXKP_EtuuRREhaA5tJLcIJqM8VSqfZlIO1VilWRYT9puwhStAjyZqIKM4fm1HoPeP333qLi5bYn8RS98wNix2JV6QxNrXRizOwRRGrLbi88ygIngm_1k8YzCOusXD8w1y8dfTPAEAAA%3d%3d:1:49808)
    at dispatch (https://d1hjvew1n9ss7u.cloudfront.net/assets/shjs.js?t=639255987001545277:0:32701)
    at a (https://d1hjvew1n9ss7u.cloudfront.net/assets/shjs.js?t=639255987001545277:0:28480)
[  733006ms] [LOG] Banner não encontrado: banner-232 @ https://d1hjvew1n9ss7u.cloudfront.net/asset.axd?id=PAEAAB-LCAAAAAAAAAOtj0EPwUAQhf-KzLnsKqu64iBu4oSbOKzt0G2qKztTkQi_3abi6Ob43vfem8wDLIMGxjuLytwM2eCuPOvZ0gRCnrd86k8hgSaGNr5llFE40CdTEyZQXKP_EtuuRREhaA5tJLcIJqM8VSqfZlIO1VilWRYT9puwhStAjyZqIKM4fm1HoPeP333qLi5bYn8RS98wNix2JV6QxNrXRizOwRRGrLbi88ygIngm_1k8YzCOusXD8w1y8dfTPAEAAA%3d%3d:754
[  733032ms] [LOG] %c Widde Video Commerce %c v24604ee %c Build: 21/09/2026 20:39 %c border: 1px solid #2567f8; background: #2567f8; color: #fff; font-weight: bold; padding: 4px 8px; border-radius: 3px 0 0 0; border: 1px solid #2567f8; border-left: none; background: #FFF; color: #2567f8; font-weight: bold; padding: 4px 8px; border: 1px solid #2567f8; border-left: none; background: #f0f0f0; color: #333; font-weight: bold; padding: 4px 8px; border-radius: 0 3px 3px 0; background: transparent @ https://cdn.widde.io/assets/main.utzwjalemu.js:0
[  733207ms] [LOG] %c Tryon Widde.io %c %s %c border: 1px solid #2567f8; background: #2567f8; color: #fff; font-weight: bold; padding: 4px 8px; border-radius: 3px 0 0 3px; border: 1px solid #2567f8; background: #FFF; color: #2567f8; font-weight: bold; padding: 4px 8px; border-radius: 0 3px 3px 0; 47bf7c2 background: transparent @ https://cdn-tryon.widde.io/widde-tryon.js:86
[  733233ms] [LOG] [tryon-tracker] initialized {domain: www.lolacosmetics.com.br} @ https://cdn-tryon.widde.io/widde-tryon.js:8
[  739567ms] [WARNING] Error with Feature-Policy header: Some features are specified in both Feature-Policy and Permissions-Policy header: payment, fullscreen, microphone, camera. Values defined in Permissions-Policy header will be used. @ :0
[  740058ms] [ERROR] Failed to load resource: the server responded with a status of 500 () @ https://fonts.cdnfonts.com/css/leelawade:0
[  740341ms] [ERROR] Failed to load resource: the server responded with a status of 404 () @ https://lolacosmetics.admin.linxcommerce.com.br/Custom/Content/Themes/Lola/Styles/Fonts/FontAwesome/all.css:0
[  740347ms] [LOG] Trustvox rating | PDP: 46196 tipo: 3 @ https://www.lolacosmetics.com.br/purple-oil-50ml-ps-19629-265-p46196:15
[  740347ms] [LOG] Trustvox rating | ID final usado = 46196 @ https://www.lolacosmetics.com.br/purple-oil-50ml-ps-19629-265-p46196:15
[  740350ms] [LOG] Trustvox PDP | product: 46196 | type: 3 | usedId: 46196 @ https://www.lolacosmetics.com.br/purple-oil-50ml-ps-19629-265-p46196:42
[  740390ms] [LOG] Banner não encontrado: banner-232 @ https://d1hjvew1n9ss7u.cloudfront.net/asset.axd?id=PAEAAB-LCAAAAAAAAAOtj0EPwUAQhf-KzLnsKqu64iBu4oSbOKzt0G2qKztTkQi_3abi6Ob43vfem8wDLIMGxjuLytwM2eCuPOvZ0gRCnrd86k8hgSaGNr5llFE40CdTEyZQXKP_EtuuRREhaA5tJLcIJqM8VSqfZlIO1VilWRYT9puwhStAjyZqIKM4fm1HoPeP333qLi5bYn8RS98wNix2JV6QxNrXRizOwRRGrLbi88ygIngm_1k8YzCOusXD8w1y8dfTPAEAAA%3d%3d:754
[  740392ms] [LOG] [Debug Carrinho] Polling ativo @ https://d1hjvew1n9ss7u.cloudfront.net/asset.axd?id=PAEAAB-LCAAAAAAAAAOtj0EPwUAQhf-KzLnsKqu64iBu4oSbOKzt0G2qKztTkQi_3abi6Ob43vfem8wDLIMGxjuLytwM2eCuPOvZ0gRCnrd86k8hgSaGNr5llFE40CdTEyZQXKP_EtuuRREhaA5tJLcIJqM8VSqfZlIO1VilWRYT9puwhStAjyZqIKM4fm1HoPeP333qLi5bYn8RS98wNix2JV6QxNrXRizOwRRGrLbi88ygIngm_1k8YzCOusXD8w1y8dfTPAEAAA%3d%3d:1790
[  740438ms] [LOG] add @ https://d1hjvew1n9ss7u.cloudfront.net/asset.axd?id=PAEAAB-LCAAAAAAAAAOtj0EPwUAQhf-KzLnsKqu64iBu4oSbOKzt0G2qKztTkQi_3abi6Ob43vfem8wDLIMGxjuLytwM2eCuPOvZ0gRCnrd86k8hgSaGNr5llFE40CdTEyZQXKP_EtuuRREhaA5tJLcIJqM8VSqfZlIO1VilWRYT9puwhStAjyZqIKM4fm1HoPeP333qLi5bYn8RS98wNix2JV6QxNrXRizOwRRGrLbi88ygIngm_1k8YzCOusXD8w1y8dfTPAEAAA%3d%3d:1
[  740439ms] [WARNING] !! Há erros de scripts de terceiros !!
Por favor, contate a Empresa responsável pelo script.  @ https://d1hjvew1n9ss7u.cloudfront.net/assets/shjs.js?t=639255987001545277:0
[  740442ms] Uncaught Error: You must pass a string or Handlebars AST to Handlebars.compile. You passed null
    at e.compile (https://d1hjvew1n9ss7u.cloudfront.net/asset.axd?id=PAEAAB-LCAAAAAAAAAOtj0EPwUAQhf-KzLnsKqu64iBu4oSbOKzt0G2qKztTkQi_3abi6Ob43vfem8wDLIMGxjuLytwM2eCuPOvZ0gRCnrd86k8hgSaGNr5llFE40CdTEyZQXKP_EtuuRREhaA5tJLcIJqM8VSqfZlIO1VilWRYT9puwhStAjyZqIKM4fm1HoPeP333qLi5bYn8RS98wNix2JV6QxNrXRizOwRRGrLbi88ygIngm_1k8YzCOusXD8w1y8dfTPAEAAA%3d%3d:1794:49302)
    at i.compile (https://d1hjvew1n9ss7u.cloudfront.net/asset.axd?id=PAEAAB-LCAAAAAAAAAOtj0EPwUAQhf-KzLnsKqu64iBu4oSbOKzt0G2qKztTkQi_3abi6Ob43vfem8wDLIMGxjuLytwM2eCuPOvZ0gRCnrd86k8hgSaGNr5llFE40CdTEyZQXKP_EtuuRREhaA5tJLcIJqM8VSqfZlIO1VilWRYT9puwhStAjyZqIKM4fm1HoPeP333qLi5bYn8RS98wNix2JV6QxNrXRizOwRRGrLbi88ygIngm_1k8YzCOusXD8w1y8dfTPAEAAA%3d%3d:1794:343)
    at renderBasket (https://d1hjvew1n9ss7u.cloudfront.net/asset.axd?id=PAEAAB-LCAAAAAAAAAOtj0EPwUAQhf-KzLnsKqu64iBu4oSbOKzt0G2qKztTkQi_3abi6Ob43vfem8wDLIMGxjuLytwM2eCuPOvZ0gRCnrd86k8hgSaGNr5llFE40CdTEyZQXKP_EtuuRREhaA5tJLcIJqM8VSqfZlIO1VilWRYT9puwhStAjyZqIKM4fm1HoPeP333qLi5bYn8RS98wNix2JV6QxNrXRizOwRRGrLbi88ygIngm_1k8YzCOusXD8w1y8dfTPAEAAA%3d%3d:29:27)
    at <anonymous> (https://d1hjvew1n9ss7u.cloudfront.net/asset.axd?id=PAEAAB-LCAAAAAAAAAOtj0EPwUAQhf-KzLnsKqu64iBu4oSbOKzt0G2qKztTkQi_3abi6Ob43vfem8wDLIMGxjuLytwM2eCuPOvZ0gRCnrd86k8hgSaGNr5llFE40CdTEyZQXKP_EtuuRREhaA5tJLcIJqM8VSqfZlIO1VilWRYT9puwhStAjyZqIKM4fm1HoPeP333qLi5bYn8RS98wNix2JV6QxNrXRizOwRRGrLbi88ygIngm_1k8YzCOusXD8w1y8dfTPAEAAA%3d%3d:220:1)
    at f (https://d1hjvew1n9ss7u.cloudfront.net/assets/shjs.js?t=639255987001545277:0:10382)
    at fireWith (https://d1hjvew1n9ss7u.cloudfront.net/assets/shjs.js?t=639255987001545277:0:11137)
    at ready (https://d1hjvew1n9ss7u.cloudfront.net/assets/shjs.js?t=639255987001545277:0:5238)
    at r (https://d1hjvew1n9ss7u.cloudfront.net/assets/shjs.js?t=639255987001545277:0:9748)
[  740442ms] [VERBOSE] [DOM] Input elements should have autocomplete attributes (suggested: "current-password"): (More info: https://goo.gl/9p2vKq) %o @ https://www.lolacosmetics.com.br/purple-oil-50ml-ps-19629-265-p46196:0
[  740442ms] [VERBOSE] [DOM] Input elements should have autocomplete attributes (suggested: "current-password"): (More info: https://goo.gl/9p2vKq) %o @ https://www.lolacosmetics.com.br/purple-oil-50ml-ps-19629-265-p46196:0
[  740564ms] [ERROR] Failed to load resource: the server responded with a status of 404 () @ https://d1hjvew1n9ss7u.cloudfront.net/Custom/Content:0
[  740564ms] [ERROR] Failed to load resource: net::ERR_NAME_NOT_RESOLVED @ https://event.getblue.io/js/blue-tag.min.js:0
[  740618ms] [ERROR] Failed to load resource: the server responded with a status of 404 () @ https://d1hjvew1n9ss7u.cloudfront.net/Custom/Content/Themes/Lola/Agrada/CSS/ajax-loader.gif:0
[  740624ms] [LOG] AffiseStorage availability: {cookie: true, localStorage: true, sessionStorage: true} @ https://rankmediabrasil.g2afse.com/websdk.js:0
[  740625ms] [LOG] Status RNK Media - ClickId: null UTM: null @ :3
[  740660ms] [WARNING] [Meta Pixel] - Invalid parameter format for currency. Please refer https://developers.facebook.com/docs/meta-pixel/reference/ for valid parameter specifications. @ https://connect.facebook.net/en_US/fbevents.js:203
[  740949ms] Uncaught TypeError: Cannot read properties of undefined (reading 'replace')
    at validaFreteGratis (https://d1hjvew1n9ss7u.cloudfront.net/asset.axd?id=PAEAAB-LCAAAAAAAAAOtj0EPwUAQhf-KzLnsKqu64iBu4oSbOKzt0G2qKztTkQi_3abi6Ob43vfem8wDLIMGxjuLytwM2eCuPOvZ0gRCnrd86k8hgSaGNr5llFE40CdTEyZQXKP_EtuuRREhaA5tJLcIJqM8VSqfZlIO1VilWRYT9puwhStAjyZqIKM4fm1HoPeP333qLi5bYn8RS98wNix2JV6QxNrXRizOwRRGrLbi88ygIngm_1k8YzCOusXD8w1y8dfTPAEAAA%3d%3d:1:7633)
    at <anonymous> (https://d1hjvew1n9ss7u.cloudfront.net/asset.axd?id=PAEAAB-LCAAAAAAAAAOtj0EPwUAQhf-KzLnsKqu64iBu4oSbOKzt0G2qKztTkQi_3abi6Ob43vfem8wDLIMGxjuLytwM2eCuPOvZ0gRCnrd86k8hgSaGNr5llFE40CdTEyZQXKP_EtuuRREhaA5tJLcIJqM8VSqfZlIO1VilWRYT9puwhStAjyZqIKM4fm1HoPeP333qLi5bYn8RS98wNix2JV6QxNrXRizOwRRGrLbi88ygIngm_1k8YzCOusXD8w1y8dfTPAEAAA%3d%3d:1:49808)
    at dispatch (https://d1hjvew1n9ss7u.cloudfront.net/assets/shjs.js?t=639255987001545277:0:32701)
    at a (https://d1hjvew1n9ss7u.cloudfront.net/assets/shjs.js?t=639255987001545277:0:28480)
[  740945ms] [LOG] Banner não encontrado: banner-232 @ https://d1hjvew1n9ss7u.cloudfront.net/asset.axd?id=PAEAAB-LCAAAAAAAAAOtj0EPwUAQhf-KzLnsKqu64iBu4oSbOKzt0G2qKztTkQi_3abi6Ob43vfem8wDLIMGxjuLytwM2eCuPOvZ0gRCnrd86k8hgSaGNr5llFE40CdTEyZQXKP_EtuuRREhaA5tJLcIJqM8VSqfZlIO1VilWRYT9puwhStAjyZqIKM4fm1HoPeP333qLi5bYn8RS98wNix2JV6QxNrXRizOwRRGrLbi88ygIngm_1k8YzCOusXD8w1y8dfTPAEAAA%3d%3d:754
[  740976ms] [LOG] %c Widde Video Commerce %c v24604ee %c Build: 21/09/2026 20:39 %c border: 1px solid #2567f8; background: #2567f8; color: #fff; font-weight: bold; padding: 4px 8px; border-radius: 3px 0 0 0; border: 1px solid #2567f8; border-left: none; background: #FFF; color: #2567f8; font-weight: bold; padding: 4px 8px; border: 1px solid #2567f8; border-left: none; background: #f0f0f0; color: #333; font-weight: bold; padding: 4px 8px; border-radius: 0 3px 3px 0; background: transparent @ https://cdn.widde.io/assets/main.utzwjalemu.js:0
[  741111ms] [LOG] %c Tryon Widde.io %c %s %c border: 1px solid #2567f8; background: #2567f8; color: #fff; font-weight: bold; padding: 4px 8px; border-radius: 3px 0 0 3px; border: 1px solid #2567f8; background: #FFF; color: #2567f8; font-weight: bold; padding: 4px 8px; border-radius: 0 3px 3px 0; 47bf7c2 background: transparent @ https://cdn-tryon.widde.io/widde-tryon.js:86
[  741128ms] [LOG] [tryon-tracker] initialized {domain: www.lolacosmetics.com.br} @ https://cdn-tryon.widde.io/widde-tryon.js:8
[  747390ms] [WARNING] Error with Feature-Policy header: Some features are specified in both Feature-Policy and Permissions-Policy header: payment, fullscreen, microphone, camera. Values defined in Permissions-Policy header will be used. @ :0
[  747676ms] [ERROR] Failed to load resource: the server responded with a status of 500 () @ https://fonts.cdnfonts.com/css/leelawade:0
[  747930ms] [ERROR] Failed to load resource: the server responded with a status of 404 () @ https://lolacosmetics.admin.linxcommerce.com.br/Custom/Content/Themes/Lola/Styles/Fonts/FontAwesome/all.css:0
[  747937ms] [LOG] Trustvox rating | PDP: 46192 tipo: 3 @ https://www.lolacosmetics.com.br/purple-shampoo-250ml-ps-19629-266-p46192:15
[  747937ms] [LOG] Trustvox rating | ID final usado = 46192 @ https://www.lolacosmetics.com.br/purple-shampoo-250ml-ps-19629-266-p46192:15
[  747939ms] [LOG] Trustvox PDP | product: 46192 | type: 3 | usedId: 46192 @ https://www.lolacosmetics.com.br/purple-shampoo-250ml-ps-19629-266-p46192:42
[  747974ms] [LOG] Banner não encontrado: banner-232 @ https://d1hjvew1n9ss7u.cloudfront.net/asset.axd?id=PAEAAB-LCAAAAAAAAAOtj0EPwUAQhf-KzLnsKqu64iBu4oSbOKzt0G2qKztTkQi_3abi6Ob43vfem8wDLIMGxjuLytwM2eCuPOvZ0gRCnrd86k8hgSaGNr5llFE40CdTEyZQXKP_EtuuRREhaA5tJLcIJqM8VSqfZlIO1VilWRYT9puwhStAjyZqIKM4fm1HoPeP333qLi5bYn8RS98wNix2JV6QxNrXRizOwRRGrLbi88ygIngm_1k8YzCOusXD8w1y8dfTPAEAAA%3d%3d:754
[  747976ms] [LOG] [Debug Carrinho] Polling ativo @ https://d1hjvew1n9ss7u.cloudfront.net/asset.axd?id=PAEAAB-LCAAAAAAAAAOtj0EPwUAQhf-KzLnsKqu64iBu4oSbOKzt0G2qKztTkQi_3abi6Ob43vfem8wDLIMGxjuLytwM2eCuPOvZ0gRCnrd86k8hgSaGNr5llFE40CdTEyZQXKP_EtuuRREhaA5tJLcIJqM8VSqfZlIO1VilWRYT9puwhStAjyZqIKM4fm1HoPeP333qLi5bYn8RS98wNix2JV6QxNrXRizOwRRGrLbi88ygIngm_1k8YzCOusXD8w1y8dfTPAEAAA%3d%3d:1790
[  748026ms] [LOG] add @ https://d1hjvew1n9ss7u.cloudfront.net/asset.axd?id=PAEAAB-LCAAAAAAAAAOtj0EPwUAQhf-KzLnsKqu64iBu4oSbOKzt0G2qKztTkQi_3abi6Ob43vfem8wDLIMGxjuLytwM2eCuPOvZ0gRCnrd86k8hgSaGNr5llFE40CdTEyZQXKP_EtuuRREhaA5tJLcIJqM8VSqfZlIO1VilWRYT9puwhStAjyZqIKM4fm1HoPeP333qLi5bYn8RS98wNix2JV6QxNrXRizOwRRGrLbi88ygIngm_1k8YzCOusXD8w1y8dfTPAEAAA%3d%3d:1
[  748027ms] [WARNING] !! Há erros de scripts de terceiros !!
Por favor, contate a Empresa responsável pelo script.  @ https://d1hjvew1n9ss7u.cloudfront.net/assets/shjs.js?t=639255987001545277:0
[  748029ms] Uncaught Error: You must pass a string or Handlebars AST to Handlebars.compile. You passed null
    at e.compile (https://d1hjvew1n9ss7u.cloudfront.net/asset.axd?id=PAEAAB-LCAAAAAAAAAOtj0EPwUAQhf-KzLnsKqu64iBu4oSbOKzt0G2qKztTkQi_3abi6Ob43vfem8wDLIMGxjuLytwM2eCuPOvZ0gRCnrd86k8hgSaGNr5llFE40CdTEyZQXKP_EtuuRREhaA5tJLcIJqM8VSqfZlIO1VilWRYT9puwhStAjyZqIKM4fm1HoPeP333qLi5bYn8RS98wNix2JV6QxNrXRizOwRRGrLbi88ygIngm_1k8YzCOusXD8w1y8dfTPAEAAA%3d%3d:1794:49302)
    at i.compile (https://d1hjvew1n9ss7u.cloudfront.net/asset.axd?id=PAEAAB-LCAAAAAAAAAOtj0EPwUAQhf-KzLnsKqu64iBu4oSbOKzt0G2qKztTkQi_3abi6Ob43vfem8wDLIMGxjuLytwM2eCuPOvZ0gRCnrd86k8hgSaGNr5llFE40CdTEyZQXKP_EtuuRREhaA5tJLcIJqM8VSqfZlIO1VilWRYT9puwhStAjyZqIKM4fm1HoPeP333qLi5bYn8RS98wNix2JV6QxNrXRizOwRRGrLbi88ygIngm_1k8YzCOusXD8w1y8dfTPAEAAA%3d%3d:1794:343)
    at renderBasket (https://d1hjvew1n9ss7u.cloudfront.net/asset.axd?id=PAEAAB-LCAAAAAAAAAOtj0EPwUAQhf-KzLnsKqu64iBu4oSbOKzt0G2qKztTkQi_3abi6Ob43vfem8wDLIMGxjuLytwM2eCuPOvZ0gRCnrd86k8hgSaGNr5llFE40CdTEyZQXKP_EtuuRREhaA5tJLcIJqM8VSqfZlIO1VilWRYT9puwhStAjyZqIKM4fm1HoPeP333qLi5bYn8RS98wNix2JV6QxNrXRizOwRRGrLbi88ygIngm_1k8YzCOusXD8w1y8dfTPAEAAA%3d%3d:29:27)
    at <anonymous> (https://d1hjvew1n9ss7u.cloudfront.net/asset.axd?id=PAEAAB-LCAAAAAAAAAOtj0EPwUAQhf-KzLnsKqu64iBu4oSbOKzt0G2qKztTkQi_3abi6Ob43vfem8wDLIMGxjuLytwM2eCuPOvZ0gRCnrd86k8hgSaGNr5llFE40CdTEyZQXKP_EtuuRREhaA5tJLcIJqM8VSqfZlIO1VilWRYT9puwhStAjyZqIKM4fm1HoPeP333qLi5bYn8RS98wNix2JV6QxNrXRizOwRRGrLbi88ygIngm_1k8YzCOusXD8w1y8dfTPAEAAA%3d%3d:220:1)
    at f (https://d1hjvew1n9ss7u.cloudfront.net/assets/shjs.js?t=639255987001545277:0:10382)
    at fireWith (https://d1hjvew1n9ss7u.cloudfront.net/assets/shjs.js?t=639255987001545277:0:11137)
    at ready (https://d1hjvew1n9ss7u.cloudfront.net/assets/shjs.js?t=639255987001545277:0:5238)
    at r (https://d1hjvew1n9ss7u.cloudfront.net/assets/shjs.js?t=639255987001545277:0:9748)
[  748031ms] [VERBOSE] [DOM] Input elements should have autocomplete attributes (suggested: "current-password"): (More info: https://goo.gl/9p2vKq) %o @ https://www.lolacosmetics.com.br/purple-shampoo-250ml-ps-19629-266-p46192:0
[  748031ms] [VERBOSE] [DOM] Input elements should have autocomplete attributes (suggested: "current-password"): (More info: https://goo.gl/9p2vKq) %o @ https://www.lolacosmetics.com.br/purple-shampoo-250ml-ps-19629-266-p46192:0
[  748113ms] [ERROR] Failed to load resource: net::ERR_NAME_NOT_RESOLVED @ https://event.getblue.io/js/blue-tag.min.js:0
[  748154ms] [ERROR] Failed to load resource: the server responded with a status of 404 () @ https://d1hjvew1n9ss7u.cloudfront.net/Custom/Content:0
[  748203ms] [ERROR] Failed to load resource: the server responded with a status of 404 () @ https://d1hjvew1n9ss7u.cloudfront.net/Custom/Content/Themes/Lola/Agrada/CSS/ajax-loader.gif:0
[  748210ms] [LOG] AffiseStorage availability: {cookie: true, localStorage: true, sessionStorage: true} @ https://rankmediabrasil.g2afse.com/websdk.js:0
[  748211ms] [LOG] Status RNK Media - ClickId: null UTM: null @ :3
[  748252ms] [WARNING] [Meta Pixel] - Invalid parameter format for currency. Please refer https://developers.facebook.com/docs/meta-pixel/reference/ for valid parameter specifications. @ https://connect.facebook.net/en_US/fbevents.js:203
[  748589ms] Uncaught TypeError: Cannot read properties of undefined (reading 'replace')
    at validaFreteGratis (https://d1hjvew1n9ss7u.cloudfront.net/asset.axd?id=PAEAAB-LCAAAAAAAAAOtj0EPwUAQhf-KzLnsKqu64iBu4oSbOKzt0G2qKztTkQi_3abi6Ob43vfem8wDLIMGxjuLytwM2eCuPOvZ0gRCnrd86k8hgSaGNr5llFE40CdTEyZQXKP_EtuuRREhaA5tJLcIJqM8VSqfZlIO1VilWRYT9puwhStAjyZqIKM4fm1HoPeP333qLi5bYn8RS98wNix2JV6QxNrXRizOwRRGrLbi88ygIngm_1k8YzCOusXD8w1y8dfTPAEAAA%3d%3d:1:7633)
    at <anonymous> (https://d1hjvew1n9ss7u.cloudfront.net/asset.axd?id=PAEAAB-LCAAAAAAAAAOtj0EPwUAQhf-KzLnsKqu64iBu4oSbOKzt0G2qKztTkQi_3abi6Ob43vfem8wDLIMGxjuLytwM2eCuPOvZ0gRCnrd86k8hgSaGNr5llFE40CdTEyZQXKP_EtuuRREhaA5tJLcIJqM8VSqfZlIO1VilWRYT9puwhStAjyZqIKM4fm1HoPeP333qLi5bYn8RS98wNix2JV6QxNrXRizOwRRGrLbi88ygIngm_1k8YzCOusXD8w1y8dfTPAEAAA%3d%3d:1:49808)
    at dispatch (https://d1hjvew1n9ss7u.cloudfront.net/assets/shjs.js?t=639255987001545277:0:32701)
    at a (https://d1hjvew1n9ss7u.cloudfront.net/assets/shjs.js?t=639255987001545277:0:28480)
[  748587ms] [LOG] Banner não encontrado: banner-232 @ https://d1hjvew1n9ss7u.cloudfront.net/asset.axd?id=PAEAAB-LCAAAAAAAAAOtj0EPwUAQhf-KzLnsKqu64iBu4oSbOKzt0G2qKztTkQi_3abi6Ob43vfem8wDLIMGxjuLytwM2eCuPOvZ0gRCnrd86k8hgSaGNr5llFE40CdTEyZQXKP_EtuuRREhaA5tJLcIJqM8VSqfZlIO1VilWRYT9puwhStAjyZqIKM4fm1HoPeP333qLi5bYn8RS98wNix2JV6QxNrXRizOwRRGrLbi88ygIngm_1k8YzCOusXD8w1y8dfTPAEAAA%3d%3d:754
[  748627ms] [LOG] %c Widde Video Commerce %c v24604ee %c Build: 21/09/2026 20:39 %c border: 1px solid #2567f8; background: #2567f8; color: #fff; font-weight: bold; padding: 4px 8px; border-radius: 3px 0 0 0; border: 1px solid #2567f8; border-left: none; background: #FFF; color: #2567f8; font-weight: bold; padding: 4px 8px; border: 1px solid #2567f8; border-left: none; background: #f0f0f0; color: #333; font-weight: bold; padding: 4px 8px; border-radius: 0 3px 3px 0; background: transparent @ https://cdn.widde.io/assets/main.utzwjalemu.js:0
[  748895ms] [LOG] %c Tryon Widde.io %c %s %c border: 1px solid #2567f8; background: #2567f8; color: #fff; font-weight: bold; padding: 4px 8px; border-radius: 3px 0 0 3px; border: 1px solid #2567f8; background: #FFF; color: #2567f8; font-weight: bold; padding: 4px 8px; border-radius: 0 3px 3px 0; 47bf7c2 background: transparent @ https://cdn-tryon.widde.io/widde-tryon.js:86
[  748923ms] [LOG] [tryon-tracker] initialized {domain: www.lolacosmetics.com.br} @ https://cdn-tryon.widde.io/widde-tryon.js:8
[  755073ms] [WARNING] Error with Feature-Policy header: Some features are specified in both Feature-Policy and Permissions-Policy header: payment, fullscreen, microphone, camera. Values defined in Permissions-Policy header will be used. @ :0
[  755351ms] [ERROR] Failed to load resource: the server responded with a status of 500 () @ https://fonts.cdnfonts.com/css/leelawade:0
[  755609ms] [ERROR] Failed to load resource: the server responded with a status of 404 () @ https://lolacosmetics.admin.linxcommerce.com.br/Custom/Content/Themes/Lola/Styles/Fonts/FontAwesome/all.css:0
[  755619ms] [LOG] Trustvox rating | PDP: 46271 tipo: 3 @ https://www.lolacosmetics.com.br/sacola-rafia-lola-chica-capeto-ps-19629-279-p46271:1
[  755619ms] [LOG] Trustvox rating | ID final usado = 46271 @ https://www.lolacosmetics.com.br/sacola-rafia-lola-chica-capeto-ps-19629-279-p46271:1
[  755621ms] [LOG] Trustvox PDP | product: 46271 | type: 3 | usedId: 46271 @ https://www.lolacosmetics.com.br/sacola-rafia-lola-chica-capeto-ps-19629-279-p46271:1
[  755692ms] [LOG] Banner não encontrado: banner-232 @ https://d1hjvew1n9ss7u.cloudfront.net/asset.axd?id=PAEAAB-LCAAAAAAAAAOtj0EPwUAQhf-KzLnsKqu64iBu4oSbOKzt0G2qKztTkQi_3abi6Ob43vfem8wDLIMGxjuLytwM2eCuPOvZ0gRCnrd86k8hgSaGNr5llFE40CdTEyZQXKP_EtuuRREhaA5tJLcIJqM8VSqfZlIO1VilWRYT9puwhStAjyZqIKM4fm1HoPeP333qLi5bYn8RS98wNix2JV6QxNrXRizOwRRGrLbi88ygIngm_1k8YzCOusXD8w1y8dfTPAEAAA%3d%3d:754
[  755695ms] [LOG] [Debug Carrinho] Polling ativo @ https://d1hjvew1n9ss7u.cloudfront.net/asset.axd?id=PAEAAB-LCAAAAAAAAAOtj0EPwUAQhf-KzLnsKqu64iBu4oSbOKzt0G2qKztTkQi_3abi6Ob43vfem8wDLIMGxjuLytwM2eCuPOvZ0gRCnrd86k8hgSaGNr5llFE40CdTEyZQXKP_EtuuRREhaA5tJLcIJqM8VSqfZlIO1VilWRYT9puwhStAjyZqIKM4fm1HoPeP333qLi5bYn8RS98wNix2JV6QxNrXRizOwRRGrLbi88ygIngm_1k8YzCOusXD8w1y8dfTPAEAAA%3d%3d:1790
[  755743ms] [LOG] add @ https://d1hjvew1n9ss7u.cloudfront.net/asset.axd?id=PAEAAB-LCAAAAAAAAAOtj0EPwUAQhf-KzLnsKqu64iBu4oSbOKzt0G2qKztTkQi_3abi6Ob43vfem8wDLIMGxjuLytwM2eCuPOvZ0gRCnrd86k8hgSaGNr5llFE40CdTEyZQXKP_EtuuRREhaA5tJLcIJqM8VSqfZlIO1VilWRYT9puwhStAjyZqIKM4fm1HoPeP333qLi5bYn8RS98wNix2JV6QxNrXRizOwRRGrLbi88ygIngm_1k8YzCOusXD8w1y8dfTPAEAAA%3d%3d:1
[  755744ms] [WARNING] !! Há erros de scripts de terceiros !!
Por favor, contate a Empresa responsável pelo script.  @ https://d1hjvew1n9ss7u.cloudfront.net/assets/shjs.js?t=639255987001545277:0
[  755744ms] Uncaught Error: You must pass a string or Handlebars AST to Handlebars.compile. You passed null
    at e.compile (https://d1hjvew1n9ss7u.cloudfront.net/asset.axd?id=PAEAAB-LCAAAAAAAAAOtj0EPwUAQhf-KzLnsKqu64iBu4oSbOKzt0G2qKztTkQi_3abi6Ob43vfem8wDLIMGxjuLytwM2eCuPOvZ0gRCnrd86k8hgSaGNr5llFE40CdTEyZQXKP_EtuuRREhaA5tJLcIJqM8VSqfZlIO1VilWRYT9puwhStAjyZqIKM4fm1HoPeP333qLi5bYn8RS98wNix2JV6QxNrXRizOwRRGrLbi88ygIngm_1k8YzCOusXD8w1y8dfTPAEAAA%3d%3d:1794:49302)
    at i.compile (https://d1hjvew1n9ss7u.cloudfront.net/asset.axd?id=PAEAAB-LCAAAAAAAAAOtj0EPwUAQhf-KzLnsKqu64iBu4oSbOKzt0G2qKztTkQi_3abi6Ob43vfem8wDLIMGxjuLytwM2eCuPOvZ0gRCnrd86k8hgSaGNr5llFE40CdTEyZQXKP_EtuuRREhaA5tJLcIJqM8VSqfZlIO1VilWRYT9puwhStAjyZqIKM4fm1HoPeP333qLi5bYn8RS98wNix2JV6QxNrXRizOwRRGrLbi88ygIngm_1k8YzCOusXD8w1y8dfTPAEAAA%3d%3d:1794:343)
    at renderBasket (https://d1hjvew1n9ss7u.cloudfront.net/asset.axd?id=PAEAAB-LCAAAAAAAAAOtj0EPwUAQhf-KzLnsKqu64iBu4oSbOKzt0G2qKztTkQi_3abi6Ob43vfem8wDLIMGxjuLytwM2eCuPOvZ0gRCnrd86k8hgSaGNr5llFE40CdTEyZQXKP_EtuuRREhaA5tJLcIJqM8VSqfZlIO1VilWRYT9puwhStAjyZqIKM4fm1HoPeP333qLi5bYn8RS98wNix2JV6QxNrXRizOwRRGrLbi88ygIngm_1k8YzCOusXD8w1y8dfTPAEAAA%3d%3d:29:27)
    at <anonymous> (https://d1hjvew1n9ss7u.cloudfront.net/asset.axd?id=PAEAAB-LCAAAAAAAAAOtj0EPwUAQhf-KzLnsKqu64iBu4oSbOKzt0G2qKztTkQi_3abi6Ob43vfem8wDLIMGxjuLytwM2eCuPOvZ0gRCnrd86k8hgSaGNr5llFE40CdTEyZQXKP_EtuuRREhaA5tJLcIJqM8VSqfZlIO1VilWRYT9puwhStAjyZqIKM4fm1HoPeP333qLi5bYn8RS98wNix2JV6QxNrXRizOwRRGrLbi88ygIngm_1k8YzCOusXD8w1y8dfTPAEAAA%3d%3d:220:1)
    at f (https://d1hjvew1n9ss7u.cloudfront.net/assets/shjs.js?t=639255987001545277:0:10382)
    at fireWith (https://d1hjvew1n9ss7u.cloudfront.net/assets/shjs.js?t=639255987001545277:0:11137)
    at ready (https://d1hjvew1n9ss7u.cloudfront.net/assets/shjs.js?t=639255987001545277:0:5238)
    at r (https://d1hjvew1n9ss7u.cloudfront.net/assets/shjs.js?t=639255987001545277:0:9748)
[  755746ms] [VERBOSE] [DOM] Input elements should have autocomplete attributes (suggested: "current-password"): (More info: https://goo.gl/9p2vKq) %o @ https://www.lolacosmetics.com.br/sacola-rafia-lola-chica-capeto-ps-19629-279-p46271:0
[  755746ms] [VERBOSE] [DOM] Input elements should have autocomplete attributes (suggested: "current-password"): (More info: https://goo.gl/9p2vKq) %o @ https://www.lolacosmetics.com.br/sacola-rafia-lola-chica-capeto-ps-19629-279-p46271:0
[  755845ms] [ERROR] Failed to load resource: net::ERR_NAME_NOT_RESOLVED @ https://event.getblue.io/js/blue-tag.min.js:0
[  755909ms] [LOG] AffiseStorage availability: {cookie: true, localStorage: true, sessionStorage: true} @ https://rankmediabrasil.g2afse.com/websdk.js:0
[  755911ms] [LOG] Status RNK Media - ClickId: null UTM: null @ :3
[  755941ms] [WARNING] [Meta Pixel] - Invalid parameter format for currency. Please refer https://developers.facebook.com/docs/meta-pixel/reference/ for valid parameter specifications. @ https://connect.facebook.net/en_US/fbevents.js:203
[  755962ms] [ERROR] Failed to load resource: the server responded with a status of 404 () @ https://d1hjvew1n9ss7u.cloudfront.net/Custom/Content/Themes/Lola/Agrada/CSS/ajax-loader.gif:0
[  756297ms] Uncaught TypeError: Cannot read properties of undefined (reading 'replace')
    at validaFreteGratis (https://d1hjvew1n9ss7u.cloudfront.net/asset.axd?id=PAEAAB-LCAAAAAAAAAOtj0EPwUAQhf-KzLnsKqu64iBu4oSbOKzt0G2qKztTkQi_3abi6Ob43vfem8wDLIMGxjuLytwM2eCuPOvZ0gRCnrd86k8hgSaGNr5llFE40CdTEyZQXKP_EtuuRREhaA5tJLcIJqM8VSqfZlIO1VilWRYT9puwhStAjyZqIKM4fm1HoPeP333qLi5bYn8RS98wNix2JV6QxNrXRizOwRRGrLbi88ygIngm_1k8YzCOusXD8w1y8dfTPAEAAA%3d%3d:1:7633)
    at <anonymous> (https://d1hjvew1n9ss7u.cloudfront.net/asset.axd?id=PAEAAB-LCAAAAAAAAAOtj0EPwUAQhf-KzLnsKqu64iBu4oSbOKzt0G2qKztTkQi_3abi6Ob43vfem8wDLIMGxjuLytwM2eCuPOvZ0gRCnrd86k8hgSaGNr5llFE40CdTEyZQXKP_EtuuRREhaA5tJLcIJqM8VSqfZlIO1VilWRYT9puwhStAjyZqIKM4fm1HoPeP333qLi5bYn8RS98wNix2JV6QxNrXRizOwRRGrLbi88ygIngm_1k8YzCOusXD8w1y8dfTPAEAAA%3d%3d:1:49808)
    at dispatch (https://d1hjvew1n9ss7u.cloudfront.net/assets/shjs.js?t=639255987001545277:0:32701)
    at a (https://d1hjvew1n9ss7u.cloudfront.net/assets/shjs.js?t=639255987001545277:0:28480)
[  756295ms] [LOG] Banner não encontrado: banner-232 @ https://d1hjvew1n9ss7u.cloudfront.net/asset.axd?id=PAEAAB-LCAAAAAAAAAOtj0EPwUAQhf-KzLnsKqu64iBu4oSbOKzt0G2qKztTkQi_3abi6Ob43vfem8wDLIMGxjuLytwM2eCuPOvZ0gRCnrd86k8hgSaGNr5llFE40CdTEyZQXKP_EtuuRREhaA5tJLcIJqM8VSqfZlIO1VilWRYT9puwhStAjyZqIKM4fm1HoPeP333qLi5bYn8RS98wNix2JV6QxNrXRizOwRRGrLbi88ygIngm_1k8YzCOusXD8w1y8dfTPAEAAA%3d%3d:754
[  756317ms] [LOG] %c Widde Video Commerce %c v24604ee %c Build: 21/09/2026 20:39 %c border: 1px solid #2567f8; background: #2567f8; color: #fff; font-weight: bold; padding: 4px 8px; border-radius: 3px 0 0 0; border: 1px solid #2567f8; border-left: none; background: #FFF; color: #2567f8; font-weight: bold; padding: 4px 8px; border: 1px solid #2567f8; border-left: none; background: #f0f0f0; color: #333; font-weight: bold; padding: 4px 8px; border-radius: 0 3px 3px 0; background: transparent @ https://cdn.widde.io/assets/main.utzwjalemu.js:0
[  756477ms] [LOG] %c Tryon Widde.io %c %s %c border: 1px solid #2567f8; background: #2567f8; color: #fff; font-weight: bold; padding: 4px 8px; border-radius: 3px 0 0 3px; border: 1px solid #2567f8; background: #FFF; color: #2567f8; font-weight: bold; padding: 4px 8px; border-radius: 0 3px 3px 0; 47bf7c2 background: transparent @ https://cdn-tryon.widde.io/widde-tryon.js:86
[  756505ms] [LOG] [tryon-tracker] initialized {domain: www.lolacosmetics.com.br} @ https://cdn-tryon.widde.io/widde-tryon.js:8
[  763739ms] [WARNING] Error with Feature-Policy header: Some features are specified in both Feature-Policy and Permissions-Policy header: payment, fullscreen, microphone, camera. Values defined in Permissions-Policy header will be used. @ :0
[  764277ms] [ERROR] Failed to load resource: the server responded with a status of 500 () @ https://fonts.cdnfonts.com/css/leelawade:0
[  764700ms] [ERROR] Failed to load resource: the server responded with a status of 404 () @ https://lolacosmetics.admin.linxcommerce.com.br/Custom/Content/Themes/Lola/Styles/Fonts/FontAwesome/all.css:0
[  764706ms] [LOG] Trustvox rating | PDP: 45410 tipo: 3 @ https://www.lolacosmetics.com.br/sol-carioca-mousse-200ml-ps-19629-40-p45410:1
[  764707ms] [LOG] Trustvox rating | ID final usado = 45410 @ https://www.lolacosmetics.com.br/sol-carioca-mousse-200ml-ps-19629-40-p45410:1
[  764735ms] [LOG] Trustvox PDP | product: 45410 | type: 3 | childId: 46399 | usedId: 45410 @ https://www.lolacosmetics.com.br/sol-carioca-mousse-200ml-ps-19629-40-p45410:1
[  764861ms] [LOG] Banner não encontrado: banner-232 @ https://d1hjvew1n9ss7u.cloudfront.net/asset.axd?id=PAEAAB-LCAAAAAAAAAOtj0EPwUAQhf-KzLnsKqu64iBu4oSbOKzt0G2qKztTkQi_3abi6Ob43vfem8wDLIMGxjuLytwM2eCuPOvZ0gRCnrd86k8hgSaGNr5llFE40CdTEyZQXKP_EtuuRREhaA5tJLcIJqM8VSqfZlIO1VilWRYT9puwhStAjyZqIKM4fm1HoPeP333qLi5bYn8RS98wNix2JV6QxNrXRizOwRRGrLbi88ygIngm_1k8YzCOusXD8w1y8dfTPAEAAA%3d%3d:754
[  764862ms] [LOG] [Debug Carrinho] Polling ativo @ https://d1hjvew1n9ss7u.cloudfront.net/asset.axd?id=PAEAAB-LCAAAAAAAAAOtj0EPwUAQhf-KzLnsKqu64iBu4oSbOKzt0G2qKztTkQi_3abi6Ob43vfem8wDLIMGxjuLytwM2eCuPOvZ0gRCnrd86k8hgSaGNr5llFE40CdTEyZQXKP_EtuuRREhaA5tJLcIJqM8VSqfZlIO1VilWRYT9puwhStAjyZqIKM4fm1HoPeP333qLi5bYn8RS98wNix2JV6QxNrXRizOwRRGrLbi88ygIngm_1k8YzCOusXD8w1y8dfTPAEAAA%3d%3d:1790
[  764957ms] [LOG] add @ https://d1hjvew1n9ss7u.cloudfront.net/asset.axd?id=PAEAAB-LCAAAAAAAAAOtj0EPwUAQhf-KzLnsKqu64iBu4oSbOKzt0G2qKztTkQi_3abi6Ob43vfem8wDLIMGxjuLytwM2eCuPOvZ0gRCnrd86k8hgSaGNr5llFE40CdTEyZQXKP_EtuuRREhaA5tJLcIJqM8VSqfZlIO1VilWRYT9puwhStAjyZqIKM4fm1HoPeP333qLi5bYn8RS98wNix2JV6QxNrXRizOwRRGrLbi88ygIngm_1k8YzCOusXD8w1y8dfTPAEAAA%3d%3d:1
[  764958ms] [WARNING] !! Há erros de scripts de terceiros !!
Por favor, contate a Empresa responsável pelo script.  @ https://d1hjvew1n9ss7u.cloudfront.net/assets/shjs.js?t=639255987001545277:0
[  764959ms] Uncaught Error: You must pass a string or Handlebars AST to Handlebars.compile. You passed null
    at e.compile (https://d1hjvew1n9ss7u.cloudfront.net/asset.axd?id=PAEAAB-LCAAAAAAAAAOtj0EPwUAQhf-KzLnsKqu64iBu4oSbOKzt0G2qKztTkQi_3abi6Ob43vfem8wDLIMGxjuLytwM2eCuPOvZ0gRCnrd86k8hgSaGNr5llFE40CdTEyZQXKP_EtuuRREhaA5tJLcIJqM8VSqfZlIO1VilWRYT9puwhStAjyZqIKM4fm1HoPeP333qLi5bYn8RS98wNix2JV6QxNrXRizOwRRGrLbi88ygIngm_1k8YzCOusXD8w1y8dfTPAEAAA%3d%3d:1794:49302)
    at i.compile (https://d1hjvew1n9ss7u.cloudfront.net/asset.axd?id=PAEAAB-LCAAAAAAAAAOtj0EPwUAQhf-KzLnsKqu64iBu4oSbOKzt0G2qKztTkQi_3abi6Ob43vfem8wDLIMGxjuLytwM2eCuPOvZ0gRCnrd86k8hgSaGNr5llFE40CdTEyZQXKP_EtuuRREhaA5tJLcIJqM8VSqfZlIO1VilWRYT9puwhStAjyZqIKM4fm1HoPeP333qLi5bYn8RS98wNix2JV6QxNrXRizOwRRGrLbi88ygIngm_1k8YzCOusXD8w1y8dfTPAEAAA%3d%3d:1794:343)
    at renderBasket (https://d1hjvew1n9ss7u.cloudfront.net/asset.axd?id=PAEAAB-LCAAAAAAAAAOtj0EPwUAQhf-KzLnsKqu64iBu4oSbOKzt0G2qKztTkQi_3abi6Ob43vfem8wDLIMGxjuLytwM2eCuPOvZ0gRCnrd86k8hgSaGNr5llFE40CdTEyZQXKP_EtuuRREhaA5tJLcIJqM8VSqfZlIO1VilWRYT9puwhStAjyZqIKM4fm1HoPeP333qLi5bYn8RS98wNix2JV6QxNrXRizOwRRGrLbi88ygIngm_1k8YzCOusXD8w1y8dfTPAEAAA%3d%3d:29:27)
    at <anonymous> (https://d1hjvew1n9ss7u.cloudfront.net/asset.axd?id=PAEAAB-LCAAAAAAAAAOtj0EPwUAQhf-KzLnsKqu64iBu4oSbOKzt0G2qKztTkQi_3abi6Ob43vfem8wDLIMGxjuLytwM2eCuPOvZ0gRCnrd86k8hgSaGNr5llFE40CdTEyZQXKP_EtuuRREhaA5tJLcIJqM8VSqfZlIO1VilWRYT9puwhStAjyZqIKM4fm1HoPeP333qLi5bYn8RS98wNix2JV6QxNrXRizOwRRGrLbi88ygIngm_1k8YzCOusXD8w1y8dfTPAEAAA%3d%3d:220:1)
    at f (https://d1hjvew1n9ss7u.cloudfront.net/assets/shjs.js?t=639255987001545277:0:10382)
    at fireWith (https://d1hjvew1n9ss7u.cloudfront.net/assets/shjs.js?t=639255987001545277:0:11137)
    at ready (https://d1hjvew1n9ss7u.cloudfront.net/assets/shjs.js?t=639255987001545277:0:5238)
    at r (https://d1hjvew1n9ss7u.cloudfront.net/assets/shjs.js?t=639255987001545277:0:9748)
[  764965ms] [VERBOSE] [DOM] Input elements should have autocomplete attributes (suggested: "current-password"): (More info: https://goo.gl/9p2vKq) %o @ https://www.lolacosmetics.com.br/sol-carioca-mousse-200ml-ps-19629-40-p45410:0
[  764965ms] [VERBOSE] [DOM] Input elements should have autocomplete attributes (suggested: "current-password"): (More info: https://goo.gl/9p2vKq) %o @ https://www.lolacosmetics.com.br/sol-carioca-mousse-200ml-ps-19629-40-p45410:0
[  764986ms] [LOG] AffiseStorage availability: {cookie: true, localStorage: true, sessionStorage: true} @ https://rankmediabrasil.g2afse.com/websdk.js:0
[  764987ms] [LOG] Status RNK Media - ClickId: null UTM: null @ :3
[  765037ms] [ERROR] Failed to load resource: net::ERR_NAME_NOT_RESOLVED @ https://event.getblue.io/js/blue-tag.min.js:0
[  765075ms] [WARNING] [Meta Pixel] - Invalid parameter format for currency. Please refer https://developers.facebook.com/docs/meta-pixel/reference/ for valid parameter specifications. @ https://connect.facebook.net/en_US/fbevents.js:203
[  765147ms] [ERROR] Failed to load resource: the server responded with a status of 404 () @ https://d1hjvew1n9ss7u.cloudfront.net/Custom/Content/Themes/Lola/Agrada/CSS/ajax-loader.gif:0
[  765476ms] Uncaught TypeError: Cannot read properties of undefined (reading 'replace')
    at validaFreteGratis (https://d1hjvew1n9ss7u.cloudfront.net/asset.axd?id=PAEAAB-LCAAAAAAAAAOtj0EPwUAQhf-KzLnsKqu64iBu4oSbOKzt0G2qKztTkQi_3abi6Ob43vfem8wDLIMGxjuLytwM2eCuPOvZ0gRCnrd86k8hgSaGNr5llFE40CdTEyZQXKP_EtuuRREhaA5tJLcIJqM8VSqfZlIO1VilWRYT9puwhStAjyZqIKM4fm1HoPeP333qLi5bYn8RS98wNix2JV6QxNrXRizOwRRGrLbi88ygIngm_1k8YzCOusXD8w1y8dfTPAEAAA%3d%3d:1:7633)
    at <anonymous> (https://d1hjvew1n9ss7u.cloudfront.net/asset.axd?id=PAEAAB-LCAAAAAAAAAOtj0EPwUAQhf-KzLnsKqu64iBu4oSbOKzt0G2qKztTkQi_3abi6Ob43vfem8wDLIMGxjuLytwM2eCuPOvZ0gRCnrd86k8hgSaGNr5llFE40CdTEyZQXKP_EtuuRREhaA5tJLcIJqM8VSqfZlIO1VilWRYT9puwhStAjyZqIKM4fm1HoPeP333qLi5bYn8RS98wNix2JV6QxNrXRizOwRRGrLbi88ygIngm_1k8YzCOusXD8w1y8dfTPAEAAA%3d%3d:1:49808)
    at dispatch (https://d1hjvew1n9ss7u.cloudfront.net/assets/shjs.js?t=639255987001545277:0:32701)
    at a (https://d1hjvew1n9ss7u.cloudfront.net/assets/shjs.js?t=639255987001545277:0:28480)
[  765472ms] [LOG] Banner não encontrado: banner-232 @ https://d1hjvew1n9ss7u.cloudfront.net/asset.axd?id=PAEAAB-LCAAAAAAAAAOtj0EPwUAQhf-KzLnsKqu64iBu4oSbOKzt0G2qKztTkQi_3abi6Ob43vfem8wDLIMGxjuLytwM2eCuPOvZ0gRCnrd86k8hgSaGNr5llFE40CdTEyZQXKP_EtuuRREhaA5tJLcIJqM8VSqfZlIO1VilWRYT9puwhStAjyZqIKM4fm1HoPeP333qLi5bYn8RS98wNix2JV6QxNrXRizOwRRGrLbi88ygIngm_1k8YzCOusXD8w1y8dfTPAEAAA%3d%3d:754
[  765512ms] [LOG] %c Widde Video Commerce %c v24604ee %c Build: 21/09/2026 20:39 %c border: 1px solid #2567f8; background: #2567f8; color: #fff; font-weight: bold; padding: 4px 8px; border-radius: 3px 0 0 0; border: 1px solid #2567f8; border-left: none; background: #FFF; color: #2567f8; font-weight: bold; padding: 4px 8px; border: 1px solid #2567f8; border-left: none; background: #f0f0f0; color: #333; font-weight: bold; padding: 4px 8px; border-radius: 0 3px 3px 0; background: transparent @ https://cdn.widde.io/assets/main.utzwjalemu.js:0
[  765724ms] Uncaught (in promise) TypeError: Cannot read properties of null (reading 'store_id')
    at loadAnswersSummaries (https://static.trustvox.com.br/sincero/sincero.js:0:378910)
    at <anonymous> (https://static.trustvox.com.br/sincero/sincero.js:0:104392)
    at r.dispatch (https://static.trustvox.com.br/sincero/sincero.js:0:106041)
    at dispatch (https://static.trustvox.com.br/sincero/sincero.js:0:102087)
    at <anonymous> (https://static.trustvox.com.br/sincero/sincero.js:0:365471)
[  765746ms] Uncaught (in promise) TypeError: Cannot read properties of null (reading 'store_id')
    at loadProfiles (https://static.trustvox.com.br/sincero/sincero.js:0:376806)
    at <anonymous> (https://static.trustvox.com.br/sincero/sincero.js:0:104392)
    at r.dispatch (https://static.trustvox.com.br/sincero/sincero.js:0:106041)
    at dispatch (https://static.trustvox.com.br/sincero/sincero.js:0:102087)
    at t.context.a.dispatch (https://static.trustvox.com.br/sincero/sincero.js:0:103635)
    at <anonymous> (https://static.trustvox.com.br/sincero/sincero.js:0:376597)
[  765898ms] [LOG] %c Tryon Widde.io %c %s %c border: 1px solid #2567f8; background: #2567f8; color: #fff; font-weight: bold; padding: 4px 8px; border-radius: 3px 0 0 3px; border: 1px solid #2567f8; background: #FFF; color: #2567f8; font-weight: bold; padding: 4px 8px; border-radius: 0 3px 3px 0; 47bf7c2 background: transparent @ https://cdn-tryon.widde.io/widde-tryon.js:86
[  765943ms] [LOG] [tryon-tracker] initialized {domain: www.lolacosmetics.com.br} @ https://cdn-tryon.widde.io/widde-tryon.js:8
[  772156ms] [WARNING] Error with Feature-Policy header: Some features are specified in both Feature-Policy and Permissions-Policy header: payment, fullscreen, microphone, camera. Values defined in Permissions-Policy header will be used. @ :0
[  772705ms] [ERROR] Failed to load resource: the server responded with a status of 500 () @ https://fonts.cdnfonts.com/css/leelawade:0
[  773126ms] [ERROR] Failed to load resource: the server responded with a status of 404 () @ https://lolacosmetics.admin.linxcommerce.com.br/Custom/Content/Themes/Lola/Styles/Fonts/FontAwesome/all.css:0
[  773135ms] [LOG] Trustvox rating | PDP: 46341 tipo: 3 @ https://www.lolacosmetics.com.br/tannic-acid-leave-in-protetor-100ml-ps-19629-301-p46341:75
[  773135ms] [LOG] Trustvox rating | ID final usado = 46341 @ https://www.lolacosmetics.com.br/tannic-acid-leave-in-protetor-100ml-ps-19629-301-p46341:75
[  773164ms] [LOG] Trustvox PDP | product: 46341 | type: 3 | usedId: 46341 @ https://www.lolacosmetics.com.br/tannic-acid-leave-in-protetor-100ml-ps-19629-301-p46341:285
[  773227ms] [LOG] Banner não encontrado: banner-232 @ https://d1hjvew1n9ss7u.cloudfront.net/asset.axd?id=PAEAAB-LCAAAAAAAAAOtj0EPwUAQhf-KzLnsKqu64iBu4oSbOKzt0G2qKztTkQi_3abi6Ob43vfem8wDLIMGxjuLytwM2eCuPOvZ0gRCnrd86k8hgSaGNr5llFE40CdTEyZQXKP_EtuuRREhaA5tJLcIJqM8VSqfZlIO1VilWRYT9puwhStAjyZqIKM4fm1HoPeP333qLi5bYn8RS98wNix2JV6QxNrXRizOwRRGrLbi88ygIngm_1k8YzCOusXD8w1y8dfTPAEAAA%3d%3d:754
[  773228ms] [LOG] [Debug Carrinho] Polling ativo @ https://d1hjvew1n9ss7u.cloudfront.net/asset.axd?id=PAEAAB-LCAAAAAAAAAOtj0EPwUAQhf-KzLnsKqu64iBu4oSbOKzt0G2qKztTkQi_3abi6Ob43vfem8wDLIMGxjuLytwM2eCuPOvZ0gRCnrd86k8hgSaGNr5llFE40CdTEyZQXKP_EtuuRREhaA5tJLcIJqM8VSqfZlIO1VilWRYT9puwhStAjyZqIKM4fm1HoPeP333qLi5bYn8RS98wNix2JV6QxNrXRizOwRRGrLbi88ygIngm_1k8YzCOusXD8w1y8dfTPAEAAA%3d%3d:1790
[  773289ms] [LOG] add @ https://d1hjvew1n9ss7u.cloudfront.net/asset.axd?id=PAEAAB-LCAAAAAAAAAOtj0EPwUAQhf-KzLnsKqu64iBu4oSbOKzt0G2qKztTkQi_3abi6Ob43vfem8wDLIMGxjuLytwM2eCuPOvZ0gRCnrd86k8hgSaGNr5llFE40CdTEyZQXKP_EtuuRREhaA5tJLcIJqM8VSqfZlIO1VilWRYT9puwhStAjyZqIKM4fm1HoPeP333qLi5bYn8RS98wNix2JV6QxNrXRizOwRRGrLbi88ygIngm_1k8YzCOusXD8w1y8dfTPAEAAA%3d%3d:1
[  773291ms] [WARNING] !! Há erros de scripts de terceiros !!
Por favor, contate a Empresa responsável pelo script.  @ https://d1hjvew1n9ss7u.cloudfront.net/assets/shjs.js?t=639255987001545277:0
[  773299ms] Uncaught Error: You must pass a string or Handlebars AST to Handlebars.compile. You passed null
    at e.compile (https://d1hjvew1n9ss7u.cloudfront.net/asset.axd?id=PAEAAB-LCAAAAAAAAAOtj0EPwUAQhf-KzLnsKqu64iBu4oSbOKzt0G2qKztTkQi_3abi6Ob43vfem8wDLIMGxjuLytwM2eCuPOvZ0gRCnrd86k8hgSaGNr5llFE40CdTEyZQXKP_EtuuRREhaA5tJLcIJqM8VSqfZlIO1VilWRYT9puwhStAjyZqIKM4fm1HoPeP333qLi5bYn8RS98wNix2JV6QxNrXRizOwRRGrLbi88ygIngm_1k8YzCOusXD8w1y8dfTPAEAAA%3d%3d:1794:49302)
    at i.compile (https://d1hjvew1n9ss7u.cloudfront.net/asset.axd?id=PAEAAB-LCAAAAAAAAAOtj0EPwUAQhf-KzLnsKqu64iBu4oSbOKzt0G2qKztTkQi_3abi6Ob43vfem8wDLIMGxjuLytwM2eCuPOvZ0gRCnrd86k8hgSaGNr5llFE40CdTEyZQXKP_EtuuRREhaA5tJLcIJqM8VSqfZlIO1VilWRYT9puwhStAjyZqIKM4fm1HoPeP333qLi5bYn8RS98wNix2JV6QxNrXRizOwRRGrLbi88ygIngm_1k8YzCOusXD8w1y8dfTPAEAAA%3d%3d:1794:343)
    at renderBasket (https://d1hjvew1n9ss7u.cloudfront.net/asset.axd?id=PAEAAB-LCAAAAAAAAAOtj0EPwUAQhf-KzLnsKqu64iBu4oSbOKzt0G2qKztTkQi_3abi6Ob43vfem8wDLIMGxjuLytwM2eCuPOvZ0gRCnrd86k8hgSaGNr5llFE40CdTEyZQXKP_EtuuRREhaA5tJLcIJqM8VSqfZlIO1VilWRYT9puwhStAjyZqIKM4fm1HoPeP333qLi5bYn8RS98wNix2JV6QxNrXRizOwRRGrLbi88ygIngm_1k8YzCOusXD8w1y8dfTPAEAAA%3d%3d:29:27)
    at <anonymous> (https://d1hjvew1n9ss7u.cloudfront.net/asset.axd?id=PAEAAB-LCAAAAAAAAAOtj0EPwUAQhf-KzLnsKqu64iBu4oSbOKzt0G2qKztTkQi_3abi6Ob43vfem8wDLIMGxjuLytwM2eCuPOvZ0gRCnrd86k8hgSaGNr5llFE40CdTEyZQXKP_EtuuRREhaA5tJLcIJqM8VSqfZlIO1VilWRYT9puwhStAjyZqIKM4fm1HoPeP333qLi5bYn8RS98wNix2JV6QxNrXRizOwRRGrLbi88ygIngm_1k8YzCOusXD8w1y8dfTPAEAAA%3d%3d:220:1)
    at f (https://d1hjvew1n9ss7u.cloudfront.net/assets/shjs.js?t=639255987001545277:0:10382)
    at fireWith (https://d1hjvew1n9ss7u.cloudfront.net/assets/shjs.js?t=639255987001545277:0:11137)
    at ready (https://d1hjvew1n9ss7u.cloudfront.net/assets/shjs.js?t=639255987001545277:0:5238)
    at r (https://d1hjvew1n9ss7u.cloudfront.net/assets/shjs.js?t=639255987001545277:0:9748)
[  773294ms] [VERBOSE] [DOM] Input elements should have autocomplete attributes (suggested: "current-password"): (More info: https://goo.gl/9p2vKq) %o @ https://www.lolacosmetics.com.br/tannic-acid-leave-in-protetor-100ml-ps-19629-301-p46341:0
[  773294ms] [VERBOSE] [DOM] Input elements should have autocomplete attributes (suggested: "current-password"): (More info: https://goo.gl/9p2vKq) %o @ https://www.lolacosmetics.com.br/tannic-acid-leave-in-protetor-100ml-ps-19629-301-p46341:0
[  773388ms] [ERROR] Failed to load resource: net::ERR_NAME_NOT_RESOLVED @ https://event.getblue.io/js/blue-tag.min.js:0
[  773397ms] [LOG] AffiseStorage availability: {cookie: true, localStorage: true, sessionStorage: true} @ https://rankmediabrasil.g2afse.com/websdk.js:0
[  773398ms] [LOG] Status RNK Media - ClickId: null UTM: null @ :3
[  773485ms] [ERROR] Failed to load resource: the server responded with a status of 404 () @ https://d1hjvew1n9ss7u.cloudfront.net/Custom/Content/Themes/Lola/Agrada/CSS/ajax-loader.gif:0
[  773587ms] [WARNING] [Meta Pixel] - Invalid parameter format for currency. Please refer https://developers.facebook.com/docs/meta-pixel/reference/ for valid parameter specifications. @ https://connect.facebook.net/en_US/fbevents.js:203
[  776329ms] [LOG] %c Widde Video Commerce %c v24604ee %c Build: 21/09/2026 20:39 %c border: 1px solid #2567f8; background: #2567f8; color: #fff; font-weight: bold; padding: 4px 8px; border-radius: 3px 0 0 0; border: 1px solid #2567f8; border-left: none; background: #FFF; color: #2567f8; font-weight: bold; padding: 4px 8px; border: 1px solid #2567f8; border-left: none; background: #f0f0f0; color: #333; font-weight: bold; padding: 4px 8px; border-radius: 0 3px 3px 0; background: transparent @ https://cdn.widde.io/assets/main.utzwjalemu.js:0
[  776449ms] [LOG] %c Tryon Widde.io %c %s %c border: 1px solid #2567f8; background: #2567f8; color: #fff; font-weight: bold; padding: 4px 8px; border-radius: 3px 0 0 3px; border: 1px solid #2567f8; background: #FFF; color: #2567f8; font-weight: bold; padding: 4px 8px; border-radius: 0 3px 3px 0; 47bf7c2 background: transparent @ https://cdn-tryon.widde.io/widde-tryon.js:86
[  776466ms] [LOG] [tryon-tracker] initialized {domain: www.lolacosmetics.com.br} @ https://cdn-tryon.widde.io/widde-tryon.js:8
[  778896ms] Uncaught TypeError: Cannot read properties of undefined (reading 'replace')
    at validaFreteGratis (https://d1hjvew1n9ss7u.cloudfront.net/asset.axd?id=PAEAAB-LCAAAAAAAAAOtj0EPwUAQhf-KzLnsKqu64iBu4oSbOKzt0G2qKztTkQi_3abi6Ob43vfem8wDLIMGxjuLytwM2eCuPOvZ0gRCnrd86k8hgSaGNr5llFE40CdTEyZQXKP_EtuuRREhaA5tJLcIJqM8VSqfZlIO1VilWRYT9puwhStAjyZqIKM4fm1HoPeP333qLi5bYn8RS98wNix2JV6QxNrXRizOwRRGrLbi88ygIngm_1k8YzCOusXD8w1y8dfTPAEAAA%3d%3d:1:7633)
    at <anonymous> (https://d1hjvew1n9ss7u.cloudfront.net/asset.axd?id=PAEAAB-LCAAAAAAAAAOtj0EPwUAQhf-KzLnsKqu64iBu4oSbOKzt0G2qKztTkQi_3abi6Ob43vfem8wDLIMGxjuLytwM2eCuPOvZ0gRCnrd86k8hgSaGNr5llFE40CdTEyZQXKP_EtuuRREhaA5tJLcIJqM8VSqfZlIO1VilWRYT9puwhStAjyZqIKM4fm1HoPeP333qLi5bYn8RS98wNix2JV6QxNrXRizOwRRGrLbi88ygIngm_1k8YzCOusXD8w1y8dfTPAEAAA%3d%3d:1:49808)
    at dispatch (https://d1hjvew1n9ss7u.cloudfront.net/assets/shjs.js?t=639255987001545277:0:32701)
    at a (https://d1hjvew1n9ss7u.cloudfront.net/assets/shjs.js?t=639255987001545277:0:28480)
[  778892ms] [LOG] Banner não encontrado: banner-232 @ https://d1hjvew1n9ss7u.cloudfront.net/asset.axd?id=PAEAAB-LCAAAAAAAAAOtj0EPwUAQhf-KzLnsKqu64iBu4oSbOKzt0G2qKztTkQi_3abi6Ob43vfem8wDLIMGxjuLytwM2eCuPOvZ0gRCnrd86k8hgSaGNr5llFE40CdTEyZQXKP_EtuuRREhaA5tJLcIJqM8VSqfZlIO1VilWRYT9puwhStAjyZqIKM4fm1HoPeP333qLi5bYn8RS98wNix2JV6QxNrXRizOwRRGrLbi88ygIngm_1k8YzCOusXD8w1y8dfTPAEAAA%3d%3d:754
[  782148ms] [WARNING] The resource https://fonts.cdnfonts.com/css/leelawade was preloaded using link preload but not used within a few seconds from the window's load event. Please make sure it has an appropriate `as` value and it is preloaded intentionally. @ https://www.lolacosmetics.com.br/tannic-acid-leave-in-protetor-100ml-ps-19629-301-p46341:0
[  785508ms] [WARNING] Error with Feature-Policy header: Some features are specified in both Feature-Policy and Permissions-Policy header: payment, fullscreen, microphone, camera. Values defined in Permissions-Policy header will be used. @ :0
[  785899ms] [ERROR] Failed to load resource: the server responded with a status of 500 () @ https://fonts.cdnfonts.com/css/leelawade:0
[  786181ms] [ERROR] Failed to load resource: the server responded with a status of 404 () @ https://lolacosmetics.admin.linxcommerce.com.br/Custom/Content/Themes/Lola/Styles/Fonts/FontAwesome/all.css:0
[  786188ms] [LOG] Trustvox rating | PDP: 46289 tipo: 3 @ https://www.lolacosmetics.com.br/tannic-mascara-450g-ps-19629-290-p46289:73
[  786188ms] [LOG] Trustvox rating | ID final usado = 46289 @ https://www.lolacosmetics.com.br/tannic-mascara-450g-ps-19629-290-p46289:73
[  786189ms] [LOG] Trustvox PDP | product: 46289 | type: 3 | usedId: 46289 @ https://www.lolacosmetics.com.br/tannic-mascara-450g-ps-19629-290-p46289:279
[  786232ms] [LOG] Banner não encontrado: banner-232 @ https://d1hjvew1n9ss7u.cloudfront.net/asset.axd?id=PAEAAB-LCAAAAAAAAAOtj0EPwUAQhf-KzLnsKqu64iBu4oSbOKzt0G2qKztTkQi_3abi6Ob43vfem8wDLIMGxjuLytwM2eCuPOvZ0gRCnrd86k8hgSaGNr5llFE40CdTEyZQXKP_EtuuRREhaA5tJLcIJqM8VSqfZlIO1VilWRYT9puwhStAjyZqIKM4fm1HoPeP333qLi5bYn8RS98wNix2JV6QxNrXRizOwRRGrLbi88ygIngm_1k8YzCOusXD8w1y8dfTPAEAAA%3d%3d:754
[  786233ms] [LOG] [Debug Carrinho] Polling ativo @ https://d1hjvew1n9ss7u.cloudfront.net/asset.axd?id=PAEAAB-LCAAAAAAAAAOtj0EPwUAQhf-KzLnsKqu64iBu4oSbOKzt0G2qKztTkQi_3abi6Ob43vfem8wDLIMGxjuLytwM2eCuPOvZ0gRCnrd86k8hgSaGNr5llFE40CdTEyZQXKP_EtuuRREhaA5tJLcIJqM8VSqfZlIO1VilWRYT9puwhStAjyZqIKM4fm1HoPeP333qLi5bYn8RS98wNix2JV6QxNrXRizOwRRGrLbi88ygIngm_1k8YzCOusXD8w1y8dfTPAEAAA%3d%3d:1790
[  786285ms] [LOG] add @ https://d1hjvew1n9ss7u.cloudfront.net/asset.axd?id=PAEAAB-LCAAAAAAAAAOtj0EPwUAQhf-KzLnsKqu64iBu4oSbOKzt0G2qKztTkQi_3abi6Ob43vfem8wDLIMGxjuLytwM2eCuPOvZ0gRCnrd86k8hgSaGNr5llFE40CdTEyZQXKP_EtuuRREhaA5tJLcIJqM8VSqfZlIO1VilWRYT9puwhStAjyZqIKM4fm1HoPeP333qLi5bYn8RS98wNix2JV6QxNrXRizOwRRGrLbi88ygIngm_1k8YzCOusXD8w1y8dfTPAEAAA%3d%3d:1
[  786287ms] [WARNING] !! Há erros de scripts de terceiros !!
Por favor, contate a Empresa responsável pelo script.  @ https://d1hjvew1n9ss7u.cloudfront.net/assets/shjs.js?t=639255987001545277:0
[  786287ms] Uncaught Error: You must pass a string or Handlebars AST to Handlebars.compile. You passed null
    at e.compile (https://d1hjvew1n9ss7u.cloudfront.net/asset.axd?id=PAEAAB-LCAAAAAAAAAOtj0EPwUAQhf-KzLnsKqu64iBu4oSbOKzt0G2qKztTkQi_3abi6Ob43vfem8wDLIMGxjuLytwM2eCuPOvZ0gRCnrd86k8hgSaGNr5llFE40CdTEyZQXKP_EtuuRREhaA5tJLcIJqM8VSqfZlIO1VilWRYT9puwhStAjyZqIKM4fm1HoPeP333qLi5bYn8RS98wNix2JV6QxNrXRizOwRRGrLbi88ygIngm_1k8YzCOusXD8w1y8dfTPAEAAA%3d%3d:1794:49302)
    at i.compile (https://d1hjvew1n9ss7u.cloudfront.net/asset.axd?id=PAEAAB-LCAAAAAAAAAOtj0EPwUAQhf-KzLnsKqu64iBu4oSbOKzt0G2qKztTkQi_3abi6Ob43vfem8wDLIMGxjuLytwM2eCuPOvZ0gRCnrd86k8hgSaGNr5llFE40CdTEyZQXKP_EtuuRREhaA5tJLcIJqM8VSqfZlIO1VilWRYT9puwhStAjyZqIKM4fm1HoPeP333qLi5bYn8RS98wNix2JV6QxNrXRizOwRRGrLbi88ygIngm_1k8YzCOusXD8w1y8dfTPAEAAA%3d%3d:1794:343)
    at renderBasket (https://d1hjvew1n9ss7u.cloudfront.net/asset.axd?id=PAEAAB-LCAAAAAAAAAOtj0EPwUAQhf-KzLnsKqu64iBu4oSbOKzt0G2qKztTkQi_3abi6Ob43vfem8wDLIMGxjuLytwM2eCuPOvZ0gRCnrd86k8hgSaGNr5llFE40CdTEyZQXKP_EtuuRREhaA5tJLcIJqM8VSqfZlIO1VilWRYT9puwhStAjyZqIKM4fm1HoPeP333qLi5bYn8RS98wNix2JV6QxNrXRizOwRRGrLbi88ygIngm_1k8YzCOusXD8w1y8dfTPAEAAA%3d%3d:29:27)
    at <anonymous> (https://d1hjvew1n9ss7u.cloudfront.net/asset.axd?id=PAEAAB-LCAAAAAAAAAOtj0EPwUAQhf-KzLnsKqu64iBu4oSbOKzt0G2qKztTkQi_3abi6Ob43vfem8wDLIMGxjuLytwM2eCuPOvZ0gRCnrd86k8hgSaGNr5llFE40CdTEyZQXKP_EtuuRREhaA5tJLcIJqM8VSqfZlIO1VilWRYT9puwhStAjyZqIKM4fm1HoPeP333qLi5bYn8RS98wNix2JV6QxNrXRizOwRRGrLbi88ygIngm_1k8YzCOusXD8w1y8dfTPAEAAA%3d%3d:220:1)
    at f (https://d1hjvew1n9ss7u.cloudfront.net/assets/shjs.js?t=639255987001545277:0:10382)
    at fireWith (https://d1hjvew1n9ss7u.cloudfront.net/assets/shjs.js?t=639255987001545277:0:11137)
    at ready (https://d1hjvew1n9ss7u.cloudfront.net/assets/shjs.js?t=639255987001545277:0:5238)
    at r (https://d1hjvew1n9ss7u.cloudfront.net/assets/shjs.js?t=639255987001545277:0:9748)
[  786290ms] [VERBOSE] [DOM] Input elements should have autocomplete attributes (suggested: "current-password"): (More info: https://goo.gl/9p2vKq) %o @ https://www.lolacosmetics.com.br/tannic-mascara-450g-ps-19629-290-p46289:0
[  786290ms] [VERBOSE] [DOM] Input elements should have autocomplete attributes (suggested: "current-password"): (More info: https://goo.gl/9p2vKq) %o @ https://www.lolacosmetics.com.br/tannic-mascara-450g-ps-19629-290-p46289:0
[  786404ms] [ERROR] Failed to load resource: net::ERR_NAME_NOT_RESOLVED @ https://event.getblue.io/js/blue-tag.min.js:0
[  786455ms] [LOG] AffiseStorage availability: {cookie: true, localStorage: true, sessionStorage: true} @ https://rankmediabrasil.g2afse.com/websdk.js:0
[  786456ms] [LOG] Status RNK Media - ClickId: null UTM: null @ :3
[  786479ms] [ERROR] Failed to load resource: the server responded with a status of 404 () @ https://d1hjvew1n9ss7u.cloudfront.net/Custom/Content/Themes/Lola/Agrada/CSS/ajax-loader.gif:0
[  786496ms] [WARNING] [Meta Pixel] - Invalid parameter format for currency. Please refer https://developers.facebook.com/docs/meta-pixel/reference/ for valid parameter specifications. @ https://connect.facebook.net/en_US/fbevents.js:203
[  786791ms] Uncaught TypeError: Cannot read properties of undefined (reading 'replace')
    at validaFreteGratis (https://d1hjvew1n9ss7u.cloudfront.net/asset.axd?id=PAEAAB-LCAAAAAAAAAOtj0EPwUAQhf-KzLnsKqu64iBu4oSbOKzt0G2qKztTkQi_3abi6Ob43vfem8wDLIMGxjuLytwM2eCuPOvZ0gRCnrd86k8hgSaGNr5llFE40CdTEyZQXKP_EtuuRREhaA5tJLcIJqM8VSqfZlIO1VilWRYT9puwhStAjyZqIKM4fm1HoPeP333qLi5bYn8RS98wNix2JV6QxNrXRizOwRRGrLbi88ygIngm_1k8YzCOusXD8w1y8dfTPAEAAA%3d%3d:1:7633)
    at <anonymous> (https://d1hjvew1n9ss7u.cloudfront.net/asset.axd?id=PAEAAB-LCAAAAAAAAAOtj0EPwUAQhf-KzLnsKqu64iBu4oSbOKzt0G2qKztTkQi_3abi6Ob43vfem8wDLIMGxjuLytwM2eCuPOvZ0gRCnrd86k8hgSaGNr5llFE40CdTEyZQXKP_EtuuRREhaA5tJLcIJqM8VSqfZlIO1VilWRYT9puwhStAjyZqIKM4fm1HoPeP333qLi5bYn8RS98wNix2JV6QxNrXRizOwRRGrLbi88ygIngm_1k8YzCOusXD8w1y8dfTPAEAAA%3d%3d:1:49808)
    at dispatch (https://d1hjvew1n9ss7u.cloudfront.net/assets/shjs.js?t=639255987001545277:0:32701)
    at a (https://d1hjvew1n9ss7u.cloudfront.net/assets/shjs.js?t=639255987001545277:0:28480)
[  786789ms] [LOG] Banner não encontrado: banner-232 @ https://d1hjvew1n9ss7u.cloudfront.net/asset.axd?id=PAEAAB-LCAAAAAAAAAOtj0EPwUAQhf-KzLnsKqu64iBu4oSbOKzt0G2qKztTkQi_3abi6Ob43vfem8wDLIMGxjuLytwM2eCuPOvZ0gRCnrd86k8hgSaGNr5llFE40CdTEyZQXKP_EtuuRREhaA5tJLcIJqM8VSqfZlIO1VilWRYT9puwhStAjyZqIKM4fm1HoPeP333qLi5bYn8RS98wNix2JV6QxNrXRizOwRRGrLbi88ygIngm_1k8YzCOusXD8w1y8dfTPAEAAA%3d%3d:754
[  786813ms] [LOG] %c Widde Video Commerce %c v24604ee %c Build: 21/09/2026 20:39 %c border: 1px solid #2567f8; background: #2567f8; color: #fff; font-weight: bold; padding: 4px 8px; border-radius: 3px 0 0 0; border: 1px solid #2567f8; border-left: none; background: #FFF; color: #2567f8; font-weight: bold; padding: 4px 8px; border: 1px solid #2567f8; border-left: none; background: #f0f0f0; color: #333; font-weight: bold; padding: 4px 8px; border-radius: 0 3px 3px 0; background: transparent @ https://cdn.widde.io/assets/main.utzwjalemu.js:0
[  786947ms] [LOG] %c Tryon Widde.io %c %s %c border: 1px solid #2567f8; background: #2567f8; color: #fff; font-weight: bold; padding: 4px 8px; border-radius: 3px 0 0 3px; border: 1px solid #2567f8; background: #FFF; color: #2567f8; font-weight: bold; padding: 4px 8px; border-radius: 0 3px 3px 0; 47bf7c2 background: transparent @ https://cdn-tryon.widde.io/widde-tryon.js:86
[  786989ms] [LOG] [tryon-tracker] initialized {domain: www.lolacosmetics.com.br} @ https://cdn-tryon.widde.io/widde-tryon.js:8
[  793341ms] [WARNING] Error with Feature-Policy header: Some features are specified in both Feature-Policy and Permissions-Policy header: payment, fullscreen, microphone, camera. Values defined in Permissions-Policy header will be used. @ :0
[  793729ms] [ERROR] Failed to load resource: the server responded with a status of 500 () @ https://fonts.cdnfonts.com/css/leelawade:0
[  794013ms] [ERROR] Failed to load resource: the server responded with a status of 404 () @ https://lolacosmetics.admin.linxcommerce.com.br/Custom/Content/Themes/Lola/Styles/Fonts/FontAwesome/all.css:0
[  794023ms] [LOG] Trustvox rating | PDP: 46204 tipo: 3 @ https://www.lolacosmetics.com.br/touca-turbante-ps-19629-268-p46204:1
[  794023ms] [LOG] Trustvox rating | ID final usado = 46204 @ https://www.lolacosmetics.com.br/touca-turbante-ps-19629-268-p46204:1
[  794024ms] [LOG] Trustvox PDP | product: 46204 | type: 3 | usedId: 46204 @ https://www.lolacosmetics.com.br/touca-turbante-ps-19629-268-p46204:1
[  794068ms] [LOG] Banner não encontrado: banner-232 @ https://d1hjvew1n9ss7u.cloudfront.net/asset.axd?id=PAEAAB-LCAAAAAAAAAOtj0EPwUAQhf-KzLnsKqu64iBu4oSbOKzt0G2qKztTkQi_3abi6Ob43vfem8wDLIMGxjuLytwM2eCuPOvZ0gRCnrd86k8hgSaGNr5llFE40CdTEyZQXKP_EtuuRREhaA5tJLcIJqM8VSqfZlIO1VilWRYT9puwhStAjyZqIKM4fm1HoPeP333qLi5bYn8RS98wNix2JV6QxNrXRizOwRRGrLbi88ygIngm_1k8YzCOusXD8w1y8dfTPAEAAA%3d%3d:754
[  794071ms] [LOG] [Debug Carrinho] Polling ativo @ https://d1hjvew1n9ss7u.cloudfront.net/asset.axd?id=PAEAAB-LCAAAAAAAAAOtj0EPwUAQhf-KzLnsKqu64iBu4oSbOKzt0G2qKztTkQi_3abi6Ob43vfem8wDLIMGxjuLytwM2eCuPOvZ0gRCnrd86k8hgSaGNr5llFE40CdTEyZQXKP_EtuuRREhaA5tJLcIJqM8VSqfZlIO1VilWRYT9puwhStAjyZqIKM4fm1HoPeP333qLi5bYn8RS98wNix2JV6QxNrXRizOwRRGrLbi88ygIngm_1k8YzCOusXD8w1y8dfTPAEAAA%3d%3d:1790
[  794122ms] [LOG] add @ https://d1hjvew1n9ss7u.cloudfront.net/asset.axd?id=PAEAAB-LCAAAAAAAAAOtj0EPwUAQhf-KzLnsKqu64iBu4oSbOKzt0G2qKztTkQi_3abi6Ob43vfem8wDLIMGxjuLytwM2eCuPOvZ0gRCnrd86k8hgSaGNr5llFE40CdTEyZQXKP_EtuuRREhaA5tJLcIJqM8VSqfZlIO1VilWRYT9puwhStAjyZqIKM4fm1HoPeP333qLi5bYn8RS98wNix2JV6QxNrXRizOwRRGrLbi88ygIngm_1k8YzCOusXD8w1y8dfTPAEAAA%3d%3d:1
[  794123ms] [WARNING] !! Há erros de scripts de terceiros !!
Por favor, contate a Empresa responsável pelo script.  @ https://d1hjvew1n9ss7u.cloudfront.net/assets/shjs.js?t=639255987001545277:0
[  794125ms] Uncaught Error: You must pass a string or Handlebars AST to Handlebars.compile. You passed null
    at e.compile (https://d1hjvew1n9ss7u.cloudfront.net/asset.axd?id=PAEAAB-LCAAAAAAAAAOtj0EPwUAQhf-KzLnsKqu64iBu4oSbOKzt0G2qKztTkQi_3abi6Ob43vfem8wDLIMGxjuLytwM2eCuPOvZ0gRCnrd86k8hgSaGNr5llFE40CdTEyZQXKP_EtuuRREhaA5tJLcIJqM8VSqfZlIO1VilWRYT9puwhStAjyZqIKM4fm1HoPeP333qLi5bYn8RS98wNix2JV6QxNrXRizOwRRGrLbi88ygIngm_1k8YzCOusXD8w1y8dfTPAEAAA%3d%3d:1794:49302)
    at i.compile (https://d1hjvew1n9ss7u.cloudfront.net/asset.axd?id=PAEAAB-LCAAAAAAAAAOtj0EPwUAQhf-KzLnsKqu64iBu4oSbOKzt0G2qKztTkQi_3abi6Ob43vfem8wDLIMGxjuLytwM2eCuPOvZ0gRCnrd86k8hgSaGNr5llFE40CdTEyZQXKP_EtuuRREhaA5tJLcIJqM8VSqfZlIO1VilWRYT9puwhStAjyZqIKM4fm1HoPeP333qLi5bYn8RS98wNix2JV6QxNrXRizOwRRGrLbi88ygIngm_1k8YzCOusXD8w1y8dfTPAEAAA%3d%3d:1794:343)
    at renderBasket (https://d1hjvew1n9ss7u.cloudfront.net/asset.axd?id=PAEAAB-LCAAAAAAAAAOtj0EPwUAQhf-KzLnsKqu64iBu4oSbOKzt0G2qKztTkQi_3abi6Ob43vfem8wDLIMGxjuLytwM2eCuPOvZ0gRCnrd86k8hgSaGNr5llFE40CdTEyZQXKP_EtuuRREhaA5tJLcIJqM8VSqfZlIO1VilWRYT9puwhStAjyZqIKM4fm1HoPeP333qLi5bYn8RS98wNix2JV6QxNrXRizOwRRGrLbi88ygIngm_1k8YzCOusXD8w1y8dfTPAEAAA%3d%3d:29:27)
    at <anonymous> (https://d1hjvew1n9ss7u.cloudfront.net/asset.axd?id=PAEAAB-LCAAAAAAAAAOtj0EPwUAQhf-KzLnsKqu64iBu4oSbOKzt0G2qKztTkQi_3abi6Ob43vfem8wDLIMGxjuLytwM2eCuPOvZ0gRCnrd86k8hgSaGNr5llFE40CdTEyZQXKP_EtuuRREhaA5tJLcIJqM8VSqfZlIO1VilWRYT9puwhStAjyZqIKM4fm1HoPeP333qLi5bYn8RS98wNix2JV6QxNrXRizOwRRGrLbi88ygIngm_1k8YzCOusXD8w1y8dfTPAEAAA%3d%3d:220:1)
    at f (https://d1hjvew1n9ss7u.cloudfront.net/assets/shjs.js?t=639255987001545277:0:10382)
    at fireWith (https://d1hjvew1n9ss7u.cloudfront.net/assets/shjs.js?t=639255987001545277:0:11137)
    at ready (https://d1hjvew1n9ss7u.cloudfront.net/assets/shjs.js?t=639255987001545277:0:5238)
    at r (https://d1hjvew1n9ss7u.cloudfront.net/assets/shjs.js?t=639255987001545277:0:9748)
[  794126ms] [VERBOSE] [DOM] Input elements should have autocomplete attributes (suggested: "current-password"): (More info: https://goo.gl/9p2vKq) %o @ https://www.lolacosmetics.com.br/touca-turbante-ps-19629-268-p46204:0
[  794126ms] [VERBOSE] [DOM] Input elements should have autocomplete attributes (suggested: "current-password"): (More info: https://goo.gl/9p2vKq) %o @ https://www.lolacosmetics.com.br/touca-turbante-ps-19629-268-p46204:0
[  794236ms] [ERROR] Failed to load resource: net::ERR_NAME_NOT_RESOLVED @ https://event.getblue.io/js/blue-tag.min.js:0
[  794314ms] [ERROR] Failed to load resource: the server responded with a status of 404 () @ https://d1hjvew1n9ss7u.cloudfront.net/Custom/Content/Themes/Lola/Agrada/CSS/ajax-loader.gif:0
[  794325ms] [LOG] AffiseStorage availability: {cookie: true, localStorage: true, sessionStorage: true} @ https://rankmediabrasil.g2afse.com/websdk.js:0
[  794326ms] [LOG] Status RNK Media - ClickId: null UTM: null @ :3
[  794354ms] [WARNING] [Meta Pixel] - Invalid parameter format for currency. Please refer https://developers.facebook.com/docs/meta-pixel/reference/ for valid parameter specifications. @ https://connect.facebook.net/en_US/fbevents.js:203
[  794710ms] Uncaught TypeError: Cannot read properties of undefined (reading 'replace')
    at validaFreteGratis (https://d1hjvew1n9ss7u.cloudfront.net/asset.axd?id=PAEAAB-LCAAAAAAAAAOtj0EPwUAQhf-KzLnsKqu64iBu4oSbOKzt0G2qKztTkQi_3abi6Ob43vfem8wDLIMGxjuLytwM2eCuPOvZ0gRCnrd86k8hgSaGNr5llFE40CdTEyZQXKP_EtuuRREhaA5tJLcIJqM8VSqfZlIO1VilWRYT9puwhStAjyZqIKM4fm1HoPeP333qLi5bYn8RS98wNix2JV6QxNrXRizOwRRGrLbi88ygIngm_1k8YzCOusXD8w1y8dfTPAEAAA%3d%3d:1:7633)
    at <anonymous> (https://d1hjvew1n9ss7u.cloudfront.net/asset.axd?id=PAEAAB-LCAAAAAAAAAOtj0EPwUAQhf-KzLnsKqu64iBu4oSbOKzt0G2qKztTkQi_3abi6Ob43vfem8wDLIMGxjuLytwM2eCuPOvZ0gRCnrd86k8hgSaGNr5llFE40CdTEyZQXKP_EtuuRREhaA5tJLcIJqM8VSqfZlIO1VilWRYT9puwhStAjyZqIKM4fm1HoPeP333qLi5bYn8RS98wNix2JV6QxNrXRizOwRRGrLbi88ygIngm_1k8YzCOusXD8w1y8dfTPAEAAA%3d%3d:1:49808)
    at dispatch (https://d1hjvew1n9ss7u.cloudfront.net/assets/shjs.js?t=639255987001545277:0:32701)
    at a (https://d1hjvew1n9ss7u.cloudfront.net/assets/shjs.js?t=639255987001545277:0:28480)
[  794704ms] [LOG] Banner não encontrado: banner-232 @ https://d1hjvew1n9ss7u.cloudfront.net/asset.axd?id=PAEAAB-LCAAAAAAAAAOtj0EPwUAQhf-KzLnsKqu64iBu4oSbOKzt0G2qKztTkQi_3abi6Ob43vfem8wDLIMGxjuLytwM2eCuPOvZ0gRCnrd86k8hgSaGNr5llFE40CdTEyZQXKP_EtuuRREhaA5tJLcIJqM8VSqfZlIO1VilWRYT9puwhStAjyZqIKM4fm1HoPeP333qLi5bYn8RS98wNix2JV6QxNrXRizOwRRGrLbi88ygIngm_1k8YzCOusXD8w1y8dfTPAEAAA%3d%3d:754
[  794726ms] [LOG] %c Widde Video Commerce %c v24604ee %c Build: 21/09/2026 20:39 %c border: 1px solid #2567f8; background: #2567f8; color: #fff; font-weight: bold; padding: 4px 8px; border-radius: 3px 0 0 0; border: 1px solid #2567f8; border-left: none; background: #FFF; color: #2567f8; font-weight: bold; padding: 4px 8px; border: 1px solid #2567f8; border-left: none; background: #f0f0f0; color: #333; font-weight: bold; padding: 4px 8px; border-radius: 0 3px 3px 0; background: transparent @ https://cdn.widde.io/assets/main.utzwjalemu.js:0
[  794899ms] [LOG] %c Tryon Widde.io %c %s %c border: 1px solid #2567f8; background: #2567f8; color: #fff; font-weight: bold; padding: 4px 8px; border-radius: 3px 0 0 3px; border: 1px solid #2567f8; background: #FFF; color: #2567f8; font-weight: bold; padding: 4px 8px; border-radius: 0 3px 3px 0; 47bf7c2 background: transparent @ https://cdn-tryon.widde.io/widde-tryon.js:86
[  794918ms] [LOG] [tryon-tracker] initialized {domain: www.lolacosmetics.com.br} @ https://cdn-tryon.widde.io/widde-tryon.js:8
[  801256ms] [WARNING] Error with Feature-Policy header: Some features are specified in both Feature-Policy and Permissions-Policy header: payment, fullscreen, microphone, camera. Values defined in Permissions-Policy header will be used. @ :0
[  801668ms] [ERROR] Failed to load resource: the server responded with a status of 500 () @ https://fonts.cdnfonts.com/css/leelawade:0
[  801949ms] [ERROR] Failed to load resource: the server responded with a status of 404 () @ https://lolacosmetics.admin.linxcommerce.com.br/Custom/Content/Themes/Lola/Styles/Fonts/FontAwesome/all.css:0
[  801961ms] [LOG] Trustvox rating | PDP: 45970 tipo: 7 @ https://www.lolacosmetics.com.br/trio-be-m-dita-ghee-nutricao-100g-p45970:35
[  801961ms] [LOG] Trustvox rating | childId: 45636 -> parent (childId-1): 45635 @ https://www.lolacosmetics.com.br/trio-be-m-dita-ghee-nutricao-100g-p45970:35
[  801961ms] [LOG] Trustvox rating | ID final usado = 45635 @ https://www.lolacosmetics.com.br/trio-be-m-dita-ghee-nutricao-100g-p45970:35
[  801980ms] [LOG] {Items: Array(0), VariationPath: /, VariationLevel: 1, ProductPath: /7.45970/5.45643/, ProductLevel: 1} @ https://www.lolacosmetics.com.br/trio-be-m-dita-ghee-nutricao-100g-p45970:35
[  801981ms] [LOG] {Items: Array(0), VariationPath: /, VariationLevel: 1, ProductPath: /7.45970/5.45636/, ProductLevel: 1} @ https://www.lolacosmetics.com.br/trio-be-m-dita-ghee-nutricao-100g-p45970:35
[  801981ms] [LOG] {Items: Array(0), VariationPath: /, VariationLevel: 1, ProductPath: /7.45970/5.45942/, ProductLevel: 1} @ https://www.lolacosmetics.com.br/trio-be-m-dita-ghee-nutricao-100g-p45970:35
[  801982ms] [LOG] Trustvox PDP | product: 45970 | type: 7 | childId: 45636 | usedId: 45635 @ https://www.lolacosmetics.com.br/trio-be-m-dita-ghee-nutricao-100g-p45970:62
[  802028ms] [LOG] Banner não encontrado: banner-232 @ https://d1hjvew1n9ss7u.cloudfront.net/asset.axd?id=PAEAAB-LCAAAAAAAAAOtj0EPwUAQhf-KzLnsKqu64iBu4oSbOKzt0G2qKztTkQi_3abi6Ob43vfem8wDLIMGxjuLytwM2eCuPOvZ0gRCnrd86k8hgSaGNr5llFE40CdTEyZQXKP_EtuuRREhaA5tJLcIJqM8VSqfZlIO1VilWRYT9puwhStAjyZqIKM4fm1HoPeP333qLi5bYn8RS98wNix2JV6QxNrXRizOwRRGrLbi88ygIngm_1k8YzCOusXD8w1y8dfTPAEAAA%3d%3d:754
[  802030ms] [LOG] [Debug Carrinho] Polling ativo @ https://d1hjvew1n9ss7u.cloudfront.net/asset.axd?id=PAEAAB-LCAAAAAAAAAOtj0EPwUAQhf-KzLnsKqu64iBu4oSbOKzt0G2qKztTkQi_3abi6Ob43vfem8wDLIMGxjuLytwM2eCuPOvZ0gRCnrd86k8hgSaGNr5llFE40CdTEyZQXKP_EtuuRREhaA5tJLcIJqM8VSqfZlIO1VilWRYT9puwhStAjyZqIKM4fm1HoPeP333qLi5bYn8RS98wNix2JV6QxNrXRizOwRRGrLbi88ygIngm_1k8YzCOusXD8w1y8dfTPAEAAA%3d%3d:1790
[  802078ms] [LOG] add @ https://d1hjvew1n9ss7u.cloudfront.net/asset.axd?id=PAEAAB-LCAAAAAAAAAOtj0EPwUAQhf-KzLnsKqu64iBu4oSbOKzt0G2qKztTkQi_3abi6Ob43vfem8wDLIMGxjuLytwM2eCuPOvZ0gRCnrd86k8hgSaGNr5llFE40CdTEyZQXKP_EtuuRREhaA5tJLcIJqM8VSqfZlIO1VilWRYT9puwhStAjyZqIKM4fm1HoPeP333qLi5bYn8RS98wNix2JV6QxNrXRizOwRRGrLbi88ygIngm_1k8YzCOusXD8w1y8dfTPAEAAA%3d%3d:1
[  802079ms] [WARNING] !! Há erros de scripts de terceiros !!
Por favor, contate a Empresa responsável pelo script.  @ https://d1hjvew1n9ss7u.cloudfront.net/assets/shjs.js?t=639255987001545277:0
[  802081ms] Uncaught Error: You must pass a string or Handlebars AST to Handlebars.compile. You passed null
    at e.compile (https://d1hjvew1n9ss7u.cloudfront.net/asset.axd?id=PAEAAB-LCAAAAAAAAAOtj0EPwUAQhf-KzLnsKqu64iBu4oSbOKzt0G2qKztTkQi_3abi6Ob43vfem8wDLIMGxjuLytwM2eCuPOvZ0gRCnrd86k8hgSaGNr5llFE40CdTEyZQXKP_EtuuRREhaA5tJLcIJqM8VSqfZlIO1VilWRYT9puwhStAjyZqIKM4fm1HoPeP333qLi5bYn8RS98wNix2JV6QxNrXRizOwRRGrLbi88ygIngm_1k8YzCOusXD8w1y8dfTPAEAAA%3d%3d:1794:49302)
    at i.compile (https://d1hjvew1n9ss7u.cloudfront.net/asset.axd?id=PAEAAB-LCAAAAAAAAAOtj0EPwUAQhf-KzLnsKqu64iBu4oSbOKzt0G2qKztTkQi_3abi6Ob43vfem8wDLIMGxjuLytwM2eCuPOvZ0gRCnrd86k8hgSaGNr5llFE40CdTEyZQXKP_EtuuRREhaA5tJLcIJqM8VSqfZlIO1VilWRYT9puwhStAjyZqIKM4fm1HoPeP333qLi5bYn8RS98wNix2JV6QxNrXRizOwRRGrLbi88ygIngm_1k8YzCOusXD8w1y8dfTPAEAAA%3d%3d:1794:343)
    at renderBasket (https://d1hjvew1n9ss7u.cloudfront.net/asset.axd?id=PAEAAB-LCAAAAAAAAAOtj0EPwUAQhf-KzLnsKqu64iBu4oSbOKzt0G2qKztTkQi_3abi6Ob43vfem8wDLIMGxjuLytwM2eCuPOvZ0gRCnrd86k8hgSaGNr5llFE40CdTEyZQXKP_EtuuRREhaA5tJLcIJqM8VSqfZlIO1VilWRYT9puwhStAjyZqIKM4fm1HoPeP333qLi5bYn8RS98wNix2JV6QxNrXRizOwRRGrLbi88ygIngm_1k8YzCOusXD8w1y8dfTPAEAAA%3d%3d:29:27)
    at <anonymous> (https://d1hjvew1n9ss7u.cloudfront.net/asset.axd?id=PAEAAB-LCAAAAAAAAAOtj0EPwUAQhf-KzLnsKqu64iBu4oSbOKzt0G2qKztTkQi_3abi6Ob43vfem8wDLIMGxjuLytwM2eCuPOvZ0gRCnrd86k8hgSaGNr5llFE40CdTEyZQXKP_EtuuRREhaA5tJLcIJqM8VSqfZlIO1VilWRYT9puwhStAjyZqIKM4fm1HoPeP333qLi5bYn8RS98wNix2JV6QxNrXRizOwRRGrLbi88ygIngm_1k8YzCOusXD8w1y8dfTPAEAAA%3d%3d:220:1)
    at f (https://d1hjvew1n9ss7u.cloudfront.net/assets/shjs.js?t=639255987001545277:0:10382)
    at fireWith (https://d1hjvew1n9ss7u.cloudfront.net/assets/shjs.js?t=639255987001545277:0:11137)
    at ready (https://d1hjvew1n9ss7u.cloudfront.net/assets/shjs.js?t=639255987001545277:0:5238)
    at r (https://d1hjvew1n9ss7u.cloudfront.net/assets/shjs.js?t=639255987001545277:0:9748)
[  802082ms] [VERBOSE] [DOM] Input elements should have autocomplete attributes (suggested: "current-password"): (More info: https://goo.gl/9p2vKq) %o @ https://www.lolacosmetics.com.br/trio-be-m-dita-ghee-nutricao-100g-p45970:0
[  802082ms] [VERBOSE] [DOM] Input elements should have autocomplete attributes (suggested: "current-password"): (More info: https://goo.gl/9p2vKq) %o @ https://www.lolacosmetics.com.br/trio-be-m-dita-ghee-nutricao-100g-p45970:0
[  802172ms] [ERROR] Failed to load resource: the server responded with a status of 404 () @ https://d1hjvew1n9ss7u.cloudfront.net/Custom/Content:0
[  802189ms] [ERROR] Failed to load resource: net::ERR_NAME_NOT_RESOLVED @ https://event.getblue.io/js/blue-tag.min.js:0
[  802211ms] [LOG] AffiseStorage availability: {cookie: true, localStorage: true, sessionStorage: true} @ https://rankmediabrasil.g2afse.com/websdk.js:0
[  802211ms] [LOG] Status RNK Media - ClickId: null UTM: null @ :3
[  802270ms] [ERROR] Failed to load resource: the server responded with a status of 404 () @ https://d1hjvew1n9ss7u.cloudfront.net/Custom/Content/Themes/Lola/Agrada/CSS/ajax-loader.gif:0
[  802301ms] [WARNING] [Meta Pixel] - Invalid parameter format for currency. Please refer https://developers.facebook.com/docs/meta-pixel/reference/ for valid parameter specifications. @ https://connect.facebook.net/en_US/fbevents.js:203
[  802576ms] Uncaught TypeError: Cannot read properties of undefined (reading 'replace')
    at validaFreteGratis (https://d1hjvew1n9ss7u.cloudfront.net/asset.axd?id=PAEAAB-LCAAAAAAAAAOtj0EPwUAQhf-KzLnsKqu64iBu4oSbOKzt0G2qKztTkQi_3abi6Ob43vfem8wDLIMGxjuLytwM2eCuPOvZ0gRCnrd86k8hgSaGNr5llFE40CdTEyZQXKP_EtuuRREhaA5tJLcIJqM8VSqfZlIO1VilWRYT9puwhStAjyZqIKM4fm1HoPeP333qLi5bYn8RS98wNix2JV6QxNrXRizOwRRGrLbi88ygIngm_1k8YzCOusXD8w1y8dfTPAEAAA%3d%3d:1:7633)
    at <anonymous> (https://d1hjvew1n9ss7u.cloudfront.net/asset.axd?id=PAEAAB-LCAAAAAAAAAOtj0EPwUAQhf-KzLnsKqu64iBu4oSbOKzt0G2qKztTkQi_3abi6Ob43vfem8wDLIMGxjuLytwM2eCuPOvZ0gRCnrd86k8hgSaGNr5llFE40CdTEyZQXKP_EtuuRREhaA5tJLcIJqM8VSqfZlIO1VilWRYT9puwhStAjyZqIKM4fm1HoPeP333qLi5bYn8RS98wNix2JV6QxNrXRizOwRRGrLbi88ygIngm_1k8YzCOusXD8w1y8dfTPAEAAA%3d%3d:1:49808)
    at dispatch (https://d1hjvew1n9ss7u.cloudfront.net/assets/shjs.js?t=639255987001545277:0:32701)
    at a (https://d1hjvew1n9ss7u.cloudfront.net/assets/shjs.js?t=639255987001545277:0:28480)
[  802575ms] [LOG] Banner não encontrado: banner-232 @ https://d1hjvew1n9ss7u.cloudfront.net/asset.axd?id=PAEAAB-LCAAAAAAAAAOtj0EPwUAQhf-KzLnsKqu64iBu4oSbOKzt0G2qKztTkQi_3abi6Ob43vfem8wDLIMGxjuLytwM2eCuPOvZ0gRCnrd86k8hgSaGNr5llFE40CdTEyZQXKP_EtuuRREhaA5tJLcIJqM8VSqfZlIO1VilWRYT9puwhStAjyZqIKM4fm1HoPeP333qLi5bYn8RS98wNix2JV6QxNrXRizOwRRGrLbi88ygIngm_1k8YzCOusXD8w1y8dfTPAEAAA%3d%3d:754
[  802595ms] [LOG] %c Widde Video Commerce %c v24604ee %c Build: 21/09/2026 20:39 %c border: 1px solid #2567f8; background: #2567f8; color: #fff; font-weight: bold; padding: 4px 8px; border-radius: 3px 0 0 0; border: 1px solid #2567f8; border-left: none; background: #FFF; color: #2567f8; font-weight: bold; padding: 4px 8px; border: 1px solid #2567f8; border-left: none; background: #f0f0f0; color: #333; font-weight: bold; padding: 4px 8px; border-radius: 0 3px 3px 0; background: transparent @ https://cdn.widde.io/assets/main.utzwjalemu.js:0
[  802864ms] [LOG] %c Tryon Widde.io %c %s %c border: 1px solid #2567f8; background: #2567f8; color: #fff; font-weight: bold; padding: 4px 8px; border-radius: 3px 0 0 3px; border: 1px solid #2567f8; background: #FFF; color: #2567f8; font-weight: bold; padding: 4px 8px; border-radius: 0 3px 3px 0; 47bf7c2 background: transparent @ https://cdn-tryon.widde.io/widde-tryon.js:86
[  802885ms] [LOG] [tryon-tracker] initialized {domain: www.lolacosmetics.com.br} @ https://cdn-tryon.widde.io/widde-tryon.js:8
[  809223ms] [WARNING] Error with Feature-Policy header: Some features are specified in both Feature-Policy and Permissions-Policy header: payment, fullscreen, microphone, camera. Values defined in Permissions-Policy header will be used. @ :0
[  809640ms] [ERROR] Failed to load resource: the server responded with a status of 500 () @ https://fonts.cdnfonts.com/css/leelawade:0
[  809930ms] [ERROR] Failed to load resource: the server responded with a status of 404 () @ https://lolacosmetics.admin.linxcommerce.com.br/Custom/Content/Themes/Lola/Styles/Fonts/FontAwesome/all.css:0
[  809957ms] [LOG] Trustvox rating | PDP: 45971 tipo: 7 @ https://www.lolacosmetics.com.br/trio-be-m-dita-ghee-reconstrucao-100g-p45971:29
[  809957ms] [LOG] Trustvox rating | childId: 45548 -> parent (childId-1): 45547 @ https://www.lolacosmetics.com.br/trio-be-m-dita-ghee-reconstrucao-100g-p45971:29
[  809957ms] [LOG] Trustvox rating | ID final usado = 45547 @ https://www.lolacosmetics.com.br/trio-be-m-dita-ghee-reconstrucao-100g-p45971:29
[  809957ms] [LOG] {Items: Array(0), VariationPath: /, VariationLevel: 1, ProductPath: /7.45971/5.45650/, ProductLevel: 1} @ https://www.lolacosmetics.com.br/trio-be-m-dita-ghee-reconstrucao-100g-p45971:29
[  809958ms] [LOG] {Items: Array(0), VariationPath: /, VariationLevel: 1, ProductPath: /7.45971/5.45548/, ProductLevel: 1} @ https://www.lolacosmetics.com.br/trio-be-m-dita-ghee-reconstrucao-100g-p45971:29
[  809958ms] [LOG] {Items: Array(0), VariationPath: /, VariationLevel: 1, ProductPath: /7.45971/5.45941/, ProductLevel: 1} @ https://www.lolacosmetics.com.br/trio-be-m-dita-ghee-reconstrucao-100g-p45971:29
[  809959ms] [LOG] Trustvox PDP | product: 45971 | type: 7 | childId: 45548 | usedId: 45547 @ https://www.lolacosmetics.com.br/trio-be-m-dita-ghee-reconstrucao-100g-p45971:50
[  810010ms] [LOG] Banner não encontrado: banner-232 @ https://d1hjvew1n9ss7u.cloudfront.net/asset.axd?id=PAEAAB-LCAAAAAAAAAOtj0EPwUAQhf-KzLnsKqu64iBu4oSbOKzt0G2qKztTkQi_3abi6Ob43vfem8wDLIMGxjuLytwM2eCuPOvZ0gRCnrd86k8hgSaGNr5llFE40CdTEyZQXKP_EtuuRREhaA5tJLcIJqM8VSqfZlIO1VilWRYT9puwhStAjyZqIKM4fm1HoPeP333qLi5bYn8RS98wNix2JV6QxNrXRizOwRRGrLbi88ygIngm_1k8YzCOusXD8w1y8dfTPAEAAA%3d%3d:754
[  810012ms] [LOG] [Debug Carrinho] Polling ativo @ https://d1hjvew1n9ss7u.cloudfront.net/asset.axd?id=PAEAAB-LCAAAAAAAAAOtj0EPwUAQhf-KzLnsKqu64iBu4oSbOKzt0G2qKztTkQi_3abi6Ob43vfem8wDLIMGxjuLytwM2eCuPOvZ0gRCnrd86k8hgSaGNr5llFE40CdTEyZQXKP_EtuuRREhaA5tJLcIJqM8VSqfZlIO1VilWRYT9puwhStAjyZqIKM4fm1HoPeP333qLi5bYn8RS98wNix2JV6QxNrXRizOwRRGrLbi88ygIngm_1k8YzCOusXD8w1y8dfTPAEAAA%3d%3d:1790
[  810063ms] [LOG] add @ https://d1hjvew1n9ss7u.cloudfront.net/asset.axd?id=PAEAAB-LCAAAAAAAAAOtj0EPwUAQhf-KzLnsKqu64iBu4oSbOKzt0G2qKztTkQi_3abi6Ob43vfem8wDLIMGxjuLytwM2eCuPOvZ0gRCnrd86k8hgSaGNr5llFE40CdTEyZQXKP_EtuuRREhaA5tJLcIJqM8VSqfZlIO1VilWRYT9puwhStAjyZqIKM4fm1HoPeP333qLi5bYn8RS98wNix2JV6QxNrXRizOwRRGrLbi88ygIngm_1k8YzCOusXD8w1y8dfTPAEAAA%3d%3d:1
[  810064ms] [WARNING] !! Há erros de scripts de terceiros !!
Por favor, contate a Empresa responsável pelo script.  @ https://d1hjvew1n9ss7u.cloudfront.net/assets/shjs.js?t=639255987001545277:0
[  810064ms] Uncaught Error: You must pass a string or Handlebars AST to Handlebars.compile. You passed null
    at e.compile (https://d1hjvew1n9ss7u.cloudfront.net/asset.axd?id=PAEAAB-LCAAAAAAAAAOtj0EPwUAQhf-KzLnsKqu64iBu4oSbOKzt0G2qKztTkQi_3abi6Ob43vfem8wDLIMGxjuLytwM2eCuPOvZ0gRCnrd86k8hgSaGNr5llFE40CdTEyZQXKP_EtuuRREhaA5tJLcIJqM8VSqfZlIO1VilWRYT9puwhStAjyZqIKM4fm1HoPeP333qLi5bYn8RS98wNix2JV6QxNrXRizOwRRGrLbi88ygIngm_1k8YzCOusXD8w1y8dfTPAEAAA%3d%3d:1794:49302)
    at i.compile (https://d1hjvew1n9ss7u.cloudfront.net/asset.axd?id=PAEAAB-LCAAAAAAAAAOtj0EPwUAQhf-KzLnsKqu64iBu4oSbOKzt0G2qKztTkQi_3abi6Ob43vfem8wDLIMGxjuLytwM2eCuPOvZ0gRCnrd86k8hgSaGNr5llFE40CdTEyZQXKP_EtuuRREhaA5tJLcIJqM8VSqfZlIO1VilWRYT9puwhStAjyZqIKM4fm1HoPeP333qLi5bYn8RS98wNix2JV6QxNrXRizOwRRGrLbi88ygIngm_1k8YzCOusXD8w1y8dfTPAEAAA%3d%3d:1794:343)
    at renderBasket (https://d1hjvew1n9ss7u.cloudfront.net/asset.axd?id=PAEAAB-LCAAAAAAAAAOtj0EPwUAQhf-KzLnsKqu64iBu4oSbOKzt0G2qKztTkQi_3abi6Ob43vfem8wDLIMGxjuLytwM2eCuPOvZ0gRCnrd86k8hgSaGNr5llFE40CdTEyZQXKP_EtuuRREhaA5tJLcIJqM8VSqfZlIO1VilWRYT9puwhStAjyZqIKM4fm1HoPeP333qLi5bYn8RS98wNix2JV6QxNrXRizOwRRGrLbi88ygIngm_1k8YzCOusXD8w1y8dfTPAEAAA%3d%3d:29:27)
    at <anonymous> (https://d1hjvew1n9ss7u.cloudfront.net/asset.axd?id=PAEAAB-LCAAAAAAAAAOtj0EPwUAQhf-KzLnsKqu64iBu4oSbOKzt0G2qKztTkQi_3abi6Ob43vfem8wDLIMGxjuLytwM2eCuPOvZ0gRCnrd86k8hgSaGNr5llFE40CdTEyZQXKP_EtuuRREhaA5tJLcIJqM8VSqfZlIO1VilWRYT9puwhStAjyZqIKM4fm1HoPeP333qLi5bYn8RS98wNix2JV6QxNrXRizOwRRGrLbi88ygIngm_1k8YzCOusXD8w1y8dfTPAEAAA%3d%3d:220:1)
    at f (https://d1hjvew1n9ss7u.cloudfront.net/assets/shjs.js?t=639255987001545277:0:10382)
    at fireWith (https://d1hjvew1n9ss7u.cloudfront.net/assets/shjs.js?t=639255987001545277:0:11137)
    at ready (https://d1hjvew1n9ss7u.cloudfront.net/assets/shjs.js?t=639255987001545277:0:5238)
    at r (https://d1hjvew1n9ss7u.cloudfront.net/assets/shjs.js?t=639255987001545277:0:9748)
[  810067ms] [VERBOSE] [DOM] Input elements should have autocomplete attributes (suggested: "current-password"): (More info: https://goo.gl/9p2vKq) %o @ https://www.lolacosmetics.com.br/trio-be-m-dita-ghee-reconstrucao-100g-p45971:0
[  810067ms] [VERBOSE] [DOM] Input elements should have autocomplete attributes (suggested: "current-password"): (More info: https://goo.gl/9p2vKq) %o @ https://www.lolacosmetics.com.br/trio-be-m-dita-ghee-reconstrucao-100g-p45971:0
[  810239ms] [WARNING] [Meta Pixel] - Invalid parameter format for currency. Please refer https://developers.facebook.com/docs/meta-pixel/reference/ for valid parameter specifications. @ https://connect.facebook.net/en_US/fbevents.js:203
[  810791ms] [ERROR] Failed to load resource: net::ERR_NAME_NOT_RESOLVED @ https://event.getblue.io/js/blue-tag.min.js:0
[  810920ms] [ERROR] Failed to load resource: the server responded with a status of 404 () @ https://d1hjvew1n9ss7u.cloudfront.net/Custom/Content:0
[  810932ms] [LOG] AffiseStorage availability: {cookie: true, localStorage: true, sessionStorage: true} @ https://rankmediabrasil.g2afse.com/websdk.js:0
[  810934ms] [LOG] Status RNK Media - ClickId: null UTM: null @ :3
[  810954ms] [ERROR] Failed to load resource: the server responded with a status of 404 () @ https://d1hjvew1n9ss7u.cloudfront.net/Custom/Content/Themes/Lola/Agrada/CSS/ajax-loader.gif:0
[  812567ms] Uncaught TypeError: Cannot read properties of undefined (reading 'replace')
    at validaFreteGratis (https://d1hjvew1n9ss7u.cloudfront.net/asset.axd?id=PAEAAB-LCAAAAAAAAAOtj0EPwUAQhf-KzLnsKqu64iBu4oSbOKzt0G2qKztTkQi_3abi6Ob43vfem8wDLIMGxjuLytwM2eCuPOvZ0gRCnrd86k8hgSaGNr5llFE40CdTEyZQXKP_EtuuRREhaA5tJLcIJqM8VSqfZlIO1VilWRYT9puwhStAjyZqIKM4fm1HoPeP333qLi5bYn8RS98wNix2JV6QxNrXRizOwRRGrLbi88ygIngm_1k8YzCOusXD8w1y8dfTPAEAAA%3d%3d:1:7633)
    at <anonymous> (https://d1hjvew1n9ss7u.cloudfront.net/asset.axd?id=PAEAAB-LCAAAAAAAAAOtj0EPwUAQhf-KzLnsKqu64iBu4oSbOKzt0G2qKztTkQi_3abi6Ob43vfem8wDLIMGxjuLytwM2eCuPOvZ0gRCnrd86k8hgSaGNr5llFE40CdTEyZQXKP_EtuuRREhaA5tJLcIJqM8VSqfZlIO1VilWRYT9puwhStAjyZqIKM4fm1HoPeP333qLi5bYn8RS98wNix2JV6QxNrXRizOwRRGrLbi88ygIngm_1k8YzCOusXD8w1y8dfTPAEAAA%3d%3d:1:49808)
    at dispatch (https://d1hjvew1n9ss7u.cloudfront.net/assets/shjs.js?t=639255987001545277:0:32701)
    at a (https://d1hjvew1n9ss7u.cloudfront.net/assets/shjs.js?t=639255987001545277:0:28480)
[  812563ms] [LOG] Banner não encontrado: banner-232 @ https://d1hjvew1n9ss7u.cloudfront.net/asset.axd?id=PAEAAB-LCAAAAAAAAAOtj0EPwUAQhf-KzLnsKqu64iBu4oSbOKzt0G2qKztTkQi_3abi6Ob43vfem8wDLIMGxjuLytwM2eCuPOvZ0gRCnrd86k8hgSaGNr5llFE40CdTEyZQXKP_EtuuRREhaA5tJLcIJqM8VSqfZlIO1VilWRYT9puwhStAjyZqIKM4fm1HoPeP333qLi5bYn8RS98wNix2JV6QxNrXRizOwRRGrLbi88ygIngm_1k8YzCOusXD8w1y8dfTPAEAAA%3d%3d:754
[  812614ms] [LOG] %c Widde Video Commerce %c v24604ee %c Build: 21/09/2026 20:39 %c border: 1px solid #2567f8; background: #2567f8; color: #fff; font-weight: bold; padding: 4px 8px; border-radius: 3px 0 0 0; border: 1px solid #2567f8; border-left: none; background: #FFF; color: #2567f8; font-weight: bold; padding: 4px 8px; border: 1px solid #2567f8; border-left: none; background: #f0f0f0; color: #333; font-weight: bold; padding: 4px 8px; border-radius: 0 3px 3px 0; background: transparent @ https://cdn.widde.io/assets/main.utzwjalemu.js:0
[  812701ms] [LOG] %c Tryon Widde.io %c %s %c border: 1px solid #2567f8; background: #2567f8; color: #fff; font-weight: bold; padding: 4px 8px; border-radius: 3px 0 0 3px; border: 1px solid #2567f8; background: #FFF; color: #2567f8; font-weight: bold; padding: 4px 8px; border-radius: 0 3px 3px 0; 47bf7c2 background: transparent @ https://cdn-tryon.widde.io/widde-tryon.js:86
[  812718ms] [LOG] [tryon-tracker] initialized {domain: www.lolacosmetics.com.br} @ https://cdn-tryon.widde.io/widde-tryon.js:8
[  819616ms] [WARNING] Error with Feature-Policy header: Some features are specified in both Feature-Policy and Permissions-Policy header: payment, fullscreen, microphone, camera. Values defined in Permissions-Policy header will be used. @ :0
[  820177ms] [ERROR] Failed to load resource: the server responded with a status of 500 () @ https://fonts.cdnfonts.com/css/leelawade:0
[  820469ms] [ERROR] Failed to load resource: the server responded with a status of 404 () @ https://lolacosmetics.admin.linxcommerce.com.br/Custom/Content/Themes/Lola/Styles/Fonts/FontAwesome/all.css:0
[  820480ms] [LOG] Trustvox rating | PDP: 46048 tipo: 7 @ https://www.lolacosmetics.com.br/trio-be-m-dita-ghee-reconstrucao-350g-p46048:29
[  820480ms] [LOG] Trustvox rating | childId: 45548 -> parent (childId-1): 45547 @ https://www.lolacosmetics.com.br/trio-be-m-dita-ghee-reconstrucao-350g-p46048:29
[  820480ms] [LOG] Trustvox rating | ID final usado = 45547 @ https://www.lolacosmetics.com.br/trio-be-m-dita-ghee-reconstrucao-350g-p46048:29
[  820480ms] [LOG] {Items: Array(0), VariationPath: /, VariationLevel: 1, ProductPath: /7.46048/5.45548/, ProductLevel: 1} @ https://www.lolacosmetics.com.br/trio-be-m-dita-ghee-reconstrucao-350g-p46048:29
[  820480ms] [LOG] {Items: Array(0), VariationPath: /, VariationLevel: 1, ProductPath: /7.46048/5.45941/, ProductLevel: 1} @ https://www.lolacosmetics.com.br/trio-be-m-dita-ghee-reconstrucao-350g-p46048:29
[  820480ms] [LOG] {Items: Array(0), VariationPath: /, VariationLevel: 1, ProductPath: /7.46048/5.45649/, ProductLevel: 1} @ https://www.lolacosmetics.com.br/trio-be-m-dita-ghee-reconstrucao-350g-p46048:29
[  820481ms] [LOG] Trustvox PDP | product: 46048 | type: 7 | childId: 45548 | usedId: 45547 @ https://www.lolacosmetics.com.br/trio-be-m-dita-ghee-reconstrucao-350g-p46048:50
[  820526ms] [LOG] Banner não encontrado: banner-232 @ https://d1hjvew1n9ss7u.cloudfront.net/asset.axd?id=PAEAAB-LCAAAAAAAAAOtj0EPwUAQhf-KzLnsKqu64iBu4oSbOKzt0G2qKztTkQi_3abi6Ob43vfem8wDLIMGxjuLytwM2eCuPOvZ0gRCnrd86k8hgSaGNr5llFE40CdTEyZQXKP_EtuuRREhaA5tJLcIJqM8VSqfZlIO1VilWRYT9puwhStAjyZqIKM4fm1HoPeP333qLi5bYn8RS98wNix2JV6QxNrXRizOwRRGrLbi88ygIngm_1k8YzCOusXD8w1y8dfTPAEAAA%3d%3d:754
[  820527ms] [LOG] [Debug Carrinho] Polling ativo @ https://d1hjvew1n9ss7u.cloudfront.net/asset.axd?id=PAEAAB-LCAAAAAAAAAOtj0EPwUAQhf-KzLnsKqu64iBu4oSbOKzt0G2qKztTkQi_3abi6Ob43vfem8wDLIMGxjuLytwM2eCuPOvZ0gRCnrd86k8hgSaGNr5llFE40CdTEyZQXKP_EtuuRREhaA5tJLcIJqM8VSqfZlIO1VilWRYT9puwhStAjyZqIKM4fm1HoPeP333qLi5bYn8RS98wNix2JV6QxNrXRizOwRRGrLbi88ygIngm_1k8YzCOusXD8w1y8dfTPAEAAA%3d%3d:1790
[  820570ms] [LOG] add @ https://d1hjvew1n9ss7u.cloudfront.net/asset.axd?id=PAEAAB-LCAAAAAAAAAOtj0EPwUAQhf-KzLnsKqu64iBu4oSbOKzt0G2qKztTkQi_3abi6Ob43vfem8wDLIMGxjuLytwM2eCuPOvZ0gRCnrd86k8hgSaGNr5llFE40CdTEyZQXKP_EtuuRREhaA5tJLcIJqM8VSqfZlIO1VilWRYT9puwhStAjyZqIKM4fm1HoPeP333qLi5bYn8RS98wNix2JV6QxNrXRizOwRRGrLbi88ygIngm_1k8YzCOusXD8w1y8dfTPAEAAA%3d%3d:1
[  820572ms] [WARNING] !! Há erros de scripts de terceiros !!
Por favor, contate a Empresa responsável pelo script.  @ https://d1hjvew1n9ss7u.cloudfront.net/assets/shjs.js?t=639255987001545277:0
[  820573ms] Uncaught Error: You must pass a string or Handlebars AST to Handlebars.compile. You passed null
    at e.compile (https://d1hjvew1n9ss7u.cloudfront.net/asset.axd?id=PAEAAB-LCAAAAAAAAAOtj0EPwUAQhf-KzLnsKqu64iBu4oSbOKzt0G2qKztTkQi_3abi6Ob43vfem8wDLIMGxjuLytwM2eCuPOvZ0gRCnrd86k8hgSaGNr5llFE40CdTEyZQXKP_EtuuRREhaA5tJLcIJqM8VSqfZlIO1VilWRYT9puwhStAjyZqIKM4fm1HoPeP333qLi5bYn8RS98wNix2JV6QxNrXRizOwRRGrLbi88ygIngm_1k8YzCOusXD8w1y8dfTPAEAAA%3d%3d:1794:49302)
    at i.compile (https://d1hjvew1n9ss7u.cloudfront.net/asset.axd?id=PAEAAB-LCAAAAAAAAAOtj0EPwUAQhf-KzLnsKqu64iBu4oSbOKzt0G2qKztTkQi_3abi6Ob43vfem8wDLIMGxjuLytwM2eCuPOvZ0gRCnrd86k8hgSaGNr5llFE40CdTEyZQXKP_EtuuRREhaA5tJLcIJqM8VSqfZlIO1VilWRYT9puwhStAjyZqIKM4fm1HoPeP333qLi5bYn8RS98wNix2JV6QxNrXRizOwRRGrLbi88ygIngm_1k8YzCOusXD8w1y8dfTPAEAAA%3d%3d:1794:343)
    at renderBasket (https://d1hjvew1n9ss7u.cloudfront.net/asset.axd?id=PAEAAB-LCAAAAAAAAAOtj0EPwUAQhf-KzLnsKqu64iBu4oSbOKzt0G2qKztTkQi_3abi6Ob43vfem8wDLIMGxjuLytwM2eCuPOvZ0gRCnrd86k8hgSaGNr5llFE40CdTEyZQXKP_EtuuRREhaA5tJLcIJqM8VSqfZlIO1VilWRYT9puwhStAjyZqIKM4fm1HoPeP333qLi5bYn8RS98wNix2JV6QxNrXRizOwRRGrLbi88ygIngm_1k8YzCOusXD8w1y8dfTPAEAAA%3d%3d:29:27)
    at <anonymous> (https://d1hjvew1n9ss7u.cloudfront.net/asset.axd?id=PAEAAB-LCAAAAAAAAAOtj0EPwUAQhf-KzLnsKqu64iBu4oSbOKzt0G2qKztTkQi_3abi6Ob43vfem8wDLIMGxjuLytwM2eCuPOvZ0gRCnrd86k8hgSaGNr5llFE40CdTEyZQXKP_EtuuRREhaA5tJLcIJqM8VSqfZlIO1VilWRYT9puwhStAjyZqIKM4fm1HoPeP333qLi5bYn8RS98wNix2JV6QxNrXRizOwRRGrLbi88ygIngm_1k8YzCOusXD8w1y8dfTPAEAAA%3d%3d:220:1)
    at f (https://d1hjvew1n9ss7u.cloudfront.net/assets/shjs.js?t=639255987001545277:0:10382)
    at fireWith (https://d1hjvew1n9ss7u.cloudfront.net/assets/shjs.js?t=639255987001545277:0:11137)
    at ready (https://d1hjvew1n9ss7u.cloudfront.net/assets/shjs.js?t=639255987001545277:0:5238)
    at r (https://d1hjvew1n9ss7u.cloudfront.net/assets/shjs.js?t=639255987001545277:0:9748)
[  820574ms] [VERBOSE] [DOM] Input elements should have autocomplete attributes (suggested: "current-password"): (More info: https://goo.gl/9p2vKq) %o @ https://www.lolacosmetics.com.br/trio-be-m-dita-ghee-reconstrucao-350g-p46048:0
[  820574ms] [VERBOSE] [DOM] Input elements should have autocomplete attributes (suggested: "current-password"): (More info: https://goo.gl/9p2vKq) %o @ https://www.lolacosmetics.com.br/trio-be-m-dita-ghee-reconstrucao-350g-p46048:0
[  820656ms] [ERROR] Failed to load resource: the server responded with a status of 404 () @ https://d1hjvew1n9ss7u.cloudfront.net/Custom/Content:0
[  820669ms] [ERROR] Failed to load resource: net::ERR_NAME_NOT_RESOLVED @ https://event.getblue.io/js/blue-tag.min.js:0
[  820744ms] [ERROR] Failed to load resource: the server responded with a status of 404 () @ https://d1hjvew1n9ss7u.cloudfront.net/Custom/Content/Themes/Lola/Agrada/CSS/ajax-loader.gif:0
[  820751ms] [LOG] AffiseStorage availability: {cookie: true, localStorage: true, sessionStorage: true} @ https://rankmediabrasil.g2afse.com/websdk.js:0
[  820752ms] [LOG] Status RNK Media - ClickId: null UTM: null @ :3
[  820784ms] [WARNING] [Meta Pixel] - Invalid parameter format for currency. Please refer https://developers.facebook.com/docs/meta-pixel/reference/ for valid parameter specifications. @ https://connect.facebook.net/en_US/fbevents.js:203
[  821141ms] Uncaught TypeError: Cannot read properties of undefined (reading 'replace')
    at validaFreteGratis (https://d1hjvew1n9ss7u.cloudfront.net/asset.axd?id=PAEAAB-LCAAAAAAAAAOtj0EPwUAQhf-KzLnsKqu64iBu4oSbOKzt0G2qKztTkQi_3abi6Ob43vfem8wDLIMGxjuLytwM2eCuPOvZ0gRCnrd86k8hgSaGNr5llFE40CdTEyZQXKP_EtuuRREhaA5tJLcIJqM8VSqfZlIO1VilWRYT9puwhStAjyZqIKM4fm1HoPeP333qLi5bYn8RS98wNix2JV6QxNrXRizOwRRGrLbi88ygIngm_1k8YzCOusXD8w1y8dfTPAEAAA%3d%3d:1:7633)
    at <anonymous> (https://d1hjvew1n9ss7u.cloudfront.net/asset.axd?id=PAEAAB-LCAAAAAAAAAOtj0EPwUAQhf-KzLnsKqu64iBu4oSbOKzt0G2qKztTkQi_3abi6Ob43vfem8wDLIMGxjuLytwM2eCuPOvZ0gRCnrd86k8hgSaGNr5llFE40CdTEyZQXKP_EtuuRREhaA5tJLcIJqM8VSqfZlIO1VilWRYT9puwhStAjyZqIKM4fm1HoPeP333qLi5bYn8RS98wNix2JV6QxNrXRizOwRRGrLbi88ygIngm_1k8YzCOusXD8w1y8dfTPAEAAA%3d%3d:1:49808)
    at dispatch (https://d1hjvew1n9ss7u.cloudfront.net/assets/shjs.js?t=639255987001545277:0:32701)
    at a (https://d1hjvew1n9ss7u.cloudfront.net/assets/shjs.js?t=639255987001545277:0:28480)
[  821140ms] [LOG] Banner não encontrado: banner-232 @ https://d1hjvew1n9ss7u.cloudfront.net/asset.axd?id=PAEAAB-LCAAAAAAAAAOtj0EPwUAQhf-KzLnsKqu64iBu4oSbOKzt0G2qKztTkQi_3abi6Ob43vfem8wDLIMGxjuLytwM2eCuPOvZ0gRCnrd86k8hgSaGNr5llFE40CdTEyZQXKP_EtuuRREhaA5tJLcIJqM8VSqfZlIO1VilWRYT9puwhStAjyZqIKM4fm1HoPeP333qLi5bYn8RS98wNix2JV6QxNrXRizOwRRGrLbi88ygIngm_1k8YzCOusXD8w1y8dfTPAEAAA%3d%3d:754
[  821163ms] [LOG] %c Widde Video Commerce %c v24604ee %c Build: 21/09/2026 20:39 %c border: 1px solid #2567f8; background: #2567f8; color: #fff; font-weight: bold; padding: 4px 8px; border-radius: 3px 0 0 0; border: 1px solid #2567f8; border-left: none; background: #FFF; color: #2567f8; font-weight: bold; padding: 4px 8px; border: 1px solid #2567f8; border-left: none; background: #f0f0f0; color: #333; font-weight: bold; padding: 4px 8px; border-radius: 0 3px 3px 0; background: transparent @ https://cdn.widde.io/assets/main.utzwjalemu.js:0
[  821311ms] [LOG] %c Tryon Widde.io %c %s %c border: 1px solid #2567f8; background: #2567f8; color: #fff; font-weight: bold; padding: 4px 8px; border-radius: 3px 0 0 3px; border: 1px solid #2567f8; background: #FFF; color: #2567f8; font-weight: bold; padding: 4px 8px; border-radius: 0 3px 3px 0; 47bf7c2 background: transparent @ https://cdn-tryon.widde.io/widde-tryon.js:86
[  821325ms] [LOG] [tryon-tracker] initialized {domain: www.lolacosmetics.com.br} @ https://cdn-tryon.widde.io/widde-tryon.js:8
[  827386ms] [WARNING] Error with Feature-Policy header: Some features are specified in both Feature-Policy and Permissions-Policy header: payment, fullscreen, microphone, camera. Values defined in Permissions-Policy header will be used. @ :0
[  827932ms] [ERROR] Failed to load resource: the server responded with a status of 500 () @ https://fonts.cdnfonts.com/css/leelawade:0
[  828217ms] [ERROR] Failed to load resource: the server responded with a status of 404 () @ https://lolacosmetics.admin.linxcommerce.com.br/Custom/Content/Themes/Lola/Styles/Fonts/FontAwesome/all.css:0
[  828246ms] [LOG] Trustvox rating | PDP: 46387 tipo: 3 @ https://www.lolacosmetics.com.br/volumao-mascara-450g-ps-19629-320-p46387:18
[  828246ms] [LOG] Trustvox rating | ID final usado = 46387 @ https://www.lolacosmetics.com.br/volumao-mascara-450g-ps-19629-320-p46387:18
[  828247ms] [LOG] Trustvox PDP | product: 46387 | type: 3 | usedId: 46387 @ https://www.lolacosmetics.com.br/volumao-mascara-450g-ps-19629-320-p46387:49
[  828293ms] [LOG] Banner não encontrado: banner-232 @ https://d1hjvew1n9ss7u.cloudfront.net/asset.axd?id=PAEAAB-LCAAAAAAAAAOtj0EPwUAQhf-KzLnsKqu64iBu4oSbOKzt0G2qKztTkQi_3abi6Ob43vfem8wDLIMGxjuLytwM2eCuPOvZ0gRCnrd86k8hgSaGNr5llFE40CdTEyZQXKP_EtuuRREhaA5tJLcIJqM8VSqfZlIO1VilWRYT9puwhStAjyZqIKM4fm1HoPeP333qLi5bYn8RS98wNix2JV6QxNrXRizOwRRGrLbi88ygIngm_1k8YzCOusXD8w1y8dfTPAEAAA%3d%3d:754
[  828295ms] [LOG] [Debug Carrinho] Polling ativo @ https://d1hjvew1n9ss7u.cloudfront.net/asset.axd?id=PAEAAB-LCAAAAAAAAAOtj0EPwUAQhf-KzLnsKqu64iBu4oSbOKzt0G2qKztTkQi_3abi6Ob43vfem8wDLIMGxjuLytwM2eCuPOvZ0gRCnrd86k8hgSaGNr5llFE40CdTEyZQXKP_EtuuRREhaA5tJLcIJqM8VSqfZlIO1VilWRYT9puwhStAjyZqIKM4fm1HoPeP333qLi5bYn8RS98wNix2JV6QxNrXRizOwRRGrLbi88ygIngm_1k8YzCOusXD8w1y8dfTPAEAAA%3d%3d:1790
[  828349ms] [LOG] add @ https://d1hjvew1n9ss7u.cloudfront.net/asset.axd?id=PAEAAB-LCAAAAAAAAAOtj0EPwUAQhf-KzLnsKqu64iBu4oSbOKzt0G2qKztTkQi_3abi6Ob43vfem8wDLIMGxjuLytwM2eCuPOvZ0gRCnrd86k8hgSaGNr5llFE40CdTEyZQXKP_EtuuRREhaA5tJLcIJqM8VSqfZlIO1VilWRYT9puwhStAjyZqIKM4fm1HoPeP333qLi5bYn8RS98wNix2JV6QxNrXRizOwRRGrLbi88ygIngm_1k8YzCOusXD8w1y8dfTPAEAAA%3d%3d:1
[  828350ms] [WARNING] !! Há erros de scripts de terceiros !!
Por favor, contate a Empresa responsável pelo script.  @ https://d1hjvew1n9ss7u.cloudfront.net/assets/shjs.js?t=639255987001545277:0
[  828351ms] Uncaught Error: You must pass a string or Handlebars AST to Handlebars.compile. You passed null
    at e.compile (https://d1hjvew1n9ss7u.cloudfront.net/asset.axd?id=PAEAAB-LCAAAAAAAAAOtj0EPwUAQhf-KzLnsKqu64iBu4oSbOKzt0G2qKztTkQi_3abi6Ob43vfem8wDLIMGxjuLytwM2eCuPOvZ0gRCnrd86k8hgSaGNr5llFE40CdTEyZQXKP_EtuuRREhaA5tJLcIJqM8VSqfZlIO1VilWRYT9puwhStAjyZqIKM4fm1HoPeP333qLi5bYn8RS98wNix2JV6QxNrXRizOwRRGrLbi88ygIngm_1k8YzCOusXD8w1y8dfTPAEAAA%3d%3d:1794:49302)
    at i.compile (https://d1hjvew1n9ss7u.cloudfront.net/asset.axd?id=PAEAAB-LCAAAAAAAAAOtj0EPwUAQhf-KzLnsKqu64iBu4oSbOKzt0G2qKztTkQi_3abi6Ob43vfem8wDLIMGxjuLytwM2eCuPOvZ0gRCnrd86k8hgSaGNr5llFE40CdTEyZQXKP_EtuuRREhaA5tJLcIJqM8VSqfZlIO1VilWRYT9puwhStAjyZqIKM4fm1HoPeP333qLi5bYn8RS98wNix2JV6QxNrXRizOwRRGrLbi88ygIngm_1k8YzCOusXD8w1y8dfTPAEAAA%3d%3d:1794:343)
    at renderBasket (https://d1hjvew1n9ss7u.cloudfront.net/asset.axd?id=PAEAAB-LCAAAAAAAAAOtj0EPwUAQhf-KzLnsKqu64iBu4oSbOKzt0G2qKztTkQi_3abi6Ob43vfem8wDLIMGxjuLytwM2eCuPOvZ0gRCnrd86k8hgSaGNr5llFE40CdTEyZQXKP_EtuuRREhaA5tJLcIJqM8VSqfZlIO1VilWRYT9puwhStAjyZqIKM4fm1HoPeP333qLi5bYn8RS98wNix2JV6QxNrXRizOwRRGrLbi88ygIngm_1k8YzCOusXD8w1y8dfTPAEAAA%3d%3d:29:27)
    at <anonymous> (https://d1hjvew1n9ss7u.cloudfront.net/asset.axd?id=PAEAAB-LCAAAAAAAAAOtj0EPwUAQhf-KzLnsKqu64iBu4oSbOKzt0G2qKztTkQi_3abi6Ob43vfem8wDLIMGxjuLytwM2eCuPOvZ0gRCnrd86k8hgSaGNr5llFE40CdTEyZQXKP_EtuuRREhaA5tJLcIJqM8VSqfZlIO1VilWRYT9puwhStAjyZqIKM4fm1HoPeP333qLi5bYn8RS98wNix2JV6QxNrXRizOwRRGrLbi88ygIngm_1k8YzCOusXD8w1y8dfTPAEAAA%3d%3d:220:1)
    at f (https://d1hjvew1n9ss7u.cloudfront.net/assets/shjs.js?t=639255987001545277:0:10382)
    at fireWith (https://d1hjvew1n9ss7u.cloudfront.net/assets/shjs.js?t=639255987001545277:0:11137)
    at ready (https://d1hjvew1n9ss7u.cloudfront.net/assets/shjs.js?t=639255987001545277:0:5238)
    at r (https://d1hjvew1n9ss7u.cloudfront.net/assets/shjs.js?t=639255987001545277:0:9748)
[  828352ms] [VERBOSE] [DOM] Input elements should have autocomplete attributes (suggested: "current-password"): (More info: https://goo.gl/9p2vKq) %o @ https://www.lolacosmetics.com.br/volumao-mascara-450g-ps-19629-320-p46387:0
[  828352ms] [VERBOSE] [DOM] Input elements should have autocomplete attributes (suggested: "current-password"): (More info: https://goo.gl/9p2vKq) %o @ https://www.lolacosmetics.com.br/volumao-mascara-450g-ps-19629-320-p46387:0
[  828471ms] [ERROR] Failed to load resource: net::ERR_NAME_NOT_RESOLVED @ https://event.getblue.io/js/blue-tag.min.js:0
[  828475ms] [LOG] AffiseStorage availability: {cookie: true, localStorage: true, sessionStorage: true} @ https://rankmediabrasil.g2afse.com/websdk.js:0
[  828476ms] [LOG] Status RNK Media - ClickId: null UTM: null @ :3
[  828561ms] [WARNING] [Meta Pixel] - Invalid parameter format for currency. Please refer https://developers.facebook.com/docs/meta-pixel/reference/ for valid parameter specifications. @ https://connect.facebook.net/en_US/fbevents.js:203
[  828579ms] [ERROR] Failed to load resource: the server responded with a status of 404 () @ https://d1hjvew1n9ss7u.cloudfront.net/Custom/Content/Themes/Lola/Agrada/CSS/ajax-loader.gif:0
[  828938ms] Uncaught TypeError: Cannot read properties of undefined (reading 'replace')
    at validaFreteGratis (https://d1hjvew1n9ss7u.cloudfront.net/asset.axd?id=PAEAAB-LCAAAAAAAAAOtj0EPwUAQhf-KzLnsKqu64iBu4oSbOKzt0G2qKztTkQi_3abi6Ob43vfem8wDLIMGxjuLytwM2eCuPOvZ0gRCnrd86k8hgSaGNr5llFE40CdTEyZQXKP_EtuuRREhaA5tJLcIJqM8VSqfZlIO1VilWRYT9puwhStAjyZqIKM4fm1HoPeP333qLi5bYn8RS98wNix2JV6QxNrXRizOwRRGrLbi88ygIngm_1k8YzCOusXD8w1y8dfTPAEAAA%3d%3d:1:7633)
    at <anonymous> (https://d1hjvew1n9ss7u.cloudfront.net/asset.axd?id=PAEAAB-LCAAAAAAAAAOtj0EPwUAQhf-KzLnsKqu64iBu4oSbOKzt0G2qKztTkQi_3abi6Ob43vfem8wDLIMGxjuLytwM2eCuPOvZ0gRCnrd86k8hgSaGNr5llFE40CdTEyZQXKP_EtuuRREhaA5tJLcIJqM8VSqfZlIO1VilWRYT9puwhStAjyZqIKM4fm1HoPeP333qLi5bYn8RS98wNix2JV6QxNrXRizOwRRGrLbi88ygIngm_1k8YzCOusXD8w1y8dfTPAEAAA%3d%3d:1:49808)
    at dispatch (https://d1hjvew1n9ss7u.cloudfront.net/assets/shjs.js?t=639255987001545277:0:32701)
    at a (https://d1hjvew1n9ss7u.cloudfront.net/assets/shjs.js?t=639255987001545277:0:28480)
[  828936ms] [LOG] Banner não encontrado: banner-232 @ https://d1hjvew1n9ss7u.cloudfront.net/asset.axd?id=PAEAAB-LCAAAAAAAAAOtj0EPwUAQhf-KzLnsKqu64iBu4oSbOKzt0G2qKztTkQi_3abi6Ob43vfem8wDLIMGxjuLytwM2eCuPOvZ0gRCnrd86k8hgSaGNr5llFE40CdTEyZQXKP_EtuuRREhaA5tJLcIJqM8VSqfZlIO1VilWRYT9puwhStAjyZqIKM4fm1HoPeP333qLi5bYn8RS98wNix2JV6QxNrXRizOwRRGrLbi88ygIngm_1k8YzCOusXD8w1y8dfTPAEAAA%3d%3d:754
[  828973ms] [LOG] %c Widde Video Commerce %c v24604ee %c Build: 21/09/2026 20:39 %c border: 1px solid #2567f8; background: #2567f8; color: #fff; font-weight: bold; padding: 4px 8px; border-radius: 3px 0 0 0; border: 1px solid #2567f8; border-left: none; background: #FFF; color: #2567f8; font-weight: bold; padding: 4px 8px; border: 1px solid #2567f8; border-left: none; background: #f0f0f0; color: #333; font-weight: bold; padding: 4px 8px; border-radius: 0 3px 3px 0; background: transparent @ https://cdn.widde.io/assets/main.utzwjalemu.js:0
[  829429ms] Uncaught (in promise) TypeError: Cannot read properties of null (reading 'store_id')
    at loadProduct (https://static.trustvox.com.br/sincero/sincero.js:0:364742)
    at <anonymous> (https://static.trustvox.com.br/sincero/sincero.js:0:104392)
    at r.dispatch (https://static.trustvox.com.br/sincero/sincero.js:0:106041)
    at dispatch (https://static.trustvox.com.br/sincero/sincero.js:0:102087)
    at t.context.a.dispatch (https://static.trustvox.com.br/sincero/sincero.js:0:103635)
    at loadProfiles (https://static.trustvox.com.br/sincero/sincero.js:0:376970)
    at <anonymous> (https://static.trustvox.com.br/sincero/sincero.js:0:104392)
    at r.dispatch (https://static.trustvox.com.br/sincero/sincero.js:0:106041)
    at dispatch (https://static.trustvox.com.br/sincero/sincero.js:0:102087)
    at t.context.a.dispatch (https://static.trustvox.com.br/sincero/sincero.js:0:103635)
    at <anonymous> (https://static.trustvox.com.br/sincero/sincero.js:0:376597)
[  829211ms] [LOG] %c Tryon Widde.io %c %s %c border: 1px solid #2567f8; background: #2567f8; color: #fff; font-weight: bold; padding: 4px 8px; border-radius: 3px 0 0 3px; border: 1px solid #2567f8; background: #FFF; color: #2567f8; font-weight: bold; padding: 4px 8px; border-radius: 0 3px 3px 0; 47bf7c2 background: transparent @ https://cdn-tryon.widde.io/widde-tryon.js:86
[  829242ms] [LOG] [tryon-tracker] initialized {domain: www.lolacosmetics.com.br} @ https://cdn-tryon.widde.io/widde-tryon.js:8
[  835329ms] [WARNING] Error with Feature-Policy header: Some features are specified in both Feature-Policy and Permissions-Policy header: payment, fullscreen, microphone, camera. Values defined in Permissions-Policy header will be used. @ :0
[  835876ms] [ERROR] Failed to load resource: the server responded with a status of 500 () @ https://fonts.cdnfonts.com/css/leelawade:0
[  836155ms] [ERROR] Failed to load resource: the server responded with a status of 404 () @ https://lolacosmetics.admin.linxcommerce.com.br/Custom/Content/Themes/Lola/Styles/Fonts/FontAwesome/all.css:0
[  836162ms] [LOG] Trustvox rating | PDP: 46391 tipo: 3 @ https://www.lolacosmetics.com.br/volumao-spray-250ml-ps-19629-322-p46391:19
[  836162ms] [LOG] Trustvox rating | ID final usado = 46391 @ https://www.lolacosmetics.com.br/volumao-spray-250ml-ps-19629-322-p46391:19
[  836162ms] [LOG] Trustvox PDP | product: 46391 | type: 3 | usedId: 46391 @ https://www.lolacosmetics.com.br/volumao-spray-250ml-ps-19629-322-p46391:52
[  836200ms] [LOG] Banner não encontrado: banner-232 @ https://d1hjvew1n9ss7u.cloudfront.net/asset.axd?id=PAEAAB-LCAAAAAAAAAOtj0EPwUAQhf-KzLnsKqu64iBu4oSbOKzt0G2qKztTkQi_3abi6Ob43vfem8wDLIMGxjuLytwM2eCuPOvZ0gRCnrd86k8hgSaGNr5llFE40CdTEyZQXKP_EtuuRREhaA5tJLcIJqM8VSqfZlIO1VilWRYT9puwhStAjyZqIKM4fm1HoPeP333qLi5bYn8RS98wNix2JV6QxNrXRizOwRRGrLbi88ygIngm_1k8YzCOusXD8w1y8dfTPAEAAA%3d%3d:754
[  836202ms] [LOG] [Debug Carrinho] Polling ativo @ https://d1hjvew1n9ss7u.cloudfront.net/asset.axd?id=PAEAAB-LCAAAAAAAAAOtj0EPwUAQhf-KzLnsKqu64iBu4oSbOKzt0G2qKztTkQi_3abi6Ob43vfem8wDLIMGxjuLytwM2eCuPOvZ0gRCnrd86k8hgSaGNr5llFE40CdTEyZQXKP_EtuuRREhaA5tJLcIJqM8VSqfZlIO1VilWRYT9puwhStAjyZqIKM4fm1HoPeP333qLi5bYn8RS98wNix2JV6QxNrXRizOwRRGrLbi88ygIngm_1k8YzCOusXD8w1y8dfTPAEAAA%3d%3d:1790
[  836249ms] [LOG] add @ https://d1hjvew1n9ss7u.cloudfront.net/asset.axd?id=PAEAAB-LCAAAAAAAAAOtj0EPwUAQhf-KzLnsKqu64iBu4oSbOKzt0G2qKztTkQi_3abi6Ob43vfem8wDLIMGxjuLytwM2eCuPOvZ0gRCnrd86k8hgSaGNr5llFE40CdTEyZQXKP_EtuuRREhaA5tJLcIJqM8VSqfZlIO1VilWRYT9puwhStAjyZqIKM4fm1HoPeP333qLi5bYn8RS98wNix2JV6QxNrXRizOwRRGrLbi88ygIngm_1k8YzCOusXD8w1y8dfTPAEAAA%3d%3d:1
[  836250ms] [WARNING] !! Há erros de scripts de terceiros !!
Por favor, contate a Empresa responsável pelo script.  @ https://d1hjvew1n9ss7u.cloudfront.net/assets/shjs.js?t=639255987001545277:0
[  836251ms] Uncaught Error: You must pass a string or Handlebars AST to Handlebars.compile. You passed null
    at e.compile (https://d1hjvew1n9ss7u.cloudfront.net/asset.axd?id=PAEAAB-LCAAAAAAAAAOtj0EPwUAQhf-KzLnsKqu64iBu4oSbOKzt0G2qKztTkQi_3abi6Ob43vfem8wDLIMGxjuLytwM2eCuPOvZ0gRCnrd86k8hgSaGNr5llFE40CdTEyZQXKP_EtuuRREhaA5tJLcIJqM8VSqfZlIO1VilWRYT9puwhStAjyZqIKM4fm1HoPeP333qLi5bYn8RS98wNix2JV6QxNrXRizOwRRGrLbi88ygIngm_1k8YzCOusXD8w1y8dfTPAEAAA%3d%3d:1794:49302)
    at i.compile (https://d1hjvew1n9ss7u.cloudfront.net/asset.axd?id=PAEAAB-LCAAAAAAAAAOtj0EPwUAQhf-KzLnsKqu64iBu4oSbOKzt0G2qKztTkQi_3abi6Ob43vfem8wDLIMGxjuLytwM2eCuPOvZ0gRCnrd86k8hgSaGNr5llFE40CdTEyZQXKP_EtuuRREhaA5tJLcIJqM8VSqfZlIO1VilWRYT9puwhStAjyZqIKM4fm1HoPeP333qLi5bYn8RS98wNix2JV6QxNrXRizOwRRGrLbi88ygIngm_1k8YzCOusXD8w1y8dfTPAEAAA%3d%3d:1794:343)
    at renderBasket (https://d1hjvew1n9ss7u.cloudfront.net/asset.axd?id=PAEAAB-LCAAAAAAAAAOtj0EPwUAQhf-KzLnsKqu64iBu4oSbOKzt0G2qKztTkQi_3abi6Ob43vfem8wDLIMGxjuLytwM2eCuPOvZ0gRCnrd86k8hgSaGNr5llFE40CdTEyZQXKP_EtuuRREhaA5tJLcIJqM8VSqfZlIO1VilWRYT9puwhStAjyZqIKM4fm1HoPeP333qLi5bYn8RS98wNix2JV6QxNrXRizOwRRGrLbi88ygIngm_1k8YzCOusXD8w1y8dfTPAEAAA%3d%3d:29:27)
    at <anonymous> (https://d1hjvew1n9ss7u.cloudfront.net/asset.axd?id=PAEAAB-LCAAAAAAAAAOtj0EPwUAQhf-KzLnsKqu64iBu4oSbOKzt0G2qKztTkQi_3abi6Ob43vfem8wDLIMGxjuLytwM2eCuPOvZ0gRCnrd86k8hgSaGNr5llFE40CdTEyZQXKP_EtuuRREhaA5tJLcIJqM8VSqfZlIO1VilWRYT9puwhStAjyZqIKM4fm1HoPeP333qLi5bYn8RS98wNix2JV6QxNrXRizOwRRGrLbi88ygIngm_1k8YzCOusXD8w1y8dfTPAEAAA%3d%3d:220:1)
    at f (https://d1hjvew1n9ss7u.cloudfront.net/assets/shjs.js?t=639255987001545277:0:10382)
    at fireWith (https://d1hjvew1n9ss7u.cloudfront.net/assets/shjs.js?t=639255987001545277:0:11137)
    at ready (https://d1hjvew1n9ss7u.cloudfront.net/assets/shjs.js?t=639255987001545277:0:5238)
    at r (https://d1hjvew1n9ss7u.cloudfront.net/assets/shjs.js?t=639255987001545277:0:9748)
[  836253ms] [VERBOSE] [DOM] Input elements should have autocomplete attributes (suggested: "current-password"): (More info: https://goo.gl/9p2vKq) %o @ https://www.lolacosmetics.com.br/volumao-spray-250ml-ps-19629-322-p46391:0
[  836253ms] [VERBOSE] [DOM] Input elements should have autocomplete attributes (suggested: "current-password"): (More info: https://goo.gl/9p2vKq) %o @ https://www.lolacosmetics.com.br/volumao-spray-250ml-ps-19629-322-p46391:0
[  836356ms] [ERROR] Failed to load resource: net::ERR_NAME_NOT_RESOLVED @ https://event.getblue.io/js/blue-tag.min.js:0
[  836424ms] [LOG] AffiseStorage availability: {cookie: true, localStorage: true, sessionStorage: true} @ https://rankmediabrasil.g2afse.com/websdk.js:0
[  836424ms] [LOG] Status RNK Media - ClickId: null UTM: null @ :3
[  836444ms] [WARNING] [Meta Pixel] - Invalid parameter format for currency. Please refer https://developers.facebook.com/docs/meta-pixel/reference/ for valid parameter specifications. @ https://connect.facebook.net/en_US/fbevents.js:203
[  836461ms] [ERROR] Failed to load resource: the server responded with a status of 404 () @ https://d1hjvew1n9ss7u.cloudfront.net/Custom/Content/Themes/Lola/Agrada/CSS/ajax-loader.gif:0
[  836746ms] Uncaught TypeError: Cannot read properties of undefined (reading 'replace')
    at validaFreteGratis (https://d1hjvew1n9ss7u.cloudfront.net/asset.axd?id=PAEAAB-LCAAAAAAAAAOtj0EPwUAQhf-KzLnsKqu64iBu4oSbOKzt0G2qKztTkQi_3abi6Ob43vfem8wDLIMGxjuLytwM2eCuPOvZ0gRCnrd86k8hgSaGNr5llFE40CdTEyZQXKP_EtuuRREhaA5tJLcIJqM8VSqfZlIO1VilWRYT9puwhStAjyZqIKM4fm1HoPeP333qLi5bYn8RS98wNix2JV6QxNrXRizOwRRGrLbi88ygIngm_1k8YzCOusXD8w1y8dfTPAEAAA%3d%3d:1:7633)
    at <anonymous> (https://d1hjvew1n9ss7u.cloudfront.net/asset.axd?id=PAEAAB-LCAAAAAAAAAOtj0EPwUAQhf-KzLnsKqu64iBu4oSbOKzt0G2qKztTkQi_3abi6Ob43vfem8wDLIMGxjuLytwM2eCuPOvZ0gRCnrd86k8hgSaGNr5llFE40CdTEyZQXKP_EtuuRREhaA5tJLcIJqM8VSqfZlIO1VilWRYT9puwhStAjyZqIKM4fm1HoPeP333qLi5bYn8RS98wNix2JV6QxNrXRizOwRRGrLbi88ygIngm_1k8YzCOusXD8w1y8dfTPAEAAA%3d%3d:1:49808)
    at dispatch (https://d1hjvew1n9ss7u.cloudfront.net/assets/shjs.js?t=639255987001545277:0:32701)
    at a (https://d1hjvew1n9ss7u.cloudfront.net/assets/shjs.js?t=639255987001545277:0:28480)
[  836745ms] [LOG] Banner não encontrado: banner-232 @ https://d1hjvew1n9ss7u.cloudfront.net/asset.axd?id=PAEAAB-LCAAAAAAAAAOtj0EPwUAQhf-KzLnsKqu64iBu4oSbOKzt0G2qKztTkQi_3abi6Ob43vfem8wDLIMGxjuLytwM2eCuPOvZ0gRCnrd86k8hgSaGNr5llFE40CdTEyZQXKP_EtuuRREhaA5tJLcIJqM8VSqfZlIO1VilWRYT9puwhStAjyZqIKM4fm1HoPeP333qLi5bYn8RS98wNix2JV6QxNrXRizOwRRGrLbi88ygIngm_1k8YzCOusXD8w1y8dfTPAEAAA%3d%3d:754
[  836764ms] [LOG] %c Widde Video Commerce %c v24604ee %c Build: 21/09/2026 20:39 %c border: 1px solid #2567f8; background: #2567f8; color: #fff; font-weight: bold; padding: 4px 8px; border-radius: 3px 0 0 0; border: 1px solid #2567f8; border-left: none; background: #FFF; color: #2567f8; font-weight: bold; padding: 4px 8px; border: 1px solid #2567f8; border-left: none; background: #f0f0f0; color: #333; font-weight: bold; padding: 4px 8px; border-radius: 0 3px 3px 0; background: transparent @ https://cdn.widde.io/assets/main.utzwjalemu.js:0
[  836967ms] [LOG] %c Tryon Widde.io %c %s %c border: 1px solid #2567f8; background: #2567f8; color: #fff; font-weight: bold; padding: 4px 8px; border-radius: 3px 0 0 3px; border: 1px solid #2567f8; background: #FFF; color: #2567f8; font-weight: bold; padding: 4px 8px; border-radius: 0 3px 3px 0; 47bf7c2 background: transparent @ https://cdn-tryon.widde.io/widde-tryon.js:86
[  836991ms] [LOG] [tryon-tracker] initialized {domain: www.lolacosmetics.com.br} @ https://cdn-tryon.widde.io/widde-tryon.js:8
[  846442ms] [WARNING] The resource https://fonts.cdnfonts.com/css/leelawade was preloaded using link preload but not used within a few seconds from the window's load event. Please make sure it has an appropriate `as` value and it is preloaded intentionally. @ https://www.lolacosmetics.com.br/volumao-spray-250ml-ps-19629-322-p46391:0
[  849796ms] [WARNING] The resource https://fonts.cdnfonts.com/css/leelawade was preloaded using link preload but not used within a few seconds from the window's load event. Please make sure it has an appropriate `as` value and it is preloaded intentionally. @ https://www.lolacosmetics.com.br/volumao-spray-250ml-ps-19629-322-p46391:0
[  930295ms] [WARNING] The resource https://fonts.cdnfonts.com/css/leelawade was preloaded using link preload but not used within a few seconds from the window's load event. Please make sure it has an appropriate `as` value and it is preloaded intentionally. @ https://www.lolacosmetics.com.br/volumao-spray-250ml-ps-19629-322-p46391:0
[  976084ms] [VERBOSE] [DOM] Input elements should have autocomplete attributes (suggested: "current-password"): (More info: https://goo.gl/9p2vKq) %o @ http://127.0.0.1:4350/volumao-shampoo-250ml-ps-19629-321-p46389:0
[  976088ms] [VERBOSE] [DOM] Input elements should have autocomplete attributes (suggested: "current-password"): (More info: https://goo.gl/9p2vKq) %o @ http://127.0.0.1:4350/volumao-shampoo-250ml-ps-19629-321-p46389:0
[  980677ms] [WARNING] Error with Feature-Policy header: Some features are specified in both Feature-Policy and Permissions-Policy header: payment, fullscreen, microphone, camera. Values defined in Permissions-Policy header will be used. @ :0
[  981423ms] [ERROR] Failed to load resource: the server responded with a status of 500 () @ https://fonts.cdnfonts.com/css/leelawade:0
[  981740ms] [ERROR] Failed to load resource: the server responded with a status of 404 () @ https://lolacosmetics.admin.linxcommerce.com.br/Custom/Content/Themes/Lola/Styles/Fonts/FontAwesome/all.css:0
[  981756ms] [LOG] Trustvox rating | PDP: 46389 tipo: 3 @ https://www.lolacosmetics.com.br/volumao-shampoo-250ml-ps-19629-321-p46389:16
[  981756ms] [LOG] Trustvox rating | ID final usado = 46389 @ https://www.lolacosmetics.com.br/volumao-shampoo-250ml-ps-19629-321-p46389:16
[  981831ms] [LOG] Trustvox PDP | product: 46389 | type: 3 | usedId: 46389 @ https://www.lolacosmetics.com.br/volumao-shampoo-250ml-ps-19629-321-p46389:44
[  981975ms] [LOG] Banner não encontrado: banner-232 @ https://d1hjvew1n9ss7u.cloudfront.net/asset.axd?id=PAEAAB-LCAAAAAAAAAOtj0EPwUAQhf-KzLnsKqu64iBu4oSbOKzt0G2qKztTkQi_3abi6Ob43vfem8wDLIMGxjuLytwM2eCuPOvZ0gRCnrd86k8hgSaGNr5llFE40CdTEyZQXKP_EtuuRREhaA5tJLcIJqM8VSqfZlIO1VilWRYT9puwhStAjyZqIKM4fm1HoPeP333qLi5bYn8RS98wNix2JV6QxNrXRizOwRRGrLbi88ygIngm_1k8YzCOusXD8w1y8dfTPAEAAA%3d%3d:754
[  981980ms] [LOG] [Debug Carrinho] Polling ativo @ https://d1hjvew1n9ss7u.cloudfront.net/asset.axd?id=PAEAAB-LCAAAAAAAAAOtj0EPwUAQhf-KzLnsKqu64iBu4oSbOKzt0G2qKztTkQi_3abi6Ob43vfem8wDLIMGxjuLytwM2eCuPOvZ0gRCnrd86k8hgSaGNr5llFE40CdTEyZQXKP_EtuuRREhaA5tJLcIJqM8VSqfZlIO1VilWRYT9puwhStAjyZqIKM4fm1HoPeP333qLi5bYn8RS98wNix2JV6QxNrXRizOwRRGrLbi88ygIngm_1k8YzCOusXD8w1y8dfTPAEAAA%3d%3d:1790
[  982105ms] [LOG] add @ https://d1hjvew1n9ss7u.cloudfront.net/asset.axd?id=PAEAAB-LCAAAAAAAAAOtj0EPwUAQhf-KzLnsKqu64iBu4oSbOKzt0G2qKztTkQi_3abi6Ob43vfem8wDLIMGxjuLytwM2eCuPOvZ0gRCnrd86k8hgSaGNr5llFE40CdTEyZQXKP_EtuuRREhaA5tJLcIJqM8VSqfZlIO1VilWRYT9puwhStAjyZqIKM4fm1HoPeP333qLi5bYn8RS98wNix2JV6QxNrXRizOwRRGrLbi88ygIngm_1k8YzCOusXD8w1y8dfTPAEAAA%3d%3d:1
[  982114ms] [WARNING] !! Há erros de scripts de terceiros !!
Por favor, contate a Empresa responsável pelo script.  @ https://d1hjvew1n9ss7u.cloudfront.net/assets/shjs.js?t=639255987001545277:0
[  982226ms] Uncaught Error: You must pass a string or Handlebars AST to Handlebars.compile. You passed null
    at e.compile (https://d1hjvew1n9ss7u.cloudfront.net/asset.axd?id=PAEAAB-LCAAAAAAAAAOtj0EPwUAQhf-KzLnsKqu64iBu4oSbOKzt0G2qKztTkQi_3abi6Ob43vfem8wDLIMGxjuLytwM2eCuPOvZ0gRCnrd86k8hgSaGNr5llFE40CdTEyZQXKP_EtuuRREhaA5tJLcIJqM8VSqfZlIO1VilWRYT9puwhStAjyZqIKM4fm1HoPeP333qLi5bYn8RS98wNix2JV6QxNrXRizOwRRGrLbi88ygIngm_1k8YzCOusXD8w1y8dfTPAEAAA%3d%3d:1794:49302)
    at i.compile (https://d1hjvew1n9ss7u.cloudfront.net/asset.axd?id=PAEAAB-LCAAAAAAAAAOtj0EPwUAQhf-KzLnsKqu64iBu4oSbOKzt0G2qKztTkQi_3abi6Ob43vfem8wDLIMGxjuLytwM2eCuPOvZ0gRCnrd86k8hgSaGNr5llFE40CdTEyZQXKP_EtuuRREhaA5tJLcIJqM8VSqfZlIO1VilWRYT9puwhStAjyZqIKM4fm1HoPeP333qLi5bYn8RS98wNix2JV6QxNrXRizOwRRGrLbi88ygIngm_1k8YzCOusXD8w1y8dfTPAEAAA%3d%3d:1794:343)
    at renderBasket (https://d1hjvew1n9ss7u.cloudfront.net/asset.axd?id=PAEAAB-LCAAAAAAAAAOtj0EPwUAQhf-KzLnsKqu64iBu4oSbOKzt0G2qKztTkQi_3abi6Ob43vfem8wDLIMGxjuLytwM2eCuPOvZ0gRCnrd86k8hgSaGNr5llFE40CdTEyZQXKP_EtuuRREhaA5tJLcIJqM8VSqfZlIO1VilWRYT9puwhStAjyZqIKM4fm1HoPeP333qLi5bYn8RS98wNix2JV6QxNrXRizOwRRGrLbi88ygIngm_1k8YzCOusXD8w1y8dfTPAEAAA%3d%3d:29:27)
    at <anonymous> (https://d1hjvew1n9ss7u.cloudfront.net/asset.axd?id=PAEAAB-LCAAAAAAAAAOtj0EPwUAQhf-KzLnsKqu64iBu4oSbOKzt0G2qKztTkQi_3abi6Ob43vfem8wDLIMGxjuLytwM2eCuPOvZ0gRCnrd86k8hgSaGNr5llFE40CdTEyZQXKP_EtuuRREhaA5tJLcIJqM8VSqfZlIO1VilWRYT9puwhStAjyZqIKM4fm1HoPeP333qLi5bYn8RS98wNix2JV6QxNrXRizOwRRGrLbi88ygIngm_1k8YzCOusXD8w1y8dfTPAEAAA%3d%3d:220:1)
    at f (https://d1hjvew1n9ss7u.cloudfront.net/assets/shjs.js?t=639255987001545277:0:10382)
    at fireWith (https://d1hjvew1n9ss7u.cloudfront.net/assets/shjs.js?t=639255987001545277:0:11137)
    at ready (https://d1hjvew1n9ss7u.cloudfront.net/assets/shjs.js?t=639255987001545277:0:5238)
    at r (https://d1hjvew1n9ss7u.cloudfront.net/assets/shjs.js?t=639255987001545277:0:9748)
[  982123ms] [VERBOSE] [DOM] Input elements should have autocomplete attributes (suggested: "current-password"): (More info: https://goo.gl/9p2vKq) %o @ https://www.lolacosmetics.com.br/volumao-shampoo-250ml-ps-19629-321-p46389:0
[  982123ms] [VERBOSE] [DOM] Input elements should have autocomplete attributes (suggested: "current-password"): (More info: https://goo.gl/9p2vKq) %o @ https://www.lolacosmetics.com.br/volumao-shampoo-250ml-ps-19629-321-p46389:0
[  982364ms] [ERROR] Failed to load resource: the server responded with a status of 404 () @ https://d1hjvew1n9ss7u.cloudfront.net/Custom/Content/Themes/Lola/Agrada/CSS/ajax-loader.gif:0
[  982684ms] [ERROR] Failed to load resource: net::ERR_NAME_NOT_RESOLVED @ https://event.getblue.io/js/blue-tag.min.js:0
[  983509ms] [LOG] AffiseStorage availability: {cookie: true, localStorage: true, sessionStorage: true} @ https://rankmediabrasil.g2afse.com/websdk.js:0
[  983510ms] [LOG] Status RNK Media - ClickId: null UTM: null @ :3
[  983678ms] [WARNING] [Meta Pixel] - Invalid parameter format for currency. Please refer https://developers.facebook.com/docs/meta-pixel/reference/ for valid parameter specifications. @ https://connect.facebook.net/en_US/fbevents.js:203
[  984044ms] Uncaught TypeError: Cannot read properties of undefined (reading 'replace')
    at validaFreteGratis (https://d1hjvew1n9ss7u.cloudfront.net/asset.axd?id=PAEAAB-LCAAAAAAAAAOtj0EPwUAQhf-KzLnsKqu64iBu4oSbOKzt0G2qKztTkQi_3abi6Ob43vfem8wDLIMGxjuLytwM2eCuPOvZ0gRCnrd86k8hgSaGNr5llFE40CdTEyZQXKP_EtuuRREhaA5tJLcIJqM8VSqfZlIO1VilWRYT9puwhStAjyZqIKM4fm1HoPeP333qLi5bYn8RS98wNix2JV6QxNrXRizOwRRGrLbi88ygIngm_1k8YzCOusXD8w1y8dfTPAEAAA%3d%3d:1:7633)
    at <anonymous> (https://d1hjvew1n9ss7u.cloudfront.net/asset.axd?id=PAEAAB-LCAAAAAAAAAOtj0EPwUAQhf-KzLnsKqu64iBu4oSbOKzt0G2qKztTkQi_3abi6Ob43vfem8wDLIMGxjuLytwM2eCuPOvZ0gRCnrd86k8hgSaGNr5llFE40CdTEyZQXKP_EtuuRREhaA5tJLcIJqM8VSqfZlIO1VilWRYT9puwhStAjyZqIKM4fm1HoPeP333qLi5bYn8RS98wNix2JV6QxNrXRizOwRRGrLbi88ygIngm_1k8YzCOusXD8w1y8dfTPAEAAA%3d%3d:1:49808)
    at dispatch (https://d1hjvew1n9ss7u.cloudfront.net/assets/shjs.js?t=639255987001545277:0:32701)
    at a (https://d1hjvew1n9ss7u.cloudfront.net/assets/shjs.js?t=639255987001545277:0:28480)
[  984013ms] [LOG] Banner não encontrado: banner-232 @ https://d1hjvew1n9ss7u.cloudfront.net/asset.axd?id=PAEAAB-LCAAAAAAAAAOtj0EPwUAQhf-KzLnsKqu64iBu4oSbOKzt0G2qKztTkQi_3abi6Ob43vfem8wDLIMGxjuLytwM2eCuPOvZ0gRCnrd86k8hgSaGNr5llFE40CdTEyZQXKP_EtuuRREhaA5tJLcIJqM8VSqfZlIO1VilWRYT9puwhStAjyZqIKM4fm1HoPeP333qLi5bYn8RS98wNix2JV6QxNrXRizOwRRGrLbi88ygIngm_1k8YzCOusXD8w1y8dfTPAEAAA%3d%3d:754
[  984516ms] [LOG] %c Widde Video Commerce %c v24604ee %c Build: 21/09/2026 20:39 %c border: 1px solid #2567f8; background: #2567f8; color: #fff; font-weight: bold; padding: 4px 8px; border-radius: 3px 0 0 0; border: 1px solid #2567f8; border-left: none; background: #FFF; color: #2567f8; font-weight: bold; padding: 4px 8px; border: 1px solid #2567f8; border-left: none; background: #f0f0f0; color: #333; font-weight: bold; padding: 4px 8px; border-radius: 0 3px 3px 0; background: transparent @ https://cdn.widde.io/assets/main.utzwjalemu.js:0
[  984706ms] [LOG] %c Tryon Widde.io %c %s %c border: 1px solid #2567f8; background: #2567f8; color: #fff; font-weight: bold; padding: 4px 8px; border-radius: 3px 0 0 3px; border: 1px solid #2567f8; background: #FFF; color: #2567f8; font-weight: bold; padding: 4px 8px; border-radius: 0 3px 3px 0; 47bf7c2 background: transparent @ https://cdn-tryon.widde.io/widde-tryon.js:86
[  984736ms] [LOG] [tryon-tracker] initialized {domain: www.lolacosmetics.com.br} @ https://cdn-tryon.widde.io/widde-tryon.js:8
[  992663ms] [WARNING] The resource https://fonts.cdnfonts.com/css/leelawade was preloaded using link preload but not used within a few seconds from the window's load event. Please make sure it has an appropriate `as` value and it is preloaded intentionally. @ https://www.lolacosmetics.com.br/volumao-shampoo-250ml-ps-19629-321-p46389:0
