[    1295ms] [WARNING] Error with Feature-Policy header: Some features are specified in both Feature-Policy and Permissions-Policy header: payment, fullscreen, microphone, camera. Values defined in Permissions-Policy header will be used. @ :0
[    1658ms] [ERROR] Failed to load resource: the server responded with a status of 500 () @ https://fonts.cdnfonts.com/css/leelawade:0
[    2181ms] [ERROR] Failed to load resource: the server responded with a status of 404 () @ https://lolacosmetics.admin.linxcommerce.com.br/Custom/Content/Themes/Lola/Styles/Fonts/FontAwesome/all.css:0
[    2651ms] [LOG] Banner não encontrado: banner-232 @ https://d1hjvew1n9ss7u.cloudfront.net/asset.axd?id=PAEAAB-LCAAAAAAAAAOtj0EPwUAQhf-KzLnsKqu64iBu4oSbOKzt0G2qKztTkQi_3abi6Ob43vfem8wDLIMGxjuLytwM2eCuPOvZ0gRCnrd86k8hgSaGNr5llFE40CdTEyZQXKP_EtuuRREhaA5tJLcIJqM8VSqfZlIO1VilWRYT9puwhStAjyZqIKM4fm1HoPeP333qLi5bYn8RS98wNix2JV6QxNrXRizOwRRGrLbi88ygIngm_1k8YzCOusXD8w1y8dfTPAEAAA%3d%3d:754
[    2653ms] [LOG] [Debug Carrinho] Polling ativo @ https://d1hjvew1n9ss7u.cloudfront.net/asset.axd?id=PAEAAB-LCAAAAAAAAAOtj0EPwUAQhf-KzLnsKqu64iBu4oSbOKzt0G2qKztTkQi_3abi6Ob43vfem8wDLIMGxjuLytwM2eCuPOvZ0gRCnrd86k8hgSaGNr5llFE40CdTEyZQXKP_EtuuRREhaA5tJLcIJqM8VSqfZlIO1VilWRYT9puwhStAjyZqIKM4fm1HoPeP333qLi5bYn8RS98wNix2JV6QxNrXRizOwRRGrLbi88ygIngm_1k8YzCOusXD8w1y8dfTPAEAAA%3d%3d:1790
[    2706ms] [LOG] categoria @ https://d1hjvew1n9ss7u.cloudfront.net/asset.axd?id=PAEAAB-LCAAAAAAAAAOtj0EPwUAQhf-KzLnsKqu64iBu4oSbOKzt0G2qKztTkQi_3abi6Ob43vfem8wDLIMGxjuLytwM2eCuPOvZ0gRCnrd86k8hgSaGNr5llFE40CdTEyZQXKP_EtuuRREhaA5tJLcIJqM8VSqfZlIO1VilWRYT9puwhStAjyZqIKM4fm1HoPeP333qLi5bYn8RS98wNix2JV6QxNrXRizOwRRGrLbi88ygIngm_1k8YzCOusXD8w1y8dfTPAEAAA%3d%3d:1
[    2707ms] [WARNING] !! Há erros de scripts de terceiros !!
Por favor, contate a Empresa responsável pelo script.  @ https://d1hjvew1n9ss7u.cloudfront.net/assets/shjs.js?t=639255987001545277:0
[    2708ms] Uncaught Error: You must pass a string or Handlebars AST to Handlebars.compile. You passed null
    at e.compile (https://d1hjvew1n9ss7u.cloudfront.net/asset.axd?id=PAEAAB-LCAAAAAAAAAOtj0EPwUAQhf-KzLnsKqu64iBu4oSbOKzt0G2qKztTkQi_3abi6Ob43vfem8wDLIMGxjuLytwM2eCuPOvZ0gRCnrd86k8hgSaGNr5llFE40CdTEyZQXKP_EtuuRREhaA5tJLcIJqM8VSqfZlIO1VilWRYT9puwhStAjyZqIKM4fm1HoPeP333qLi5bYn8RS98wNix2JV6QxNrXRizOwRRGrLbi88ygIngm_1k8YzCOusXD8w1y8dfTPAEAAA%3d%3d:1794:49302)
    at i.compile (https://d1hjvew1n9ss7u.cloudfront.net/asset.axd?id=PAEAAB-LCAAAAAAAAAOtj0EPwUAQhf-KzLnsKqu64iBu4oSbOKzt0G2qKztTkQi_3abi6Ob43vfem8wDLIMGxjuLytwM2eCuPOvZ0gRCnrd86k8hgSaGNr5llFE40CdTEyZQXKP_EtuuRREhaA5tJLcIJqM8VSqfZlIO1VilWRYT9puwhStAjyZqIKM4fm1HoPeP333qLi5bYn8RS98wNix2JV6QxNrXRizOwRRGrLbi88ygIngm_1k8YzCOusXD8w1y8dfTPAEAAA%3d%3d:1794:343)
    at renderBasket (https://d1hjvew1n9ss7u.cloudfront.net/asset.axd?id=PAEAAB-LCAAAAAAAAAOtj0EPwUAQhf-KzLnsKqu64iBu4oSbOKzt0G2qKztTkQi_3abi6Ob43vfem8wDLIMGxjuLytwM2eCuPOvZ0gRCnrd86k8hgSaGNr5llFE40CdTEyZQXKP_EtuuRREhaA5tJLcIJqM8VSqfZlIO1VilWRYT9puwhStAjyZqIKM4fm1HoPeP333qLi5bYn8RS98wNix2JV6QxNrXRizOwRRGrLbi88ygIngm_1k8YzCOusXD8w1y8dfTPAEAAA%3d%3d:29:27)
    at <anonymous> (https://d1hjvew1n9ss7u.cloudfront.net/asset.axd?id=PAEAAB-LCAAAAAAAAAOtj0EPwUAQhf-KzLnsKqu64iBu4oSbOKzt0G2qKztTkQi_3abi6Ob43vfem8wDLIMGxjuLytwM2eCuPOvZ0gRCnrd86k8hgSaGNr5llFE40CdTEyZQXKP_EtuuRREhaA5tJLcIJqM8VSqfZlIO1VilWRYT9puwhStAjyZqIKM4fm1HoPeP333qLi5bYn8RS98wNix2JV6QxNrXRizOwRRGrLbi88ygIngm_1k8YzCOusXD8w1y8dfTPAEAAA%3d%3d:220:1)
    at f (https://d1hjvew1n9ss7u.cloudfront.net/assets/shjs.js?t=639255987001545277:0:10382)
    at fireWith (https://d1hjvew1n9ss7u.cloudfront.net/assets/shjs.js?t=639255987001545277:0:11137)
    at ready (https://d1hjvew1n9ss7u.cloudfront.net/assets/shjs.js?t=639255987001545277:0:5238)
    at r (https://d1hjvew1n9ss7u.cloudfront.net/assets/shjs.js?t=639255987001545277:0:9748)
[    2721ms] [VERBOSE] [DOM] Input elements should have autocomplete attributes (suggested: "current-password"): (More info: https://goo.gl/9p2vKq) %o @ https://www.lolacosmetics.com.br/tratamentos:0
[    2721ms] [VERBOSE] [DOM] Input elements should have autocomplete attributes (suggested: "current-password"): (More info: https://goo.gl/9p2vKq) %o @ https://www.lolacosmetics.com.br/tratamentos:0
[    2799ms] [ERROR] Failed to load resource: net::ERR_NAME_NOT_RESOLVED @ https://event.getblue.io/js/blue-tag.min.js:0
[    3395ms] [WARNING] [Meta Pixel] - Invalid parameter format for currency. Please refer https://developers.facebook.com/docs/meta-pixel/reference/ for valid parameter specifications. @ https://connect.facebook.net/en_US/fbevents.js:203
[    3546ms] [LOG] AffiseStorage availability: {cookie: true, localStorage: true, sessionStorage: true} @ https://rankmediabrasil.g2afse.com/websdk.js:0
[    3548ms] [LOG] Status RNK Media - ClickId: null UTM: null @ :3
[    3822ms] [INFO] É necessário definir o storeID no Plugin TrustVox @ https://d1hjvew1n9ss7u.cloudfront.net/asset.axd?id=_woAAB-LCAAAAAAAAAO9lsFunDAQhl-l4rw122w3m1D1lEfooYeqh8HMgrNgW_aYDYrSZ--EaFVgIZWK1aP9__b3Y3uwnxNJSZYQPlH6CC146ZSlLx9kBc4jfQ10_HiXbBLNpu-qKJG23FJJdoTa4yYpLAu_0m_9MM8SJhm5wErLwu3u_ma_v787bLef9p_3N4cDO-TFIQtVJNnudi-23Mgv3con2Y_n5fG-Jz4ET6ZJH4wm1JS-ZfOpamzgYKJBgkuq9FyIYb949MnL5l8JpTFljQI01B0p6YeUqbaO5DtP2AiHEizxhoh2N4TNyOt41pmj4vi1KZUekkZCRIYwEKhaJvVyHN4Za2kaFL4y1qKbY04s67i5M2evdCkkEJbGdQ3qMKTOGlZ_axEkCY_g5HRZB8o6iqxQnkwgkYM_Ic8ZmgZcVyEU43V917guA8_DM76uXg5aj7FTbR3pCJKjU2f5TGKL9ajcr8R4LOVpicRSDE7pTLDXjL470tkvneLflHE03qE5Pc7Jr5XmOla-mq7frCEis8FCgV8kvsnReaIFp4CU0X9F_3FGTMH3tafWPAkHrwW3mGHii5PAOiVxDtkLcRh56PJAZKa34Vj8DyyjUdZKntgUszanZXKtRqQtg1YxCuAXXfBQ8rtLSrQEenwuZg098-fLbwJGClv_CgAA:52
[    3831ms] Uncaught TypeError: Cannot read properties of undefined (reading 'replace')
    at validaFreteGratis (https://d1hjvew1n9ss7u.cloudfront.net/asset.axd?id=PAEAAB-LCAAAAAAAAAOtj0EPwUAQhf-KzLnsKqu64iBu4oSbOKzt0G2qKztTkQi_3abi6Ob43vfem8wDLIMGxjuLytwM2eCuPOvZ0gRCnrd86k8hgSaGNr5llFE40CdTEyZQXKP_EtuuRREhaA5tJLcIJqM8VSqfZlIO1VilWRYT9puwhStAjyZqIKM4fm1HoPeP333qLi5bYn8RS98wNix2JV6QxNrXRizOwRRGrLbi88ygIngm_1k8YzCOusXD8w1y8dfTPAEAAA%3d%3d:1:7633)
    at <anonymous> (https://d1hjvew1n9ss7u.cloudfront.net/asset.axd?id=PAEAAB-LCAAAAAAAAAOtj0EPwUAQhf-KzLnsKqu64iBu4oSbOKzt0G2qKztTkQi_3abi6Ob43vfem8wDLIMGxjuLytwM2eCuPOvZ0gRCnrd86k8hgSaGNr5llFE40CdTEyZQXKP_EtuuRREhaA5tJLcIJqM8VSqfZlIO1VilWRYT9puwhStAjyZqIKM4fm1HoPeP333qLi5bYn8RS98wNix2JV6QxNrXRizOwRRGrLbi88ygIngm_1k8YzCOusXD8w1y8dfTPAEAAA%3d%3d:1:49808)
    at dispatch (https://d1hjvew1n9ss7u.cloudfront.net/assets/shjs.js?t=639255987001545277:0:32701)
    at a (https://d1hjvew1n9ss7u.cloudfront.net/assets/shjs.js?t=639255987001545277:0:28480)
[    3829ms] [LOG] Banner não encontrado: banner-232 @ https://d1hjvew1n9ss7u.cloudfront.net/asset.axd?id=PAEAAB-LCAAAAAAAAAOtj0EPwUAQhf-KzLnsKqu64iBu4oSbOKzt0G2qKztTkQi_3abi6Ob43vfem8wDLIMGxjuLytwM2eCuPOvZ0gRCnrd86k8hgSaGNr5llFE40CdTEyZQXKP_EtuuRREhaA5tJLcIJqM8VSqfZlIO1VilWRYT9puwhStAjyZqIKM4fm1HoPeP333qLi5bYn8RS98wNix2JV6QxNrXRizOwRRGrLbi88ygIngm_1k8YzCOusXD8w1y8dfTPAEAAA%3d%3d:754
[    4177ms] [LOG] %c Widde Video Commerce %c v24604ee %c Build: 21/09/2026 20:39 %c border: 1px solid #2567f8; background: #2567f8; color: #fff; font-weight: bold; padding: 4px 8px; border-radius: 3px 0 0 0; border: 1px solid #2567f8; border-left: none; background: #FFF; color: #2567f8; font-weight: bold; padding: 4px 8px; border: 1px solid #2567f8; border-left: none; background: #f0f0f0; color: #333; font-weight: bold; padding: 4px 8px; border-radius: 0 3px 3px 0; background: transparent @ https://cdn.widde.io/assets/main.utzwjalemu.js:0
[    4338ms] [LOG] %c Tryon Widde.io %c %s %c border: 1px solid #2567f8; background: #2567f8; color: #fff; font-weight: bold; padding: 4px 8px; border-radius: 3px 0 0 3px; border: 1px solid #2567f8; background: #FFF; color: #2567f8; font-weight: bold; padding: 4px 8px; border-radius: 0 3px 3px 0; 47bf7c2 background: transparent @ https://cdn-tryon.widde.io/widde-tryon.js:86
[    4346ms] [LOG] [tryon-tracker] initialized {domain: www.lolacosmetics.com.br} @ https://cdn-tryon.widde.io/widde-tryon.js:8
[   16918ms] [WARNING] The resource https://fonts.cdnfonts.com/css/leelawade was preloaded using link preload but not used within a few seconds from the window's load event. Please make sure it has an appropriate `as` value and it is preloaded intentionally. @ https://www.lolacosmetics.com.br/tratamentos:0
[   33055ms] [WARNING] The resource https://fonts.cdnfonts.com/css/leelawade was preloaded using link preload but not used within a few seconds from the window's load event. Please make sure it has an appropriate `as` value and it is preloaded intentionally. @ https://www.lolacosmetics.com.br/tratamentos:0
[   39600ms] [WARNING] The resource https://fonts.cdnfonts.com/css/leelawade was preloaded using link preload but not used within a few seconds from the window's load event. Please make sure it has an appropriate `as` value and it is preloaded intentionally. @ https://www.lolacosmetics.com.br/tratamentos:0
[   46488ms] [WARNING] The resource https://fonts.cdnfonts.com/css/leelawade was preloaded using link preload but not used within a few seconds from the window's load event. Please make sure it has an appropriate `as` value and it is preloaded intentionally. @ https://www.lolacosmetics.com.br/tratamentos:0
[   96965ms] [WARNING] The resource https://fonts.cdnfonts.com/css/leelawade was preloaded using link preload but not used within a few seconds from the window's load event. Please make sure it has an appropriate `as` value and it is preloaded intentionally. @ https://www.lolacosmetics.com.br/tratamentos:0
[   98310ms] [WARNING] Error with Feature-Policy header: Some features are specified in both Feature-Policy and Permissions-Policy header: payment, fullscreen, microphone, camera. Values defined in Permissions-Policy header will be used. @ :0
[   98737ms] [ERROR] Failed to load resource: the server responded with a status of 500 () @ https://fonts.cdnfonts.com/css/leelawade:0
[   99388ms] [ERROR] Failed to load resource: the server responded with a status of 404 () @ https://lolacosmetics.admin.linxcommerce.com.br/Custom/Content/Themes/Lola/Styles/Fonts/FontAwesome/all.css:0
[   99475ms] [LOG] Banner não encontrado: banner-232 @ https://d1hjvew1n9ss7u.cloudfront.net/asset.axd?id=PAEAAB-LCAAAAAAAAAOtj0EPwUAQhf-KzLnsKqu64iBu4oSbOKzt0G2qKztTkQi_3abi6Ob43vfem8wDLIMGxjuLytwM2eCuPOvZ0gRCnrd86k8hgSaGNr5llFE40CdTEyZQXKP_EtuuRREhaA5tJLcIJqM8VSqfZlIO1VilWRYT9puwhStAjyZqIKM4fm1HoPeP333qLi5bYn8RS98wNix2JV6QxNrXRizOwRRGrLbi88ygIngm_1k8YzCOusXD8w1y8dfTPAEAAA%3d%3d:754
[   99476ms] [LOG] [Debug Carrinho] Polling ativo @ https://d1hjvew1n9ss7u.cloudfront.net/asset.axd?id=PAEAAB-LCAAAAAAAAAOtj0EPwUAQhf-KzLnsKqu64iBu4oSbOKzt0G2qKztTkQi_3abi6Ob43vfem8wDLIMGxjuLytwM2eCuPOvZ0gRCnrd86k8hgSaGNr5llFE40CdTEyZQXKP_EtuuRREhaA5tJLcIJqM8VSqfZlIO1VilWRYT9puwhStAjyZqIKM4fm1HoPeP333qLi5bYn8RS98wNix2JV6QxNrXRizOwRRGrLbi88ygIngm_1k8YzCOusXD8w1y8dfTPAEAAA%3d%3d:1790
[   99524ms] [LOG] categoria @ https://d1hjvew1n9ss7u.cloudfront.net/asset.axd?id=PAEAAB-LCAAAAAAAAAOtj0EPwUAQhf-KzLnsKqu64iBu4oSbOKzt0G2qKztTkQi_3abi6Ob43vfem8wDLIMGxjuLytwM2eCuPOvZ0gRCnrd86k8hgSaGNr5llFE40CdTEyZQXKP_EtuuRREhaA5tJLcIJqM8VSqfZlIO1VilWRYT9puwhStAjyZqIKM4fm1HoPeP333qLi5bYn8RS98wNix2JV6QxNrXRizOwRRGrLbi88ygIngm_1k8YzCOusXD8w1y8dfTPAEAAA%3d%3d:1
[   99526ms] [WARNING] !! Há erros de scripts de terceiros !!
Por favor, contate a Empresa responsável pelo script.  @ https://d1hjvew1n9ss7u.cloudfront.net/assets/shjs.js?t=639255987001545277:0
[   99528ms] Uncaught Error: You must pass a string or Handlebars AST to Handlebars.compile. You passed null
    at e.compile (https://d1hjvew1n9ss7u.cloudfront.net/asset.axd?id=PAEAAB-LCAAAAAAAAAOtj0EPwUAQhf-KzLnsKqu64iBu4oSbOKzt0G2qKztTkQi_3abi6Ob43vfem8wDLIMGxjuLytwM2eCuPOvZ0gRCnrd86k8hgSaGNr5llFE40CdTEyZQXKP_EtuuRREhaA5tJLcIJqM8VSqfZlIO1VilWRYT9puwhStAjyZqIKM4fm1HoPeP333qLi5bYn8RS98wNix2JV6QxNrXRizOwRRGrLbi88ygIngm_1k8YzCOusXD8w1y8dfTPAEAAA%3d%3d:1794:49302)
    at i.compile (https://d1hjvew1n9ss7u.cloudfront.net/asset.axd?id=PAEAAB-LCAAAAAAAAAOtj0EPwUAQhf-KzLnsKqu64iBu4oSbOKzt0G2qKztTkQi_3abi6Ob43vfem8wDLIMGxjuLytwM2eCuPOvZ0gRCnrd86k8hgSaGNr5llFE40CdTEyZQXKP_EtuuRREhaA5tJLcIJqM8VSqfZlIO1VilWRYT9puwhStAjyZqIKM4fm1HoPeP333qLi5bYn8RS98wNix2JV6QxNrXRizOwRRGrLbi88ygIngm_1k8YzCOusXD8w1y8dfTPAEAAA%3d%3d:1794:343)
    at renderBasket (https://d1hjvew1n9ss7u.cloudfront.net/asset.axd?id=PAEAAB-LCAAAAAAAAAOtj0EPwUAQhf-KzLnsKqu64iBu4oSbOKzt0G2qKztTkQi_3abi6Ob43vfem8wDLIMGxjuLytwM2eCuPOvZ0gRCnrd86k8hgSaGNr5llFE40CdTEyZQXKP_EtuuRREhaA5tJLcIJqM8VSqfZlIO1VilWRYT9puwhStAjyZqIKM4fm1HoPeP333qLi5bYn8RS98wNix2JV6QxNrXRizOwRRGrLbi88ygIngm_1k8YzCOusXD8w1y8dfTPAEAAA%3d%3d:29:27)
    at <anonymous> (https://d1hjvew1n9ss7u.cloudfront.net/asset.axd?id=PAEAAB-LCAAAAAAAAAOtj0EPwUAQhf-KzLnsKqu64iBu4oSbOKzt0G2qKztTkQi_3abi6Ob43vfem8wDLIMGxjuLytwM2eCuPOvZ0gRCnrd86k8hgSaGNr5llFE40CdTEyZQXKP_EtuuRREhaA5tJLcIJqM8VSqfZlIO1VilWRYT9puwhStAjyZqIKM4fm1HoPeP333qLi5bYn8RS98wNix2JV6QxNrXRizOwRRGrLbi88ygIngm_1k8YzCOusXD8w1y8dfTPAEAAA%3d%3d:220:1)
    at f (https://d1hjvew1n9ss7u.cloudfront.net/assets/shjs.js?t=639255987001545277:0:10382)
    at fireWith (https://d1hjvew1n9ss7u.cloudfront.net/assets/shjs.js?t=639255987001545277:0:11137)
    at ready (https://d1hjvew1n9ss7u.cloudfront.net/assets/shjs.js?t=639255987001545277:0:5238)
    at r (https://d1hjvew1n9ss7u.cloudfront.net/assets/shjs.js?t=639255987001545277:0:9748)
[   99532ms] [VERBOSE] [DOM] Input elements should have autocomplete attributes (suggested: "current-password"): (More info: https://goo.gl/9p2vKq) %o @ https://www.lolacosmetics.com.br/tratamentos:0
[   99532ms] [VERBOSE] [DOM] Input elements should have autocomplete attributes (suggested: "current-password"): (More info: https://goo.gl/9p2vKq) %o @ https://www.lolacosmetics.com.br/tratamentos:0
[   99601ms] [ERROR] Failed to load resource: net::ERR_NAME_NOT_RESOLVED @ https://event.getblue.io/js/blue-tag.min.js:0
[   99852ms] [WARNING] [Meta Pixel] - Invalid parameter format for currency. Please refer https://developers.facebook.com/docs/meta-pixel/reference/ for valid parameter specifications. @ https://connect.facebook.net/en_US/fbevents.js:203
[  100412ms] [LOG] AffiseStorage availability: {cookie: true, localStorage: true, sessionStorage: true} @ https://rankmediabrasil.g2afse.com/websdk.js:0
[  100413ms] [LOG] Status RNK Media - ClickId: null UTM: null @ :3
[  100691ms] [INFO] É necessário definir o storeID no Plugin TrustVox @ https://d1hjvew1n9ss7u.cloudfront.net/asset.axd?id=_woAAB-LCAAAAAAAAAO9lsFunDAQhl-l4rw122w3m1D1lEfooYeqh8HMgrNgW_aYDYrSZ--EaFVgIZWK1aP9__b3Y3uwnxNJSZYQPlH6CC146ZSlLx9kBc4jfQ10_HiXbBLNpu-qKJG23FJJdoTa4yYpLAu_0m_9MM8SJhm5wErLwu3u_ma_v787bLef9p_3N4cDO-TFIQtVJNnudi-23Mgv3con2Y_n5fG-Jz4ET6ZJH4wm1JS-ZfOpamzgYKJBgkuq9FyIYb949MnL5l8JpTFljQI01B0p6YeUqbaO5DtP2AiHEizxhoh2N4TNyOt41pmj4vi1KZUekkZCRIYwEKhaJvVyHN4Za2kaFL4y1qKbY04s67i5M2evdCkkEJbGdQ3qMKTOGlZ_axEkCY_g5HRZB8o6iqxQnkwgkYM_Ic8ZmgZcVyEU43V917guA8_DM76uXg5aj7FTbR3pCJKjU2f5TGKL9ajcr8R4LOVpicRSDE7pTLDXjL470tkvneLflHE03qE5Pc7Jr5XmOla-mq7frCEis8FCgV8kvsnReaIFp4CU0X9F_3FGTMH3tafWPAkHrwW3mGHii5PAOiVxDtkLcRh56PJAZKa34Vj8DyyjUdZKntgUszanZXKtRqQtg1YxCuAXXfBQ8rtLSrQEenwuZg098-fLbwJGClv_CgAA:52
[  100704ms] Uncaught TypeError: Cannot read properties of undefined (reading 'replace')
    at validaFreteGratis (https://d1hjvew1n9ss7u.cloudfront.net/asset.axd?id=PAEAAB-LCAAAAAAAAAOtj0EPwUAQhf-KzLnsKqu64iBu4oSbOKzt0G2qKztTkQi_3abi6Ob43vfem8wDLIMGxjuLytwM2eCuPOvZ0gRCnrd86k8hgSaGNr5llFE40CdTEyZQXKP_EtuuRREhaA5tJLcIJqM8VSqfZlIO1VilWRYT9puwhStAjyZqIKM4fm1HoPeP333qLi5bYn8RS98wNix2JV6QxNrXRizOwRRGrLbi88ygIngm_1k8YzCOusXD8w1y8dfTPAEAAA%3d%3d:1:7633)
    at <anonymous> (https://d1hjvew1n9ss7u.cloudfront.net/asset.axd?id=PAEAAB-LCAAAAAAAAAOtj0EPwUAQhf-KzLnsKqu64iBu4oSbOKzt0G2qKztTkQi_3abi6Ob43vfem8wDLIMGxjuLytwM2eCuPOvZ0gRCnrd86k8hgSaGNr5llFE40CdTEyZQXKP_EtuuRREhaA5tJLcIJqM8VSqfZlIO1VilWRYT9puwhStAjyZqIKM4fm1HoPeP333qLi5bYn8RS98wNix2JV6QxNrXRizOwRRGrLbi88ygIngm_1k8YzCOusXD8w1y8dfTPAEAAA%3d%3d:1:49808)
    at dispatch (https://d1hjvew1n9ss7u.cloudfront.net/assets/shjs.js?t=639255987001545277:0:32701)
    at a (https://d1hjvew1n9ss7u.cloudfront.net/assets/shjs.js?t=639255987001545277:0:28480)
[  100696ms] [LOG] Banner não encontrado: banner-232 @ https://d1hjvew1n9ss7u.cloudfront.net/asset.axd?id=PAEAAB-LCAAAAAAAAAOtj0EPwUAQhf-KzLnsKqu64iBu4oSbOKzt0G2qKztTkQi_3abi6Ob43vfem8wDLIMGxjuLytwM2eCuPOvZ0gRCnrd86k8hgSaGNr5llFE40CdTEyZQXKP_EtuuRREhaA5tJLcIJqM8VSqfZlIO1VilWRYT9puwhStAjyZqIKM4fm1HoPeP333qLi5bYn8RS98wNix2JV6QxNrXRizOwRRGrLbi88ygIngm_1k8YzCOusXD8w1y8dfTPAEAAA%3d%3d:754
[  100718ms] [LOG] %c Widde Video Commerce %c v24604ee %c Build: 21/09/2026 20:39 %c border: 1px solid #2567f8; background: #2567f8; color: #fff; font-weight: bold; padding: 4px 8px; border-radius: 3px 0 0 0; border: 1px solid #2567f8; border-left: none; background: #FFF; color: #2567f8; font-weight: bold; padding: 4px 8px; border: 1px solid #2567f8; border-left: none; background: #f0f0f0; color: #333; font-weight: bold; padding: 4px 8px; border-radius: 0 3px 3px 0; background: transparent @ https://cdn.widde.io/assets/main.utzwjalemu.js:0
[  100768ms] [LOG] %c Tryon Widde.io %c %s %c border: 1px solid #2567f8; background: #2567f8; color: #fff; font-weight: bold; padding: 4px 8px; border-radius: 3px 0 0 3px; border: 1px solid #2567f8; background: #FFF; color: #2567f8; font-weight: bold; padding: 4px 8px; border-radius: 0 3px 3px 0; 47bf7c2 background: transparent @ https://cdn-tryon.widde.io/widde-tryon.js:86
[  100787ms] [LOG] [tryon-tracker] initialized {domain: www.lolacosmetics.com.br} @ https://cdn-tryon.widde.io/widde-tryon.js:8
[  113100ms] [WARNING] The resource https://fonts.cdnfonts.com/css/leelawade was preloaded using link preload but not used within a few seconds from the window's load event. Please make sure it has an appropriate `as` value and it is preloaded intentionally. @ https://www.lolacosmetics.com.br/tratamentos:0
[  170741ms] [WARNING] The resource https://fonts.cdnfonts.com/css/leelawade was preloaded using link preload but not used within a few seconds from the window's load event. Please make sure it has an appropriate `as` value and it is preloaded intentionally. @ https://www.lolacosmetics.com.br/tratamentos:0
[  278020ms] [ERROR] Access to fetch at 'http://127.0.0.1:4599/?path=docs%2Fresearch%2Fwww-lolacosmetics-com-br-b005530a%2Ftratamentos-8a17264f%2Floaded-extraction.json' from origin 'https://www.lolacosmetics.com.br' has been blocked by CORS policy: Permission was denied for this request to access the `loopback` address space. @ https://www.lolacosmetics.com.br/tratamentos:0
[  278021ms] [ERROR] Failed to load resource: net::ERR_FAILED @ http://127.0.0.1:4599/?path=docs%2Fresearch%2Fwww-lolacosmetics-com-br-b005530a%2Ftratamentos-8a17264f%2Floaded-extraction.json:0
[  282085ms] [WARNING] The resource https://fonts.cdnfonts.com/css/leelawade was preloaded using link preload but not used within a few seconds from the window's load event. Please make sure it has an appropriate `as` value and it is preloaded intentionally. @ https://www.lolacosmetics.com.br/tratamentos:0
[  287562ms] [WARNING] Error with Feature-Policy header: Some features are specified in both Feature-Policy and Permissions-Policy header: payment, fullscreen, microphone, camera. Values defined in Permissions-Policy header will be used. @ :0
[  288009ms] [ERROR] Failed to load resource: the server responded with a status of 500 () @ https://fonts.cdnfonts.com/css/leelawade:0
[  288513ms] [ERROR] Failed to load resource: the server responded with a status of 404 () @ https://lolacosmetics.admin.linxcommerce.com.br/Custom/Content/Themes/Lola/Styles/Fonts/FontAwesome/all.css:0
[  288654ms] [LOG] Banner não encontrado: banner-232 @ https://d1hjvew1n9ss7u.cloudfront.net/asset.axd?id=PAEAAB-LCAAAAAAAAAOtj0EPwUAQhf-KzLnsKqu64iBu4oSbOKzt0G2qKztTkQi_3abi6Ob43vfem8wDLIMGxjuLytwM2eCuPOvZ0gRCnrd86k8hgSaGNr5llFE40CdTEyZQXKP_EtuuRREhaA5tJLcIJqM8VSqfZlIO1VilWRYT9puwhStAjyZqIKM4fm1HoPeP333qLi5bYn8RS98wNix2JV6QxNrXRizOwRRGrLbi88ygIngm_1k8YzCOusXD8w1y8dfTPAEAAA%3d%3d:754
[  288663ms] [LOG] [Debug Carrinho] Polling ativo @ https://d1hjvew1n9ss7u.cloudfront.net/asset.axd?id=PAEAAB-LCAAAAAAAAAOtj0EPwUAQhf-KzLnsKqu64iBu4oSbOKzt0G2qKztTkQi_3abi6Ob43vfem8wDLIMGxjuLytwM2eCuPOvZ0gRCnrd86k8hgSaGNr5llFE40CdTEyZQXKP_EtuuRREhaA5tJLcIJqM8VSqfZlIO1VilWRYT9puwhStAjyZqIKM4fm1HoPeP333qLi5bYn8RS98wNix2JV6QxNrXRizOwRRGrLbi88ygIngm_1k8YzCOusXD8w1y8dfTPAEAAA%3d%3d:1790
[  288766ms] [LOG] categoria @ https://d1hjvew1n9ss7u.cloudfront.net/asset.axd?id=PAEAAB-LCAAAAAAAAAOtj0EPwUAQhf-KzLnsKqu64iBu4oSbOKzt0G2qKztTkQi_3abi6Ob43vfem8wDLIMGxjuLytwM2eCuPOvZ0gRCnrd86k8hgSaGNr5llFE40CdTEyZQXKP_EtuuRREhaA5tJLcIJqM8VSqfZlIO1VilWRYT9puwhStAjyZqIKM4fm1HoPeP333qLi5bYn8RS98wNix2JV6QxNrXRizOwRRGrLbi88ygIngm_1k8YzCOusXD8w1y8dfTPAEAAA%3d%3d:1
[  288769ms] [WARNING] !! Há erros de scripts de terceiros !!
Por favor, contate a Empresa responsável pelo script.  @ https://d1hjvew1n9ss7u.cloudfront.net/assets/shjs.js?t=639255987001545277:0
[  288781ms] Uncaught Error: You must pass a string or Handlebars AST to Handlebars.compile. You passed null
    at e.compile (https://d1hjvew1n9ss7u.cloudfront.net/asset.axd?id=PAEAAB-LCAAAAAAAAAOtj0EPwUAQhf-KzLnsKqu64iBu4oSbOKzt0G2qKztTkQi_3abi6Ob43vfem8wDLIMGxjuLytwM2eCuPOvZ0gRCnrd86k8hgSaGNr5llFE40CdTEyZQXKP_EtuuRREhaA5tJLcIJqM8VSqfZlIO1VilWRYT9puwhStAjyZqIKM4fm1HoPeP333qLi5bYn8RS98wNix2JV6QxNrXRizOwRRGrLbi88ygIngm_1k8YzCOusXD8w1y8dfTPAEAAA%3d%3d:1794:49302)
    at i.compile (https://d1hjvew1n9ss7u.cloudfront.net/asset.axd?id=PAEAAB-LCAAAAAAAAAOtj0EPwUAQhf-KzLnsKqu64iBu4oSbOKzt0G2qKztTkQi_3abi6Ob43vfem8wDLIMGxjuLytwM2eCuPOvZ0gRCnrd86k8hgSaGNr5llFE40CdTEyZQXKP_EtuuRREhaA5tJLcIJqM8VSqfZlIO1VilWRYT9puwhStAjyZqIKM4fm1HoPeP333qLi5bYn8RS98wNix2JV6QxNrXRizOwRRGrLbi88ygIngm_1k8YzCOusXD8w1y8dfTPAEAAA%3d%3d:1794:343)
    at renderBasket (https://d1hjvew1n9ss7u.cloudfront.net/asset.axd?id=PAEAAB-LCAAAAAAAAAOtj0EPwUAQhf-KzLnsKqu64iBu4oSbOKzt0G2qKztTkQi_3abi6Ob43vfem8wDLIMGxjuLytwM2eCuPOvZ0gRCnrd86k8hgSaGNr5llFE40CdTEyZQXKP_EtuuRREhaA5tJLcIJqM8VSqfZlIO1VilWRYT9puwhStAjyZqIKM4fm1HoPeP333qLi5bYn8RS98wNix2JV6QxNrXRizOwRRGrLbi88ygIngm_1k8YzCOusXD8w1y8dfTPAEAAA%3d%3d:29:27)
    at <anonymous> (https://d1hjvew1n9ss7u.cloudfront.net/asset.axd?id=PAEAAB-LCAAAAAAAAAOtj0EPwUAQhf-KzLnsKqu64iBu4oSbOKzt0G2qKztTkQi_3abi6Ob43vfem8wDLIMGxjuLytwM2eCuPOvZ0gRCnrd86k8hgSaGNr5llFE40CdTEyZQXKP_EtuuRREhaA5tJLcIJqM8VSqfZlIO1VilWRYT9puwhStAjyZqIKM4fm1HoPeP333qLi5bYn8RS98wNix2JV6QxNrXRizOwRRGrLbi88ygIngm_1k8YzCOusXD8w1y8dfTPAEAAA%3d%3d:220:1)
    at f (https://d1hjvew1n9ss7u.cloudfront.net/assets/shjs.js?t=639255987001545277:0:10382)
    at fireWith (https://d1hjvew1n9ss7u.cloudfront.net/assets/shjs.js?t=639255987001545277:0:11137)
    at ready (https://d1hjvew1n9ss7u.cloudfront.net/assets/shjs.js?t=639255987001545277:0:5238)
    at r (https://d1hjvew1n9ss7u.cloudfront.net/assets/shjs.js?t=639255987001545277:0:9748)
[  288779ms] [VERBOSE] [DOM] Input elements should have autocomplete attributes (suggested: "current-password"): (More info: https://goo.gl/9p2vKq) %o @ https://www.lolacosmetics.com.br/tratamentos:0
[  288781ms] [VERBOSE] [DOM] Input elements should have autocomplete attributes (suggested: "current-password"): (More info: https://goo.gl/9p2vKq) %o @ https://www.lolacosmetics.com.br/tratamentos:0
[  288808ms] [ERROR] Failed to load resource: net::ERR_NAME_NOT_RESOLVED @ https://event.getblue.io/js/blue-tag.min.js:0
[  289145ms] [WARNING] [Meta Pixel] - Invalid parameter format for currency. Please refer https://developers.facebook.com/docs/meta-pixel/reference/ for valid parameter specifications. @ https://connect.facebook.net/en_US/fbevents.js:203
[  289510ms] [LOG] AffiseStorage availability: {cookie: true, localStorage: true, sessionStorage: true} @ https://rankmediabrasil.g2afse.com/websdk.js:0
[  289512ms] [LOG] Status RNK Media - ClickId: null UTM: null @ :3
[  289934ms] [INFO] É necessário definir o storeID no Plugin TrustVox @ https://d1hjvew1n9ss7u.cloudfront.net/asset.axd?id=_woAAB-LCAAAAAAAAAO9lsFunDAQhl-l4rw122w3m1D1lEfooYeqh8HMgrNgW_aYDYrSZ--EaFVgIZWK1aP9__b3Y3uwnxNJSZYQPlH6CC146ZSlLx9kBc4jfQ10_HiXbBLNpu-qKJG23FJJdoTa4yYpLAu_0m_9MM8SJhm5wErLwu3u_ma_v787bLef9p_3N4cDO-TFIQtVJNnudi-23Mgv3con2Y_n5fG-Jz4ET6ZJH4wm1JS-ZfOpamzgYKJBgkuq9FyIYb949MnL5l8JpTFljQI01B0p6YeUqbaO5DtP2AiHEizxhoh2N4TNyOt41pmj4vi1KZUekkZCRIYwEKhaJvVyHN4Za2kaFL4y1qKbY04s67i5M2evdCkkEJbGdQ3qMKTOGlZ_axEkCY_g5HRZB8o6iqxQnkwgkYM_Ic8ZmgZcVyEU43V917guA8_DM76uXg5aj7FTbR3pCJKjU2f5TGKL9ajcr8R4LOVpicRSDE7pTLDXjL470tkvneLflHE03qE5Pc7Jr5XmOla-mq7frCEis8FCgV8kvsnReaIFp4CU0X9F_3FGTMH3tafWPAkHrwW3mGHii5PAOiVxDtkLcRh56PJAZKa34Vj8DyyjUdZKntgUszanZXKtRqQtg1YxCuAXXfBQ8rtLSrQEenwuZg098-fLbwJGClv_CgAA:52
[  289950ms] Uncaught TypeError: Cannot read properties of undefined (reading 'replace')
    at validaFreteGratis (https://d1hjvew1n9ss7u.cloudfront.net/asset.axd?id=PAEAAB-LCAAAAAAAAAOtj0EPwUAQhf-KzLnsKqu64iBu4oSbOKzt0G2qKztTkQi_3abi6Ob43vfem8wDLIMGxjuLytwM2eCuPOvZ0gRCnrd86k8hgSaGNr5llFE40CdTEyZQXKP_EtuuRREhaA5tJLcIJqM8VSqfZlIO1VilWRYT9puwhStAjyZqIKM4fm1HoPeP333qLi5bYn8RS98wNix2JV6QxNrXRizOwRRGrLbi88ygIngm_1k8YzCOusXD8w1y8dfTPAEAAA%3d%3d:1:7633)
    at <anonymous> (https://d1hjvew1n9ss7u.cloudfront.net/asset.axd?id=PAEAAB-LCAAAAAAAAAOtj0EPwUAQhf-KzLnsKqu64iBu4oSbOKzt0G2qKztTkQi_3abi6Ob43vfem8wDLIMGxjuLytwM2eCuPOvZ0gRCnrd86k8hgSaGNr5llFE40CdTEyZQXKP_EtuuRREhaA5tJLcIJqM8VSqfZlIO1VilWRYT9puwhStAjyZqIKM4fm1HoPeP333qLi5bYn8RS98wNix2JV6QxNrXRizOwRRGrLbi88ygIngm_1k8YzCOusXD8w1y8dfTPAEAAA%3d%3d:1:49808)
    at dispatch (https://d1hjvew1n9ss7u.cloudfront.net/assets/shjs.js?t=639255987001545277:0:32701)
    at a (https://d1hjvew1n9ss7u.cloudfront.net/assets/shjs.js?t=639255987001545277:0:28480)
[  289946ms] [LOG] Banner não encontrado: banner-232 @ https://d1hjvew1n9ss7u.cloudfront.net/asset.axd?id=PAEAAB-LCAAAAAAAAAOtj0EPwUAQhf-KzLnsKqu64iBu4oSbOKzt0G2qKztTkQi_3abi6Ob43vfem8wDLIMGxjuLytwM2eCuPOvZ0gRCnrd86k8hgSaGNr5llFE40CdTEyZQXKP_EtuuRREhaA5tJLcIJqM8VSqfZlIO1VilWRYT9puwhStAjyZqIKM4fm1HoPeP333qLi5bYn8RS98wNix2JV6QxNrXRizOwRRGrLbi88ygIngm_1k8YzCOusXD8w1y8dfTPAEAAA%3d%3d:754
[  290022ms] [LOG] %c Widde Video Commerce %c v24604ee %c Build: 21/09/2026 20:39 %c border: 1px solid #2567f8; background: #2567f8; color: #fff; font-weight: bold; padding: 4px 8px; border-radius: 3px 0 0 0; border: 1px solid #2567f8; border-left: none; background: #FFF; color: #2567f8; font-weight: bold; padding: 4px 8px; border: 1px solid #2567f8; border-left: none; background: #f0f0f0; color: #333; font-weight: bold; padding: 4px 8px; border-radius: 0 3px 3px 0; background: transparent @ https://cdn.widde.io/assets/main.utzwjalemu.js:0
[  290207ms] [LOG] %c Tryon Widde.io %c %s %c border: 1px solid #2567f8; background: #2567f8; color: #fff; font-weight: bold; padding: 4px 8px; border-radius: 3px 0 0 3px; border: 1px solid #2567f8; background: #FFF; color: #2567f8; font-weight: bold; padding: 4px 8px; border-radius: 0 3px 3px 0; 47bf7c2 background: transparent @ https://cdn-tryon.widde.io/widde-tryon.js:86
[  290230ms] [LOG] [tryon-tracker] initialized {domain: www.lolacosmetics.com.br} @ https://cdn-tryon.widde.io/widde-tryon.js:8
[  297228ms] [WARNING] Error with Feature-Policy header: Some features are specified in both Feature-Policy and Permissions-Policy header: payment, fullscreen, microphone, camera. Values defined in Permissions-Policy header will be used. @ :0
[  297722ms] [ERROR] Failed to load resource: the server responded with a status of 500 () @ https://fonts.cdnfonts.com/css/leelawade:0
[  298006ms] [ERROR] Failed to load resource: the server responded with a status of 404 () @ https://lolacosmetics.admin.linxcommerce.com.br/Custom/Content/Themes/Lola/Styles/Fonts/FontAwesome/all.css:0
[  298102ms] [LOG] Banner não encontrado: banner-232 @ https://d1hjvew1n9ss7u.cloudfront.net/asset.axd?id=PAEAAB-LCAAAAAAAAAOtj0EPwUAQhf-KzLnsKqu64iBu4oSbOKzt0G2qKztTkQi_3abi6Ob43vfem8wDLIMGxjuLytwM2eCuPOvZ0gRCnrd86k8hgSaGNr5llFE40CdTEyZQXKP_EtuuRREhaA5tJLcIJqM8VSqfZlIO1VilWRYT9puwhStAjyZqIKM4fm1HoPeP333qLi5bYn8RS98wNix2JV6QxNrXRizOwRRGrLbi88ygIngm_1k8YzCOusXD8w1y8dfTPAEAAA%3d%3d:754
[  298105ms] [LOG] [Debug Carrinho] Polling ativo @ https://d1hjvew1n9ss7u.cloudfront.net/asset.axd?id=PAEAAB-LCAAAAAAAAAOtj0EPwUAQhf-KzLnsKqu64iBu4oSbOKzt0G2qKztTkQi_3abi6Ob43vfem8wDLIMGxjuLytwM2eCuPOvZ0gRCnrd86k8hgSaGNr5llFE40CdTEyZQXKP_EtuuRREhaA5tJLcIJqM8VSqfZlIO1VilWRYT9puwhStAjyZqIKM4fm1HoPeP333qLi5bYn8RS98wNix2JV6QxNrXRizOwRRGrLbi88ygIngm_1k8YzCOusXD8w1y8dfTPAEAAA%3d%3d:1790
[  298148ms] [LOG] categoria @ https://d1hjvew1n9ss7u.cloudfront.net/asset.axd?id=PAEAAB-LCAAAAAAAAAOtj0EPwUAQhf-KzLnsKqu64iBu4oSbOKzt0G2qKztTkQi_3abi6Ob43vfem8wDLIMGxjuLytwM2eCuPOvZ0gRCnrd86k8hgSaGNr5llFE40CdTEyZQXKP_EtuuRREhaA5tJLcIJqM8VSqfZlIO1VilWRYT9puwhStAjyZqIKM4fm1HoPeP333qLi5bYn8RS98wNix2JV6QxNrXRizOwRRGrLbi88ygIngm_1k8YzCOusXD8w1y8dfTPAEAAA%3d%3d:1
[  298149ms] [WARNING] !! Há erros de scripts de terceiros !!
Por favor, contate a Empresa responsável pelo script.  @ https://d1hjvew1n9ss7u.cloudfront.net/assets/shjs.js?t=639255987001545277:0
[  298152ms] Uncaught Error: You must pass a string or Handlebars AST to Handlebars.compile. You passed null
    at e.compile (https://d1hjvew1n9ss7u.cloudfront.net/asset.axd?id=PAEAAB-LCAAAAAAAAAOtj0EPwUAQhf-KzLnsKqu64iBu4oSbOKzt0G2qKztTkQi_3abi6Ob43vfem8wDLIMGxjuLytwM2eCuPOvZ0gRCnrd86k8hgSaGNr5llFE40CdTEyZQXKP_EtuuRREhaA5tJLcIJqM8VSqfZlIO1VilWRYT9puwhStAjyZqIKM4fm1HoPeP333qLi5bYn8RS98wNix2JV6QxNrXRizOwRRGrLbi88ygIngm_1k8YzCOusXD8w1y8dfTPAEAAA%3d%3d:1794:49302)
    at i.compile (https://d1hjvew1n9ss7u.cloudfront.net/asset.axd?id=PAEAAB-LCAAAAAAAAAOtj0EPwUAQhf-KzLnsKqu64iBu4oSbOKzt0G2qKztTkQi_3abi6Ob43vfem8wDLIMGxjuLytwM2eCuPOvZ0gRCnrd86k8hgSaGNr5llFE40CdTEyZQXKP_EtuuRREhaA5tJLcIJqM8VSqfZlIO1VilWRYT9puwhStAjyZqIKM4fm1HoPeP333qLi5bYn8RS98wNix2JV6QxNrXRizOwRRGrLbi88ygIngm_1k8YzCOusXD8w1y8dfTPAEAAA%3d%3d:1794:343)
    at renderBasket (https://d1hjvew1n9ss7u.cloudfront.net/asset.axd?id=PAEAAB-LCAAAAAAAAAOtj0EPwUAQhf-KzLnsKqu64iBu4oSbOKzt0G2qKztTkQi_3abi6Ob43vfem8wDLIMGxjuLytwM2eCuPOvZ0gRCnrd86k8hgSaGNr5llFE40CdTEyZQXKP_EtuuRREhaA5tJLcIJqM8VSqfZlIO1VilWRYT9puwhStAjyZqIKM4fm1HoPeP333qLi5bYn8RS98wNix2JV6QxNrXRizOwRRGrLbi88ygIngm_1k8YzCOusXD8w1y8dfTPAEAAA%3d%3d:29:27)
    at <anonymous> (https://d1hjvew1n9ss7u.cloudfront.net/asset.axd?id=PAEAAB-LCAAAAAAAAAOtj0EPwUAQhf-KzLnsKqu64iBu4oSbOKzt0G2qKztTkQi_3abi6Ob43vfem8wDLIMGxjuLytwM2eCuPOvZ0gRCnrd86k8hgSaGNr5llFE40CdTEyZQXKP_EtuuRREhaA5tJLcIJqM8VSqfZlIO1VilWRYT9puwhStAjyZqIKM4fm1HoPeP333qLi5bYn8RS98wNix2JV6QxNrXRizOwRRGrLbi88ygIngm_1k8YzCOusXD8w1y8dfTPAEAAA%3d%3d:220:1)
    at f (https://d1hjvew1n9ss7u.cloudfront.net/assets/shjs.js?t=639255987001545277:0:10382)
    at fireWith (https://d1hjvew1n9ss7u.cloudfront.net/assets/shjs.js?t=639255987001545277:0:11137)
    at ready (https://d1hjvew1n9ss7u.cloudfront.net/assets/shjs.js?t=639255987001545277:0:5238)
    at r (https://d1hjvew1n9ss7u.cloudfront.net/assets/shjs.js?t=639255987001545277:0:9748)
[  298156ms] [VERBOSE] [DOM] Input elements should have autocomplete attributes (suggested: "current-password"): (More info: https://goo.gl/9p2vKq) %o @ https://www.lolacosmetics.com.br/tipos-de-cabelo:0
[  298156ms] [VERBOSE] [DOM] Input elements should have autocomplete attributes (suggested: "current-password"): (More info: https://goo.gl/9p2vKq) %o @ https://www.lolacosmetics.com.br/tipos-de-cabelo:0
[  298222ms] [ERROR] Failed to load resource: net::ERR_NAME_NOT_RESOLVED @ https://event.getblue.io/js/blue-tag.min.js:0
[  298308ms] [LOG] AffiseStorage availability: {cookie: true, localStorage: true, sessionStorage: true} @ https://rankmediabrasil.g2afse.com/websdk.js:0
[  298309ms] [LOG] Status RNK Media - ClickId: null UTM: null @ :3
[  298432ms] [WARNING] [Meta Pixel] - Invalid parameter format for currency. Please refer https://developers.facebook.com/docs/meta-pixel/reference/ for valid parameter specifications. @ https://connect.facebook.net/en_US/fbevents.js:203
[  298683ms] [INFO] É necessário definir o storeID no Plugin TrustVox @ https://d1hjvew1n9ss7u.cloudfront.net/asset.axd?id=_woAAB-LCAAAAAAAAAO9lsFunDAQhl-l4rw122w3m1D1lEfooYeqh8HMgrNgW_aYDYrSZ--EaFVgIZWK1aP9__b3Y3uwnxNJSZYQPlH6CC146ZSlLx9kBc4jfQ10_HiXbBLNpu-qKJG23FJJdoTa4yYpLAu_0m_9MM8SJhm5wErLwu3u_ma_v787bLef9p_3N4cDO-TFIQtVJNnudi-23Mgv3con2Y_n5fG-Jz4ET6ZJH4wm1JS-ZfOpamzgYKJBgkuq9FyIYb949MnL5l8JpTFljQI01B0p6YeUqbaO5DtP2AiHEizxhoh2N4TNyOt41pmj4vi1KZUekkZCRIYwEKhaJvVyHN4Za2kaFL4y1qKbY04s67i5M2evdCkkEJbGdQ3qMKTOGlZ_axEkCY_g5HRZB8o6iqxQnkwgkYM_Ic8ZmgZcVyEU43V917guA8_DM76uXg5aj7FTbR3pCJKjU2f5TGKL9ajcr8R4LOVpicRSDE7pTLDXjL470tkvneLflHE03qE5Pc7Jr5XmOla-mq7frCEis8FCgV8kvsnReaIFp4CU0X9F_3FGTMH3tafWPAkHrwW3mGHii5PAOiVxDtkLcRh56PJAZKa34Vj8DyyjUdZKntgUszanZXKtRqQtg1YxCuAXXfBQ8rtLSrQEenwuZg098-fLbwJGClv_CgAA:52
[  298697ms] Uncaught TypeError: Cannot read properties of undefined (reading 'replace')
    at validaFreteGratis (https://d1hjvew1n9ss7u.cloudfront.net/asset.axd?id=PAEAAB-LCAAAAAAAAAOtj0EPwUAQhf-KzLnsKqu64iBu4oSbOKzt0G2qKztTkQi_3abi6Ob43vfem8wDLIMGxjuLytwM2eCuPOvZ0gRCnrd86k8hgSaGNr5llFE40CdTEyZQXKP_EtuuRREhaA5tJLcIJqM8VSqfZlIO1VilWRYT9puwhStAjyZqIKM4fm1HoPeP333qLi5bYn8RS98wNix2JV6QxNrXRizOwRRGrLbi88ygIngm_1k8YzCOusXD8w1y8dfTPAEAAA%3d%3d:1:7633)
    at <anonymous> (https://d1hjvew1n9ss7u.cloudfront.net/asset.axd?id=PAEAAB-LCAAAAAAAAAOtj0EPwUAQhf-KzLnsKqu64iBu4oSbOKzt0G2qKztTkQi_3abi6Ob43vfem8wDLIMGxjuLytwM2eCuPOvZ0gRCnrd86k8hgSaGNr5llFE40CdTEyZQXKP_EtuuRREhaA5tJLcIJqM8VSqfZlIO1VilWRYT9puwhStAjyZqIKM4fm1HoPeP333qLi5bYn8RS98wNix2JV6QxNrXRizOwRRGrLbi88ygIngm_1k8YzCOusXD8w1y8dfTPAEAAA%3d%3d:1:49808)
    at dispatch (https://d1hjvew1n9ss7u.cloudfront.net/assets/shjs.js?t=639255987001545277:0:32701)
    at a (https://d1hjvew1n9ss7u.cloudfront.net/assets/shjs.js?t=639255987001545277:0:28480)
[  298694ms] [LOG] Banner não encontrado: banner-232 @ https://d1hjvew1n9ss7u.cloudfront.net/asset.axd?id=PAEAAB-LCAAAAAAAAAOtj0EPwUAQhf-KzLnsKqu64iBu4oSbOKzt0G2qKztTkQi_3abi6Ob43vfem8wDLIMGxjuLytwM2eCuPOvZ0gRCnrd86k8hgSaGNr5llFE40CdTEyZQXKP_EtuuRREhaA5tJLcIJqM8VSqfZlIO1VilWRYT9puwhStAjyZqIKM4fm1HoPeP333qLi5bYn8RS98wNix2JV6QxNrXRizOwRRGrLbi88ygIngm_1k8YzCOusXD8w1y8dfTPAEAAA%3d%3d:754
[  298720ms] [LOG] %c Widde Video Commerce %c v24604ee %c Build: 21/09/2026 20:39 %c border: 1px solid #2567f8; background: #2567f8; color: #fff; font-weight: bold; padding: 4px 8px; border-radius: 3px 0 0 0; border: 1px solid #2567f8; border-left: none; background: #FFF; color: #2567f8; font-weight: bold; padding: 4px 8px; border: 1px solid #2567f8; border-left: none; background: #f0f0f0; color: #333; font-weight: bold; padding: 4px 8px; border-radius: 0 3px 3px 0; background: transparent @ https://cdn.widde.io/assets/main.utzwjalemu.js:0
[  298726ms] [ERROR] Error decoding JWT: Error: Invalid JWT format
    at u0 (https://cdn.widde.io/assets/shared-utils.58MPgxdv.js:99:89838)
    at e (https://cdn.widde.io/assets/shared-utils.58MPgxdv.js:99:90502)
    at d0.startNativation (https://cdn.widde.io/assets/shared-utils.58MPgxdv.js:99:90616)
    at d0.registerNavigation (https://cdn.widde.io/assets/shared-utils.58MPgxdv.js:99:91609)
    at e (https://cdn.widde.io/assets/main.utzwjalemu.js:1:21655) @ https://cdn.widde.io/assets/shared-utils.58MPgxdv.js:98
[  298807ms] [LOG] %c Tryon Widde.io %c %s %c border: 1px solid #2567f8; background: #2567f8; color: #fff; font-weight: bold; padding: 4px 8px; border-radius: 3px 0 0 3px; border: 1px solid #2567f8; background: #FFF; color: #2567f8; font-weight: bold; padding: 4px 8px; border-radius: 0 3px 3px 0; 47bf7c2 background: transparent @ https://cdn-tryon.widde.io/widde-tryon.js:86
[  298830ms] [LOG] [tryon-tracker] initialized {domain: www.lolacosmetics.com.br} @ https://cdn-tryon.widde.io/widde-tryon.js:8
[  305789ms] [WARNING] Error with Feature-Policy header: Some features are specified in both Feature-Policy and Permissions-Policy header: payment, fullscreen, microphone, camera. Values defined in Permissions-Policy header will be used. @ :0
[  306154ms] [ERROR] Failed to load resource: the server responded with a status of 500 () @ https://fonts.cdnfonts.com/css/leelawade:0
[  306440ms] [ERROR] Failed to load resource: the server responded with a status of 404 () @ https://lolacosmetics.admin.linxcommerce.com.br/Custom/Content/Themes/Lola/Styles/Fonts/FontAwesome/all.css:0
[  306577ms] [LOG] Banner não encontrado: banner-232 @ https://d1hjvew1n9ss7u.cloudfront.net/asset.axd?id=PAEAAB-LCAAAAAAAAAOtj0EPwUAQhf-KzLnsKqu64iBu4oSbOKzt0G2qKztTkQi_3abi6Ob43vfem8wDLIMGxjuLytwM2eCuPOvZ0gRCnrd86k8hgSaGNr5llFE40CdTEyZQXKP_EtuuRREhaA5tJLcIJqM8VSqfZlIO1VilWRYT9puwhStAjyZqIKM4fm1HoPeP333qLi5bYn8RS98wNix2JV6QxNrXRizOwRRGrLbi88ygIngm_1k8YzCOusXD8w1y8dfTPAEAAA%3d%3d:754
[  306579ms] [LOG] [Debug Carrinho] Polling ativo @ https://d1hjvew1n9ss7u.cloudfront.net/asset.axd?id=PAEAAB-LCAAAAAAAAAOtj0EPwUAQhf-KzLnsKqu64iBu4oSbOKzt0G2qKztTkQi_3abi6Ob43vfem8wDLIMGxjuLytwM2eCuPOvZ0gRCnrd86k8hgSaGNr5llFE40CdTEyZQXKP_EtuuRREhaA5tJLcIJqM8VSqfZlIO1VilWRYT9puwhStAjyZqIKM4fm1HoPeP333qLi5bYn8RS98wNix2JV6QxNrXRizOwRRGrLbi88ygIngm_1k8YzCOusXD8w1y8dfTPAEAAA%3d%3d:1790
[  306659ms] [LOG] categoria @ https://d1hjvew1n9ss7u.cloudfront.net/asset.axd?id=PAEAAB-LCAAAAAAAAAOtj0EPwUAQhf-KzLnsKqu64iBu4oSbOKzt0G2qKztTkQi_3abi6Ob43vfem8wDLIMGxjuLytwM2eCuPOvZ0gRCnrd86k8hgSaGNr5llFE40CdTEyZQXKP_EtuuRREhaA5tJLcIJqM8VSqfZlIO1VilWRYT9puwhStAjyZqIKM4fm1HoPeP333qLi5bYn8RS98wNix2JV6QxNrXRizOwRRGrLbi88ygIngm_1k8YzCOusXD8w1y8dfTPAEAAA%3d%3d:1
[  306664ms] [WARNING] !! Há erros de scripts de terceiros !!
Por favor, contate a Empresa responsável pelo script.  @ https://d1hjvew1n9ss7u.cloudfront.net/assets/shjs.js?t=639255987001545277:0
[  306698ms] Uncaught Error: You must pass a string or Handlebars AST to Handlebars.compile. You passed null
    at e.compile (https://d1hjvew1n9ss7u.cloudfront.net/asset.axd?id=PAEAAB-LCAAAAAAAAAOtj0EPwUAQhf-KzLnsKqu64iBu4oSbOKzt0G2qKztTkQi_3abi6Ob43vfem8wDLIMGxjuLytwM2eCuPOvZ0gRCnrd86k8hgSaGNr5llFE40CdTEyZQXKP_EtuuRREhaA5tJLcIJqM8VSqfZlIO1VilWRYT9puwhStAjyZqIKM4fm1HoPeP333qLi5bYn8RS98wNix2JV6QxNrXRizOwRRGrLbi88ygIngm_1k8YzCOusXD8w1y8dfTPAEAAA%3d%3d:1794:49302)
    at i.compile (https://d1hjvew1n9ss7u.cloudfront.net/asset.axd?id=PAEAAB-LCAAAAAAAAAOtj0EPwUAQhf-KzLnsKqu64iBu4oSbOKzt0G2qKztTkQi_3abi6Ob43vfem8wDLIMGxjuLytwM2eCuPOvZ0gRCnrd86k8hgSaGNr5llFE40CdTEyZQXKP_EtuuRREhaA5tJLcIJqM8VSqfZlIO1VilWRYT9puwhStAjyZqIKM4fm1HoPeP333qLi5bYn8RS98wNix2JV6QxNrXRizOwRRGrLbi88ygIngm_1k8YzCOusXD8w1y8dfTPAEAAA%3d%3d:1794:343)
    at renderBasket (https://d1hjvew1n9ss7u.cloudfront.net/asset.axd?id=PAEAAB-LCAAAAAAAAAOtj0EPwUAQhf-KzLnsKqu64iBu4oSbOKzt0G2qKztTkQi_3abi6Ob43vfem8wDLIMGxjuLytwM2eCuPOvZ0gRCnrd86k8hgSaGNr5llFE40CdTEyZQXKP_EtuuRREhaA5tJLcIJqM8VSqfZlIO1VilWRYT9puwhStAjyZqIKM4fm1HoPeP333qLi5bYn8RS98wNix2JV6QxNrXRizOwRRGrLbi88ygIngm_1k8YzCOusXD8w1y8dfTPAEAAA%3d%3d:29:27)
    at <anonymous> (https://d1hjvew1n9ss7u.cloudfront.net/asset.axd?id=PAEAAB-LCAAAAAAAAAOtj0EPwUAQhf-KzLnsKqu64iBu4oSbOKzt0G2qKztTkQi_3abi6Ob43vfem8wDLIMGxjuLytwM2eCuPOvZ0gRCnrd86k8hgSaGNr5llFE40CdTEyZQXKP_EtuuRREhaA5tJLcIJqM8VSqfZlIO1VilWRYT9puwhStAjyZqIKM4fm1HoPeP333qLi5bYn8RS98wNix2JV6QxNrXRizOwRRGrLbi88ygIngm_1k8YzCOusXD8w1y8dfTPAEAAA%3d%3d:220:1)
    at f (https://d1hjvew1n9ss7u.cloudfront.net/assets/shjs.js?t=639255987001545277:0:10382)
    at fireWith (https://d1hjvew1n9ss7u.cloudfront.net/assets/shjs.js?t=639255987001545277:0:11137)
    at ready (https://d1hjvew1n9ss7u.cloudfront.net/assets/shjs.js?t=639255987001545277:0:5238)
    at r (https://d1hjvew1n9ss7u.cloudfront.net/assets/shjs.js?t=639255987001545277:0:9748)
[  306685ms] [VERBOSE] [DOM] Input elements should have autocomplete attributes (suggested: "current-password"): (More info: https://goo.gl/9p2vKq) %o @ https://www.lolacosmetics.com.br/colecoes:0
[  306686ms] [VERBOSE] [DOM] Input elements should have autocomplete attributes (suggested: "current-password"): (More info: https://goo.gl/9p2vKq) %o @ https://www.lolacosmetics.com.br/colecoes:0
[  306739ms] [ERROR] Failed to load resource: net::ERR_NAME_NOT_RESOLVED @ https://event.getblue.io/js/blue-tag.min.js:0
[  306887ms] [LOG] AffiseStorage availability: {cookie: true, localStorage: true, sessionStorage: true} @ https://rankmediabrasil.g2afse.com/websdk.js:0
[  306889ms] [LOG] Status RNK Media - ClickId: null UTM: null @ :3
[  307602ms] [INFO] É necessário definir o storeID no Plugin TrustVox @ https://d1hjvew1n9ss7u.cloudfront.net/asset.axd?id=_woAAB-LCAAAAAAAAAO9lsFunDAQhl-l4rw122w3m1D1lEfooYeqh8HMgrNgW_aYDYrSZ--EaFVgIZWK1aP9__b3Y3uwnxNJSZYQPlH6CC146ZSlLx9kBc4jfQ10_HiXbBLNpu-qKJG23FJJdoTa4yYpLAu_0m_9MM8SJhm5wErLwu3u_ma_v787bLef9p_3N4cDO-TFIQtVJNnudi-23Mgv3con2Y_n5fG-Jz4ET6ZJH4wm1JS-ZfOpamzgYKJBgkuq9FyIYb949MnL5l8JpTFljQI01B0p6YeUqbaO5DtP2AiHEizxhoh2N4TNyOt41pmj4vi1KZUekkZCRIYwEKhaJvVyHN4Za2kaFL4y1qKbY04s67i5M2evdCkkEJbGdQ3qMKTOGlZ_axEkCY_g5HRZB8o6iqxQnkwgkYM_Ic8ZmgZcVyEU43V917guA8_DM76uXg5aj7FTbR3pCJKjU2f5TGKL9ajcr8R4LOVpicRSDE7pTLDXjL470tkvneLflHE03qE5Pc7Jr5XmOla-mq7frCEis8FCgV8kvsnReaIFp4CU0X9F_3FGTMH3tafWPAkHrwW3mGHii5PAOiVxDtkLcRh56PJAZKa34Vj8DyyjUdZKntgUszanZXKtRqQtg1YxCuAXXfBQ8rtLSrQEenwuZg098-fLbwJGClv_CgAA:52
[  307617ms] Uncaught TypeError: Cannot read properties of undefined (reading 'replace')
    at validaFreteGratis (https://d1hjvew1n9ss7u.cloudfront.net/asset.axd?id=PAEAAB-LCAAAAAAAAAOtj0EPwUAQhf-KzLnsKqu64iBu4oSbOKzt0G2qKztTkQi_3abi6Ob43vfem8wDLIMGxjuLytwM2eCuPOvZ0gRCnrd86k8hgSaGNr5llFE40CdTEyZQXKP_EtuuRREhaA5tJLcIJqM8VSqfZlIO1VilWRYT9puwhStAjyZqIKM4fm1HoPeP333qLi5bYn8RS98wNix2JV6QxNrXRizOwRRGrLbi88ygIngm_1k8YzCOusXD8w1y8dfTPAEAAA%3d%3d:1:7633)
    at <anonymous> (https://d1hjvew1n9ss7u.cloudfront.net/asset.axd?id=PAEAAB-LCAAAAAAAAAOtj0EPwUAQhf-KzLnsKqu64iBu4oSbOKzt0G2qKztTkQi_3abi6Ob43vfem8wDLIMGxjuLytwM2eCuPOvZ0gRCnrd86k8hgSaGNr5llFE40CdTEyZQXKP_EtuuRREhaA5tJLcIJqM8VSqfZlIO1VilWRYT9puwhStAjyZqIKM4fm1HoPeP333qLi5bYn8RS98wNix2JV6QxNrXRizOwRRGrLbi88ygIngm_1k8YzCOusXD8w1y8dfTPAEAAA%3d%3d:1:49808)
    at dispatch (https://d1hjvew1n9ss7u.cloudfront.net/assets/shjs.js?t=639255987001545277:0:32701)
    at a (https://d1hjvew1n9ss7u.cloudfront.net/assets/shjs.js?t=639255987001545277:0:28480)
[  307613ms] [LOG] Banner não encontrado: banner-232 @ https://d1hjvew1n9ss7u.cloudfront.net/asset.axd?id=PAEAAB-LCAAAAAAAAAOtj0EPwUAQhf-KzLnsKqu64iBu4oSbOKzt0G2qKztTkQi_3abi6Ob43vfem8wDLIMGxjuLytwM2eCuPOvZ0gRCnrd86k8hgSaGNr5llFE40CdTEyZQXKP_EtuuRREhaA5tJLcIJqM8VSqfZlIO1VilWRYT9puwhStAjyZqIKM4fm1HoPeP333qLi5bYn8RS98wNix2JV6QxNrXRizOwRRGrLbi88ygIngm_1k8YzCOusXD8w1y8dfTPAEAAA%3d%3d:754
[  307671ms] [LOG] %c Widde Video Commerce %c v24604ee %c Build: 21/09/2026 20:39 %c border: 1px solid #2567f8; background: #2567f8; color: #fff; font-weight: bold; padding: 4px 8px; border-radius: 3px 0 0 0; border: 1px solid #2567f8; border-left: none; background: #FFF; color: #2567f8; font-weight: bold; padding: 4px 8px; border: 1px solid #2567f8; border-left: none; background: #f0f0f0; color: #333; font-weight: bold; padding: 4px 8px; border-radius: 0 3px 3px 0; background: transparent @ https://cdn.widde.io/assets/main.utzwjalemu.js:0
[  307705ms] [LOG] %c Tryon Widde.io %c %s %c border: 1px solid #2567f8; background: #2567f8; color: #fff; font-weight: bold; padding: 4px 8px; border-radius: 3px 0 0 3px; border: 1px solid #2567f8; background: #FFF; color: #2567f8; font-weight: bold; padding: 4px 8px; border-radius: 0 3px 3px 0; 47bf7c2 background: transparent @ https://cdn-tryon.widde.io/widde-tryon.js:86
[  307738ms] [LOG] [tryon-tracker] initialized {domain: www.lolacosmetics.com.br} @ https://cdn-tryon.widde.io/widde-tryon.js:8
[  314273ms] [WARNING] Error with Feature-Policy header: Some features are specified in both Feature-Policy and Permissions-Policy header: payment, fullscreen, microphone, camera. Values defined in Permissions-Policy header will be used. @ :0
[  314674ms] [ERROR] Failed to load resource: the server responded with a status of 500 () @ https://fonts.cdnfonts.com/css/leelawade:0
[  315101ms] [ERROR] Failed to load resource: the server responded with a status of 404 () @ https://lolacosmetics.admin.linxcommerce.com.br/Custom/Content/Themes/Lola/Styles/Fonts/FontAwesome/all.css:0
[  315170ms] [LOG] Banner não encontrado: banner-232 @ https://d1hjvew1n9ss7u.cloudfront.net/asset.axd?id=PAEAAB-LCAAAAAAAAAOtj0EPwUAQhf-KzLnsKqu64iBu4oSbOKzt0G2qKztTkQi_3abi6Ob43vfem8wDLIMGxjuLytwM2eCuPOvZ0gRCnrd86k8hgSaGNr5llFE40CdTEyZQXKP_EtuuRREhaA5tJLcIJqM8VSqfZlIO1VilWRYT9puwhStAjyZqIKM4fm1HoPeP333qLi5bYn8RS98wNix2JV6QxNrXRizOwRRGrLbi88ygIngm_1k8YzCOusXD8w1y8dfTPAEAAA%3d%3d:754
[  315171ms] [LOG] [Debug Carrinho] Polling ativo @ https://d1hjvew1n9ss7u.cloudfront.net/asset.axd?id=PAEAAB-LCAAAAAAAAAOtj0EPwUAQhf-KzLnsKqu64iBu4oSbOKzt0G2qKztTkQi_3abi6Ob43vfem8wDLIMGxjuLytwM2eCuPOvZ0gRCnrd86k8hgSaGNr5llFE40CdTEyZQXKP_EtuuRREhaA5tJLcIJqM8VSqfZlIO1VilWRYT9puwhStAjyZqIKM4fm1HoPeP333qLi5bYn8RS98wNix2JV6QxNrXRizOwRRGrLbi88ygIngm_1k8YzCOusXD8w1y8dfTPAEAAA%3d%3d:1790
[  315214ms] [LOG] categoria @ https://d1hjvew1n9ss7u.cloudfront.net/asset.axd?id=PAEAAB-LCAAAAAAAAAOtj0EPwUAQhf-KzLnsKqu64iBu4oSbOKzt0G2qKztTkQi_3abi6Ob43vfem8wDLIMGxjuLytwM2eCuPOvZ0gRCnrd86k8hgSaGNr5llFE40CdTEyZQXKP_EtuuRREhaA5tJLcIJqM8VSqfZlIO1VilWRYT9puwhStAjyZqIKM4fm1HoPeP333qLi5bYn8RS98wNix2JV6QxNrXRizOwRRGrLbi88ygIngm_1k8YzCOusXD8w1y8dfTPAEAAA%3d%3d:1
[  315215ms] [WARNING] !! Há erros de scripts de terceiros !!
Por favor, contate a Empresa responsável pelo script.  @ https://d1hjvew1n9ss7u.cloudfront.net/assets/shjs.js?t=639255987001545277:0
[  315217ms] Uncaught Error: You must pass a string or Handlebars AST to Handlebars.compile. You passed null
    at e.compile (https://d1hjvew1n9ss7u.cloudfront.net/asset.axd?id=PAEAAB-LCAAAAAAAAAOtj0EPwUAQhf-KzLnsKqu64iBu4oSbOKzt0G2qKztTkQi_3abi6Ob43vfem8wDLIMGxjuLytwM2eCuPOvZ0gRCnrd86k8hgSaGNr5llFE40CdTEyZQXKP_EtuuRREhaA5tJLcIJqM8VSqfZlIO1VilWRYT9puwhStAjyZqIKM4fm1HoPeP333qLi5bYn8RS98wNix2JV6QxNrXRizOwRRGrLbi88ygIngm_1k8YzCOusXD8w1y8dfTPAEAAA%3d%3d:1794:49302)
    at i.compile (https://d1hjvew1n9ss7u.cloudfront.net/asset.axd?id=PAEAAB-LCAAAAAAAAAOtj0EPwUAQhf-KzLnsKqu64iBu4oSbOKzt0G2qKztTkQi_3abi6Ob43vfem8wDLIMGxjuLytwM2eCuPOvZ0gRCnrd86k8hgSaGNr5llFE40CdTEyZQXKP_EtuuRREhaA5tJLcIJqM8VSqfZlIO1VilWRYT9puwhStAjyZqIKM4fm1HoPeP333qLi5bYn8RS98wNix2JV6QxNrXRizOwRRGrLbi88ygIngm_1k8YzCOusXD8w1y8dfTPAEAAA%3d%3d:1794:343)
    at renderBasket (https://d1hjvew1n9ss7u.cloudfront.net/asset.axd?id=PAEAAB-LCAAAAAAAAAOtj0EPwUAQhf-KzLnsKqu64iBu4oSbOKzt0G2qKztTkQi_3abi6Ob43vfem8wDLIMGxjuLytwM2eCuPOvZ0gRCnrd86k8hgSaGNr5llFE40CdTEyZQXKP_EtuuRREhaA5tJLcIJqM8VSqfZlIO1VilWRYT9puwhStAjyZqIKM4fm1HoPeP333qLi5bYn8RS98wNix2JV6QxNrXRizOwRRGrLbi88ygIngm_1k8YzCOusXD8w1y8dfTPAEAAA%3d%3d:29:27)
    at <anonymous> (https://d1hjvew1n9ss7u.cloudfront.net/asset.axd?id=PAEAAB-LCAAAAAAAAAOtj0EPwUAQhf-KzLnsKqu64iBu4oSbOKzt0G2qKztTkQi_3abi6Ob43vfem8wDLIMGxjuLytwM2eCuPOvZ0gRCnrd86k8hgSaGNr5llFE40CdTEyZQXKP_EtuuRREhaA5tJLcIJqM8VSqfZlIO1VilWRYT9puwhStAjyZqIKM4fm1HoPeP333qLi5bYn8RS98wNix2JV6QxNrXRizOwRRGrLbi88ygIngm_1k8YzCOusXD8w1y8dfTPAEAAA%3d%3d:220:1)
    at f (https://d1hjvew1n9ss7u.cloudfront.net/assets/shjs.js?t=639255987001545277:0:10382)
    at fireWith (https://d1hjvew1n9ss7u.cloudfront.net/assets/shjs.js?t=639255987001545277:0:11137)
    at ready (https://d1hjvew1n9ss7u.cloudfront.net/assets/shjs.js?t=639255987001545277:0:5238)
    at r (https://d1hjvew1n9ss7u.cloudfront.net/assets/shjs.js?t=639255987001545277:0:9748)
[  315220ms] [VERBOSE] [DOM] Input elements should have autocomplete attributes (suggested: "current-password"): (More info: https://goo.gl/9p2vKq) %o @ https://www.lolacosmetics.com.br/lancamentos:0
[  315220ms] [VERBOSE] [DOM] Input elements should have autocomplete attributes (suggested: "current-password"): (More info: https://goo.gl/9p2vKq) %o @ https://www.lolacosmetics.com.br/lancamentos:0
[  315287ms] [ERROR] Failed to load resource: net::ERR_NAME_NOT_RESOLVED @ https://event.getblue.io/js/blue-tag.min.js:0
[  315364ms] [LOG] AffiseStorage availability: {cookie: true, localStorage: true, sessionStorage: true} @ https://rankmediabrasil.g2afse.com/websdk.js:0
[  315364ms] [LOG] Status RNK Media - ClickId: null UTM: null @ :3
[  315490ms] [WARNING] [Meta Pixel] - Invalid parameter format for currency. Please refer https://developers.facebook.com/docs/meta-pixel/reference/ for valid parameter specifications. @ https://connect.facebook.net/en_US/fbevents.js:203
[  315692ms] [INFO] É necessário definir o storeID no Plugin TrustVox @ https://d1hjvew1n9ss7u.cloudfront.net/asset.axd?id=_woAAB-LCAAAAAAAAAO9lsFunDAQhl-l4rw122w3m1D1lEfooYeqh8HMgrNgW_aYDYrSZ--EaFVgIZWK1aP9__b3Y3uwnxNJSZYQPlH6CC146ZSlLx9kBc4jfQ10_HiXbBLNpu-qKJG23FJJdoTa4yYpLAu_0m_9MM8SJhm5wErLwu3u_ma_v787bLef9p_3N4cDO-TFIQtVJNnudi-23Mgv3con2Y_n5fG-Jz4ET6ZJH4wm1JS-ZfOpamzgYKJBgkuq9FyIYb949MnL5l8JpTFljQI01B0p6YeUqbaO5DtP2AiHEizxhoh2N4TNyOt41pmj4vi1KZUekkZCRIYwEKhaJvVyHN4Za2kaFL4y1qKbY04s67i5M2evdCkkEJbGdQ3qMKTOGlZ_axEkCY_g5HRZB8o6iqxQnkwgkYM_Ic8ZmgZcVyEU43V917guA8_DM76uXg5aj7FTbR3pCJKjU2f5TGKL9ajcr8R4LOVpicRSDE7pTLDXjL470tkvneLflHE03qE5Pc7Jr5XmOla-mq7frCEis8FCgV8kvsnReaIFp4CU0X9F_3FGTMH3tafWPAkHrwW3mGHii5PAOiVxDtkLcRh56PJAZKa34Vj8DyyjUdZKntgUszanZXKtRqQtg1YxCuAXXfBQ8rtLSrQEenwuZg098-fLbwJGClv_CgAA:52
[  315703ms] Uncaught TypeError: Cannot read properties of undefined (reading 'replace')
    at validaFreteGratis (https://d1hjvew1n9ss7u.cloudfront.net/asset.axd?id=PAEAAB-LCAAAAAAAAAOtj0EPwUAQhf-KzLnsKqu64iBu4oSbOKzt0G2qKztTkQi_3abi6Ob43vfem8wDLIMGxjuLytwM2eCuPOvZ0gRCnrd86k8hgSaGNr5llFE40CdTEyZQXKP_EtuuRREhaA5tJLcIJqM8VSqfZlIO1VilWRYT9puwhStAjyZqIKM4fm1HoPeP333qLi5bYn8RS98wNix2JV6QxNrXRizOwRRGrLbi88ygIngm_1k8YzCOusXD8w1y8dfTPAEAAA%3d%3d:1:7633)
    at <anonymous> (https://d1hjvew1n9ss7u.cloudfront.net/asset.axd?id=PAEAAB-LCAAAAAAAAAOtj0EPwUAQhf-KzLnsKqu64iBu4oSbOKzt0G2qKztTkQi_3abi6Ob43vfem8wDLIMGxjuLytwM2eCuPOvZ0gRCnrd86k8hgSaGNr5llFE40CdTEyZQXKP_EtuuRREhaA5tJLcIJqM8VSqfZlIO1VilWRYT9puwhStAjyZqIKM4fm1HoPeP333qLi5bYn8RS98wNix2JV6QxNrXRizOwRRGrLbi88ygIngm_1k8YzCOusXD8w1y8dfTPAEAAA%3d%3d:1:49808)
    at dispatch (https://d1hjvew1n9ss7u.cloudfront.net/assets/shjs.js?t=639255987001545277:0:32701)
    at a (https://d1hjvew1n9ss7u.cloudfront.net/assets/shjs.js?t=639255987001545277:0:28480)
[  315696ms] [LOG] Banner não encontrado: banner-232 @ https://d1hjvew1n9ss7u.cloudfront.net/asset.axd?id=PAEAAB-LCAAAAAAAAAOtj0EPwUAQhf-KzLnsKqu64iBu4oSbOKzt0G2qKztTkQi_3abi6Ob43vfem8wDLIMGxjuLytwM2eCuPOvZ0gRCnrd86k8hgSaGNr5llFE40CdTEyZQXKP_EtuuRREhaA5tJLcIJqM8VSqfZlIO1VilWRYT9puwhStAjyZqIKM4fm1HoPeP333qLi5bYn8RS98wNix2JV6QxNrXRizOwRRGrLbi88ygIngm_1k8YzCOusXD8w1y8dfTPAEAAA%3d%3d:754
[  315718ms] [LOG] %c Widde Video Commerce %c v24604ee %c Build: 21/09/2026 20:39 %c border: 1px solid #2567f8; background: #2567f8; color: #fff; font-weight: bold; padding: 4px 8px; border-radius: 3px 0 0 0; border: 1px solid #2567f8; border-left: none; background: #FFF; color: #2567f8; font-weight: bold; padding: 4px 8px; border: 1px solid #2567f8; border-left: none; background: #f0f0f0; color: #333; font-weight: bold; padding: 4px 8px; border-radius: 0 3px 3px 0; background: transparent @ https://cdn.widde.io/assets/main.utzwjalemu.js:0
[  315769ms] [LOG] %c Tryon Widde.io %c %s %c border: 1px solid #2567f8; background: #2567f8; color: #fff; font-weight: bold; padding: 4px 8px; border-radius: 3px 0 0 3px; border: 1px solid #2567f8; background: #FFF; color: #2567f8; font-weight: bold; padding: 4px 8px; border-radius: 0 3px 3px 0; 47bf7c2 background: transparent @ https://cdn-tryon.widde.io/widde-tryon.js:86
[  315783ms] [LOG] [tryon-tracker] initialized {domain: www.lolacosmetics.com.br} @ https://cdn-tryon.widde.io/widde-tryon.js:8
[  323198ms] [WARNING] Error with Feature-Policy header: Some features are specified in both Feature-Policy and Permissions-Policy header: payment, fullscreen, microphone, camera. Values defined in Permissions-Policy header will be used. @ :0
[  323724ms] [ERROR] Failed to load resource: the server responded with a status of 500 () @ https://fonts.cdnfonts.com/css/leelawade:0
[  324159ms] [ERROR] Failed to load resource: the server responded with a status of 404 () @ https://lolacosmetics.admin.linxcommerce.com.br/Custom/Content/Themes/Lola/Styles/Fonts/FontAwesome/all.css:0
[  324230ms] [LOG] Banner não encontrado: banner-232 @ https://d1hjvew1n9ss7u.cloudfront.net/asset.axd?id=PAEAAB-LCAAAAAAAAAOtj0EPwUAQhf-KzLnsKqu64iBu4oSbOKzt0G2qKztTkQi_3abi6Ob43vfem8wDLIMGxjuLytwM2eCuPOvZ0gRCnrd86k8hgSaGNr5llFE40CdTEyZQXKP_EtuuRREhaA5tJLcIJqM8VSqfZlIO1VilWRYT9puwhStAjyZqIKM4fm1HoPeP333qLi5bYn8RS98wNix2JV6QxNrXRizOwRRGrLbi88ygIngm_1k8YzCOusXD8w1y8dfTPAEAAA%3d%3d:754
[  324231ms] [LOG] [Debug Carrinho] Polling ativo @ https://d1hjvew1n9ss7u.cloudfront.net/asset.axd?id=PAEAAB-LCAAAAAAAAAOtj0EPwUAQhf-KzLnsKqu64iBu4oSbOKzt0G2qKztTkQi_3abi6Ob43vfem8wDLIMGxjuLytwM2eCuPOvZ0gRCnrd86k8hgSaGNr5llFE40CdTEyZQXKP_EtuuRREhaA5tJLcIJqM8VSqfZlIO1VilWRYT9puwhStAjyZqIKM4fm1HoPeP333qLi5bYn8RS98wNix2JV6QxNrXRizOwRRGrLbi88ygIngm_1k8YzCOusXD8w1y8dfTPAEAAA%3d%3d:1790
[  324269ms] [LOG] categoria @ https://d1hjvew1n9ss7u.cloudfront.net/asset.axd?id=PAEAAB-LCAAAAAAAAAOtj0EPwUAQhf-KzLnsKqu64iBu4oSbOKzt0G2qKztTkQi_3abi6Ob43vfem8wDLIMGxjuLytwM2eCuPOvZ0gRCnrd86k8hgSaGNr5llFE40CdTEyZQXKP_EtuuRREhaA5tJLcIJqM8VSqfZlIO1VilWRYT9puwhStAjyZqIKM4fm1HoPeP333qLi5bYn8RS98wNix2JV6QxNrXRizOwRRGrLbi88ygIngm_1k8YzCOusXD8w1y8dfTPAEAAA%3d%3d:1
[  324270ms] [WARNING] !! Há erros de scripts de terceiros !!
Por favor, contate a Empresa responsável pelo script.  @ https://d1hjvew1n9ss7u.cloudfront.net/assets/shjs.js?t=639255987001545277:0
[  324272ms] Uncaught Error: You must pass a string or Handlebars AST to Handlebars.compile. You passed null
    at e.compile (https://d1hjvew1n9ss7u.cloudfront.net/asset.axd?id=PAEAAB-LCAAAAAAAAAOtj0EPwUAQhf-KzLnsKqu64iBu4oSbOKzt0G2qKztTkQi_3abi6Ob43vfem8wDLIMGxjuLytwM2eCuPOvZ0gRCnrd86k8hgSaGNr5llFE40CdTEyZQXKP_EtuuRREhaA5tJLcIJqM8VSqfZlIO1VilWRYT9puwhStAjyZqIKM4fm1HoPeP333qLi5bYn8RS98wNix2JV6QxNrXRizOwRRGrLbi88ygIngm_1k8YzCOusXD8w1y8dfTPAEAAA%3d%3d:1794:49302)
    at i.compile (https://d1hjvew1n9ss7u.cloudfront.net/asset.axd?id=PAEAAB-LCAAAAAAAAAOtj0EPwUAQhf-KzLnsKqu64iBu4oSbOKzt0G2qKztTkQi_3abi6Ob43vfem8wDLIMGxjuLytwM2eCuPOvZ0gRCnrd86k8hgSaGNr5llFE40CdTEyZQXKP_EtuuRREhaA5tJLcIJqM8VSqfZlIO1VilWRYT9puwhStAjyZqIKM4fm1HoPeP333qLi5bYn8RS98wNix2JV6QxNrXRizOwRRGrLbi88ygIngm_1k8YzCOusXD8w1y8dfTPAEAAA%3d%3d:1794:343)
    at renderBasket (https://d1hjvew1n9ss7u.cloudfront.net/asset.axd?id=PAEAAB-LCAAAAAAAAAOtj0EPwUAQhf-KzLnsKqu64iBu4oSbOKzt0G2qKztTkQi_3abi6Ob43vfem8wDLIMGxjuLytwM2eCuPOvZ0gRCnrd86k8hgSaGNr5llFE40CdTEyZQXKP_EtuuRREhaA5tJLcIJqM8VSqfZlIO1VilWRYT9puwhStAjyZqIKM4fm1HoPeP333qLi5bYn8RS98wNix2JV6QxNrXRizOwRRGrLbi88ygIngm_1k8YzCOusXD8w1y8dfTPAEAAA%3d%3d:29:27)
    at <anonymous> (https://d1hjvew1n9ss7u.cloudfront.net/asset.axd?id=PAEAAB-LCAAAAAAAAAOtj0EPwUAQhf-KzLnsKqu64iBu4oSbOKzt0G2qKztTkQi_3abi6Ob43vfem8wDLIMGxjuLytwM2eCuPOvZ0gRCnrd86k8hgSaGNr5llFE40CdTEyZQXKP_EtuuRREhaA5tJLcIJqM8VSqfZlIO1VilWRYT9puwhStAjyZqIKM4fm1HoPeP333qLi5bYn8RS98wNix2JV6QxNrXRizOwRRGrLbi88ygIngm_1k8YzCOusXD8w1y8dfTPAEAAA%3d%3d:220:1)
    at f (https://d1hjvew1n9ss7u.cloudfront.net/assets/shjs.js?t=639255987001545277:0:10382)
    at fireWith (https://d1hjvew1n9ss7u.cloudfront.net/assets/shjs.js?t=639255987001545277:0:11137)
    at ready (https://d1hjvew1n9ss7u.cloudfront.net/assets/shjs.js?t=639255987001545277:0:5238)
    at r (https://d1hjvew1n9ss7u.cloudfront.net/assets/shjs.js?t=639255987001545277:0:9748)
[  324275ms] [VERBOSE] [DOM] Input elements should have autocomplete attributes (suggested: "current-password"): (More info: https://goo.gl/9p2vKq) %o @ https://www.lolacosmetics.com.br/promocao:0
[  324275ms] [VERBOSE] [DOM] Input elements should have autocomplete attributes (suggested: "current-password"): (More info: https://goo.gl/9p2vKq) %o @ https://www.lolacosmetics.com.br/promocao:0
[  324329ms] [ERROR] Failed to load resource: net::ERR_NAME_NOT_RESOLVED @ https://event.getblue.io/js/blue-tag.min.js:0
[  324441ms] [LOG] AffiseStorage availability: {cookie: true, localStorage: true, sessionStorage: true} @ https://rankmediabrasil.g2afse.com/websdk.js:0
[  324442ms] [LOG] Status RNK Media - ClickId: null UTM: null @ :3
[  324632ms] [WARNING] [Meta Pixel] - Invalid parameter format for currency. Please refer https://developers.facebook.com/docs/meta-pixel/reference/ for valid parameter specifications. @ https://connect.facebook.net/en_US/fbevents.js:203
[  324893ms] [INFO] É necessário definir o storeID no Plugin TrustVox @ https://d1hjvew1n9ss7u.cloudfront.net/asset.axd?id=_woAAB-LCAAAAAAAAAO9lsFunDAQhl-l4rw122w3m1D1lEfooYeqh8HMgrNgW_aYDYrSZ--EaFVgIZWK1aP9__b3Y3uwnxNJSZYQPlH6CC146ZSlLx9kBc4jfQ10_HiXbBLNpu-qKJG23FJJdoTa4yYpLAu_0m_9MM8SJhm5wErLwu3u_ma_v787bLef9p_3N4cDO-TFIQtVJNnudi-23Mgv3con2Y_n5fG-Jz4ET6ZJH4wm1JS-ZfOpamzgYKJBgkuq9FyIYb949MnL5l8JpTFljQI01B0p6YeUqbaO5DtP2AiHEizxhoh2N4TNyOt41pmj4vi1KZUekkZCRIYwEKhaJvVyHN4Za2kaFL4y1qKbY04s67i5M2evdCkkEJbGdQ3qMKTOGlZ_axEkCY_g5HRZB8o6iqxQnkwgkYM_Ic8ZmgZcVyEU43V917guA8_DM76uXg5aj7FTbR3pCJKjU2f5TGKL9ajcr8R4LOVpicRSDE7pTLDXjL470tkvneLflHE03qE5Pc7Jr5XmOla-mq7frCEis8FCgV8kvsnReaIFp4CU0X9F_3FGTMH3tafWPAkHrwW3mGHii5PAOiVxDtkLcRh56PJAZKa34Vj8DyyjUdZKntgUszanZXKtRqQtg1YxCuAXXfBQ8rtLSrQEenwuZg098-fLbwJGClv_CgAA:52
[  324926ms] Uncaught TypeError: Cannot read properties of undefined (reading 'replace')
    at validaFreteGratis (https://d1hjvew1n9ss7u.cloudfront.net/asset.axd?id=PAEAAB-LCAAAAAAAAAOtj0EPwUAQhf-KzLnsKqu64iBu4oSbOKzt0G2qKztTkQi_3abi6Ob43vfem8wDLIMGxjuLytwM2eCuPOvZ0gRCnrd86k8hgSaGNr5llFE40CdTEyZQXKP_EtuuRREhaA5tJLcIJqM8VSqfZlIO1VilWRYT9puwhStAjyZqIKM4fm1HoPeP333qLi5bYn8RS98wNix2JV6QxNrXRizOwRRGrLbi88ygIngm_1k8YzCOusXD8w1y8dfTPAEAAA%3d%3d:1:7633)
    at <anonymous> (https://d1hjvew1n9ss7u.cloudfront.net/asset.axd?id=PAEAAB-LCAAAAAAAAAOtj0EPwUAQhf-KzLnsKqu64iBu4oSbOKzt0G2qKztTkQi_3abi6Ob43vfem8wDLIMGxjuLytwM2eCuPOvZ0gRCnrd86k8hgSaGNr5llFE40CdTEyZQXKP_EtuuRREhaA5tJLcIJqM8VSqfZlIO1VilWRYT9puwhStAjyZqIKM4fm1HoPeP333qLi5bYn8RS98wNix2JV6QxNrXRizOwRRGrLbi88ygIngm_1k8YzCOusXD8w1y8dfTPAEAAA%3d%3d:1:49808)
    at dispatch (https://d1hjvew1n9ss7u.cloudfront.net/assets/shjs.js?t=639255987001545277:0:32701)
    at a (https://d1hjvew1n9ss7u.cloudfront.net/assets/shjs.js?t=639255987001545277:0:28480)
[  324900ms] [LOG] Banner não encontrado: banner-232 @ https://d1hjvew1n9ss7u.cloudfront.net/asset.axd?id=PAEAAB-LCAAAAAAAAAOtj0EPwUAQhf-KzLnsKqu64iBu4oSbOKzt0G2qKztTkQi_3abi6Ob43vfem8wDLIMGxjuLytwM2eCuPOvZ0gRCnrd86k8hgSaGNr5llFE40CdTEyZQXKP_EtuuRREhaA5tJLcIJqM8VSqfZlIO1VilWRYT9puwhStAjyZqIKM4fm1HoPeP333qLi5bYn8RS98wNix2JV6QxNrXRizOwRRGrLbi88ygIngm_1k8YzCOusXD8w1y8dfTPAEAAA%3d%3d:754
[  324962ms] [LOG] %c Widde Video Commerce %c v24604ee %c Build: 21/09/2026 20:39 %c border: 1px solid #2567f8; background: #2567f8; color: #fff; font-weight: bold; padding: 4px 8px; border-radius: 3px 0 0 0; border: 1px solid #2567f8; border-left: none; background: #FFF; color: #2567f8; font-weight: bold; padding: 4px 8px; border: 1px solid #2567f8; border-left: none; background: #f0f0f0; color: #333; font-weight: bold; padding: 4px 8px; border-radius: 0 3px 3px 0; background: transparent @ https://cdn.widde.io/assets/main.utzwjalemu.js:0
[  325037ms] [LOG] %c Tryon Widde.io %c %s %c border: 1px solid #2567f8; background: #2567f8; color: #fff; font-weight: bold; padding: 4px 8px; border-radius: 3px 0 0 3px; border: 1px solid #2567f8; background: #FFF; color: #2567f8; font-weight: bold; padding: 4px 8px; border-radius: 0 3px 3px 0; 47bf7c2 background: transparent @ https://cdn-tryon.widde.io/widde-tryon.js:86
[  325064ms] [LOG] [tryon-tracker] initialized {domain: www.lolacosmetics.com.br} @ https://cdn-tryon.widde.io/widde-tryon.js:8
[  332495ms] [WARNING] Error with Feature-Policy header: Some features are specified in both Feature-Policy and Permissions-Policy header: payment, fullscreen, microphone, camera. Values defined in Permissions-Policy header will be used. @ :0
[  332847ms] [ERROR] Failed to load resource: the server responded with a status of 500 () @ https://fonts.cdnfonts.com/css/leelawade:0
[  333285ms] [ERROR] Failed to load resource: the server responded with a status of 404 () @ https://lolacosmetics.admin.linxcommerce.com.br/Custom/Content/Themes/Lola/Styles/Fonts/FontAwesome/all.css:0
[  333381ms] [LOG] Banner não encontrado: banner-232 @ https://d1hjvew1n9ss7u.cloudfront.net/asset.axd?id=PAEAAB-LCAAAAAAAAAOtj0EPwUAQhf-KzLnsKqu64iBu4oSbOKzt0G2qKztTkQi_3abi6Ob43vfem8wDLIMGxjuLytwM2eCuPOvZ0gRCnrd86k8hgSaGNr5llFE40CdTEyZQXKP_EtuuRREhaA5tJLcIJqM8VSqfZlIO1VilWRYT9puwhStAjyZqIKM4fm1HoPeP333qLi5bYn8RS98wNix2JV6QxNrXRizOwRRGrLbi88ygIngm_1k8YzCOusXD8w1y8dfTPAEAAA%3d%3d:754
[  333384ms] [LOG] [Debug Carrinho] Polling ativo @ https://d1hjvew1n9ss7u.cloudfront.net/asset.axd?id=PAEAAB-LCAAAAAAAAAOtj0EPwUAQhf-KzLnsKqu64iBu4oSbOKzt0G2qKztTkQi_3abi6Ob43vfem8wDLIMGxjuLytwM2eCuPOvZ0gRCnrd86k8hgSaGNr5llFE40CdTEyZQXKP_EtuuRREhaA5tJLcIJqM8VSqfZlIO1VilWRYT9puwhStAjyZqIKM4fm1HoPeP333qLi5bYn8RS98wNix2JV6QxNrXRizOwRRGrLbi88ygIngm_1k8YzCOusXD8w1y8dfTPAEAAA%3d%3d:1790
[  333424ms] [LOG] categoria @ https://d1hjvew1n9ss7u.cloudfront.net/asset.axd?id=PAEAAB-LCAAAAAAAAAOtj0EPwUAQhf-KzLnsKqu64iBu4oSbOKzt0G2qKztTkQi_3abi6Ob43vfem8wDLIMGxjuLytwM2eCuPOvZ0gRCnrd86k8hgSaGNr5llFE40CdTEyZQXKP_EtuuRREhaA5tJLcIJqM8VSqfZlIO1VilWRYT9puwhStAjyZqIKM4fm1HoPeP333qLi5bYn8RS98wNix2JV6QxNrXRizOwRRGrLbi88ygIngm_1k8YzCOusXD8w1y8dfTPAEAAA%3d%3d:1
[  333425ms] [WARNING] !! Há erros de scripts de terceiros !!
Por favor, contate a Empresa responsável pelo script.  @ https://d1hjvew1n9ss7u.cloudfront.net/assets/shjs.js?t=639255987001545277:0
[  333428ms] Uncaught Error: You must pass a string or Handlebars AST to Handlebars.compile. You passed null
    at e.compile (https://d1hjvew1n9ss7u.cloudfront.net/asset.axd?id=PAEAAB-LCAAAAAAAAAOtj0EPwUAQhf-KzLnsKqu64iBu4oSbOKzt0G2qKztTkQi_3abi6Ob43vfem8wDLIMGxjuLytwM2eCuPOvZ0gRCnrd86k8hgSaGNr5llFE40CdTEyZQXKP_EtuuRREhaA5tJLcIJqM8VSqfZlIO1VilWRYT9puwhStAjyZqIKM4fm1HoPeP333qLi5bYn8RS98wNix2JV6QxNrXRizOwRRGrLbi88ygIngm_1k8YzCOusXD8w1y8dfTPAEAAA%3d%3d:1794:49302)
    at i.compile (https://d1hjvew1n9ss7u.cloudfront.net/asset.axd?id=PAEAAB-LCAAAAAAAAAOtj0EPwUAQhf-KzLnsKqu64iBu4oSbOKzt0G2qKztTkQi_3abi6Ob43vfem8wDLIMGxjuLytwM2eCuPOvZ0gRCnrd86k8hgSaGNr5llFE40CdTEyZQXKP_EtuuRREhaA5tJLcIJqM8VSqfZlIO1VilWRYT9puwhStAjyZqIKM4fm1HoPeP333qLi5bYn8RS98wNix2JV6QxNrXRizOwRRGrLbi88ygIngm_1k8YzCOusXD8w1y8dfTPAEAAA%3d%3d:1794:343)
    at renderBasket (https://d1hjvew1n9ss7u.cloudfront.net/asset.axd?id=PAEAAB-LCAAAAAAAAAOtj0EPwUAQhf-KzLnsKqu64iBu4oSbOKzt0G2qKztTkQi_3abi6Ob43vfem8wDLIMGxjuLytwM2eCuPOvZ0gRCnrd86k8hgSaGNr5llFE40CdTEyZQXKP_EtuuRREhaA5tJLcIJqM8VSqfZlIO1VilWRYT9puwhStAjyZqIKM4fm1HoPeP333qLi5bYn8RS98wNix2JV6QxNrXRizOwRRGrLbi88ygIngm_1k8YzCOusXD8w1y8dfTPAEAAA%3d%3d:29:27)
    at <anonymous> (https://d1hjvew1n9ss7u.cloudfront.net/asset.axd?id=PAEAAB-LCAAAAAAAAAOtj0EPwUAQhf-KzLnsKqu64iBu4oSbOKzt0G2qKztTkQi_3abi6Ob43vfem8wDLIMGxjuLytwM2eCuPOvZ0gRCnrd86k8hgSaGNr5llFE40CdTEyZQXKP_EtuuRREhaA5tJLcIJqM8VSqfZlIO1VilWRYT9puwhStAjyZqIKM4fm1HoPeP333qLi5bYn8RS98wNix2JV6QxNrXRizOwRRGrLbi88ygIngm_1k8YzCOusXD8w1y8dfTPAEAAA%3d%3d:220:1)
    at f (https://d1hjvew1n9ss7u.cloudfront.net/assets/shjs.js?t=639255987001545277:0:10382)
    at fireWith (https://d1hjvew1n9ss7u.cloudfront.net/assets/shjs.js?t=639255987001545277:0:11137)
    at ready (https://d1hjvew1n9ss7u.cloudfront.net/assets/shjs.js?t=639255987001545277:0:5238)
    at r (https://d1hjvew1n9ss7u.cloudfront.net/assets/shjs.js?t=639255987001545277:0:9748)
[  333430ms] [VERBOSE] [DOM] Input elements should have autocomplete attributes (suggested: "current-password"): (More info: https://goo.gl/9p2vKq) %o @ https://www.lolacosmetics.com.br/tratamentos/cronograma-capilar:0
[  333430ms] [VERBOSE] [DOM] Input elements should have autocomplete attributes (suggested: "current-password"): (More info: https://goo.gl/9p2vKq) %o @ https://www.lolacosmetics.com.br/tratamentos/cronograma-capilar:0
[  333487ms] [ERROR] Failed to load resource: net::ERR_NAME_NOT_RESOLVED @ https://event.getblue.io/js/blue-tag.min.js:0
[  333573ms] [LOG] AffiseStorage availability: {cookie: true, localStorage: true, sessionStorage: true} @ https://rankmediabrasil.g2afse.com/websdk.js:0
[  333573ms] [LOG] Status RNK Media - ClickId: null UTM: null @ :3
[  333714ms] [WARNING] [Meta Pixel] - Invalid parameter format for currency. Please refer https://developers.facebook.com/docs/meta-pixel/reference/ for valid parameter specifications. @ https://connect.facebook.net/en_US/fbevents.js:203
[  333984ms] [INFO] É necessário definir o storeID no Plugin TrustVox @ https://d1hjvew1n9ss7u.cloudfront.net/asset.axd?id=_woAAB-LCAAAAAAAAAO9lsFunDAQhl-l4rw122w3m1D1lEfooYeqh8HMgrNgW_aYDYrSZ--EaFVgIZWK1aP9__b3Y3uwnxNJSZYQPlH6CC146ZSlLx9kBc4jfQ10_HiXbBLNpu-qKJG23FJJdoTa4yYpLAu_0m_9MM8SJhm5wErLwu3u_ma_v787bLef9p_3N4cDO-TFIQtVJNnudi-23Mgv3con2Y_n5fG-Jz4ET6ZJH4wm1JS-ZfOpamzgYKJBgkuq9FyIYb949MnL5l8JpTFljQI01B0p6YeUqbaO5DtP2AiHEizxhoh2N4TNyOt41pmj4vi1KZUekkZCRIYwEKhaJvVyHN4Za2kaFL4y1qKbY04s67i5M2evdCkkEJbGdQ3qMKTOGlZ_axEkCY_g5HRZB8o6iqxQnkwgkYM_Ic8ZmgZcVyEU43V917guA8_DM76uXg5aj7FTbR3pCJKjU2f5TGKL9ajcr8R4LOVpicRSDE7pTLDXjL470tkvneLflHE03qE5Pc7Jr5XmOla-mq7frCEis8FCgV8kvsnReaIFp4CU0X9F_3FGTMH3tafWPAkHrwW3mGHii5PAOiVxDtkLcRh56PJAZKa34Vj8DyyjUdZKntgUszanZXKtRqQtg1YxCuAXXfBQ8rtLSrQEenwuZg098-fLbwJGClv_CgAA:52
[  333992ms] Uncaught TypeError: Cannot read properties of undefined (reading 'replace')
    at validaFreteGratis (https://d1hjvew1n9ss7u.cloudfront.net/asset.axd?id=PAEAAB-LCAAAAAAAAAOtj0EPwUAQhf-KzLnsKqu64iBu4oSbOKzt0G2qKztTkQi_3abi6Ob43vfem8wDLIMGxjuLytwM2eCuPOvZ0gRCnrd86k8hgSaGNr5llFE40CdTEyZQXKP_EtuuRREhaA5tJLcIJqM8VSqfZlIO1VilWRYT9puwhStAjyZqIKM4fm1HoPeP333qLi5bYn8RS98wNix2JV6QxNrXRizOwRRGrLbi88ygIngm_1k8YzCOusXD8w1y8dfTPAEAAA%3d%3d:1:7633)
    at <anonymous> (https://d1hjvew1n9ss7u.cloudfront.net/asset.axd?id=PAEAAB-LCAAAAAAAAAOtj0EPwUAQhf-KzLnsKqu64iBu4oSbOKzt0G2qKztTkQi_3abi6Ob43vfem8wDLIMGxjuLytwM2eCuPOvZ0gRCnrd86k8hgSaGNr5llFE40CdTEyZQXKP_EtuuRREhaA5tJLcIJqM8VSqfZlIO1VilWRYT9puwhStAjyZqIKM4fm1HoPeP333qLi5bYn8RS98wNix2JV6QxNrXRizOwRRGrLbi88ygIngm_1k8YzCOusXD8w1y8dfTPAEAAA%3d%3d:1:49808)
    at dispatch (https://d1hjvew1n9ss7u.cloudfront.net/assets/shjs.js?t=639255987001545277:0:32701)
    at a (https://d1hjvew1n9ss7u.cloudfront.net/assets/shjs.js?t=639255987001545277:0:28480)
[  333990ms] [LOG] Banner não encontrado: banner-232 @ https://d1hjvew1n9ss7u.cloudfront.net/asset.axd?id=PAEAAB-LCAAAAAAAAAOtj0EPwUAQhf-KzLnsKqu64iBu4oSbOKzt0G2qKztTkQi_3abi6Ob43vfem8wDLIMGxjuLytwM2eCuPOvZ0gRCnrd86k8hgSaGNr5llFE40CdTEyZQXKP_EtuuRREhaA5tJLcIJqM8VSqfZlIO1VilWRYT9puwhStAjyZqIKM4fm1HoPeP333qLi5bYn8RS98wNix2JV6QxNrXRizOwRRGrLbi88ygIngm_1k8YzCOusXD8w1y8dfTPAEAAA%3d%3d:754
[  334031ms] [LOG] %c Widde Video Commerce %c v24604ee %c Build: 21/09/2026 20:39 %c border: 1px solid #2567f8; background: #2567f8; color: #fff; font-weight: bold; padding: 4px 8px; border-radius: 3px 0 0 0; border: 1px solid #2567f8; border-left: none; background: #FFF; color: #2567f8; font-weight: bold; padding: 4px 8px; border: 1px solid #2567f8; border-left: none; background: #f0f0f0; color: #333; font-weight: bold; padding: 4px 8px; border-radius: 0 3px 3px 0; background: transparent @ https://cdn.widde.io/assets/main.utzwjalemu.js:0
[  334095ms] [LOG] %c Tryon Widde.io %c %s %c border: 1px solid #2567f8; background: #2567f8; color: #fff; font-weight: bold; padding: 4px 8px; border-radius: 3px 0 0 3px; border: 1px solid #2567f8; background: #FFF; color: #2567f8; font-weight: bold; padding: 4px 8px; border-radius: 0 3px 3px 0; 47bf7c2 background: transparent @ https://cdn-tryon.widde.io/widde-tryon.js:86
[  334121ms] [LOG] [tryon-tracker] initialized {domain: www.lolacosmetics.com.br} @ https://cdn-tryon.widde.io/widde-tryon.js:8
[  341080ms] [WARNING] Error with Feature-Policy header: Some features are specified in both Feature-Policy and Permissions-Policy header: payment, fullscreen, microphone, camera. Values defined in Permissions-Policy header will be used. @ :0
[  341488ms] [ERROR] Failed to load resource: the server responded with a status of 500 () @ https://fonts.cdnfonts.com/css/leelawade:0
[  341816ms] [ERROR] Failed to load resource: the server responded with a status of 404 () @ https://lolacosmetics.admin.linxcommerce.com.br/Custom/Content/Themes/Lola/Styles/Fonts/FontAwesome/all.css:0
[  342228ms] [LOG] Banner não encontrado: banner-232 @ https://d1hjvew1n9ss7u.cloudfront.net/asset.axd?id=PAEAAB-LCAAAAAAAAAOtj0EPwUAQhf-KzLnsKqu64iBu4oSbOKzt0G2qKztTkQi_3abi6Ob43vfem8wDLIMGxjuLytwM2eCuPOvZ0gRCnrd86k8hgSaGNr5llFE40CdTEyZQXKP_EtuuRREhaA5tJLcIJqM8VSqfZlIO1VilWRYT9puwhStAjyZqIKM4fm1HoPeP333qLi5bYn8RS98wNix2JV6QxNrXRizOwRRGrLbi88ygIngm_1k8YzCOusXD8w1y8dfTPAEAAA%3d%3d:754
[  342231ms] [LOG] [Debug Carrinho] Polling ativo @ https://d1hjvew1n9ss7u.cloudfront.net/asset.axd?id=PAEAAB-LCAAAAAAAAAOtj0EPwUAQhf-KzLnsKqu64iBu4oSbOKzt0G2qKztTkQi_3abi6Ob43vfem8wDLIMGxjuLytwM2eCuPOvZ0gRCnrd86k8hgSaGNr5llFE40CdTEyZQXKP_EtuuRREhaA5tJLcIJqM8VSqfZlIO1VilWRYT9puwhStAjyZqIKM4fm1HoPeP333qLi5bYn8RS98wNix2JV6QxNrXRizOwRRGrLbi88ygIngm_1k8YzCOusXD8w1y8dfTPAEAAA%3d%3d:1790
[  342311ms] [LOG] categoria @ https://d1hjvew1n9ss7u.cloudfront.net/asset.axd?id=PAEAAB-LCAAAAAAAAAOtj0EPwUAQhf-KzLnsKqu64iBu4oSbOKzt0G2qKztTkQi_3abi6Ob43vfem8wDLIMGxjuLytwM2eCuPOvZ0gRCnrd86k8hgSaGNr5llFE40CdTEyZQXKP_EtuuRREhaA5tJLcIJqM8VSqfZlIO1VilWRYT9puwhStAjyZqIKM4fm1HoPeP333qLi5bYn8RS98wNix2JV6QxNrXRizOwRRGrLbi88ygIngm_1k8YzCOusXD8w1y8dfTPAEAAA%3d%3d:1
[  342314ms] [WARNING] !! Há erros de scripts de terceiros !!
Por favor, contate a Empresa responsável pelo script.  @ https://d1hjvew1n9ss7u.cloudfront.net/assets/shjs.js?t=639255987001545277:0
[  342584ms] Uncaught Error: You must pass a string or Handlebars AST to Handlebars.compile. You passed null
    at e.compile (https://d1hjvew1n9ss7u.cloudfront.net/asset.axd?id=PAEAAB-LCAAAAAAAAAOtj0EPwUAQhf-KzLnsKqu64iBu4oSbOKzt0G2qKztTkQi_3abi6Ob43vfem8wDLIMGxjuLytwM2eCuPOvZ0gRCnrd86k8hgSaGNr5llFE40CdTEyZQXKP_EtuuRREhaA5tJLcIJqM8VSqfZlIO1VilWRYT9puwhStAjyZqIKM4fm1HoPeP333qLi5bYn8RS98wNix2JV6QxNrXRizOwRRGrLbi88ygIngm_1k8YzCOusXD8w1y8dfTPAEAAA%3d%3d:1794:49302)
    at i.compile (https://d1hjvew1n9ss7u.cloudfront.net/asset.axd?id=PAEAAB-LCAAAAAAAAAOtj0EPwUAQhf-KzLnsKqu64iBu4oSbOKzt0G2qKztTkQi_3abi6Ob43vfem8wDLIMGxjuLytwM2eCuPOvZ0gRCnrd86k8hgSaGNr5llFE40CdTEyZQXKP_EtuuRREhaA5tJLcIJqM8VSqfZlIO1VilWRYT9puwhStAjyZqIKM4fm1HoPeP333qLi5bYn8RS98wNix2JV6QxNrXRizOwRRGrLbi88ygIngm_1k8YzCOusXD8w1y8dfTPAEAAA%3d%3d:1794:343)
    at renderBasket (https://d1hjvew1n9ss7u.cloudfront.net/asset.axd?id=PAEAAB-LCAAAAAAAAAOtj0EPwUAQhf-KzLnsKqu64iBu4oSbOKzt0G2qKztTkQi_3abi6Ob43vfem8wDLIMGxjuLytwM2eCuPOvZ0gRCnrd86k8hgSaGNr5llFE40CdTEyZQXKP_EtuuRREhaA5tJLcIJqM8VSqfZlIO1VilWRYT9puwhStAjyZqIKM4fm1HoPeP333qLi5bYn8RS98wNix2JV6QxNrXRizOwRRGrLbi88ygIngm_1k8YzCOusXD8w1y8dfTPAEAAA%3d%3d:29:27)
    at <anonymous> (https://d1hjvew1n9ss7u.cloudfront.net/asset.axd?id=PAEAAB-LCAAAAAAAAAOtj0EPwUAQhf-KzLnsKqu64iBu4oSbOKzt0G2qKztTkQi_3abi6Ob43vfem8wDLIMGxjuLytwM2eCuPOvZ0gRCnrd86k8hgSaGNr5llFE40CdTEyZQXKP_EtuuRREhaA5tJLcIJqM8VSqfZlIO1VilWRYT9puwhStAjyZqIKM4fm1HoPeP333qLi5bYn8RS98wNix2JV6QxNrXRizOwRRGrLbi88ygIngm_1k8YzCOusXD8w1y8dfTPAEAAA%3d%3d:220:1)
    at f (https://d1hjvew1n9ss7u.cloudfront.net/assets/shjs.js?t=639255987001545277:0:10382)
    at fireWith (https://d1hjvew1n9ss7u.cloudfront.net/assets/shjs.js?t=639255987001545277:0:11137)
    at ready (https://d1hjvew1n9ss7u.cloudfront.net/assets/shjs.js?t=639255987001545277:0:5238)
    at r (https://d1hjvew1n9ss7u.cloudfront.net/assets/shjs.js?t=639255987001545277:0:9748)
[  342323ms] [VERBOSE] [DOM] Input elements should have autocomplete attributes (suggested: "current-password"): (More info: https://goo.gl/9p2vKq) %o @ https://www.lolacosmetics.com.br/colecoes/babados-da-lola:0
[  342324ms] [VERBOSE] [DOM] Input elements should have autocomplete attributes (suggested: "current-password"): (More info: https://goo.gl/9p2vKq) %o @ https://www.lolacosmetics.com.br/colecoes/babados-da-lola:0
[  342334ms] [ERROR] Failed to load resource: net::ERR_NAME_NOT_RESOLVED @ https://event.getblue.io/js/blue-tag.min.js:0
[  342364ms] [LOG] AffiseStorage availability: {cookie: true, localStorage: true, sessionStorage: true} @ https://rankmediabrasil.g2afse.com/websdk.js:0
[  342366ms] [LOG] Status RNK Media - ClickId: null UTM: null @ :3
[  343054ms] [INFO] É necessário definir o storeID no Plugin TrustVox @ https://d1hjvew1n9ss7u.cloudfront.net/asset.axd?id=CQsAAB-LCAAAAAAAAAO9lsFunDAQhl-l4rw122zJJlv1lEfooYeqh8HMgrNgW54xGxSlz16HaBVgoZWK1SP-f_v7MTPYz4nk5JAwPnH6CC2QdMrylw-yAkfIXz0fP94lm0QH03dVlMjb8KSSwxFqwk1S2CD8Sr_10yhImBzY-aC0Qbjd3d9k2f3dfrv9lH3Obvb74JAXhyxUkRx2t5nYhof8MqwoOfx4Xp5PPfHBE5smfTCaUXP6lo1S1VgfgokGGS6p0nMhhuPikZKXzb8SSmPKGgVoqDtWkoaUqbaORB0xNsKhBMvhg4h2N4TNyOt41pmjCvFrUyo9JI2EiAxhwHO1TOrlOLwz1tI0KKgy1qKbY04s67i5M2dSuhQSGEvjuga1H1JnDavftfCSBSE4Od3WgbKOIiuUJ-NZ5EAnDGv6pgHXVQjFeF__aFyXIawTVnzdvRy0HmOn2jrSEWSIzp0NNYkt1qN2vxJjsEpnvL2m9MORarJ0Kvw-jOPxzs3pcSqyVjr0l6KqVsRzhTkyRGQ2WCigReKbHJ0nWnAKWBn9V_S7M2KKcI4St-ZJOHhthMUME1-cBNYpiXPIXojDyH2Xe2YzPaXG4n9gGY2yVvIUTDF7c9om12pE2jJoFaOAcNPyBGW4D0mJlkGP62LWEOtc0HimGpmXzoZ3vSf-fPkNwB1u7QkLAAA%3d:49
[  343087ms] Uncaught TypeError: Cannot read properties of undefined (reading 'replace')
    at validaFreteGratis (https://d1hjvew1n9ss7u.cloudfront.net/asset.axd?id=PAEAAB-LCAAAAAAAAAOtj0EPwUAQhf-KzLnsKqu64iBu4oSbOKzt0G2qKztTkQi_3abi6Ob43vfem8wDLIMGxjuLytwM2eCuPOvZ0gRCnrd86k8hgSaGNr5llFE40CdTEyZQXKP_EtuuRREhaA5tJLcIJqM8VSqfZlIO1VilWRYT9puwhStAjyZqIKM4fm1HoPeP333qLi5bYn8RS98wNix2JV6QxNrXRizOwRRGrLbi88ygIngm_1k8YzCOusXD8w1y8dfTPAEAAA%3d%3d:1:7633)
    at <anonymous> (https://d1hjvew1n9ss7u.cloudfront.net/asset.axd?id=PAEAAB-LCAAAAAAAAAOtj0EPwUAQhf-KzLnsKqu64iBu4oSbOKzt0G2qKztTkQi_3abi6Ob43vfem8wDLIMGxjuLytwM2eCuPOvZ0gRCnrd86k8hgSaGNr5llFE40CdTEyZQXKP_EtuuRREhaA5tJLcIJqM8VSqfZlIO1VilWRYT9puwhStAjyZqIKM4fm1HoPeP333qLi5bYn8RS98wNix2JV6QxNrXRizOwRRGrLbi88ygIngm_1k8YzCOusXD8w1y8dfTPAEAAA%3d%3d:1:49808)
    at dispatch (https://d1hjvew1n9ss7u.cloudfront.net/assets/shjs.js?t=639255987001545277:0:32701)
    at a (https://d1hjvew1n9ss7u.cloudfront.net/assets/shjs.js?t=639255987001545277:0:28480)
[  343070ms] [LOG] Banner não encontrado: banner-232 @ https://d1hjvew1n9ss7u.cloudfront.net/asset.axd?id=PAEAAB-LCAAAAAAAAAOtj0EPwUAQhf-KzLnsKqu64iBu4oSbOKzt0G2qKztTkQi_3abi6Ob43vfem8wDLIMGxjuLytwM2eCuPOvZ0gRCnrd86k8hgSaGNr5llFE40CdTEyZQXKP_EtuuRREhaA5tJLcIJqM8VSqfZlIO1VilWRYT9puwhStAjyZqIKM4fm1HoPeP333qLi5bYn8RS98wNix2JV6QxNrXRizOwRRGrLbi88ygIngm_1k8YzCOusXD8w1y8dfTPAEAAA%3d%3d:754
[  343130ms] [LOG] %c Widde Video Commerce %c v24604ee %c Build: 21/09/2026 20:39 %c border: 1px solid #2567f8; background: #2567f8; color: #fff; font-weight: bold; padding: 4px 8px; border-radius: 3px 0 0 0; border: 1px solid #2567f8; border-left: none; background: #FFF; color: #2567f8; font-weight: bold; padding: 4px 8px; border: 1px solid #2567f8; border-left: none; background: #f0f0f0; color: #333; font-weight: bold; padding: 4px 8px; border-radius: 0 3px 3px 0; background: transparent @ https://cdn.widde.io/assets/main.utzwjalemu.js:0
[  343161ms] [LOG] %c Tryon Widde.io %c %s %c border: 1px solid #2567f8; background: #2567f8; color: #fff; font-weight: bold; padding: 4px 8px; border-radius: 3px 0 0 3px; border: 1px solid #2567f8; background: #FFF; color: #2567f8; font-weight: bold; padding: 4px 8px; border-radius: 0 3px 3px 0; 47bf7c2 background: transparent @ https://cdn-tryon.widde.io/widde-tryon.js:86
[  343197ms] [LOG] [tryon-tracker] initialized {domain: www.lolacosmetics.com.br} @ https://cdn-tryon.widde.io/widde-tryon.js:8
[  349497ms] [WARNING] Error with Feature-Policy header: Some features are specified in both Feature-Policy and Permissions-Policy header: payment, fullscreen, microphone, camera. Values defined in Permissions-Policy header will be used. @ :0
[  349890ms] [ERROR] Failed to load resource: the server responded with a status of 500 () @ https://fonts.cdnfonts.com/css/leelawade:0
[  350173ms] [ERROR] Failed to load resource: the server responded with a status of 404 () @ https://lolacosmetics.admin.linxcommerce.com.br/Custom/Content/Themes/Lola/Styles/Fonts/FontAwesome/all.css:0
[  350224ms] [LOG] Trustvox rating | PDP: 46389 tipo: 3 @ https://www.lolacosmetics.com.br/volumao-shampoo-250ml-ps-19629-321-p46389:16
[  350224ms] [LOG] Trustvox rating | ID final usado = 46389 @ https://www.lolacosmetics.com.br/volumao-shampoo-250ml-ps-19629-321-p46389:16
[  350225ms] [LOG] Trustvox PDP | product: 46389 | type: 3 | usedId: 46389 @ https://www.lolacosmetics.com.br/volumao-shampoo-250ml-ps-19629-321-p46389:44
[  350396ms] [LOG] Banner não encontrado: banner-232 @ https://d1hjvew1n9ss7u.cloudfront.net/asset.axd?id=PAEAAB-LCAAAAAAAAAOtj0EPwUAQhf-KzLnsKqu64iBu4oSbOKzt0G2qKztTkQi_3abi6Ob43vfem8wDLIMGxjuLytwM2eCuPOvZ0gRCnrd86k8hgSaGNr5llFE40CdTEyZQXKP_EtuuRREhaA5tJLcIJqM8VSqfZlIO1VilWRYT9puwhStAjyZqIKM4fm1HoPeP333qLi5bYn8RS98wNix2JV6QxNrXRizOwRRGrLbi88ygIngm_1k8YzCOusXD8w1y8dfTPAEAAA%3d%3d:754
[  350397ms] [LOG] [Debug Carrinho] Polling ativo @ https://d1hjvew1n9ss7u.cloudfront.net/asset.axd?id=PAEAAB-LCAAAAAAAAAOtj0EPwUAQhf-KzLnsKqu64iBu4oSbOKzt0G2qKztTkQi_3abi6Ob43vfem8wDLIMGxjuLytwM2eCuPOvZ0gRCnrd86k8hgSaGNr5llFE40CdTEyZQXKP_EtuuRREhaA5tJLcIJqM8VSqfZlIO1VilWRYT9puwhStAjyZqIKM4fm1HoPeP333qLi5bYn8RS98wNix2JV6QxNrXRizOwRRGrLbi88ygIngm_1k8YzCOusXD8w1y8dfTPAEAAA%3d%3d:1790
[  350457ms] [LOG] add @ https://d1hjvew1n9ss7u.cloudfront.net/asset.axd?id=PAEAAB-LCAAAAAAAAAOtj0EPwUAQhf-KzLnsKqu64iBu4oSbOKzt0G2qKztTkQi_3abi6Ob43vfem8wDLIMGxjuLytwM2eCuPOvZ0gRCnrd86k8hgSaGNr5llFE40CdTEyZQXKP_EtuuRREhaA5tJLcIJqM8VSqfZlIO1VilWRYT9puwhStAjyZqIKM4fm1HoPeP333qLi5bYn8RS98wNix2JV6QxNrXRizOwRRGrLbi88ygIngm_1k8YzCOusXD8w1y8dfTPAEAAA%3d%3d:1
[  350459ms] [WARNING] !! Há erros de scripts de terceiros !!
Por favor, contate a Empresa responsável pelo script.  @ https://d1hjvew1n9ss7u.cloudfront.net/assets/shjs.js?t=639255987001545277:0
[  350460ms] Uncaught Error: You must pass a string or Handlebars AST to Handlebars.compile. You passed null
    at e.compile (https://d1hjvew1n9ss7u.cloudfront.net/asset.axd?id=PAEAAB-LCAAAAAAAAAOtj0EPwUAQhf-KzLnsKqu64iBu4oSbOKzt0G2qKztTkQi_3abi6Ob43vfem8wDLIMGxjuLytwM2eCuPOvZ0gRCnrd86k8hgSaGNr5llFE40CdTEyZQXKP_EtuuRREhaA5tJLcIJqM8VSqfZlIO1VilWRYT9puwhStAjyZqIKM4fm1HoPeP333qLi5bYn8RS98wNix2JV6QxNrXRizOwRRGrLbi88ygIngm_1k8YzCOusXD8w1y8dfTPAEAAA%3d%3d:1794:49302)
    at i.compile (https://d1hjvew1n9ss7u.cloudfront.net/asset.axd?id=PAEAAB-LCAAAAAAAAAOtj0EPwUAQhf-KzLnsKqu64iBu4oSbOKzt0G2qKztTkQi_3abi6Ob43vfem8wDLIMGxjuLytwM2eCuPOvZ0gRCnrd86k8hgSaGNr5llFE40CdTEyZQXKP_EtuuRREhaA5tJLcIJqM8VSqfZlIO1VilWRYT9puwhStAjyZqIKM4fm1HoPeP333qLi5bYn8RS98wNix2JV6QxNrXRizOwRRGrLbi88ygIngm_1k8YzCOusXD8w1y8dfTPAEAAA%3d%3d:1794:343)
    at renderBasket (https://d1hjvew1n9ss7u.cloudfront.net/asset.axd?id=PAEAAB-LCAAAAAAAAAOtj0EPwUAQhf-KzLnsKqu64iBu4oSbOKzt0G2qKztTkQi_3abi6Ob43vfem8wDLIMGxjuLytwM2eCuPOvZ0gRCnrd86k8hgSaGNr5llFE40CdTEyZQXKP_EtuuRREhaA5tJLcIJqM8VSqfZlIO1VilWRYT9puwhStAjyZqIKM4fm1HoPeP333qLi5bYn8RS98wNix2JV6QxNrXRizOwRRGrLbi88ygIngm_1k8YzCOusXD8w1y8dfTPAEAAA%3d%3d:29:27)
    at <anonymous> (https://d1hjvew1n9ss7u.cloudfront.net/asset.axd?id=PAEAAB-LCAAAAAAAAAOtj0EPwUAQhf-KzLnsKqu64iBu4oSbOKzt0G2qKztTkQi_3abi6Ob43vfem8wDLIMGxjuLytwM2eCuPOvZ0gRCnrd86k8hgSaGNr5llFE40CdTEyZQXKP_EtuuRREhaA5tJLcIJqM8VSqfZlIO1VilWRYT9puwhStAjyZqIKM4fm1HoPeP333qLi5bYn8RS98wNix2JV6QxNrXRizOwRRGrLbi88ygIngm_1k8YzCOusXD8w1y8dfTPAEAAA%3d%3d:220:1)
    at f (https://d1hjvew1n9ss7u.cloudfront.net/assets/shjs.js?t=639255987001545277:0:10382)
    at fireWith (https://d1hjvew1n9ss7u.cloudfront.net/assets/shjs.js?t=639255987001545277:0:11137)
    at ready (https://d1hjvew1n9ss7u.cloudfront.net/assets/shjs.js?t=639255987001545277:0:5238)
    at r (https://d1hjvew1n9ss7u.cloudfront.net/assets/shjs.js?t=639255987001545277:0:9748)
[  350465ms] [VERBOSE] [DOM] Input elements should have autocomplete attributes (suggested: "current-password"): (More info: https://goo.gl/9p2vKq) %o @ https://www.lolacosmetics.com.br/volumao-shampoo-250ml-ps-19629-321-p46389:0
[  350465ms] [VERBOSE] [DOM] Input elements should have autocomplete attributes (suggested: "current-password"): (More info: https://goo.gl/9p2vKq) %o @ https://www.lolacosmetics.com.br/volumao-shampoo-250ml-ps-19629-321-p46389:0
[  350488ms] [LOG] AffiseStorage availability: {cookie: true, localStorage: true, sessionStorage: true} @ https://rankmediabrasil.g2afse.com/websdk.js:0
[  350491ms] [LOG] Status RNK Media - ClickId: null UTM: null @ :3
[  350544ms] [ERROR] Failed to load resource: net::ERR_NAME_NOT_RESOLVED @ https://event.getblue.io/js/blue-tag.min.js:0
[  350664ms] [WARNING] [Meta Pixel] - Invalid parameter format for currency. Please refer https://developers.facebook.com/docs/meta-pixel/reference/ for valid parameter specifications. @ https://connect.facebook.net/en_US/fbevents.js:203
[  350689ms] [ERROR] Failed to load resource: the server responded with a status of 404 () @ https://d1hjvew1n9ss7u.cloudfront.net/Custom/Content/Themes/Lola/Agrada/CSS/ajax-loader.gif:0
[  351030ms] Uncaught TypeError: Cannot read properties of undefined (reading 'replace')
    at validaFreteGratis (https://d1hjvew1n9ss7u.cloudfront.net/asset.axd?id=PAEAAB-LCAAAAAAAAAOtj0EPwUAQhf-KzLnsKqu64iBu4oSbOKzt0G2qKztTkQi_3abi6Ob43vfem8wDLIMGxjuLytwM2eCuPOvZ0gRCnrd86k8hgSaGNr5llFE40CdTEyZQXKP_EtuuRREhaA5tJLcIJqM8VSqfZlIO1VilWRYT9puwhStAjyZqIKM4fm1HoPeP333qLi5bYn8RS98wNix2JV6QxNrXRizOwRRGrLbi88ygIngm_1k8YzCOusXD8w1y8dfTPAEAAA%3d%3d:1:7633)
    at <anonymous> (https://d1hjvew1n9ss7u.cloudfront.net/asset.axd?id=PAEAAB-LCAAAAAAAAAOtj0EPwUAQhf-KzLnsKqu64iBu4oSbOKzt0G2qKztTkQi_3abi6Ob43vfem8wDLIMGxjuLytwM2eCuPOvZ0gRCnrd86k8hgSaGNr5llFE40CdTEyZQXKP_EtuuRREhaA5tJLcIJqM8VSqfZlIO1VilWRYT9puwhStAjyZqIKM4fm1HoPeP333qLi5bYn8RS98wNix2JV6QxNrXRizOwRRGrLbi88ygIngm_1k8YzCOusXD8w1y8dfTPAEAAA%3d%3d:1:49808)
    at dispatch (https://d1hjvew1n9ss7u.cloudfront.net/assets/shjs.js?t=639255987001545277:0:32701)
    at a (https://d1hjvew1n9ss7u.cloudfront.net/assets/shjs.js?t=639255987001545277:0:28480)
[  350956ms] [LOG] Banner não encontrado: banner-232 @ https://d1hjvew1n9ss7u.cloudfront.net/asset.axd?id=PAEAAB-LCAAAAAAAAAOtj0EPwUAQhf-KzLnsKqu64iBu4oSbOKzt0G2qKztTkQi_3abi6Ob43vfem8wDLIMGxjuLytwM2eCuPOvZ0gRCnrd86k8hgSaGNr5llFE40CdTEyZQXKP_EtuuRREhaA5tJLcIJqM8VSqfZlIO1VilWRYT9puwhStAjyZqIKM4fm1HoPeP333qLi5bYn8RS98wNix2JV6QxNrXRizOwRRGrLbi88ygIngm_1k8YzCOusXD8w1y8dfTPAEAAA%3d%3d:754
[  351016ms] [LOG] %c Widde Video Commerce %c v24604ee %c Build: 21/09/2026 20:39 %c border: 1px solid #2567f8; background: #2567f8; color: #fff; font-weight: bold; padding: 4px 8px; border-radius: 3px 0 0 0; border: 1px solid #2567f8; border-left: none; background: #FFF; color: #2567f8; font-weight: bold; padding: 4px 8px; border: 1px solid #2567f8; border-left: none; background: #f0f0f0; color: #333; font-weight: bold; padding: 4px 8px; border-radius: 0 3px 3px 0; background: transparent @ https://cdn.widde.io/assets/main.utzwjalemu.js:0
[  351290ms] [LOG] %c Tryon Widde.io %c %s %c border: 1px solid #2567f8; background: #2567f8; color: #fff; font-weight: bold; padding: 4px 8px; border-radius: 3px 0 0 3px; border: 1px solid #2567f8; background: #FFF; color: #2567f8; font-weight: bold; padding: 4px 8px; border-radius: 0 3px 3px 0; 47bf7c2 background: transparent @ https://cdn-tryon.widde.io/widde-tryon.js:86
[  351312ms] [LOG] [tryon-tracker] initialized {domain: www.lolacosmetics.com.br} @ https://cdn-tryon.widde.io/widde-tryon.js:8
[  357930ms] [WARNING] Error with Feature-Policy header: Some features are specified in both Feature-Policy and Permissions-Policy header: payment, fullscreen, microphone, camera. Values defined in Permissions-Policy header will be used. @ :0
[  358290ms] [ERROR] Failed to load resource: the server responded with a status of 500 () @ https://fonts.cdnfonts.com/css/leelawade:0
[  358712ms] [ERROR] Failed to load resource: the server responded with a status of 404 () @ https://lolacosmetics.admin.linxcommerce.com.br/Custom/Content/Themes/Lola/Styles/Fonts/FontAwesome/all.css:0
[  358769ms] [LOG] Trustvox rating | PDP: 46345 tipo: 7 @ https://www.lolacosmetics.com.br/kit-a-formula-lamelar-p46345:50
[  358769ms] [LOG] Trustvox rating | childId: 46294 -> parent (childId-1): 46293 @ https://www.lolacosmetics.com.br/kit-a-formula-lamelar-p46345:50
[  358769ms] [LOG] Trustvox rating | ID final usado = 46293 @ https://www.lolacosmetics.com.br/kit-a-formula-lamelar-p46345:50
[  358782ms] [LOG] {Items: Array(0), VariationPath: /, VariationLevel: 1, ProductPath: /7.46345/5.46338/, ProductLevel: 1} @ https://www.lolacosmetics.com.br/kit-a-formula-lamelar-p46345:50
[  358782ms] [LOG] {Items: Array(0), VariationPath: /, VariationLevel: 1, ProductPath: /7.46345/5.46340/, ProductLevel: 1} @ https://www.lolacosmetics.com.br/kit-a-formula-lamelar-p46345:50
[  358783ms] [LOG] {Items: Array(0), VariationPath: /, VariationLevel: 1, ProductPath: /7.46345/5.46294/, ProductLevel: 1} @ https://www.lolacosmetics.com.br/kit-a-formula-lamelar-p46345:50
[  358785ms] [LOG] Trustvox PDP | product: 46345 | type: 7 | childId: 46294 | usedId: 46293 @ https://www.lolacosmetics.com.br/kit-a-formula-lamelar-p46345:111
[  359128ms] [LOG] Banner não encontrado: banner-232 @ https://d1hjvew1n9ss7u.cloudfront.net/asset.axd?id=PAEAAB-LCAAAAAAAAAOtj0EPwUAQhf-KzLnsKqu64iBu4oSbOKzt0G2qKztTkQi_3abi6Ob43vfem8wDLIMGxjuLytwM2eCuPOvZ0gRCnrd86k8hgSaGNr5llFE40CdTEyZQXKP_EtuuRREhaA5tJLcIJqM8VSqfZlIO1VilWRYT9puwhStAjyZqIKM4fm1HoPeP333qLi5bYn8RS98wNix2JV6QxNrXRizOwRRGrLbi88ygIngm_1k8YzCOusXD8w1y8dfTPAEAAA%3d%3d:754
[  359130ms] [LOG] [Debug Carrinho] Polling ativo @ https://d1hjvew1n9ss7u.cloudfront.net/asset.axd?id=PAEAAB-LCAAAAAAAAAOtj0EPwUAQhf-KzLnsKqu64iBu4oSbOKzt0G2qKztTkQi_3abi6Ob43vfem8wDLIMGxjuLytwM2eCuPOvZ0gRCnrd86k8hgSaGNr5llFE40CdTEyZQXKP_EtuuRREhaA5tJLcIJqM8VSqfZlIO1VilWRYT9puwhStAjyZqIKM4fm1HoPeP333qLi5bYn8RS98wNix2JV6QxNrXRizOwRRGrLbi88ygIngm_1k8YzCOusXD8w1y8dfTPAEAAA%3d%3d:1790
[  359249ms] [LOG] add @ https://d1hjvew1n9ss7u.cloudfront.net/asset.axd?id=PAEAAB-LCAAAAAAAAAOtj0EPwUAQhf-KzLnsKqu64iBu4oSbOKzt0G2qKztTkQi_3abi6Ob43vfem8wDLIMGxjuLytwM2eCuPOvZ0gRCnrd86k8hgSaGNr5llFE40CdTEyZQXKP_EtuuRREhaA5tJLcIJqM8VSqfZlIO1VilWRYT9puwhStAjyZqIKM4fm1HoPeP333qLi5bYn8RS98wNix2JV6QxNrXRizOwRRGrLbi88ygIngm_1k8YzCOusXD8w1y8dfTPAEAAA%3d%3d:1
[  359252ms] [WARNING] !! Há erros de scripts de terceiros !!
Por favor, contate a Empresa responsável pelo script.  @ https://d1hjvew1n9ss7u.cloudfront.net/assets/shjs.js?t=639255987001545277:0
[  359397ms] Uncaught Error: You must pass a string or Handlebars AST to Handlebars.compile. You passed null
    at e.compile (https://d1hjvew1n9ss7u.cloudfront.net/asset.axd?id=PAEAAB-LCAAAAAAAAAOtj0EPwUAQhf-KzLnsKqu64iBu4oSbOKzt0G2qKztTkQi_3abi6Ob43vfem8wDLIMGxjuLytwM2eCuPOvZ0gRCnrd86k8hgSaGNr5llFE40CdTEyZQXKP_EtuuRREhaA5tJLcIJqM8VSqfZlIO1VilWRYT9puwhStAjyZqIKM4fm1HoPeP333qLi5bYn8RS98wNix2JV6QxNrXRizOwRRGrLbi88ygIngm_1k8YzCOusXD8w1y8dfTPAEAAA%3d%3d:1794:49302)
    at i.compile (https://d1hjvew1n9ss7u.cloudfront.net/asset.axd?id=PAEAAB-LCAAAAAAAAAOtj0EPwUAQhf-KzLnsKqu64iBu4oSbOKzt0G2qKztTkQi_3abi6Ob43vfem8wDLIMGxjuLytwM2eCuPOvZ0gRCnrd86k8hgSaGNr5llFE40CdTEyZQXKP_EtuuRREhaA5tJLcIJqM8VSqfZlIO1VilWRYT9puwhStAjyZqIKM4fm1HoPeP333qLi5bYn8RS98wNix2JV6QxNrXRizOwRRGrLbi88ygIngm_1k8YzCOusXD8w1y8dfTPAEAAA%3d%3d:1794:343)
    at renderBasket (https://d1hjvew1n9ss7u.cloudfront.net/asset.axd?id=PAEAAB-LCAAAAAAAAAOtj0EPwUAQhf-KzLnsKqu64iBu4oSbOKzt0G2qKztTkQi_3abi6Ob43vfem8wDLIMGxjuLytwM2eCuPOvZ0gRCnrd86k8hgSaGNr5llFE40CdTEyZQXKP_EtuuRREhaA5tJLcIJqM8VSqfZlIO1VilWRYT9puwhStAjyZqIKM4fm1HoPeP333qLi5bYn8RS98wNix2JV6QxNrXRizOwRRGrLbi88ygIngm_1k8YzCOusXD8w1y8dfTPAEAAA%3d%3d:29:27)
    at <anonymous> (https://d1hjvew1n9ss7u.cloudfront.net/asset.axd?id=PAEAAB-LCAAAAAAAAAOtj0EPwUAQhf-KzLnsKqu64iBu4oSbOKzt0G2qKztTkQi_3abi6Ob43vfem8wDLIMGxjuLytwM2eCuPOvZ0gRCnrd86k8hgSaGNr5llFE40CdTEyZQXKP_EtuuRREhaA5tJLcIJqM8VSqfZlIO1VilWRYT9puwhStAjyZqIKM4fm1HoPeP333qLi5bYn8RS98wNix2JV6QxNrXRizOwRRGrLbi88ygIngm_1k8YzCOusXD8w1y8dfTPAEAAA%3d%3d:220:1)
    at f (https://d1hjvew1n9ss7u.cloudfront.net/assets/shjs.js?t=639255987001545277:0:10382)
    at fireWith (https://d1hjvew1n9ss7u.cloudfront.net/assets/shjs.js?t=639255987001545277:0:11137)
    at ready (https://d1hjvew1n9ss7u.cloudfront.net/assets/shjs.js?t=639255987001545277:0:5238)
    at r (https://d1hjvew1n9ss7u.cloudfront.net/assets/shjs.js?t=639255987001545277:0:9748)
[  359258ms] [VERBOSE] [DOM] Input elements should have autocomplete attributes (suggested: "current-password"): (More info: https://goo.gl/9p2vKq) %o @ https://www.lolacosmetics.com.br/kit-a-formula-lamelar-p46345:0
[  359258ms] [VERBOSE] [DOM] Input elements should have autocomplete attributes (suggested: "current-password"): (More info: https://goo.gl/9p2vKq) %o @ https://www.lolacosmetics.com.br/kit-a-formula-lamelar-p46345:0
[  359293ms] [LOG] AffiseStorage availability: {cookie: true, localStorage: true, sessionStorage: true} @ https://rankmediabrasil.g2afse.com/websdk.js:0
[  359294ms] [LOG] Status RNK Media - ClickId: null UTM: null @ :3
[  359340ms] [ERROR] Failed to load resource: net::ERR_NAME_NOT_RESOLVED @ https://event.getblue.io/js/blue-tag.min.js:0
[  359424ms] [ERROR] Failed to load resource: the server responded with a status of 404 () @ https://d1hjvew1n9ss7u.cloudfront.net/Custom/Content/Themes/Lola/Agrada/CSS/ajax-loader.gif:0
[  359527ms] [WARNING] [Meta Pixel] - Invalid parameter format for currency. Please refer https://developers.facebook.com/docs/meta-pixel/reference/ for valid parameter specifications. @ https://connect.facebook.net/en_US/fbevents.js:203
[  359979ms] Uncaught TypeError: Cannot read properties of undefined (reading 'replace')
    at validaFreteGratis (https://d1hjvew1n9ss7u.cloudfront.net/asset.axd?id=PAEAAB-LCAAAAAAAAAOtj0EPwUAQhf-KzLnsKqu64iBu4oSbOKzt0G2qKztTkQi_3abi6Ob43vfem8wDLIMGxjuLytwM2eCuPOvZ0gRCnrd86k8hgSaGNr5llFE40CdTEyZQXKP_EtuuRREhaA5tJLcIJqM8VSqfZlIO1VilWRYT9puwhStAjyZqIKM4fm1HoPeP333qLi5bYn8RS98wNix2JV6QxNrXRizOwRRGrLbi88ygIngm_1k8YzCOusXD8w1y8dfTPAEAAA%3d%3d:1:7633)
    at <anonymous> (https://d1hjvew1n9ss7u.cloudfront.net/asset.axd?id=PAEAAB-LCAAAAAAAAAOtj0EPwUAQhf-KzLnsKqu64iBu4oSbOKzt0G2qKztTkQi_3abi6Ob43vfem8wDLIMGxjuLytwM2eCuPOvZ0gRCnrd86k8hgSaGNr5llFE40CdTEyZQXKP_EtuuRREhaA5tJLcIJqM8VSqfZlIO1VilWRYT9puwhStAjyZqIKM4fm1HoPeP333qLi5bYn8RS98wNix2JV6QxNrXRizOwRRGrLbi88ygIngm_1k8YzCOusXD8w1y8dfTPAEAAA%3d%3d:1:49808)
    at dispatch (https://d1hjvew1n9ss7u.cloudfront.net/assets/shjs.js?t=639255987001545277:0:32701)
    at a (https://d1hjvew1n9ss7u.cloudfront.net/assets/shjs.js?t=639255987001545277:0:28480)
[  359881ms] [LOG] Banner não encontrado: banner-232 @ https://d1hjvew1n9ss7u.cloudfront.net/asset.axd?id=PAEAAB-LCAAAAAAAAAOtj0EPwUAQhf-KzLnsKqu64iBu4oSbOKzt0G2qKztTkQi_3abi6Ob43vfem8wDLIMGxjuLytwM2eCuPOvZ0gRCnrd86k8hgSaGNr5llFE40CdTEyZQXKP_EtuuRREhaA5tJLcIJqM8VSqfZlIO1VilWRYT9puwhStAjyZqIKM4fm1HoPeP333qLi5bYn8RS98wNix2JV6QxNrXRizOwRRGrLbi88ygIngm_1k8YzCOusXD8w1y8dfTPAEAAA%3d%3d:754
[  359917ms] [LOG] %c Widde Video Commerce %c v24604ee %c Build: 21/09/2026 20:39 %c border: 1px solid #2567f8; background: #2567f8; color: #fff; font-weight: bold; padding: 4px 8px; border-radius: 3px 0 0 0; border: 1px solid #2567f8; border-left: none; background: #FFF; color: #2567f8; font-weight: bold; padding: 4px 8px; border: 1px solid #2567f8; border-left: none; background: #f0f0f0; color: #333; font-weight: bold; padding: 4px 8px; border-radius: 0 3px 3px 0; background: transparent @ https://cdn.widde.io/assets/main.utzwjalemu.js:0
[  360245ms] Uncaught (in promise) TypeError: Cannot read properties of null (reading 'store_id')
    at loadAnswersSummaries (https://static.trustvox.com.br/sincero/sincero.js:0:378910)
    at <anonymous> (https://static.trustvox.com.br/sincero/sincero.js:0:104392)
    at r.dispatch (https://static.trustvox.com.br/sincero/sincero.js:0:106041)
    at dispatch (https://static.trustvox.com.br/sincero/sincero.js:0:102087)
    at <anonymous> (https://static.trustvox.com.br/sincero/sincero.js:0:365471)
[  360246ms] Uncaught (in promise) TypeError: Cannot read properties of null (reading 'store_id')
    at loadProfiles (https://static.trustvox.com.br/sincero/sincero.js:0:376806)
    at <anonymous> (https://static.trustvox.com.br/sincero/sincero.js:0:104392)
    at r.dispatch (https://static.trustvox.com.br/sincero/sincero.js:0:106041)
    at dispatch (https://static.trustvox.com.br/sincero/sincero.js:0:102087)
    at t.context.a.dispatch (https://static.trustvox.com.br/sincero/sincero.js:0:103635)
    at <anonymous> (https://static.trustvox.com.br/sincero/sincero.js:0:376597)
[  360265ms] [LOG] %c Tryon Widde.io %c %s %c border: 1px solid #2567f8; background: #2567f8; color: #fff; font-weight: bold; padding: 4px 8px; border-radius: 3px 0 0 3px; border: 1px solid #2567f8; background: #FFF; color: #2567f8; font-weight: bold; padding: 4px 8px; border-radius: 0 3px 3px 0; 47bf7c2 background: transparent @ https://cdn-tryon.widde.io/widde-tryon.js:86
[  360295ms] [LOG] [tryon-tracker] initialized {domain: www.lolacosmetics.com.br} @ https://cdn-tryon.widde.io/widde-tryon.js:8
[  367648ms] [WARNING] Error with Feature-Policy header: Some features are specified in both Feature-Policy and Permissions-Policy header: payment, fullscreen, microphone, camera. Values defined in Permissions-Policy header will be used. @ :0
[  367973ms] [ERROR] Failed to load resource: the server responded with a status of 500 () @ https://fonts.cdnfonts.com/css/leelawade:0
[  368232ms] [ERROR] Failed to load resource: the server responded with a status of 404 () @ https://lolacosmetics.admin.linxcommerce.com.br/Custom/Content/Themes/Lola/Styles/Fonts/FontAwesome/all.css:0
[  368385ms] [WARNING] [GSI_LOGGER]: google.accounts.id.initialize() is called multiple times. This could cause unexpected behavior and only the last initialized instance will be used. @ https://accounts.google.com/gsi/client:86
[  368437ms] [LOG] Banner não encontrado: banner-232 @ https://d1hjvew1n9ss7u.cloudfront.net/asset.axd?id=PAEAAB-LCAAAAAAAAAOtj0EPwUAQhf-KzLnsKqu64iBu4oSbOKzt0G2qKztTkQi_3abi6Ob43vfem8wDLIMGxjuLytwM2eCuPOvZ0gRCnrd86k8hgSaGNr5llFE40CdTEyZQXKP_EtuuRREhaA5tJLcIJqM8VSqfZlIO1VilWRYT9puwhStAjyZqIKM4fm1HoPeP333qLi5bYn8RS98wNix2JV6QxNrXRizOwRRGrLbi88ygIngm_1k8YzCOusXD8w1y8dfTPAEAAA%3d%3d:754
[  368439ms] [LOG] [Debug Carrinho] Polling ativo @ https://d1hjvew1n9ss7u.cloudfront.net/asset.axd?id=PAEAAB-LCAAAAAAAAAOtj0EPwUAQhf-KzLnsKqu64iBu4oSbOKzt0G2qKztTkQi_3abi6Ob43vfem8wDLIMGxjuLytwM2eCuPOvZ0gRCnrd86k8hgSaGNr5llFE40CdTEyZQXKP_EtuuRREhaA5tJLcIJqM8VSqfZlIO1VilWRYT9puwhStAjyZqIKM4fm1HoPeP333qLi5bYn8RS98wNix2JV6QxNrXRizOwRRGrLbi88ygIngm_1k8YzCOusXD8w1y8dfTPAEAAA%3d%3d:1790
[  368498ms] [WARNING] !! Há erros de scripts de terceiros !!
Por favor, contate a Empresa responsável pelo script.  @ https://d1hjvew1n9ss7u.cloudfront.net/assets/shjs.js?t=639255987001545277:0
[  368504ms] Uncaught Error: You must pass a string or Handlebars AST to Handlebars.compile. You passed null
    at e.compile (https://d1hjvew1n9ss7u.cloudfront.net/asset.axd?id=PAEAAB-LCAAAAAAAAAOtj0EPwUAQhf-KzLnsKqu64iBu4oSbOKzt0G2qKztTkQi_3abi6Ob43vfem8wDLIMGxjuLytwM2eCuPOvZ0gRCnrd86k8hgSaGNr5llFE40CdTEyZQXKP_EtuuRREhaA5tJLcIJqM8VSqfZlIO1VilWRYT9puwhStAjyZqIKM4fm1HoPeP333qLi5bYn8RS98wNix2JV6QxNrXRizOwRRGrLbi88ygIngm_1k8YzCOusXD8w1y8dfTPAEAAA%3d%3d:1794:49302)
    at i.compile (https://d1hjvew1n9ss7u.cloudfront.net/asset.axd?id=PAEAAB-LCAAAAAAAAAOtj0EPwUAQhf-KzLnsKqu64iBu4oSbOKzt0G2qKztTkQi_3abi6Ob43vfem8wDLIMGxjuLytwM2eCuPOvZ0gRCnrd86k8hgSaGNr5llFE40CdTEyZQXKP_EtuuRREhaA5tJLcIJqM8VSqfZlIO1VilWRYT9puwhStAjyZqIKM4fm1HoPeP333qLi5bYn8RS98wNix2JV6QxNrXRizOwRRGrLbi88ygIngm_1k8YzCOusXD8w1y8dfTPAEAAA%3d%3d:1794:343)
    at renderBasket (https://d1hjvew1n9ss7u.cloudfront.net/asset.axd?id=PAEAAB-LCAAAAAAAAAOtj0EPwUAQhf-KzLnsKqu64iBu4oSbOKzt0G2qKztTkQi_3abi6Ob43vfem8wDLIMGxjuLytwM2eCuPOvZ0gRCnrd86k8hgSaGNr5llFE40CdTEyZQXKP_EtuuRREhaA5tJLcIJqM8VSqfZlIO1VilWRYT9puwhStAjyZqIKM4fm1HoPeP333qLi5bYn8RS98wNix2JV6QxNrXRizOwRRGrLbi88ygIngm_1k8YzCOusXD8w1y8dfTPAEAAA%3d%3d:29:27)
    at <anonymous> (https://d1hjvew1n9ss7u.cloudfront.net/asset.axd?id=PAEAAB-LCAAAAAAAAAOtj0EPwUAQhf-KzLnsKqu64iBu4oSbOKzt0G2qKztTkQi_3abi6Ob43vfem8wDLIMGxjuLytwM2eCuPOvZ0gRCnrd86k8hgSaGNr5llFE40CdTEyZQXKP_EtuuRREhaA5tJLcIJqM8VSqfZlIO1VilWRYT9puwhStAjyZqIKM4fm1HoPeP333qLi5bYn8RS98wNix2JV6QxNrXRizOwRRGrLbi88ygIngm_1k8YzCOusXD8w1y8dfTPAEAAA%3d%3d:220:1)
    at f (https://d1hjvew1n9ss7u.cloudfront.net/assets/shjs.js?t=639255987001545277:0:10382)
    at fireWith (https://d1hjvew1n9ss7u.cloudfront.net/assets/shjs.js?t=639255987001545277:0:11137)
    at ready (https://d1hjvew1n9ss7u.cloudfront.net/assets/shjs.js?t=639255987001545277:0:5238)
    at r (https://d1hjvew1n9ss7u.cloudfront.net/assets/shjs.js?t=639255987001545277:0:9748)
[  368507ms] [VERBOSE] [DOM] Input elements should have autocomplete attributes (suggested: "current-password"): (More info: https://goo.gl/9p2vKq) %o @ https://www.lolacosmetics.com.br/login:0
[  368507ms] [VERBOSE] [DOM] Input elements should have autocomplete attributes (suggested: "current-password"): (More info: https://goo.gl/9p2vKq) %o @ https://www.lolacosmetics.com.br/login:0
[  368507ms] [VERBOSE] [DOM] Input elements should have autocomplete attributes (suggested: "current-password"): (More info: https://goo.gl/9p2vKq) %o @ https://www.lolacosmetics.com.br/login:0
[  368518ms] [ERROR] Failed to load resource: net::ERR_NAME_NOT_RESOLVED @ https://event.getblue.io/js/blue-tag.min.js:0
[  368558ms] [LOG] AffiseStorage availability: {cookie: true, localStorage: true, sessionStorage: true} @ https://rankmediabrasil.g2afse.com/websdk.js:0
[  368561ms] [LOG] Status RNK Media - ClickId: null UTM: null @ :3
[  369138ms] Uncaught TypeError: Cannot read properties of undefined (reading 'replace')
    at validaFreteGratis (https://d1hjvew1n9ss7u.cloudfront.net/asset.axd?id=PAEAAB-LCAAAAAAAAAOtj0EPwUAQhf-KzLnsKqu64iBu4oSbOKzt0G2qKztTkQi_3abi6Ob43vfem8wDLIMGxjuLytwM2eCuPOvZ0gRCnrd86k8hgSaGNr5llFE40CdTEyZQXKP_EtuuRREhaA5tJLcIJqM8VSqfZlIO1VilWRYT9puwhStAjyZqIKM4fm1HoPeP333qLi5bYn8RS98wNix2JV6QxNrXRizOwRRGrLbi88ygIngm_1k8YzCOusXD8w1y8dfTPAEAAA%3d%3d:1:7633)
    at <anonymous> (https://d1hjvew1n9ss7u.cloudfront.net/asset.axd?id=PAEAAB-LCAAAAAAAAAOtj0EPwUAQhf-KzLnsKqu64iBu4oSbOKzt0G2qKztTkQi_3abi6Ob43vfem8wDLIMGxjuLytwM2eCuPOvZ0gRCnrd86k8hgSaGNr5llFE40CdTEyZQXKP_EtuuRREhaA5tJLcIJqM8VSqfZlIO1VilWRYT9puwhStAjyZqIKM4fm1HoPeP333qLi5bYn8RS98wNix2JV6QxNrXRizOwRRGrLbi88ygIngm_1k8YzCOusXD8w1y8dfTPAEAAA%3d%3d:1:49808)
    at dispatch (https://d1hjvew1n9ss7u.cloudfront.net/assets/shjs.js?t=639255987001545277:0:32701)
    at a (https://d1hjvew1n9ss7u.cloudfront.net/assets/shjs.js?t=639255987001545277:0:28480)
[  369101ms] [LOG] Banner não encontrado: banner-232 @ https://d1hjvew1n9ss7u.cloudfront.net/asset.axd?id=PAEAAB-LCAAAAAAAAAOtj0EPwUAQhf-KzLnsKqu64iBu4oSbOKzt0G2qKztTkQi_3abi6Ob43vfem8wDLIMGxjuLytwM2eCuPOvZ0gRCnrd86k8hgSaGNr5llFE40CdTEyZQXKP_EtuuRREhaA5tJLcIJqM8VSqfZlIO1VilWRYT9puwhStAjyZqIKM4fm1HoPeP333qLi5bYn8RS98wNix2JV6QxNrXRizOwRRGrLbi88ygIngm_1k8YzCOusXD8w1y8dfTPAEAAA%3d%3d:754
[  369146ms] [LOG] %c Widde Video Commerce %c v24604ee %c Build: 21/09/2026 20:39 %c border: 1px solid #2567f8; background: #2567f8; color: #fff; font-weight: bold; padding: 4px 8px; border-radius: 3px 0 0 0; border: 1px solid #2567f8; border-left: none; background: #FFF; color: #2567f8; font-weight: bold; padding: 4px 8px; border: 1px solid #2567f8; border-left: none; background: #f0f0f0; color: #333; font-weight: bold; padding: 4px 8px; border-radius: 0 3px 3px 0; background: transparent @ https://cdn.widde.io/assets/main.utzwjalemu.js:0
[  369152ms] [ERROR] Error decoding JWT: Error: Invalid JWT format
    at u0 (https://cdn.widde.io/assets/shared-utils.58MPgxdv.js:99:89838)
    at e (https://cdn.widde.io/assets/shared-utils.58MPgxdv.js:99:90502)
    at d0.startNativation (https://cdn.widde.io/assets/shared-utils.58MPgxdv.js:99:90616)
    at d0.registerNavigation (https://cdn.widde.io/assets/shared-utils.58MPgxdv.js:99:91609)
    at e (https://cdn.widde.io/assets/main.utzwjalemu.js:1:21655) @ https://cdn.widde.io/assets/shared-utils.58MPgxdv.js:98
[  369179ms] [LOG] %c Tryon Widde.io %c %s %c border: 1px solid #2567f8; background: #2567f8; color: #fff; font-weight: bold; padding: 4px 8px; border-radius: 3px 0 0 3px; border: 1px solid #2567f8; background: #FFF; color: #2567f8; font-weight: bold; padding: 4px 8px; border-radius: 0 3px 3px 0; 47bf7c2 background: transparent @ https://cdn-tryon.widde.io/widde-tryon.js:86
[  369197ms] [LOG] [tryon-tracker] initialized {domain: www.lolacosmetics.com.br} @ https://cdn-tryon.widde.io/widde-tryon.js:8
[  375630ms] [WARNING] Error with Feature-Policy header: Some features are specified in both Feature-Policy and Permissions-Policy header: payment, fullscreen, microphone, camera. Values defined in Permissions-Policy header will be used. @ :0
[  375885ms] [ERROR] Failed to load resource: the server responded with a status of 500 () @ https://fonts.cdnfonts.com/css/leelawade:0
[  376323ms] [ERROR] Failed to load resource: the server responded with a status of 404 () @ https://lolacosmetics.admin.linxcommerce.com.br/Custom/Content/Themes/Lola/Styles/Fonts/FontAwesome/all.css:0
[  376459ms] [LOG] Banner não encontrado: banner-232 @ https://d1hjvew1n9ss7u.cloudfront.net/asset.axd?id=PAEAAB-LCAAAAAAAAAOtj0EPwUAQhf-KzLnsKqu64iBu4oSbOKzt0G2qKztTkQi_3abi6Ob43vfem8wDLIMGxjuLytwM2eCuPOvZ0gRCnrd86k8hgSaGNr5llFE40CdTEyZQXKP_EtuuRREhaA5tJLcIJqM8VSqfZlIO1VilWRYT9puwhStAjyZqIKM4fm1HoPeP333qLi5bYn8RS98wNix2JV6QxNrXRizOwRRGrLbi88ygIngm_1k8YzCOusXD8w1y8dfTPAEAAA%3d%3d:754
[  376460ms] [LOG] [Debug Carrinho] Polling ativo @ https://d1hjvew1n9ss7u.cloudfront.net/asset.axd?id=PAEAAB-LCAAAAAAAAAOtj0EPwUAQhf-KzLnsKqu64iBu4oSbOKzt0G2qKztTkQi_3abi6Ob43vfem8wDLIMGxjuLytwM2eCuPOvZ0gRCnrd86k8hgSaGNr5llFE40CdTEyZQXKP_EtuuRREhaA5tJLcIJqM8VSqfZlIO1VilWRYT9puwhStAjyZqIKM4fm1HoPeP333qLi5bYn8RS98wNix2JV6QxNrXRizOwRRGrLbi88ygIngm_1k8YzCOusXD8w1y8dfTPAEAAA%3d%3d:1790
[  376472ms] [WARNING] !! Há erros de scripts de terceiros !!
Por favor, contate a Empresa responsável pelo script.  @ https://d1hjvew1n9ss7u.cloudfront.net/assets/shjs.js?t=639255987001545277:0
[  376473ms] Uncaught Error: You must pass a string or Handlebars AST to Handlebars.compile. You passed null
    at e.compile (https://d1hjvew1n9ss7u.cloudfront.net/asset.axd?id=PAEAAB-LCAAAAAAAAAOtj0EPwUAQhf-KzLnsKqu64iBu4oSbOKzt0G2qKztTkQi_3abi6Ob43vfem8wDLIMGxjuLytwM2eCuPOvZ0gRCnrd86k8hgSaGNr5llFE40CdTEyZQXKP_EtuuRREhaA5tJLcIJqM8VSqfZlIO1VilWRYT9puwhStAjyZqIKM4fm1HoPeP333qLi5bYn8RS98wNix2JV6QxNrXRizOwRRGrLbi88ygIngm_1k8YzCOusXD8w1y8dfTPAEAAA%3d%3d:1794:49302)
    at i.compile (https://d1hjvew1n9ss7u.cloudfront.net/asset.axd?id=PAEAAB-LCAAAAAAAAAOtj0EPwUAQhf-KzLnsKqu64iBu4oSbOKzt0G2qKztTkQi_3abi6Ob43vfem8wDLIMGxjuLytwM2eCuPOvZ0gRCnrd86k8hgSaGNr5llFE40CdTEyZQXKP_EtuuRREhaA5tJLcIJqM8VSqfZlIO1VilWRYT9puwhStAjyZqIKM4fm1HoPeP333qLi5bYn8RS98wNix2JV6QxNrXRizOwRRGrLbi88ygIngm_1k8YzCOusXD8w1y8dfTPAEAAA%3d%3d:1794:343)
    at renderBasket (https://d1hjvew1n9ss7u.cloudfront.net/asset.axd?id=PAEAAB-LCAAAAAAAAAOtj0EPwUAQhf-KzLnsKqu64iBu4oSbOKzt0G2qKztTkQi_3abi6Ob43vfem8wDLIMGxjuLytwM2eCuPOvZ0gRCnrd86k8hgSaGNr5llFE40CdTEyZQXKP_EtuuRREhaA5tJLcIJqM8VSqfZlIO1VilWRYT9puwhStAjyZqIKM4fm1HoPeP333qLi5bYn8RS98wNix2JV6QxNrXRizOwRRGrLbi88ygIngm_1k8YzCOusXD8w1y8dfTPAEAAA%3d%3d:29:27)
    at <anonymous> (https://d1hjvew1n9ss7u.cloudfront.net/asset.axd?id=PAEAAB-LCAAAAAAAAAOtj0EPwUAQhf-KzLnsKqu64iBu4oSbOKzt0G2qKztTkQi_3abi6Ob43vfem8wDLIMGxjuLytwM2eCuPOvZ0gRCnrd86k8hgSaGNr5llFE40CdTEyZQXKP_EtuuRREhaA5tJLcIJqM8VSqfZlIO1VilWRYT9puwhStAjyZqIKM4fm1HoPeP333qLi5bYn8RS98wNix2JV6QxNrXRizOwRRGrLbi88ygIngm_1k8YzCOusXD8w1y8dfTPAEAAA%3d%3d:220:1)
    at f (https://d1hjvew1n9ss7u.cloudfront.net/assets/shjs.js?t=639255987001545277:0:10382)
    at fireWith (https://d1hjvew1n9ss7u.cloudfront.net/assets/shjs.js?t=639255987001545277:0:11137)
    at ready (https://d1hjvew1n9ss7u.cloudfront.net/assets/shjs.js?t=639255987001545277:0:5238)
    at r (https://d1hjvew1n9ss7u.cloudfront.net/assets/shjs.js?t=639255987001545277:0:9748)
[  376474ms] [ERROR] Failed to load resource: net::ERR_NAME_NOT_RESOLVED @ https://event.getblue.io/js/blue-tag.min.js:0
[  376562ms] [WARNING] [Meta Pixel] - Invalid parameter format for currency. Please refer https://developers.facebook.com/docs/meta-pixel/reference/ for valid parameter specifications. @ https://connect.facebook.net/en_US/fbevents.js:203
[  376606ms] [LOG] AffiseStorage availability: {cookie: true, localStorage: true, sessionStorage: true} @ https://rankmediabrasil.g2afse.com/websdk.js:0
[  376606ms] [LOG] Status RNK Media - ClickId: null UTM: null @ :3
[  376887ms] Uncaught TypeError: Cannot read properties of undefined (reading 'replace')
    at validaFreteGratis (https://d1hjvew1n9ss7u.cloudfront.net/asset.axd?id=PAEAAB-LCAAAAAAAAAOtj0EPwUAQhf-KzLnsKqu64iBu4oSbOKzt0G2qKztTkQi_3abi6Ob43vfem8wDLIMGxjuLytwM2eCuPOvZ0gRCnrd86k8hgSaGNr5llFE40CdTEyZQXKP_EtuuRREhaA5tJLcIJqM8VSqfZlIO1VilWRYT9puwhStAjyZqIKM4fm1HoPeP333qLi5bYn8RS98wNix2JV6QxNrXRizOwRRGrLbi88ygIngm_1k8YzCOusXD8w1y8dfTPAEAAA%3d%3d:1:7633)
    at <anonymous> (https://d1hjvew1n9ss7u.cloudfront.net/asset.axd?id=PAEAAB-LCAAAAAAAAAOtj0EPwUAQhf-KzLnsKqu64iBu4oSbOKzt0G2qKztTkQi_3abi6Ob43vfem8wDLIMGxjuLytwM2eCuPOvZ0gRCnrd86k8hgSaGNr5llFE40CdTEyZQXKP_EtuuRREhaA5tJLcIJqM8VSqfZlIO1VilWRYT9puwhStAjyZqIKM4fm1HoPeP333qLi5bYn8RS98wNix2JV6QxNrXRizOwRRGrLbi88ygIngm_1k8YzCOusXD8w1y8dfTPAEAAA%3d%3d:1:49808)
    at dispatch (https://d1hjvew1n9ss7u.cloudfront.net/assets/shjs.js?t=639255987001545277:0:32701)
    at a (https://d1hjvew1n9ss7u.cloudfront.net/assets/shjs.js?t=639255987001545277:0:28480)
[  376885ms] [LOG] Banner não encontrado: banner-232 @ https://d1hjvew1n9ss7u.cloudfront.net/asset.axd?id=PAEAAB-LCAAAAAAAAAOtj0EPwUAQhf-KzLnsKqu64iBu4oSbOKzt0G2qKztTkQi_3abi6Ob43vfem8wDLIMGxjuLytwM2eCuPOvZ0gRCnrd86k8hgSaGNr5llFE40CdTEyZQXKP_EtuuRREhaA5tJLcIJqM8VSqfZlIO1VilWRYT9puwhStAjyZqIKM4fm1HoPeP333qLi5bYn8RS98wNix2JV6QxNrXRizOwRRGrLbi88ygIngm_1k8YzCOusXD8w1y8dfTPAEAAA%3d%3d:754
[  376896ms] [LOG] %c Widde Video Commerce %c v24604ee %c Build: 21/09/2026 20:39 %c border: 1px solid #2567f8; background: #2567f8; color: #fff; font-weight: bold; padding: 4px 8px; border-radius: 3px 0 0 0; border: 1px solid #2567f8; border-left: none; background: #FFF; color: #2567f8; font-weight: bold; padding: 4px 8px; border: 1px solid #2567f8; border-left: none; background: #f0f0f0; color: #333; font-weight: bold; padding: 4px 8px; border-radius: 0 3px 3px 0; background: transparent @ https://cdn.widde.io/assets/main.utzwjalemu.js:0
[  376968ms] [LOG] %c Tryon Widde.io %c %s %c border: 1px solid #2567f8; background: #2567f8; color: #fff; font-weight: bold; padding: 4px 8px; border-radius: 3px 0 0 3px; border: 1px solid #2567f8; background: #FFF; color: #2567f8; font-weight: bold; padding: 4px 8px; border-radius: 0 3px 3px 0; 47bf7c2 background: transparent @ https://cdn-tryon.widde.io/widde-tryon.js:86
[  376976ms] [LOG] [tryon-tracker] initialized {domain: www.lolacosmetics.com.br} @ https://cdn-tryon.widde.io/widde-tryon.js:8
[  389819ms] [WARNING] The resource https://fonts.cdnfonts.com/css/leelawade was preloaded using link preload but not used within a few seconds from the window's load event. Please make sure it has an appropriate `as` value and it is preloaded intentionally. @ https://www.lolacosmetics.com.br/carrinho:0
[  449211ms] [WARNING] The resource https://fonts.cdnfonts.com/css/leelawade was preloaded using link preload but not used within a few seconds from the window's load event. Please make sure it has an appropriate `as` value and it is preloaded intentionally. @ https://www.lolacosmetics.com.br/carrinho:0
[  470124ms] [WARNING] The resource https://fonts.cdnfonts.com/css/leelawade was preloaded using link preload but not used within a few seconds from the window's load event. Please make sure it has an appropriate `as` value and it is preloaded intentionally. @ https://www.lolacosmetics.com.br/carrinho:0
[  510301ms] [WARNING] The resource https://fonts.cdnfonts.com/css/leelawade was preloaded using link preload but not used within a few seconds from the window's load event. Please make sure it has an appropriate `as` value and it is preloaded intentionally. @ https://www.lolacosmetics.com.br/carrinho:0
