[    2706ms] [WARNING] Error with Feature-Policy header: Some features are specified in both Feature-Policy and Permissions-Policy header: payment, fullscreen, microphone, camera. Values defined in Permissions-Policy header will be used. @ :0
[    3512ms] [ERROR] Failed to load resource: the server responded with a status of 500 () @ https://fonts.cdnfonts.com/css/leelawade:0
[    4987ms] [ERROR] Failed to load resource: the server responded with a status of 404 () @ https://lolacosmetics.admin.linxcommerce.com.br/Custom/Content/Themes/Lola/Styles/Fonts/FontAwesome/all.css:0
[    5281ms] [LOG] Banner não encontrado: banner-232 @ https://d1hjvew1n9ss7u.cloudfront.net/asset.axd?id=PAEAAB-LCAAAAAAAAAOtj0EPwUAQhf-KzLnsKqu64iBu4oSbOKzt0G2qKztTkQi_3abi6Ob43vfem8wDLIMGxjuLytwM2eCuPOvZ0gRCnrd86k8hgSaGNr5llFE40CdTEyZQXKP_EtuuRREhaA5tJLcIJqM8VSqfZlIO1VilWRYT9puwhStAjyZqIKM4fm1HoPeP333qLi5bYn8RS98wNix2JV6QxNrXRizOwRRGrLbi88ygIngm_1k8YzCOusXD8w1y8dfTPAEAAA%3d%3d:754
[    5284ms] [LOG] [Debug Carrinho] Polling ativo @ https://d1hjvew1n9ss7u.cloudfront.net/asset.axd?id=PAEAAB-LCAAAAAAAAAOtj0EPwUAQhf-KzLnsKqu64iBu4oSbOKzt0G2qKztTkQi_3abi6Ob43vfem8wDLIMGxjuLytwM2eCuPOvZ0gRCnrd86k8hgSaGNr5llFE40CdTEyZQXKP_EtuuRREhaA5tJLcIJqM8VSqfZlIO1VilWRYT9puwhStAjyZqIKM4fm1HoPeP333qLi5bYn8RS98wNix2JV6QxNrXRizOwRRGrLbi88ygIngm_1k8YzCOusXD8w1y8dfTPAEAAA%3d%3d:1790
[    5344ms] [LOG] categoria @ https://d1hjvew1n9ss7u.cloudfront.net/asset.axd?id=PAEAAB-LCAAAAAAAAAOtj0EPwUAQhf-KzLnsKqu64iBu4oSbOKzt0G2qKztTkQi_3abi6Ob43vfem8wDLIMGxjuLytwM2eCuPOvZ0gRCnrd86k8hgSaGNr5llFE40CdTEyZQXKP_EtuuRREhaA5tJLcIJqM8VSqfZlIO1VilWRYT9puwhStAjyZqIKM4fm1HoPeP333qLi5bYn8RS98wNix2JV6QxNrXRizOwRRGrLbi88ygIngm_1k8YzCOusXD8w1y8dfTPAEAAA%3d%3d:1
[    5345ms] [WARNING] !! Há erros de scripts de terceiros !!
Por favor, contate a Empresa responsável pelo script.  @ https://d1hjvew1n9ss7u.cloudfront.net/assets/shjs.js?t=639255987001545277:0
[    5349ms] Uncaught Error: You must pass a string or Handlebars AST to Handlebars.compile. You passed null
    at e.compile (https://d1hjvew1n9ss7u.cloudfront.net/asset.axd?id=PAEAAB-LCAAAAAAAAAOtj0EPwUAQhf-KzLnsKqu64iBu4oSbOKzt0G2qKztTkQi_3abi6Ob43vfem8wDLIMGxjuLytwM2eCuPOvZ0gRCnrd86k8hgSaGNr5llFE40CdTEyZQXKP_EtuuRREhaA5tJLcIJqM8VSqfZlIO1VilWRYT9puwhStAjyZqIKM4fm1HoPeP333qLi5bYn8RS98wNix2JV6QxNrXRizOwRRGrLbi88ygIngm_1k8YzCOusXD8w1y8dfTPAEAAA%3d%3d:1794:49302)
    at i.compile (https://d1hjvew1n9ss7u.cloudfront.net/asset.axd?id=PAEAAB-LCAAAAAAAAAOtj0EPwUAQhf-KzLnsKqu64iBu4oSbOKzt0G2qKztTkQi_3abi6Ob43vfem8wDLIMGxjuLytwM2eCuPOvZ0gRCnrd86k8hgSaGNr5llFE40CdTEyZQXKP_EtuuRREhaA5tJLcIJqM8VSqfZlIO1VilWRYT9puwhStAjyZqIKM4fm1HoPeP333qLi5bYn8RS98wNix2JV6QxNrXRizOwRRGrLbi88ygIngm_1k8YzCOusXD8w1y8dfTPAEAAA%3d%3d:1794:343)
    at renderBasket (https://d1hjvew1n9ss7u.cloudfront.net/asset.axd?id=PAEAAB-LCAAAAAAAAAOtj0EPwUAQhf-KzLnsKqu64iBu4oSbOKzt0G2qKztTkQi_3abi6Ob43vfem8wDLIMGxjuLytwM2eCuPOvZ0gRCnrd86k8hgSaGNr5llFE40CdTEyZQXKP_EtuuRREhaA5tJLcIJqM8VSqfZlIO1VilWRYT9puwhStAjyZqIKM4fm1HoPeP333qLi5bYn8RS98wNix2JV6QxNrXRizOwRRGrLbi88ygIngm_1k8YzCOusXD8w1y8dfTPAEAAA%3d%3d:29:27)
    at <anonymous> (https://d1hjvew1n9ss7u.cloudfront.net/asset.axd?id=PAEAAB-LCAAAAAAAAAOtj0EPwUAQhf-KzLnsKqu64iBu4oSbOKzt0G2qKztTkQi_3abi6Ob43vfem8wDLIMGxjuLytwM2eCuPOvZ0gRCnrd86k8hgSaGNr5llFE40CdTEyZQXKP_EtuuRREhaA5tJLcIJqM8VSqfZlIO1VilWRYT9puwhStAjyZqIKM4fm1HoPeP333qLi5bYn8RS98wNix2JV6QxNrXRizOwRRGrLbi88ygIngm_1k8YzCOusXD8w1y8dfTPAEAAA%3d%3d:220:1)
    at f (https://d1hjvew1n9ss7u.cloudfront.net/assets/shjs.js?t=639255987001545277:0:10382)
    at fireWith (https://d1hjvew1n9ss7u.cloudfront.net/assets/shjs.js?t=639255987001545277:0:11137)
    at ready (https://d1hjvew1n9ss7u.cloudfront.net/assets/shjs.js?t=639255987001545277:0:5238)
    at r (https://d1hjvew1n9ss7u.cloudfront.net/assets/shjs.js?t=639255987001545277:0:9748)
[    5352ms] [VERBOSE] [DOM] Input elements should have autocomplete attributes (suggested: "current-password"): (More info: https://goo.gl/9p2vKq) %o @ https://www.lolacosmetics.com.br/kits:0
[    5352ms] [VERBOSE] [DOM] Input elements should have autocomplete attributes (suggested: "current-password"): (More info: https://goo.gl/9p2vKq) %o @ https://www.lolacosmetics.com.br/kits:0
[    5625ms] [ERROR] Access to XMLHttpRequest at 'https://api.reclameaqui.com.br/embed-reputation/hash/NjQ5NTQ6bG9sYS1jb3NtZXRpY3M=' from origin 'https://www.lolacosmetics.com.br' has been blocked by CORS policy: No 'Access-Control-Allow-Origin' header is present on the requested resource. @ https://www.lolacosmetics.com.br/kits:0
[    5625ms] [ERROR] RA-Reputation: bad response from server https://api.reclameaqui.com.br/embed-reputation/hash/NjQ5NTQ6bG9sYS1jb3NtZXRpY3M= @ https://s3.amazonaws.com/raichu-beta/selos/bundle.js:0
[    5625ms] [ERROR] Failed to load resource: net::ERR_FAILED @ https://api.reclameaqui.com.br/embed-reputation/hash/NjQ5NTQ6bG9sYS1jb3NtZXRpY3M=:0
[    6213ms] [ERROR] Failed to load resource: net::ERR_NAME_NOT_RESOLVED @ https://event.getblue.io/js/blue-tag.min.js:0
[    6306ms] [WARNING] [Meta Pixel] - Invalid parameter format for currency. Please refer https://developers.facebook.com/docs/meta-pixel/reference/ for valid parameter specifications. @ https://connect.facebook.net/en_US/fbevents.js:203
[    6928ms] [LOG] AffiseStorage availability: {cookie: true, localStorage: true, sessionStorage: true} @ https://rankmediabrasil.g2afse.com/websdk.js:0
[    6929ms] [LOG] Status RNK Media - ClickId: null UTM: null @ :3
[    7216ms] [INFO] É necessário definir o storeID no Plugin TrustVox @ https://d1hjvew1n9ss7u.cloudfront.net/asset.axd?id=_woAAB-LCAAAAAAAAAO9lsFunDAQhl-l4rw122w3m1D1lEfooYeqh8HMgrNgW_aYDYrSZ--EaFVgIZWK1aP9__b3Y3uwnxNJSZYQPlH6CC146ZSlLx9kBc4jfQ10_HiXbBLNpu-qKJG23FJJdoTa4yYpLAu_0m_9MM8SJhm5wErLwu3u_ma_v787bLef9p_3N4cDO-TFIQtVJNnudi-23Mgv3con2Y_n5fG-Jz4ET6ZJH4wm1JS-ZfOpamzgYKJBgkuq9FyIYb949MnL5l8JpTFljQI01B0p6YeUqbaO5DtP2AiHEizxhoh2N4TNyOt41pmj4vi1KZUekkZCRIYwEKhaJvVyHN4Za2kaFL4y1qKbY04s67i5M2evdCkkEJbGdQ3qMKTOGlZ_axEkCY_g5HRZB8o6iqxQnkwgkYM_Ic8ZmgZcVyEU43V917guA8_DM76uXg5aj7FTbR3pCJKjU2f5TGKL9ajcr8R4LOVpicRSDE7pTLDXjL470tkvneLflHE03qE5Pc7Jr5XmOla-mq7frCEis8FCgV8kvsnReaIFp4CU0X9F_3FGTMH3tafWPAkHrwW3mGHii5PAOiVxDtkLcRh56PJAZKa34Vj8DyyjUdZKntgUszanZXKtRqQtg1YxCuAXXfBQ8rtLSrQEenwuZg098-fLbwJGClv_CgAA:52
[    7225ms] Uncaught TypeError: Cannot read properties of undefined (reading 'replace')
    at validaFreteGratis (https://d1hjvew1n9ss7u.cloudfront.net/asset.axd?id=PAEAAB-LCAAAAAAAAAOtj0EPwUAQhf-KzLnsKqu64iBu4oSbOKzt0G2qKztTkQi_3abi6Ob43vfem8wDLIMGxjuLytwM2eCuPOvZ0gRCnrd86k8hgSaGNr5llFE40CdTEyZQXKP_EtuuRREhaA5tJLcIJqM8VSqfZlIO1VilWRYT9puwhStAjyZqIKM4fm1HoPeP333qLi5bYn8RS98wNix2JV6QxNrXRizOwRRGrLbi88ygIngm_1k8YzCOusXD8w1y8dfTPAEAAA%3d%3d:1:7633)
    at <anonymous> (https://d1hjvew1n9ss7u.cloudfront.net/asset.axd?id=PAEAAB-LCAAAAAAAAAOtj0EPwUAQhf-KzLnsKqu64iBu4oSbOKzt0G2qKztTkQi_3abi6Ob43vfem8wDLIMGxjuLytwM2eCuPOvZ0gRCnrd86k8hgSaGNr5llFE40CdTEyZQXKP_EtuuRREhaA5tJLcIJqM8VSqfZlIO1VilWRYT9puwhStAjyZqIKM4fm1HoPeP333qLi5bYn8RS98wNix2JV6QxNrXRizOwRRGrLbi88ygIngm_1k8YzCOusXD8w1y8dfTPAEAAA%3d%3d:1:49808)
    at dispatch (https://d1hjvew1n9ss7u.cloudfront.net/assets/shjs.js?t=639255987001545277:0:32701)
    at a (https://d1hjvew1n9ss7u.cloudfront.net/assets/shjs.js?t=639255987001545277:0:28480)
[    7223ms] [LOG] Banner não encontrado: banner-232 @ https://d1hjvew1n9ss7u.cloudfront.net/asset.axd?id=PAEAAB-LCAAAAAAAAAOtj0EPwUAQhf-KzLnsKqu64iBu4oSbOKzt0G2qKztTkQi_3abi6Ob43vfem8wDLIMGxjuLytwM2eCuPOvZ0gRCnrd86k8hgSaGNr5llFE40CdTEyZQXKP_EtuuRREhaA5tJLcIJqM8VSqfZlIO1VilWRYT9puwhStAjyZqIKM4fm1HoPeP333qLi5bYn8RS98wNix2JV6QxNrXRizOwRRGrLbi88ygIngm_1k8YzCOusXD8w1y8dfTPAEAAA%3d%3d:754
[    7333ms] [ERROR] Failed to load resource: the server responded with a status of 403 () @ https://collector.mailbiz.one/collect:0
[    7437ms] [LOG] %c Widde Video Commerce %c v24604ee %c Build: 21/09/2026 20:39 %c border: 1px solid #2567f8; background: #2567f8; color: #fff; font-weight: bold; padding: 4px 8px; border-radius: 3px 0 0 0; border: 1px solid #2567f8; border-left: none; background: #FFF; color: #2567f8; font-weight: bold; padding: 4px 8px; border: 1px solid #2567f8; border-left: none; background: #f0f0f0; color: #333; font-weight: bold; padding: 4px 8px; border-radius: 0 3px 3px 0; background: transparent @ https://cdn.widde.io/assets/main.utzwjalemu.js:0
[    8088ms] [LOG] %c Tryon Widde.io %c %s %c border: 1px solid #2567f8; background: #2567f8; color: #fff; font-weight: bold; padding: 4px 8px; border-radius: 3px 0 0 3px; border: 1px solid #2567f8; background: #FFF; color: #2567f8; font-weight: bold; padding: 4px 8px; border-radius: 0 3px 3px 0; 47bf7c2 background: transparent @ https://cdn-tryon.widde.io/widde-tryon.js:86
[    8100ms] [LOG] [tryon-tracker] initialized {domain: www.lolacosmetics.com.br} @ https://cdn-tryon.widde.io/widde-tryon.js:8
[    8959ms] [VERBOSE] [DOM] Input elements should have autocomplete attributes (suggested: "current-password"): (More info: https://goo.gl/9p2vKq) %o @ http://localhost:4360/kits:0
[    8959ms] [VERBOSE] [DOM] Input elements should have autocomplete attributes (suggested: "current-password"): (More info: https://goo.gl/9p2vKq) %o @ http://localhost:4360/kits:0
[   10694ms] [WARNING] Error with Feature-Policy header: Some features are specified in both Feature-Policy and Permissions-Policy header: payment, fullscreen, microphone, camera. Values defined in Permissions-Policy header will be used. @ :0
[   11142ms] [ERROR] Failed to load resource: the server responded with a status of 500 () @ https://fonts.cdnfonts.com/css/leelawade:0
[   11634ms] [ERROR] Failed to load resource: the server responded with a status of 404 () @ https://lolacosmetics.admin.linxcommerce.com.br/Custom/Content/Themes/Lola/Styles/Fonts/FontAwesome/all.css:0
[   11722ms] [ERROR] Access to XMLHttpRequest at 'https://api.reclameaqui.com.br/embed-reputation/hash/NjQ5NTQ6bG9sYS1jb3NtZXRpY3M=' from origin 'https://www.lolacosmetics.com.br' has been blocked by CORS policy: No 'Access-Control-Allow-Origin' header is present on the requested resource. @ https://www.lolacosmetics.com.br/kits:5
[   11722ms] [ERROR] RA-Reputation: bad response from server https://api.reclameaqui.com.br/embed-reputation/hash/NjQ5NTQ6bG9sYS1jb3NtZXRpY3M= @ https://s3.amazonaws.com/raichu-beta/selos/bundle.js:0
[   11722ms] [ERROR] Failed to load resource: net::ERR_FAILED @ https://api.reclameaqui.com.br/embed-reputation/hash/NjQ5NTQ6bG9sYS1jb3NtZXRpY3M=:0
[   11935ms] [LOG] Banner não encontrado: banner-233 @ https://d1hjvew1n9ss7u.cloudfront.net/asset.axd?id=PAEAAB-LCAAAAAAAAAOtj0EPwUAQhf-KzLnsKqu64iBu4oSbOKzt0G2qKztTkQi_3abi6Ob43vfem8wDLIMGxjuLytwM2eCuPOvZ0gRCnrd86k8hgSaGNr5llFE40CdTEyZQXKP_EtuuRREhaA5tJLcIJqM8VSqfZlIO1VilWRYT9puwhStAjyZqIKM4fm1HoPeP333qLi5bYn8RS98wNix2JV6QxNrXRizOwRRGrLbi88ygIngm_1k8YzCOusXD8w1y8dfTPAEAAA%3d%3d:754
[   11937ms] [LOG] [Debug Carrinho] Polling ativo @ https://d1hjvew1n9ss7u.cloudfront.net/asset.axd?id=PAEAAB-LCAAAAAAAAAOtj0EPwUAQhf-KzLnsKqu64iBu4oSbOKzt0G2qKztTkQi_3abi6Ob43vfem8wDLIMGxjuLytwM2eCuPOvZ0gRCnrd86k8hgSaGNr5llFE40CdTEyZQXKP_EtuuRREhaA5tJLcIJqM8VSqfZlIO1VilWRYT9puwhStAjyZqIKM4fm1HoPeP333qLi5bYn8RS98wNix2JV6QxNrXRizOwRRGrLbi88ygIngm_1k8YzCOusXD8w1y8dfTPAEAAA%3d%3d:1790
[   12015ms] [LOG] categoria @ https://d1hjvew1n9ss7u.cloudfront.net/asset.axd?id=PAEAAB-LCAAAAAAAAAOtj0EPwUAQhf-KzLnsKqu64iBu4oSbOKzt0G2qKztTkQi_3abi6Ob43vfem8wDLIMGxjuLytwM2eCuPOvZ0gRCnrd86k8hgSaGNr5llFE40CdTEyZQXKP_EtuuRREhaA5tJLcIJqM8VSqfZlIO1VilWRYT9puwhStAjyZqIKM4fm1HoPeP333qLi5bYn8RS98wNix2JV6QxNrXRizOwRRGrLbi88ygIngm_1k8YzCOusXD8w1y8dfTPAEAAA%3d%3d:1
[   12017ms] [WARNING] !! Há erros de scripts de terceiros !!
Por favor, contate a Empresa responsável pelo script.  @ https://d1hjvew1n9ss7u.cloudfront.net/assets/shjs.js?t=639255987001545277:0
[   12018ms] Uncaught Error: You must pass a string or Handlebars AST to Handlebars.compile. You passed null
    at e.compile (https://d1hjvew1n9ss7u.cloudfront.net/asset.axd?id=PAEAAB-LCAAAAAAAAAOtj0EPwUAQhf-KzLnsKqu64iBu4oSbOKzt0G2qKztTkQi_3abi6Ob43vfem8wDLIMGxjuLytwM2eCuPOvZ0gRCnrd86k8hgSaGNr5llFE40CdTEyZQXKP_EtuuRREhaA5tJLcIJqM8VSqfZlIO1VilWRYT9puwhStAjyZqIKM4fm1HoPeP333qLi5bYn8RS98wNix2JV6QxNrXRizOwRRGrLbi88ygIngm_1k8YzCOusXD8w1y8dfTPAEAAA%3d%3d:1794:49302)
    at i.compile (https://d1hjvew1n9ss7u.cloudfront.net/asset.axd?id=PAEAAB-LCAAAAAAAAAOtj0EPwUAQhf-KzLnsKqu64iBu4oSbOKzt0G2qKztTkQi_3abi6Ob43vfem8wDLIMGxjuLytwM2eCuPOvZ0gRCnrd86k8hgSaGNr5llFE40CdTEyZQXKP_EtuuRREhaA5tJLcIJqM8VSqfZlIO1VilWRYT9puwhStAjyZqIKM4fm1HoPeP333qLi5bYn8RS98wNix2JV6QxNrXRizOwRRGrLbi88ygIngm_1k8YzCOusXD8w1y8dfTPAEAAA%3d%3d:1794:343)
    at renderBasket (https://d1hjvew1n9ss7u.cloudfront.net/asset.axd?id=PAEAAB-LCAAAAAAAAAOtj0EPwUAQhf-KzLnsKqu64iBu4oSbOKzt0G2qKztTkQi_3abi6Ob43vfem8wDLIMGxjuLytwM2eCuPOvZ0gRCnrd86k8hgSaGNr5llFE40CdTEyZQXKP_EtuuRREhaA5tJLcIJqM8VSqfZlIO1VilWRYT9puwhStAjyZqIKM4fm1HoPeP333qLi5bYn8RS98wNix2JV6QxNrXRizOwRRGrLbi88ygIngm_1k8YzCOusXD8w1y8dfTPAEAAA%3d%3d:29:27)
    at <anonymous> (https://d1hjvew1n9ss7u.cloudfront.net/asset.axd?id=PAEAAB-LCAAAAAAAAAOtj0EPwUAQhf-KzLnsKqu64iBu4oSbOKzt0G2qKztTkQi_3abi6Ob43vfem8wDLIMGxjuLytwM2eCuPOvZ0gRCnrd86k8hgSaGNr5llFE40CdTEyZQXKP_EtuuRREhaA5tJLcIJqM8VSqfZlIO1VilWRYT9puwhStAjyZqIKM4fm1HoPeP333qLi5bYn8RS98wNix2JV6QxNrXRizOwRRGrLbi88ygIngm_1k8YzCOusXD8w1y8dfTPAEAAA%3d%3d:220:1)
    at f (https://d1hjvew1n9ss7u.cloudfront.net/assets/shjs.js?t=639255987001545277:0:10382)
    at fireWith (https://d1hjvew1n9ss7u.cloudfront.net/assets/shjs.js?t=639255987001545277:0:11137)
    at ready (https://d1hjvew1n9ss7u.cloudfront.net/assets/shjs.js?t=639255987001545277:0:5238)
    at r (https://d1hjvew1n9ss7u.cloudfront.net/assets/shjs.js?t=639255987001545277:0:9748)
[   12023ms] [VERBOSE] [DOM] Input elements should have autocomplete attributes (suggested: "current-password"): (More info: https://goo.gl/9p2vKq) %o @ https://www.lolacosmetics.com.br/kits:0
[   12023ms] [VERBOSE] [DOM] Input elements should have autocomplete attributes (suggested: "current-password"): (More info: https://goo.gl/9p2vKq) %o @ https://www.lolacosmetics.com.br/kits:0
[   12039ms] [ERROR] Failed to load resource: net::ERR_NAME_NOT_RESOLVED @ https://event.getblue.io/js/blue-tag.min.js:0
[   12083ms] [LOG] AffiseStorage availability: {cookie: true, localStorage: true, sessionStorage: true} @ https://rankmediabrasil.g2afse.com/websdk.js:0
[   12084ms] [LOG] Status RNK Media - ClickId: null UTM: null @ :3
[   12983ms] [ERROR] Failed to load resource: the server responded with a status of 403 () @ https://collector.mailbiz.one/collect:0
[   13094ms] [INFO] É necessário definir o storeID no Plugin TrustVox @ https://d1hjvew1n9ss7u.cloudfront.net/asset.axd?id=_woAAB-LCAAAAAAAAAO9lsFunDAQhl-l4rw122w3m1D1lEfooYeqh8HMgrNgW_aYDYrSZ--EaFVgIZWK1aP9__b3Y3uwnxNJSZYQPlH6CC146ZSlLx9kBc4jfQ10_HiXbBLNpu-qKJG23FJJdoTa4yYpLAu_0m_9MM8SJhm5wErLwu3u_ma_v787bLef9p_3N4cDO-TFIQtVJNnudi-23Mgv3con2Y_n5fG-Jz4ET6ZJH4wm1JS-ZfOpamzgYKJBgkuq9FyIYb949MnL5l8JpTFljQI01B0p6YeUqbaO5DtP2AiHEizxhoh2N4TNyOt41pmj4vi1KZUekkZCRIYwEKhaJvVyHN4Za2kaFL4y1qKbY04s67i5M2evdCkkEJbGdQ3qMKTOGlZ_axEkCY_g5HRZB8o6iqxQnkwgkYM_Ic8ZmgZcVyEU43V917guA8_DM76uXg5aj7FTbR3pCJKjU2f5TGKL9ajcr8R4LOVpicRSDE7pTLDXjL470tkvneLflHE03qE5Pc7Jr5XmOla-mq7frCEis8FCgV8kvsnReaIFp4CU0X9F_3FGTMH3tafWPAkHrwW3mGHii5PAOiVxDtkLcRh56PJAZKa34Vj8DyyjUdZKntgUszanZXKtRqQtg1YxCuAXXfBQ8rtLSrQEenwuZg098-fLbwJGClv_CgAA:52
[   13104ms] Uncaught TypeError: Cannot read properties of undefined (reading 'replace')
    at validaFreteGratis (https://d1hjvew1n9ss7u.cloudfront.net/asset.axd?id=PAEAAB-LCAAAAAAAAAOtj0EPwUAQhf-KzLnsKqu64iBu4oSbOKzt0G2qKztTkQi_3abi6Ob43vfem8wDLIMGxjuLytwM2eCuPOvZ0gRCnrd86k8hgSaGNr5llFE40CdTEyZQXKP_EtuuRREhaA5tJLcIJqM8VSqfZlIO1VilWRYT9puwhStAjyZqIKM4fm1HoPeP333qLi5bYn8RS98wNix2JV6QxNrXRizOwRRGrLbi88ygIngm_1k8YzCOusXD8w1y8dfTPAEAAA%3d%3d:1:7633)
    at <anonymous> (https://d1hjvew1n9ss7u.cloudfront.net/asset.axd?id=PAEAAB-LCAAAAAAAAAOtj0EPwUAQhf-KzLnsKqu64iBu4oSbOKzt0G2qKztTkQi_3abi6Ob43vfem8wDLIMGxjuLytwM2eCuPOvZ0gRCnrd86k8hgSaGNr5llFE40CdTEyZQXKP_EtuuRREhaA5tJLcIJqM8VSqfZlIO1VilWRYT9puwhStAjyZqIKM4fm1HoPeP333qLi5bYn8RS98wNix2JV6QxNrXRizOwRRGrLbi88ygIngm_1k8YzCOusXD8w1y8dfTPAEAAA%3d%3d:1:49808)
    at dispatch (https://d1hjvew1n9ss7u.cloudfront.net/assets/shjs.js?t=639255987001545277:0:32701)
    at a (https://d1hjvew1n9ss7u.cloudfront.net/assets/shjs.js?t=639255987001545277:0:28480)
[   13102ms] [LOG] Banner não encontrado: banner-233 @ https://d1hjvew1n9ss7u.cloudfront.net/asset.axd?id=PAEAAB-LCAAAAAAAAAOtj0EPwUAQhf-KzLnsKqu64iBu4oSbOKzt0G2qKztTkQi_3abi6Ob43vfem8wDLIMGxjuLytwM2eCuPOvZ0gRCnrd86k8hgSaGNr5llFE40CdTEyZQXKP_EtuuRREhaA5tJLcIJqM8VSqfZlIO1VilWRYT9puwhStAjyZqIKM4fm1HoPeP333qLi5bYn8RS98wNix2JV6QxNrXRizOwRRGrLbi88ygIngm_1k8YzCOusXD8w1y8dfTPAEAAA%3d%3d:754
[   13170ms] [LOG] %c Widde Video Commerce %c v24604ee %c Build: 21/09/2026 20:39 %c border: 1px solid #2567f8; background: #2567f8; color: #fff; font-weight: bold; padding: 4px 8px; border-radius: 3px 0 0 0; border: 1px solid #2567f8; border-left: none; background: #FFF; color: #2567f8; font-weight: bold; padding: 4px 8px; border: 1px solid #2567f8; border-left: none; background: #f0f0f0; color: #333; font-weight: bold; padding: 4px 8px; border-radius: 0 3px 3px 0; background: transparent @ https://cdn.widde.io/assets/main.utzwjalemu.js:0
[   13356ms] [LOG] %c Tryon Widde.io %c %s %c border: 1px solid #2567f8; background: #2567f8; color: #fff; font-weight: bold; padding: 4px 8px; border-radius: 3px 0 0 3px; border: 1px solid #2567f8; background: #FFF; color: #2567f8; font-weight: bold; padding: 4px 8px; border-radius: 0 3px 3px 0; 47bf7c2 background: transparent @ https://cdn-tryon.widde.io/widde-tryon.js:86
[   13395ms] [LOG] [tryon-tracker] initialized {domain: www.lolacosmetics.com.br} @ https://cdn-tryon.widde.io/widde-tryon.js:8
[   14623ms] [VERBOSE] [DOM] Input elements should have autocomplete attributes (suggested: "current-password"): (More info: https://goo.gl/9p2vKq) %o @ http://localhost:4360/kits:0
[   14624ms] [VERBOSE] [DOM] Input elements should have autocomplete attributes (suggested: "current-password"): (More info: https://goo.gl/9p2vKq) %o @ http://localhost:4360/kits:0
[   28663ms] [WARNING] Error with Feature-Policy header: Some features are specified in both Feature-Policy and Permissions-Policy header: payment, fullscreen, microphone, camera. Values defined in Permissions-Policy header will be used. @ :0
[   29065ms] [ERROR] Failed to load resource: the server responded with a status of 500 () @ https://fonts.cdnfonts.com/css/leelawade:0
[   29878ms] [ERROR] Failed to load resource: the server responded with a status of 404 () @ https://lolacosmetics.admin.linxcommerce.com.br/Custom/Content/Themes/Lola/Styles/Fonts/FontAwesome/all.css:0
[   29885ms] [LOG] {BasketItemID: 2993034, Quantity: 1, BasketPrice: 129.96, SubTotal: 129.96, Nested: Array(4)} @ https://www.lolacosmetics.com.br/:1
[   29981ms] [ERROR] Access to XMLHttpRequest at 'https://api.reclameaqui.com.br/embed-reputation/hash/NjQ5NTQ6bG9sYS1jb3NtZXRpY3M=' from origin 'https://www.lolacosmetics.com.br' has been blocked by CORS policy: No 'Access-Control-Allow-Origin' header is present on the requested resource. @ https://www.lolacosmetics.com.br/:0
[   29981ms] [ERROR] RA-Reputation: bad response from server https://api.reclameaqui.com.br/embed-reputation/hash/NjQ5NTQ6bG9sYS1jb3NtZXRpY3M= @ https://s3.amazonaws.com/raichu-beta/selos/bundle.js:0
[   29981ms] [ERROR] Failed to load resource: net::ERR_FAILED @ https://api.reclameaqui.com.br/embed-reputation/hash/NjQ5NTQ6bG9sYS1jb3NtZXRpY3M=:0
[   30102ms] [LOG] Banner não encontrado: banner-232 @ https://d1hjvew1n9ss7u.cloudfront.net/asset.axd?id=PAEAAB-LCAAAAAAAAAOtj0EPwUAQhf-KzLnsKqu64iBu4oSbOKzt0G2qKztTkQi_3abi6Ob43vfem8wDLIMGxjuLytwM2eCuPOvZ0gRCnrd86k8hgSaGNr5llFE40CdTEyZQXKP_EtuuRREhaA5tJLcIJqM8VSqfZlIO1VilWRYT9puwhStAjyZqIKM4fm1HoPeP333qLi5bYn8RS98wNix2JV6QxNrXRizOwRRGrLbi88ygIngm_1k8YzCOusXD8w1y8dfTPAEAAA%3d%3d:754
[   30104ms] [LOG] [Debug Carrinho] Polling ativo @ https://d1hjvew1n9ss7u.cloudfront.net/asset.axd?id=PAEAAB-LCAAAAAAAAAOtj0EPwUAQhf-KzLnsKqu64iBu4oSbOKzt0G2qKztTkQi_3abi6Ob43vfem8wDLIMGxjuLytwM2eCuPOvZ0gRCnrd86k8hgSaGNr5llFE40CdTEyZQXKP_EtuuRREhaA5tJLcIJqM8VSqfZlIO1VilWRYT9puwhStAjyZqIKM4fm1HoPeP333qLi5bYn8RS98wNix2JV6QxNrXRizOwRRGrLbi88ygIngm_1k8YzCOusXD8w1y8dfTPAEAAA%3d%3d:1790
[   30216ms] [WARNING] !! Há erros de scripts de terceiros !!
Por favor, contate a Empresa responsável pelo script.  @ https://d1hjvew1n9ss7u.cloudfront.net/assets/shjs.js?t=639255987001545277:0
[   30218ms] Uncaught Error: You must pass a string or Handlebars AST to Handlebars.compile. You passed null
    at e.compile (https://d1hjvew1n9ss7u.cloudfront.net/asset.axd?id=PAEAAB-LCAAAAAAAAAOtj0EPwUAQhf-KzLnsKqu64iBu4oSbOKzt0G2qKztTkQi_3abi6Ob43vfem8wDLIMGxjuLytwM2eCuPOvZ0gRCnrd86k8hgSaGNr5llFE40CdTEyZQXKP_EtuuRREhaA5tJLcIJqM8VSqfZlIO1VilWRYT9puwhStAjyZqIKM4fm1HoPeP333qLi5bYn8RS98wNix2JV6QxNrXRizOwRRGrLbi88ygIngm_1k8YzCOusXD8w1y8dfTPAEAAA%3d%3d:1794:49302)
    at i.compile (https://d1hjvew1n9ss7u.cloudfront.net/asset.axd?id=PAEAAB-LCAAAAAAAAAOtj0EPwUAQhf-KzLnsKqu64iBu4oSbOKzt0G2qKztTkQi_3abi6Ob43vfem8wDLIMGxjuLytwM2eCuPOvZ0gRCnrd86k8hgSaGNr5llFE40CdTEyZQXKP_EtuuRREhaA5tJLcIJqM8VSqfZlIO1VilWRYT9puwhStAjyZqIKM4fm1HoPeP333qLi5bYn8RS98wNix2JV6QxNrXRizOwRRGrLbi88ygIngm_1k8YzCOusXD8w1y8dfTPAEAAA%3d%3d:1794:343)
    at renderBasket (https://d1hjvew1n9ss7u.cloudfront.net/asset.axd?id=PAEAAB-LCAAAAAAAAAOtj0EPwUAQhf-KzLnsKqu64iBu4oSbOKzt0G2qKztTkQi_3abi6Ob43vfem8wDLIMGxjuLytwM2eCuPOvZ0gRCnrd86k8hgSaGNr5llFE40CdTEyZQXKP_EtuuRREhaA5tJLcIJqM8VSqfZlIO1VilWRYT9puwhStAjyZqIKM4fm1HoPeP333qLi5bYn8RS98wNix2JV6QxNrXRizOwRRGrLbi88ygIngm_1k8YzCOusXD8w1y8dfTPAEAAA%3d%3d:29:27)
    at <anonymous> (https://d1hjvew1n9ss7u.cloudfront.net/asset.axd?id=PAEAAB-LCAAAAAAAAAOtj0EPwUAQhf-KzLnsKqu64iBu4oSbOKzt0G2qKztTkQi_3abi6Ob43vfem8wDLIMGxjuLytwM2eCuPOvZ0gRCnrd86k8hgSaGNr5llFE40CdTEyZQXKP_EtuuRREhaA5tJLcIJqM8VSqfZlIO1VilWRYT9puwhStAjyZqIKM4fm1HoPeP333qLi5bYn8RS98wNix2JV6QxNrXRizOwRRGrLbi88ygIngm_1k8YzCOusXD8w1y8dfTPAEAAA%3d%3d:220:1)
    at f (https://d1hjvew1n9ss7u.cloudfront.net/assets/shjs.js?t=639255987001545277:0:10382)
    at fireWith (https://d1hjvew1n9ss7u.cloudfront.net/assets/shjs.js?t=639255987001545277:0:11137)
    at ready (https://d1hjvew1n9ss7u.cloudfront.net/assets/shjs.js?t=639255987001545277:0:5238)
    at r (https://d1hjvew1n9ss7u.cloudfront.net/assets/shjs.js?t=639255987001545277:0:9748)
[   30235ms] [VERBOSE] [DOM] Input elements should have autocomplete attributes (suggested: "current-password"): (More info: https://goo.gl/9p2vKq) %o @ https://www.lolacosmetics.com.br/:0
[   30235ms] [VERBOSE] [DOM] Input elements should have autocomplete attributes (suggested: "current-password"): (More info: https://goo.gl/9p2vKq) %o @ https://www.lolacosmetics.com.br/:0
[   30262ms] [ERROR] Failed to load resource: net::ERR_NAME_NOT_RESOLVED @ https://event.getblue.io/js/blue-tag.min.js:0
[   30275ms] [LOG] AffiseStorage availability: {cookie: true, localStorage: true, sessionStorage: true} @ https://rankmediabrasil.g2afse.com/websdk.js:0
[   30275ms] [LOG] Status RNK Media - ClickId: null UTM: null @ :3
[   30381ms] [ERROR] Failed to load resource: the server responded with a status of 404 () @ https://d1hjvew1n9ss7u.cloudfront.net/Custom/Content/Themes/Lola/Agrada/CSS/ajax-loader.gif:0
[   30658ms] [WARNING] [Meta Pixel] - Invalid parameter format for currency. Please refer https://developers.facebook.com/docs/meta-pixel/reference/ for valid parameter specifications. @ https://connect.facebook.net/en_US/fbevents.js:203
[   31122ms] [ERROR] Failed to load resource: the server responded with a status of 403 () @ https://collector.mailbiz.one/collect:0
[   32867ms] [INFO] É necessário definir o storeID no Plugin TrustVox @ https://d1hjvew1n9ss7u.cloudfront.net/asset.axd?id=GQsAAB-LCAAAAAAAAAO9lsFymzAQhl-lo7Mr3LiOEzo95RF66KHTwyLWoBgkRrvC8WTSZ69M6glgSGeKpkf0_9K32mUlPQvFIhWMT5w8QguknG74ywdVgiPkr573H-_ESphg-q7zAnkdvrRI91ARrkTeBOFX8q2bRkFCkbLzQWmDcLu5v9lu7-926_Wn7eftzW4XHOriULnORbq53cp1-Mguw5pE-uN5fj51xAdPbOvkwRpGw8lrbJTouvEhMFkjwyWq5JjL_rh8JPGy-ldCYW1RoQQD1Ym1oj5lrC0j0YkYa-lQQcOhILLd9GET8jJe4-xeh_ArW2jTJw2EiAxpwXM5T-rkOLwjVsrWKKm0TYNuijmyLONmzh5Jm0IqYCysO9VofJ86aVi819wrloTg1DitPWUZRZWoDtazzIAOGNb0dQ3uVCLkw7y-a1wWQ1gnrHjOXgbGDLFjLU5OK23CH6KprDTxVGoHhojMGnMNNEt8laPzZAtOA2tr_op-c0aMItwExK19kg7OpZyNYeSLE0HjtMIpZCfEYWT-lHlmOz5nh-J_YFmDqtLqEEyx6jfXIEv74qqzz68W-27vd454-5IqiJDb8f1xbYjIvD7iJuRlvBzCq8gTFOHtohQ2DGbYAZOGWNU0eKQKmefO8Td9GRGdC4X5cw31UQOhY_x8-Q3qjZweGQsAAA%3d%3d:40
[   32876ms] Uncaught TypeError: Cannot read properties of undefined (reading 'replace')
    at validaFreteGratis (https://d1hjvew1n9ss7u.cloudfront.net/asset.axd?id=PAEAAB-LCAAAAAAAAAOtj0EPwUAQhf-KzLnsKqu64iBu4oSbOKzt0G2qKztTkQi_3abi6Ob43vfem8wDLIMGxjuLytwM2eCuPOvZ0gRCnrd86k8hgSaGNr5llFE40CdTEyZQXKP_EtuuRREhaA5tJLcIJqM8VSqfZlIO1VilWRYT9puwhStAjyZqIKM4fm1HoPeP333qLi5bYn8RS98wNix2JV6QxNrXRizOwRRGrLbi88ygIngm_1k8YzCOusXD8w1y8dfTPAEAAA%3d%3d:1:7633)
    at <anonymous> (https://d1hjvew1n9ss7u.cloudfront.net/asset.axd?id=PAEAAB-LCAAAAAAAAAOtj0EPwUAQhf-KzLnsKqu64iBu4oSbOKzt0G2qKztTkQi_3abi6Ob43vfem8wDLIMGxjuLytwM2eCuPOvZ0gRCnrd86k8hgSaGNr5llFE40CdTEyZQXKP_EtuuRREhaA5tJLcIJqM8VSqfZlIO1VilWRYT9puwhStAjyZqIKM4fm1HoPeP333qLi5bYn8RS98wNix2JV6QxNrXRizOwRRGrLbi88ygIngm_1k8YzCOusXD8w1y8dfTPAEAAA%3d%3d:1:49808)
    at dispatch (https://d1hjvew1n9ss7u.cloudfront.net/assets/shjs.js?t=639255987001545277:0:32701)
    at a (https://d1hjvew1n9ss7u.cloudfront.net/assets/shjs.js?t=639255987001545277:0:28480)
[   32875ms] [LOG] Banner não encontrado: banner-232 @ https://d1hjvew1n9ss7u.cloudfront.net/asset.axd?id=PAEAAB-LCAAAAAAAAAOtj0EPwUAQhf-KzLnsKqu64iBu4oSbOKzt0G2qKztTkQi_3abi6Ob43vfem8wDLIMGxjuLytwM2eCuPOvZ0gRCnrd86k8hgSaGNr5llFE40CdTEyZQXKP_EtuuRREhaA5tJLcIJqM8VSqfZlIO1VilWRYT9puwhStAjyZqIKM4fm1HoPeP333qLi5bYn8RS98wNix2JV6QxNrXRizOwRRGrLbi88ygIngm_1k8YzCOusXD8w1y8dfTPAEAAA%3d%3d:754
[   32891ms] [LOG] %c Widde Video Commerce %c v24604ee %c Build: 21/09/2026 20:39 %c border: 1px solid #2567f8; background: #2567f8; color: #fff; font-weight: bold; padding: 4px 8px; border-radius: 3px 0 0 0; border: 1px solid #2567f8; border-left: none; background: #FFF; color: #2567f8; font-weight: bold; padding: 4px 8px; border: 1px solid #2567f8; border-left: none; background: #f0f0f0; color: #333; font-weight: bold; padding: 4px 8px; border-radius: 0 3px 3px 0; background: transparent @ https://cdn.widde.io/assets/main.utzwjalemu.js:0
[   32994ms] [LOG] %c Tryon Widde.io %c %s %c border: 1px solid #2567f8; background: #2567f8; color: #fff; font-weight: bold; padding: 4px 8px; border-radius: 3px 0 0 3px; border: 1px solid #2567f8; background: #FFF; color: #2567f8; font-weight: bold; padding: 4px 8px; border-radius: 0 3px 3px 0; 47bf7c2 background: transparent @ https://cdn-tryon.widde.io/widde-tryon.js:86
[   33026ms] [LOG] [tryon-tracker] initialized {domain: www.lolacosmetics.com.br} @ https://cdn-tryon.widde.io/widde-tryon.js:8
[   33156ms] [WARNING] !! Há erros de scripts no template e/ou scripts personalizados !!
Por favor, contate a Agência responsável pela codificação da loja virtual.  @ https://d1hjvew1n9ss7u.cloudfront.net/assets/shjs.js?t=639255987001545277:0
[   34506ms] [VERBOSE] [DOM] Input elements should have autocomplete attributes (suggested: "current-password"): (More info: https://goo.gl/9p2vKq) %o @ http://localhost:4360/:0
[   34506ms] [VERBOSE] [DOM] Input elements should have autocomplete attributes (suggested: "current-password"): (More info: https://goo.gl/9p2vKq) %o @ http://localhost:4360/:0
[   35927ms] [WARNING] Error with Feature-Policy header: Some features are specified in both Feature-Policy and Permissions-Policy header: payment, fullscreen, microphone, camera. Values defined in Permissions-Policy header will be used. @ :0
[   36384ms] [ERROR] Failed to load resource: the server responded with a status of 500 () @ https://fonts.cdnfonts.com/css/leelawade:0
[   37091ms] [ERROR] Failed to load resource: the server responded with a status of 404 () @ https://lolacosmetics.admin.linxcommerce.com.br/Custom/Content/Themes/Lola/Styles/Fonts/FontAwesome/all.css:0
[   37099ms] [LOG] {BasketItemID: 2993034, Quantity: 1, BasketPrice: 129.96, SubTotal: 129.96, Nested: Array(4)} @ https://www.lolacosmetics.com.br/:1
[   37292ms] [LOG] Banner não encontrado: banner-233 @ https://d1hjvew1n9ss7u.cloudfront.net/asset.axd?id=PAEAAB-LCAAAAAAAAAOtj0EPwUAQhf-KzLnsKqu64iBu4oSbOKzt0G2qKztTkQi_3abi6Ob43vfem8wDLIMGxjuLytwM2eCuPOvZ0gRCnrd86k8hgSaGNr5llFE40CdTEyZQXKP_EtuuRREhaA5tJLcIJqM8VSqfZlIO1VilWRYT9puwhStAjyZqIKM4fm1HoPeP333qLi5bYn8RS98wNix2JV6QxNrXRizOwRRGrLbi88ygIngm_1k8YzCOusXD8w1y8dfTPAEAAA%3d%3d:754
[   37294ms] [LOG] [Debug Carrinho] Polling ativo @ https://d1hjvew1n9ss7u.cloudfront.net/asset.axd?id=PAEAAB-LCAAAAAAAAAOtj0EPwUAQhf-KzLnsKqu64iBu4oSbOKzt0G2qKztTkQi_3abi6Ob43vfem8wDLIMGxjuLytwM2eCuPOvZ0gRCnrd86k8hgSaGNr5llFE40CdTEyZQXKP_EtuuRREhaA5tJLcIJqM8VSqfZlIO1VilWRYT9puwhStAjyZqIKM4fm1HoPeP333qLi5bYn8RS98wNix2JV6QxNrXRizOwRRGrLbi88ygIngm_1k8YzCOusXD8w1y8dfTPAEAAA%3d%3d:1790
[   37447ms] [WARNING] !! Há erros de scripts de terceiros !!
Por favor, contate a Empresa responsável pelo script.  @ https://d1hjvew1n9ss7u.cloudfront.net/assets/shjs.js?t=639255987001545277:0
[   37449ms] Uncaught Error: You must pass a string or Handlebars AST to Handlebars.compile. You passed null
    at e.compile (https://d1hjvew1n9ss7u.cloudfront.net/asset.axd?id=PAEAAB-LCAAAAAAAAAOtj0EPwUAQhf-KzLnsKqu64iBu4oSbOKzt0G2qKztTkQi_3abi6Ob43vfem8wDLIMGxjuLytwM2eCuPOvZ0gRCnrd86k8hgSaGNr5llFE40CdTEyZQXKP_EtuuRREhaA5tJLcIJqM8VSqfZlIO1VilWRYT9puwhStAjyZqIKM4fm1HoPeP333qLi5bYn8RS98wNix2JV6QxNrXRizOwRRGrLbi88ygIngm_1k8YzCOusXD8w1y8dfTPAEAAA%3d%3d:1794:49302)
    at i.compile (https://d1hjvew1n9ss7u.cloudfront.net/asset.axd?id=PAEAAB-LCAAAAAAAAAOtj0EPwUAQhf-KzLnsKqu64iBu4oSbOKzt0G2qKztTkQi_3abi6Ob43vfem8wDLIMGxjuLytwM2eCuPOvZ0gRCnrd86k8hgSaGNr5llFE40CdTEyZQXKP_EtuuRREhaA5tJLcIJqM8VSqfZlIO1VilWRYT9puwhStAjyZqIKM4fm1HoPeP333qLi5bYn8RS98wNix2JV6QxNrXRizOwRRGrLbi88ygIngm_1k8YzCOusXD8w1y8dfTPAEAAA%3d%3d:1794:343)
    at renderBasket (https://d1hjvew1n9ss7u.cloudfront.net/asset.axd?id=PAEAAB-LCAAAAAAAAAOtj0EPwUAQhf-KzLnsKqu64iBu4oSbOKzt0G2qKztTkQi_3abi6Ob43vfem8wDLIMGxjuLytwM2eCuPOvZ0gRCnrd86k8hgSaGNr5llFE40CdTEyZQXKP_EtuuRREhaA5tJLcIJqM8VSqfZlIO1VilWRYT9puwhStAjyZqIKM4fm1HoPeP333qLi5bYn8RS98wNix2JV6QxNrXRizOwRRGrLbi88ygIngm_1k8YzCOusXD8w1y8dfTPAEAAA%3d%3d:29:27)
    at <anonymous> (https://d1hjvew1n9ss7u.cloudfront.net/asset.axd?id=PAEAAB-LCAAAAAAAAAOtj0EPwUAQhf-KzLnsKqu64iBu4oSbOKzt0G2qKztTkQi_3abi6Ob43vfem8wDLIMGxjuLytwM2eCuPOvZ0gRCnrd86k8hgSaGNr5llFE40CdTEyZQXKP_EtuuRREhaA5tJLcIJqM8VSqfZlIO1VilWRYT9puwhStAjyZqIKM4fm1HoPeP333qLi5bYn8RS98wNix2JV6QxNrXRizOwRRGrLbi88ygIngm_1k8YzCOusXD8w1y8dfTPAEAAA%3d%3d:220:1)
    at f (https://d1hjvew1n9ss7u.cloudfront.net/assets/shjs.js?t=639255987001545277:0:10382)
    at fireWith (https://d1hjvew1n9ss7u.cloudfront.net/assets/shjs.js?t=639255987001545277:0:11137)
    at ready (https://d1hjvew1n9ss7u.cloudfront.net/assets/shjs.js?t=639255987001545277:0:5238)
    at r (https://d1hjvew1n9ss7u.cloudfront.net/assets/shjs.js?t=639255987001545277:0:9748)
[   37470ms] [VERBOSE] [DOM] Input elements should have autocomplete attributes (suggested: "current-password"): (More info: https://goo.gl/9p2vKq) %o @ https://www.lolacosmetics.com.br/:0
[   37470ms] [VERBOSE] [DOM] Input elements should have autocomplete attributes (suggested: "current-password"): (More info: https://goo.gl/9p2vKq) %o @ https://www.lolacosmetics.com.br/:0
[   37508ms] [ERROR] Access to XMLHttpRequest at 'https://api.reclameaqui.com.br/embed-reputation/hash/NjQ5NTQ6bG9sYS1jb3NtZXRpY3M=' from origin 'https://www.lolacosmetics.com.br' has been blocked by CORS policy: No 'Access-Control-Allow-Origin' header is present on the requested resource. @ https://www.lolacosmetics.com.br/:0
[   37508ms] [ERROR] RA-Reputation: bad response from server https://api.reclameaqui.com.br/embed-reputation/hash/NjQ5NTQ6bG9sYS1jb3NtZXRpY3M= @ https://s3.amazonaws.com/raichu-beta/selos/bundle.js:0
[   37508ms] [ERROR] Failed to load resource: net::ERR_FAILED @ https://api.reclameaqui.com.br/embed-reputation/hash/NjQ5NTQ6bG9sYS1jb3NtZXRpY3M=:0
[   37648ms] [ERROR] Failed to load resource: the server responded with a status of 404 () @ https://d1hjvew1n9ss7u.cloudfront.net/Custom/Content/Themes/Lola/Agrada/CSS/ajax-loader.gif:0
[   37716ms] [ERROR] Failed to load resource: net::ERR_NAME_NOT_RESOLVED @ https://event.getblue.io/js/blue-tag.min.js:0
[   37721ms] [LOG] AffiseStorage availability: {cookie: true, localStorage: true, sessionStorage: true} @ https://rankmediabrasil.g2afse.com/websdk.js:0
[   37721ms] [LOG] Status RNK Media - ClickId: null UTM: null @ :3
[   37861ms] [ERROR] Error: <path> attribute d: Expected number, "…0,0,0-.462-1.117Z". @ https://d1hjvew1n9ss7u.cloudfront.net/assets/shjs.js?t=639255987001545277:0
[   37995ms] [WARNING] [Meta Pixel] - Invalid parameter format for currency. Please refer https://developers.facebook.com/docs/meta-pixel/reference/ for valid parameter specifications. @ https://connect.facebook.net/en_US/fbevents.js:203
[   38416ms] [INFO] Loading the script 'https://www.gstatic.com/recaptcha/releases/zqB-6Xpbd3lCIvi7Tr2D0pob/recaptcha__pt_br.js' violates the following Content Security Policy directive: "script-src 'unsafe-inline'". Note that 'script-src-elem' was not explicitly set, so 'script-src' is used as a fallback. The policy is report-only, so the violation has been logged but no further action has been taken. @ https://www.google.com/recaptcha/api2/anchor?ar=1&k=6Le-9YsqAAAAAGtUGlQe-ufOhiiB353S9VAWaHgt&co=aHR0cHM6Ly93d3cubG9sYWNvc21ldGljcy5jb20uYnI6NDQz&hl=pt-BR&v=zqB-6Xpbd3lCIvi7Tr2D0pob&size=invisible&anchor-ms=20000&execute-ms=30000&cb=w6rjffeorg9t:0
[   38469ms] [ERROR] Failed to load resource: the server responded with a status of 403 () @ https://collector.mailbiz.one/collect:0
[   38511ms] [INFO] Creating a worker from 'https://www.google.com/recaptcha/api2/webworker.js?hl=pt-BR&v=zqB-6Xpbd3lCIvi7Tr2D0pob' violates the following Content Security Policy directive: "script-src 'unsafe-inline'". Note that 'worker-src' was not explicitly set, so 'script-src' is used as a fallback. The policy is report-only, so the violation has been logged but no further action has been taken. @ https://www.gstatic.com/recaptcha/releases/zqB-6Xpbd3lCIvi7Tr2D0pob/recaptcha__pt_br.js:690
[   38547ms] [INFO] É necessário definir o storeID no Plugin TrustVox @ https://d1hjvew1n9ss7u.cloudfront.net/asset.axd?id=GQsAAB-LCAAAAAAAAAO9lsFymzAQhl-lo7Mr3LiOEzo95RF66KHTwyLWoBgkRrvC8WTSZ69M6glgSGeKpkf0_9K32mUlPQvFIhWMT5w8QguknG74ywdVgiPkr573H-_ESphg-q7zAnkdvrRI91ARrkTeBOFX8q2bRkFCkbLzQWmDcLu5v9lu7-926_Wn7eftzW4XHOriULnORbq53cp1-Mguw5pE-uN5fj51xAdPbOvkwRpGw8lrbJTouvEhMFkjwyWq5JjL_rh8JPGy-ldCYW1RoQQD1Ym1oj5lrC0j0YkYa-lQQcOhILLd9GET8jJe4-xeh_ArW2jTJw2EiAxpwXM5T-rkOLwjVsrWKKm0TYNuijmyLONmzh5Jm0IqYCysO9VofJ86aVi819wrloTg1DitPWUZRZWoDtazzIAOGNb0dQ3uVCLkw7y-a1wWQ1gnrHjOXgbGDLFjLU5OK23CH6KprDTxVGoHhojMGnMNNEt8laPzZAtOA2tr_op-c0aMItwExK19kg7OpZyNYeSLE0HjtMIpZCfEYWT-lHlmOz5nh-J_YFmDqtLqEEyx6jfXIEv74qqzz68W-27vd454-5IqiJDb8f1xbYjIvD7iJuRlvBzCq8gTFOHtohQ2DGbYAZOGWNU0eKQKmefO8Td9GRGdC4X5cw31UQOhY_x8-Q3qjZweGQsAAA%3d%3d:40
[   38555ms] Uncaught TypeError: Cannot read properties of undefined (reading 'replace')
    at validaFreteGratis (https://d1hjvew1n9ss7u.cloudfront.net/asset.axd?id=PAEAAB-LCAAAAAAAAAOtj0EPwUAQhf-KzLnsKqu64iBu4oSbOKzt0G2qKztTkQi_3abi6Ob43vfem8wDLIMGxjuLytwM2eCuPOvZ0gRCnrd86k8hgSaGNr5llFE40CdTEyZQXKP_EtuuRREhaA5tJLcIJqM8VSqfZlIO1VilWRYT9puwhStAjyZqIKM4fm1HoPeP333qLi5bYn8RS98wNix2JV6QxNrXRizOwRRGrLbi88ygIngm_1k8YzCOusXD8w1y8dfTPAEAAA%3d%3d:1:7633)
    at <anonymous> (https://d1hjvew1n9ss7u.cloudfront.net/asset.axd?id=PAEAAB-LCAAAAAAAAAOtj0EPwUAQhf-KzLnsKqu64iBu4oSbOKzt0G2qKztTkQi_3abi6Ob43vfem8wDLIMGxjuLytwM2eCuPOvZ0gRCnrd86k8hgSaGNr5llFE40CdTEyZQXKP_EtuuRREhaA5tJLcIJqM8VSqfZlIO1VilWRYT9puwhStAjyZqIKM4fm1HoPeP333qLi5bYn8RS98wNix2JV6QxNrXRizOwRRGrLbi88ygIngm_1k8YzCOusXD8w1y8dfTPAEAAA%3d%3d:1:49808)
    at dispatch (https://d1hjvew1n9ss7u.cloudfront.net/assets/shjs.js?t=639255987001545277:0:32701)
    at a (https://d1hjvew1n9ss7u.cloudfront.net/assets/shjs.js?t=639255987001545277:0:28480)
[   38554ms] [LOG] Banner não encontrado: banner-233 @ https://d1hjvew1n9ss7u.cloudfront.net/asset.axd?id=PAEAAB-LCAAAAAAAAAOtj0EPwUAQhf-KzLnsKqu64iBu4oSbOKzt0G2qKztTkQi_3abi6Ob43vfem8wDLIMGxjuLytwM2eCuPOvZ0gRCnrd86k8hgSaGNr5llFE40CdTEyZQXKP_EtuuRREhaA5tJLcIJqM8VSqfZlIO1VilWRYT9puwhStAjyZqIKM4fm1HoPeP333qLi5bYn8RS98wNix2JV6QxNrXRizOwRRGrLbi88ygIngm_1k8YzCOusXD8w1y8dfTPAEAAA%3d%3d:754
[   38611ms] [LOG] %c Widde Video Commerce %c v24604ee %c Build: 21/09/2026 20:39 %c border: 1px solid #2567f8; background: #2567f8; color: #fff; font-weight: bold; padding: 4px 8px; border-radius: 3px 0 0 0; border: 1px solid #2567f8; border-left: none; background: #FFF; color: #2567f8; font-weight: bold; padding: 4px 8px; border: 1px solid #2567f8; border-left: none; background: #f0f0f0; color: #333; font-weight: bold; padding: 4px 8px; border-radius: 0 3px 3px 0; background: transparent @ https://cdn.widde.io/assets/main.utzwjalemu.js:0
[   38747ms] [LOG] %c Tryon Widde.io %c %s %c border: 1px solid #2567f8; background: #2567f8; color: #fff; font-weight: bold; padding: 4px 8px; border-radius: 3px 0 0 3px; border: 1px solid #2567f8; background: #FFF; color: #2567f8; font-weight: bold; padding: 4px 8px; border-radius: 0 3px 3px 0; 47bf7c2 background: transparent @ https://cdn-tryon.widde.io/widde-tryon.js:86
[   38813ms] [LOG] [tryon-tracker] initialized {domain: www.lolacosmetics.com.br} @ https://cdn-tryon.widde.io/widde-tryon.js:8
[   38816ms] [WARNING] !! Há erros de scripts no template e/ou scripts personalizados !!
Por favor, contate a Agência responsável pela codificação da loja virtual.  @ https://d1hjvew1n9ss7u.cloudfront.net/assets/shjs.js?t=639255987001545277:0
[   40193ms] [VERBOSE] [DOM] Input elements should have autocomplete attributes (suggested: "current-password"): (More info: https://goo.gl/9p2vKq) %o @ http://localhost:4360/:0
[   40194ms] [VERBOSE] [DOM] Input elements should have autocomplete attributes (suggested: "current-password"): (More info: https://goo.gl/9p2vKq) %o @ http://localhost:4360/:0
[   41915ms] [WARNING] Error with Feature-Policy header: Some features are specified in both Feature-Policy and Permissions-Policy header: payment, fullscreen, microphone, camera. Values defined in Permissions-Policy header will be used. @ :0
[   42323ms] [ERROR] Failed to load resource: the server responded with a status of 500 () @ https://fonts.cdnfonts.com/css/leelawade:0
[   43019ms] [ERROR] Failed to load resource: the server responded with a status of 404 () @ https://lolacosmetics.admin.linxcommerce.com.br/Custom/Content/Themes/Lola/Styles/Fonts/FontAwesome/all.css:0
[   43209ms] [LOG] {BasketItemID: 2993034, Quantity: 1, BasketPrice: 129.96, SubTotal: 129.96, Nested: Array(4)} @ https://www.lolacosmetics.com.br/:1
[   43466ms] [ERROR] Failed to load resource: net::ERR_NAME_NOT_RESOLVED @ https://event.getblue.io/js/blue-tag.min.js:0
[   43597ms] [LOG] AffiseStorage availability: {cookie: true, localStorage: true, sessionStorage: true} @ https://rankmediabrasil.g2afse.com/websdk.js:0
[   43598ms] [LOG] Status RNK Media - ClickId: null UTM: null @ :3
[   43866ms] [LOG] Banner não encontrado: banner-233 @ https://d1hjvew1n9ss7u.cloudfront.net/asset.axd?id=PAEAAB-LCAAAAAAAAAOtj0EPwUAQhf-KzLnsKqu64iBu4oSbOKzt0G2qKztTkQi_3abi6Ob43vfem8wDLIMGxjuLytwM2eCuPOvZ0gRCnrd86k8hgSaGNr5llFE40CdTEyZQXKP_EtuuRREhaA5tJLcIJqM8VSqfZlIO1VilWRYT9puwhStAjyZqIKM4fm1HoPeP333qLi5bYn8RS98wNix2JV6QxNrXRizOwRRGrLbi88ygIngm_1k8YzCOusXD8w1y8dfTPAEAAA%3d%3d:754
[   43868ms] [LOG] [Debug Carrinho] Polling ativo @ https://d1hjvew1n9ss7u.cloudfront.net/asset.axd?id=PAEAAB-LCAAAAAAAAAOtj0EPwUAQhf-KzLnsKqu64iBu4oSbOKzt0G2qKztTkQi_3abi6Ob43vfem8wDLIMGxjuLytwM2eCuPOvZ0gRCnrd86k8hgSaGNr5llFE40CdTEyZQXKP_EtuuRREhaA5tJLcIJqM8VSqfZlIO1VilWRYT9puwhStAjyZqIKM4fm1HoPeP333qLi5bYn8RS98wNix2JV6QxNrXRizOwRRGrLbi88ygIngm_1k8YzCOusXD8w1y8dfTPAEAAA%3d%3d:1790
[   44016ms] [WARNING] !! Há erros de scripts de terceiros !!
Por favor, contate a Empresa responsável pelo script.  @ https://d1hjvew1n9ss7u.cloudfront.net/assets/shjs.js?t=639255987001545277:0
[   44017ms] Uncaught Error: You must pass a string or Handlebars AST to Handlebars.compile. You passed null
    at e.compile (https://d1hjvew1n9ss7u.cloudfront.net/asset.axd?id=PAEAAB-LCAAAAAAAAAOtj0EPwUAQhf-KzLnsKqu64iBu4oSbOKzt0G2qKztTkQi_3abi6Ob43vfem8wDLIMGxjuLytwM2eCuPOvZ0gRCnrd86k8hgSaGNr5llFE40CdTEyZQXKP_EtuuRREhaA5tJLcIJqM8VSqfZlIO1VilWRYT9puwhStAjyZqIKM4fm1HoPeP333qLi5bYn8RS98wNix2JV6QxNrXRizOwRRGrLbi88ygIngm_1k8YzCOusXD8w1y8dfTPAEAAA%3d%3d:1794:49302)
    at i.compile (https://d1hjvew1n9ss7u.cloudfront.net/asset.axd?id=PAEAAB-LCAAAAAAAAAOtj0EPwUAQhf-KzLnsKqu64iBu4oSbOKzt0G2qKztTkQi_3abi6Ob43vfem8wDLIMGxjuLytwM2eCuPOvZ0gRCnrd86k8hgSaGNr5llFE40CdTEyZQXKP_EtuuRREhaA5tJLcIJqM8VSqfZlIO1VilWRYT9puwhStAjyZqIKM4fm1HoPeP333qLi5bYn8RS98wNix2JV6QxNrXRizOwRRGrLbi88ygIngm_1k8YzCOusXD8w1y8dfTPAEAAA%3d%3d:1794:343)
    at renderBasket (https://d1hjvew1n9ss7u.cloudfront.net/asset.axd?id=PAEAAB-LCAAAAAAAAAOtj0EPwUAQhf-KzLnsKqu64iBu4oSbOKzt0G2qKztTkQi_3abi6Ob43vfem8wDLIMGxjuLytwM2eCuPOvZ0gRCnrd86k8hgSaGNr5llFE40CdTEyZQXKP_EtuuRREhaA5tJLcIJqM8VSqfZlIO1VilWRYT9puwhStAjyZqIKM4fm1HoPeP333qLi5bYn8RS98wNix2JV6QxNrXRizOwRRGrLbi88ygIngm_1k8YzCOusXD8w1y8dfTPAEAAA%3d%3d:29:27)
    at <anonymous> (https://d1hjvew1n9ss7u.cloudfront.net/asset.axd?id=PAEAAB-LCAAAAAAAAAOtj0EPwUAQhf-KzLnsKqu64iBu4oSbOKzt0G2qKztTkQi_3abi6Ob43vfem8wDLIMGxjuLytwM2eCuPOvZ0gRCnrd86k8hgSaGNr5llFE40CdTEyZQXKP_EtuuRREhaA5tJLcIJqM8VSqfZlIO1VilWRYT9puwhStAjyZqIKM4fm1HoPeP333qLi5bYn8RS98wNix2JV6QxNrXRizOwRRGrLbi88ygIngm_1k8YzCOusXD8w1y8dfTPAEAAA%3d%3d:220:1)
    at f (https://d1hjvew1n9ss7u.cloudfront.net/assets/shjs.js?t=639255987001545277:0:10382)
    at fireWith (https://d1hjvew1n9ss7u.cloudfront.net/assets/shjs.js?t=639255987001545277:0:11137)
    at ready (https://d1hjvew1n9ss7u.cloudfront.net/assets/shjs.js?t=639255987001545277:0:5238)
    at r (https://d1hjvew1n9ss7u.cloudfront.net/assets/shjs.js?t=639255987001545277:0:9748)
[   44047ms] [VERBOSE] [DOM] Input elements should have autocomplete attributes (suggested: "current-password"): (More info: https://goo.gl/9p2vKq) %o @ https://www.lolacosmetics.com.br/:0
[   44047ms] [VERBOSE] [DOM] Input elements should have autocomplete attributes (suggested: "current-password"): (More info: https://goo.gl/9p2vKq) %o @ https://www.lolacosmetics.com.br/:0
[   44111ms] [ERROR] Access to XMLHttpRequest at 'https://api.reclameaqui.com.br/embed-reputation/hash/NjQ5NTQ6bG9sYS1jb3NtZXRpY3M=' from origin 'https://www.lolacosmetics.com.br' has been blocked by CORS policy: No 'Access-Control-Allow-Origin' header is present on the requested resource. @ https://www.lolacosmetics.com.br/:0
[   44111ms] [ERROR] RA-Reputation: bad response from server https://api.reclameaqui.com.br/embed-reputation/hash/NjQ5NTQ6bG9sYS1jb3NtZXRpY3M= @ https://s3.amazonaws.com/raichu-beta/selos/bundle.js:0
[   44111ms] [ERROR] Failed to load resource: net::ERR_FAILED @ https://api.reclameaqui.com.br/embed-reputation/hash/NjQ5NTQ6bG9sYS1jb3NtZXRpY3M=:0
[   44655ms] [ERROR] Failed to load resource: the server responded with a status of 403 () @ https://collector.mailbiz.one/collect:0
[   44659ms] [ERROR] Error: <path> attribute d: Expected number, "…0,0,0-.462-1.117Z". @ https://d1hjvew1n9ss7u.cloudfront.net/assets/shjs.js?t=639255987001545277:0
[   44797ms] [ERROR] Failed to load resource: the server responded with a status of 404 () @ https://d1hjvew1n9ss7u.cloudfront.net/Custom/Content/Themes/Lola/Agrada/CSS/ajax-loader.gif:0
[   46489ms] [LOG] %c Widde Video Commerce %c v24604ee %c Build: 21/09/2026 20:39 %c border: 1px solid #2567f8; background: #2567f8; color: #fff; font-weight: bold; padding: 4px 8px; border-radius: 3px 0 0 0; border: 1px solid #2567f8; border-left: none; background: #FFF; color: #2567f8; font-weight: bold; padding: 4px 8px; border: 1px solid #2567f8; border-left: none; background: #f0f0f0; color: #333; font-weight: bold; padding: 4px 8px; border-radius: 0 3px 3px 0; background: transparent @ https://cdn.widde.io/assets/main.utzwjalemu.js:0
[   46604ms] [LOG] %c Tryon Widde.io %c %s %c border: 1px solid #2567f8; background: #2567f8; color: #fff; font-weight: bold; padding: 4px 8px; border-radius: 3px 0 0 3px; border: 1px solid #2567f8; background: #FFF; color: #2567f8; font-weight: bold; padding: 4px 8px; border-radius: 0 3px 3px 0; 47bf7c2 background: transparent @ https://cdn-tryon.widde.io/widde-tryon.js:86
[   46638ms] [LOG] [tryon-tracker] initialized {domain: www.lolacosmetics.com.br} @ https://cdn-tryon.widde.io/widde-tryon.js:8
[   48966ms] [INFO] É necessário definir o storeID no Plugin TrustVox @ https://d1hjvew1n9ss7u.cloudfront.net/asset.axd?id=GQsAAB-LCAAAAAAAAAO9lsFymzAQhl-lo7Mr3LiOEzo95RF66KHTwyLWoBgkRrvC8WTSZ69M6glgSGeKpkf0_9K32mUlPQvFIhWMT5w8QguknG74ywdVgiPkr573H-_ESphg-q7zAnkdvrRI91ARrkTeBOFX8q2bRkFCkbLzQWmDcLu5v9lu7-926_Wn7eftzW4XHOriULnORbq53cp1-Mguw5pE-uN5fj51xAdPbOvkwRpGw8lrbJTouvEhMFkjwyWq5JjL_rh8JPGy-ldCYW1RoQQD1Ym1oj5lrC0j0YkYa-lQQcOhILLd9GET8jJe4-xeh_ArW2jTJw2EiAxpwXM5T-rkOLwjVsrWKKm0TYNuijmyLONmzh5Jm0IqYCysO9VofJ86aVi819wrloTg1DitPWUZRZWoDtazzIAOGNb0dQ3uVCLkw7y-a1wWQ1gnrHjOXgbGDLFjLU5OK23CH6KprDTxVGoHhojMGnMNNEt8laPzZAtOA2tr_op-c0aMItwExK19kg7OpZyNYeSLE0HjtMIpZCfEYWT-lHlmOz5nh-J_YFmDqtLqEEyx6jfXIEv74qqzz68W-27vd454-5IqiJDb8f1xbYjIvD7iJuRlvBzCq8gTFOHtohQ2DGbYAZOGWNU0eKQKmefO8Td9GRGdC4X5cw31UQOhY_x8-Q3qjZweGQsAAA%3d%3d:40
[   48980ms] Uncaught TypeError: Cannot read properties of undefined (reading 'replace')
    at validaFreteGratis (https://d1hjvew1n9ss7u.cloudfront.net/asset.axd?id=PAEAAB-LCAAAAAAAAAOtj0EPwUAQhf-KzLnsKqu64iBu4oSbOKzt0G2qKztTkQi_3abi6Ob43vfem8wDLIMGxjuLytwM2eCuPOvZ0gRCnrd86k8hgSaGNr5llFE40CdTEyZQXKP_EtuuRREhaA5tJLcIJqM8VSqfZlIO1VilWRYT9puwhStAjyZqIKM4fm1HoPeP333qLi5bYn8RS98wNix2JV6QxNrXRizOwRRGrLbi88ygIngm_1k8YzCOusXD8w1y8dfTPAEAAA%3d%3d:1:7633)
    at <anonymous> (https://d1hjvew1n9ss7u.cloudfront.net/asset.axd?id=PAEAAB-LCAAAAAAAAAOtj0EPwUAQhf-KzLnsKqu64iBu4oSbOKzt0G2qKztTkQi_3abi6Ob43vfem8wDLIMGxjuLytwM2eCuPOvZ0gRCnrd86k8hgSaGNr5llFE40CdTEyZQXKP_EtuuRREhaA5tJLcIJqM8VSqfZlIO1VilWRYT9puwhStAjyZqIKM4fm1HoPeP333qLi5bYn8RS98wNix2JV6QxNrXRizOwRRGrLbi88ygIngm_1k8YzCOusXD8w1y8dfTPAEAAA%3d%3d:1:49808)
    at dispatch (https://d1hjvew1n9ss7u.cloudfront.net/assets/shjs.js?t=639255987001545277:0:32701)
    at a (https://d1hjvew1n9ss7u.cloudfront.net/assets/shjs.js?t=639255987001545277:0:28480)
[   48977ms] [LOG] Banner não encontrado: banner-233 @ https://d1hjvew1n9ss7u.cloudfront.net/asset.axd?id=PAEAAB-LCAAAAAAAAAOtj0EPwUAQhf-KzLnsKqu64iBu4oSbOKzt0G2qKztTkQi_3abi6Ob43vfem8wDLIMGxjuLytwM2eCuPOvZ0gRCnrd86k8hgSaGNr5llFE40CdTEyZQXKP_EtuuRREhaA5tJLcIJqM8VSqfZlIO1VilWRYT9puwhStAjyZqIKM4fm1HoPeP333qLi5bYn8RS98wNix2JV6QxNrXRizOwRRGrLbi88ygIngm_1k8YzCOusXD8w1y8dfTPAEAAA%3d%3d:754
[   50546ms] [VERBOSE] [DOM] Input elements should have autocomplete attributes (suggested: "current-password"): (More info: https://goo.gl/9p2vKq) %o @ http://localhost:4360/:0
[   50547ms] [VERBOSE] [DOM] Input elements should have autocomplete attributes (suggested: "current-password"): (More info: https://goo.gl/9p2vKq) %o @ http://localhost:4360/:0
[   52332ms] [WARNING] Error with Feature-Policy header: Some features are specified in both Feature-Policy and Permissions-Policy header: payment, fullscreen, microphone, camera. Values defined in Permissions-Policy header will be used. @ :0
[   52930ms] [ERROR] Failed to load resource: the server responded with a status of 500 () @ https://fonts.cdnfonts.com/css/leelawade:0
[   53694ms] [ERROR] Failed to load resource: the server responded with a status of 404 () @ https://lolacosmetics.admin.linxcommerce.com.br/Custom/Content/Themes/Lola/Styles/Fonts/FontAwesome/all.css:0
[   53944ms] [LOG] Trustvox rating | PDP: 46389 tipo: 3 @ https://www.lolacosmetics.com.br/volumao-shampoo-250ml-ps-19629-321-p46389:16
[   53944ms] [LOG] Trustvox rating | ID final usado = 46389 @ https://www.lolacosmetics.com.br/volumao-shampoo-250ml-ps-19629-321-p46389:16
[   53945ms] [LOG] Trustvox PDP | product: 46389 | type: 3 | usedId: 46389 @ https://www.lolacosmetics.com.br/volumao-shampoo-250ml-ps-19629-321-p46389:44
[   54480ms] [ERROR] Access to XMLHttpRequest at 'https://api.reclameaqui.com.br/embed-reputation/hash/NjQ5NTQ6bG9sYS1jb3NtZXRpY3M=' from origin 'https://www.lolacosmetics.com.br' has been blocked by CORS policy: No 'Access-Control-Allow-Origin' header is present on the requested resource. @ https://www.lolacosmetics.com.br/volumao-shampoo-250ml-ps-19629-321-p46389:44
[   54480ms] [ERROR] RA-Reputation: bad response from server https://api.reclameaqui.com.br/embed-reputation/hash/NjQ5NTQ6bG9sYS1jb3NtZXRpY3M= @ https://s3.amazonaws.com/raichu-beta/selos/bundle.js:0
[   54480ms] [ERROR] Failed to load resource: net::ERR_FAILED @ https://api.reclameaqui.com.br/embed-reputation/hash/NjQ5NTQ6bG9sYS1jb3NtZXRpY3M=:0
[   54559ms] [LOG] Banner não encontrado: banner-232 @ https://d1hjvew1n9ss7u.cloudfront.net/asset.axd?id=PAEAAB-LCAAAAAAAAAOtj0EPwUAQhf-KzLnsKqu64iBu4oSbOKzt0G2qKztTkQi_3abi6Ob43vfem8wDLIMGxjuLytwM2eCuPOvZ0gRCnrd86k8hgSaGNr5llFE40CdTEyZQXKP_EtuuRREhaA5tJLcIJqM8VSqfZlIO1VilWRYT9puwhStAjyZqIKM4fm1HoPeP333qLi5bYn8RS98wNix2JV6QxNrXRizOwRRGrLbi88ygIngm_1k8YzCOusXD8w1y8dfTPAEAAA%3d%3d:754
[   54561ms] [LOG] [Debug Carrinho] Polling ativo @ https://d1hjvew1n9ss7u.cloudfront.net/asset.axd?id=PAEAAB-LCAAAAAAAAAOtj0EPwUAQhf-KzLnsKqu64iBu4oSbOKzt0G2qKztTkQi_3abi6Ob43vfem8wDLIMGxjuLytwM2eCuPOvZ0gRCnrd86k8hgSaGNr5llFE40CdTEyZQXKP_EtuuRREhaA5tJLcIJqM8VSqfZlIO1VilWRYT9puwhStAjyZqIKM4fm1HoPeP333qLi5bYn8RS98wNix2JV6QxNrXRizOwRRGrLbi88ygIngm_1k8YzCOusXD8w1y8dfTPAEAAA%3d%3d:1790
[   54618ms] [LOG] add @ https://d1hjvew1n9ss7u.cloudfront.net/asset.axd?id=PAEAAB-LCAAAAAAAAAOtj0EPwUAQhf-KzLnsKqu64iBu4oSbOKzt0G2qKztTkQi_3abi6Ob43vfem8wDLIMGxjuLytwM2eCuPOvZ0gRCnrd86k8hgSaGNr5llFE40CdTEyZQXKP_EtuuRREhaA5tJLcIJqM8VSqfZlIO1VilWRYT9puwhStAjyZqIKM4fm1HoPeP333qLi5bYn8RS98wNix2JV6QxNrXRizOwRRGrLbi88ygIngm_1k8YzCOusXD8w1y8dfTPAEAAA%3d%3d:1
[   54620ms] [WARNING] !! Há erros de scripts de terceiros !!
Por favor, contate a Empresa responsável pelo script.  @ https://d1hjvew1n9ss7u.cloudfront.net/assets/shjs.js?t=639255987001545277:0
[   54623ms] Uncaught Error: You must pass a string or Handlebars AST to Handlebars.compile. You passed null
    at e.compile (https://d1hjvew1n9ss7u.cloudfront.net/asset.axd?id=PAEAAB-LCAAAAAAAAAOtj0EPwUAQhf-KzLnsKqu64iBu4oSbOKzt0G2qKztTkQi_3abi6Ob43vfem8wDLIMGxjuLytwM2eCuPOvZ0gRCnrd86k8hgSaGNr5llFE40CdTEyZQXKP_EtuuRREhaA5tJLcIJqM8VSqfZlIO1VilWRYT9puwhStAjyZqIKM4fm1HoPeP333qLi5bYn8RS98wNix2JV6QxNrXRizOwRRGrLbi88ygIngm_1k8YzCOusXD8w1y8dfTPAEAAA%3d%3d:1794:49302)
    at i.compile (https://d1hjvew1n9ss7u.cloudfront.net/asset.axd?id=PAEAAB-LCAAAAAAAAAOtj0EPwUAQhf-KzLnsKqu64iBu4oSbOKzt0G2qKztTkQi_3abi6Ob43vfem8wDLIMGxjuLytwM2eCuPOvZ0gRCnrd86k8hgSaGNr5llFE40CdTEyZQXKP_EtuuRREhaA5tJLcIJqM8VSqfZlIO1VilWRYT9puwhStAjyZqIKM4fm1HoPeP333qLi5bYn8RS98wNix2JV6QxNrXRizOwRRGrLbi88ygIngm_1k8YzCOusXD8w1y8dfTPAEAAA%3d%3d:1794:343)
    at renderBasket (https://d1hjvew1n9ss7u.cloudfront.net/asset.axd?id=PAEAAB-LCAAAAAAAAAOtj0EPwUAQhf-KzLnsKqu64iBu4oSbOKzt0G2qKztTkQi_3abi6Ob43vfem8wDLIMGxjuLytwM2eCuPOvZ0gRCnrd86k8hgSaGNr5llFE40CdTEyZQXKP_EtuuRREhaA5tJLcIJqM8VSqfZlIO1VilWRYT9puwhStAjyZqIKM4fm1HoPeP333qLi5bYn8RS98wNix2JV6QxNrXRizOwRRGrLbi88ygIngm_1k8YzCOusXD8w1y8dfTPAEAAA%3d%3d:29:27)
    at <anonymous> (https://d1hjvew1n9ss7u.cloudfront.net/asset.axd?id=PAEAAB-LCAAAAAAAAAOtj0EPwUAQhf-KzLnsKqu64iBu4oSbOKzt0G2qKztTkQi_3abi6Ob43vfem8wDLIMGxjuLytwM2eCuPOvZ0gRCnrd86k8hgSaGNr5llFE40CdTEyZQXKP_EtuuRREhaA5tJLcIJqM8VSqfZlIO1VilWRYT9puwhStAjyZqIKM4fm1HoPeP333qLi5bYn8RS98wNix2JV6QxNrXRizOwRRGrLbi88ygIngm_1k8YzCOusXD8w1y8dfTPAEAAA%3d%3d:220:1)
    at f (https://d1hjvew1n9ss7u.cloudfront.net/assets/shjs.js?t=639255987001545277:0:10382)
    at fireWith (https://d1hjvew1n9ss7u.cloudfront.net/assets/shjs.js?t=639255987001545277:0:11137)
    at ready (https://d1hjvew1n9ss7u.cloudfront.net/assets/shjs.js?t=639255987001545277:0:5238)
    at r (https://d1hjvew1n9ss7u.cloudfront.net/assets/shjs.js?t=639255987001545277:0:9748)
[   54635ms] [VERBOSE] [DOM] Input elements should have autocomplete attributes (suggested: "current-password"): (More info: https://goo.gl/9p2vKq) %o @ https://www.lolacosmetics.com.br/volumao-shampoo-250ml-ps-19629-321-p46389:0
[   54635ms] [VERBOSE] [DOM] Input elements should have autocomplete attributes (suggested: "current-password"): (More info: https://goo.gl/9p2vKq) %o @ https://www.lolacosmetics.com.br/volumao-shampoo-250ml-ps-19629-321-p46389:0
[   54656ms] [LOG] AffiseStorage availability: {cookie: true, localStorage: true, sessionStorage: true} @ https://rankmediabrasil.g2afse.com/websdk.js:0
[   54657ms] [LOG] Status RNK Media - ClickId: null UTM: null @ :3
[   54768ms] [ERROR] Failed to load resource: net::ERR_NAME_NOT_RESOLVED @ https://event.getblue.io/js/blue-tag.min.js:0
[   54959ms] [ERROR] Failed to load resource: the server responded with a status of 404 () @ https://d1hjvew1n9ss7u.cloudfront.net/Custom/Content/Themes/Lola/Agrada/CSS/ajax-loader.gif:0
[   55032ms] [ERROR] Failed to load resource: the server responded with a status of 403 () @ https://collector.mailbiz.one/collect:0
[   55032ms] [ERROR] Failed to load resource: the server responded with a status of 403 () @ https://collector.mailbiz.one/collect:0
[   55075ms] [WARNING] [Meta Pixel] - Invalid parameter format for currency. Please refer https://developers.facebook.com/docs/meta-pixel/reference/ for valid parameter specifications. @ https://connect.facebook.net/en_US/fbevents.js:203
[   55394ms] Uncaught TypeError: Cannot read properties of undefined (reading 'replace')
    at validaFreteGratis (https://d1hjvew1n9ss7u.cloudfront.net/asset.axd?id=PAEAAB-LCAAAAAAAAAOtj0EPwUAQhf-KzLnsKqu64iBu4oSbOKzt0G2qKztTkQi_3abi6Ob43vfem8wDLIMGxjuLytwM2eCuPOvZ0gRCnrd86k8hgSaGNr5llFE40CdTEyZQXKP_EtuuRREhaA5tJLcIJqM8VSqfZlIO1VilWRYT9puwhStAjyZqIKM4fm1HoPeP333qLi5bYn8RS98wNix2JV6QxNrXRizOwRRGrLbi88ygIngm_1k8YzCOusXD8w1y8dfTPAEAAA%3d%3d:1:7633)
    at <anonymous> (https://d1hjvew1n9ss7u.cloudfront.net/asset.axd?id=PAEAAB-LCAAAAAAAAAOtj0EPwUAQhf-KzLnsKqu64iBu4oSbOKzt0G2qKztTkQi_3abi6Ob43vfem8wDLIMGxjuLytwM2eCuPOvZ0gRCnrd86k8hgSaGNr5llFE40CdTEyZQXKP_EtuuRREhaA5tJLcIJqM8VSqfZlIO1VilWRYT9puwhStAjyZqIKM4fm1HoPeP333qLi5bYn8RS98wNix2JV6QxNrXRizOwRRGrLbi88ygIngm_1k8YzCOusXD8w1y8dfTPAEAAA%3d%3d:1:49808)
    at dispatch (https://d1hjvew1n9ss7u.cloudfront.net/assets/shjs.js?t=639255987001545277:0:32701)
    at a (https://d1hjvew1n9ss7u.cloudfront.net/assets/shjs.js?t=639255987001545277:0:28480)
[   55387ms] [LOG] Banner não encontrado: banner-232 @ https://d1hjvew1n9ss7u.cloudfront.net/asset.axd?id=PAEAAB-LCAAAAAAAAAOtj0EPwUAQhf-KzLnsKqu64iBu4oSbOKzt0G2qKztTkQi_3abi6Ob43vfem8wDLIMGxjuLytwM2eCuPOvZ0gRCnrd86k8hgSaGNr5llFE40CdTEyZQXKP_EtuuRREhaA5tJLcIJqM8VSqfZlIO1VilWRYT9puwhStAjyZqIKM4fm1HoPeP333qLi5bYn8RS98wNix2JV6QxNrXRizOwRRGrLbi88ygIngm_1k8YzCOusXD8w1y8dfTPAEAAA%3d%3d:754
[   55571ms] [LOG] %c Widde Video Commerce %c v24604ee %c Build: 21/09/2026 20:39 %c border: 1px solid #2567f8; background: #2567f8; color: #fff; font-weight: bold; padding: 4px 8px; border-radius: 3px 0 0 0; border: 1px solid #2567f8; border-left: none; background: #FFF; color: #2567f8; font-weight: bold; padding: 4px 8px; border: 1px solid #2567f8; border-left: none; background: #f0f0f0; color: #333; font-weight: bold; padding: 4px 8px; border-radius: 0 3px 3px 0; background: transparent @ https://cdn.widde.io/assets/main.utzwjalemu.js:0
[   55971ms] [LOG] %c Tryon Widde.io %c %s %c border: 1px solid #2567f8; background: #2567f8; color: #fff; font-weight: bold; padding: 4px 8px; border-radius: 3px 0 0 3px; border: 1px solid #2567f8; background: #FFF; color: #2567f8; font-weight: bold; padding: 4px 8px; border-radius: 0 3px 3px 0; 47bf7c2 background: transparent @ https://cdn-tryon.widde.io/widde-tryon.js:86
[   55999ms] [LOG] [tryon-tracker] initialized {domain: www.lolacosmetics.com.br} @ https://cdn-tryon.widde.io/widde-tryon.js:8
[   56924ms] [VERBOSE] [DOM] Input elements should have autocomplete attributes (suggested: "current-password"): (More info: https://goo.gl/9p2vKq) %o @ http://localhost:4360/volumao-shampoo-250ml-ps-19629-321-p46389:0
[   56924ms] [VERBOSE] [DOM] Input elements should have autocomplete attributes (suggested: "current-password"): (More info: https://goo.gl/9p2vKq) %o @ http://localhost:4360/volumao-shampoo-250ml-ps-19629-321-p46389:0
[   58296ms] [WARNING] Error with Feature-Policy header: Some features are specified in both Feature-Policy and Permissions-Policy header: payment, fullscreen, microphone, camera. Values defined in Permissions-Policy header will be used. @ :0
[   58733ms] [ERROR] Failed to load resource: the server responded with a status of 500 () @ https://fonts.cdnfonts.com/css/leelawade:0
[   59165ms] [ERROR] Failed to load resource: the server responded with a status of 404 () @ https://lolacosmetics.admin.linxcommerce.com.br/Custom/Content/Themes/Lola/Styles/Fonts/FontAwesome/all.css:0
[   59178ms] [LOG] Trustvox rating | PDP: 46389 tipo: 3 @ https://www.lolacosmetics.com.br/volumao-shampoo-250ml-ps-19629-321-p46389:16
[   59178ms] [LOG] Trustvox rating | ID final usado = 46389 @ https://www.lolacosmetics.com.br/volumao-shampoo-250ml-ps-19629-321-p46389:16
[   59236ms] [LOG] Trustvox PDP | product: 46389 | type: 3 | usedId: 46389 @ https://www.lolacosmetics.com.br/volumao-shampoo-250ml-ps-19629-321-p46389:44
[   59532ms] [LOG] Banner não encontrado: banner-233 @ https://d1hjvew1n9ss7u.cloudfront.net/asset.axd?id=PAEAAB-LCAAAAAAAAAOtj0EPwUAQhf-KzLnsKqu64iBu4oSbOKzt0G2qKztTkQi_3abi6Ob43vfem8wDLIMGxjuLytwM2eCuPOvZ0gRCnrd86k8hgSaGNr5llFE40CdTEyZQXKP_EtuuRREhaA5tJLcIJqM8VSqfZlIO1VilWRYT9puwhStAjyZqIKM4fm1HoPeP333qLi5bYn8RS98wNix2JV6QxNrXRizOwRRGrLbi88ygIngm_1k8YzCOusXD8w1y8dfTPAEAAA%3d%3d:754
[   59538ms] [LOG] [Debug Carrinho] Polling ativo @ https://d1hjvew1n9ss7u.cloudfront.net/asset.axd?id=PAEAAB-LCAAAAAAAAAOtj0EPwUAQhf-KzLnsKqu64iBu4oSbOKzt0G2qKztTkQi_3abi6Ob43vfem8wDLIMGxjuLytwM2eCuPOvZ0gRCnrd86k8hgSaGNr5llFE40CdTEyZQXKP_EtuuRREhaA5tJLcIJqM8VSqfZlIO1VilWRYT9puwhStAjyZqIKM4fm1HoPeP333qLi5bYn8RS98wNix2JV6QxNrXRizOwRRGrLbi88ygIngm_1k8YzCOusXD8w1y8dfTPAEAAA%3d%3d:1790
[   59626ms] [LOG] add @ https://d1hjvew1n9ss7u.cloudfront.net/asset.axd?id=PAEAAB-LCAAAAAAAAAOtj0EPwUAQhf-KzLnsKqu64iBu4oSbOKzt0G2qKztTkQi_3abi6Ob43vfem8wDLIMGxjuLytwM2eCuPOvZ0gRCnrd86k8hgSaGNr5llFE40CdTEyZQXKP_EtuuRREhaA5tJLcIJqM8VSqfZlIO1VilWRYT9puwhStAjyZqIKM4fm1HoPeP333qLi5bYn8RS98wNix2JV6QxNrXRizOwRRGrLbi88ygIngm_1k8YzCOusXD8w1y8dfTPAEAAA%3d%3d:1
[   59629ms] [WARNING] !! Há erros de scripts de terceiros !!
Por favor, contate a Empresa responsável pelo script.  @ https://d1hjvew1n9ss7u.cloudfront.net/assets/shjs.js?t=639255987001545277:0
[   60149ms] Uncaught Error: You must pass a string or Handlebars AST to Handlebars.compile. You passed null
    at e.compile (https://d1hjvew1n9ss7u.cloudfront.net/asset.axd?id=PAEAAB-LCAAAAAAAAAOtj0EPwUAQhf-KzLnsKqu64iBu4oSbOKzt0G2qKztTkQi_3abi6Ob43vfem8wDLIMGxjuLytwM2eCuPOvZ0gRCnrd86k8hgSaGNr5llFE40CdTEyZQXKP_EtuuRREhaA5tJLcIJqM8VSqfZlIO1VilWRYT9puwhStAjyZqIKM4fm1HoPeP333qLi5bYn8RS98wNix2JV6QxNrXRizOwRRGrLbi88ygIngm_1k8YzCOusXD8w1y8dfTPAEAAA%3d%3d:1794:49302)
    at i.compile (https://d1hjvew1n9ss7u.cloudfront.net/asset.axd?id=PAEAAB-LCAAAAAAAAAOtj0EPwUAQhf-KzLnsKqu64iBu4oSbOKzt0G2qKztTkQi_3abi6Ob43vfem8wDLIMGxjuLytwM2eCuPOvZ0gRCnrd86k8hgSaGNr5llFE40CdTEyZQXKP_EtuuRREhaA5tJLcIJqM8VSqfZlIO1VilWRYT9puwhStAjyZqIKM4fm1HoPeP333qLi5bYn8RS98wNix2JV6QxNrXRizOwRRGrLbi88ygIngm_1k8YzCOusXD8w1y8dfTPAEAAA%3d%3d:1794:343)
    at renderBasket (https://d1hjvew1n9ss7u.cloudfront.net/asset.axd?id=PAEAAB-LCAAAAAAAAAOtj0EPwUAQhf-KzLnsKqu64iBu4oSbOKzt0G2qKztTkQi_3abi6Ob43vfem8wDLIMGxjuLytwM2eCuPOvZ0gRCnrd86k8hgSaGNr5llFE40CdTEyZQXKP_EtuuRREhaA5tJLcIJqM8VSqfZlIO1VilWRYT9puwhStAjyZqIKM4fm1HoPeP333qLi5bYn8RS98wNix2JV6QxNrXRizOwRRGrLbi88ygIngm_1k8YzCOusXD8w1y8dfTPAEAAA%3d%3d:29:27)
    at <anonymous> (https://d1hjvew1n9ss7u.cloudfront.net/asset.axd?id=PAEAAB-LCAAAAAAAAAOtj0EPwUAQhf-KzLnsKqu64iBu4oSbOKzt0G2qKztTkQi_3abi6Ob43vfem8wDLIMGxjuLytwM2eCuPOvZ0gRCnrd86k8hgSaGNr5llFE40CdTEyZQXKP_EtuuRREhaA5tJLcIJqM8VSqfZlIO1VilWRYT9puwhStAjyZqIKM4fm1HoPeP333qLi5bYn8RS98wNix2JV6QxNrXRizOwRRGrLbi88ygIngm_1k8YzCOusXD8w1y8dfTPAEAAA%3d%3d:220:1)
    at f (https://d1hjvew1n9ss7u.cloudfront.net/assets/shjs.js?t=639255987001545277:0:10382)
    at fireWith (https://d1hjvew1n9ss7u.cloudfront.net/assets/shjs.js?t=639255987001545277:0:11137)
    at ready (https://d1hjvew1n9ss7u.cloudfront.net/assets/shjs.js?t=639255987001545277:0:5238)
    at r (https://d1hjvew1n9ss7u.cloudfront.net/assets/shjs.js?t=639255987001545277:0:9748)
[   59635ms] [VERBOSE] [DOM] Input elements should have autocomplete attributes (suggested: "current-password"): (More info: https://goo.gl/9p2vKq) %o @ https://www.lolacosmetics.com.br/volumao-shampoo-250ml-ps-19629-321-p46389:0
[   59636ms] [VERBOSE] [DOM] Input elements should have autocomplete attributes (suggested: "current-password"): (More info: https://goo.gl/9p2vKq) %o @ https://www.lolacosmetics.com.br/volumao-shampoo-250ml-ps-19629-321-p46389:0
[   59657ms] [ERROR] Access to XMLHttpRequest at 'https://api.reclameaqui.com.br/embed-reputation/hash/NjQ5NTQ6bG9sYS1jb3NtZXRpY3M=' from origin 'https://www.lolacosmetics.com.br' has been blocked by CORS policy: No 'Access-Control-Allow-Origin' header is present on the requested resource. @ https://www.lolacosmetics.com.br/volumao-shampoo-250ml-ps-19629-321-p46389:0
[   59657ms] [ERROR] RA-Reputation: bad response from server https://api.reclameaqui.com.br/embed-reputation/hash/NjQ5NTQ6bG9sYS1jb3NtZXRpY3M= @ https://s3.amazonaws.com/raichu-beta/selos/bundle.js:0
[   59657ms] [ERROR] Failed to load resource: net::ERR_FAILED @ https://api.reclameaqui.com.br/embed-reputation/hash/NjQ5NTQ6bG9sYS1jb3NtZXRpY3M=:0
[   59828ms] [ERROR] Failed to load resource: the server responded with a status of 404 () @ https://d1hjvew1n9ss7u.cloudfront.net/Custom/Content/Themes/Lola/Agrada/CSS/ajax-loader.gif:0
[   60152ms] [ERROR] Failed to load resource: net::ERR_NAME_NOT_RESOLVED @ https://event.getblue.io/js/blue-tag.min.js:0
[   60156ms] [LOG] AffiseStorage availability: {cookie: true, localStorage: true, sessionStorage: true} @ https://rankmediabrasil.g2afse.com/websdk.js:0
[   60157ms] [LOG] Status RNK Media - ClickId: null UTM: null @ :3
[   60731ms] [WARNING] [Meta Pixel] - Invalid parameter format for currency. Please refer https://developers.facebook.com/docs/meta-pixel/reference/ for valid parameter specifications. @ https://connect.facebook.net/en_US/fbevents.js:203
[   60958ms] [ERROR] Failed to load resource: the server responded with a status of 403 () @ https://collector.mailbiz.one/collect:0
[   61260ms] Uncaught TypeError: Cannot read properties of undefined (reading 'replace')
    at validaFreteGratis (https://d1hjvew1n9ss7u.cloudfront.net/asset.axd?id=PAEAAB-LCAAAAAAAAAOtj0EPwUAQhf-KzLnsKqu64iBu4oSbOKzt0G2qKztTkQi_3abi6Ob43vfem8wDLIMGxjuLytwM2eCuPOvZ0gRCnrd86k8hgSaGNr5llFE40CdTEyZQXKP_EtuuRREhaA5tJLcIJqM8VSqfZlIO1VilWRYT9puwhStAjyZqIKM4fm1HoPeP333qLi5bYn8RS98wNix2JV6QxNrXRizOwRRGrLbi88ygIngm_1k8YzCOusXD8w1y8dfTPAEAAA%3d%3d:1:7633)
    at <anonymous> (https://d1hjvew1n9ss7u.cloudfront.net/asset.axd?id=PAEAAB-LCAAAAAAAAAOtj0EPwUAQhf-KzLnsKqu64iBu4oSbOKzt0G2qKztTkQi_3abi6Ob43vfem8wDLIMGxjuLytwM2eCuPOvZ0gRCnrd86k8hgSaGNr5llFE40CdTEyZQXKP_EtuuRREhaA5tJLcIJqM8VSqfZlIO1VilWRYT9puwhStAjyZqIKM4fm1HoPeP333qLi5bYn8RS98wNix2JV6QxNrXRizOwRRGrLbi88ygIngm_1k8YzCOusXD8w1y8dfTPAEAAA%3d%3d:1:49808)
    at dispatch (https://d1hjvew1n9ss7u.cloudfront.net/assets/shjs.js?t=639255987001545277:0:32701)
    at a (https://d1hjvew1n9ss7u.cloudfront.net/assets/shjs.js?t=639255987001545277:0:28480)
[   61209ms] [LOG] Banner não encontrado: banner-233 @ https://d1hjvew1n9ss7u.cloudfront.net/asset.axd?id=PAEAAB-LCAAAAAAAAAOtj0EPwUAQhf-KzLnsKqu64iBu4oSbOKzt0G2qKztTkQi_3abi6Ob43vfem8wDLIMGxjuLytwM2eCuPOvZ0gRCnrd86k8hgSaGNr5llFE40CdTEyZQXKP_EtuuRREhaA5tJLcIJqM8VSqfZlIO1VilWRYT9puwhStAjyZqIKM4fm1HoPeP333qLi5bYn8RS98wNix2JV6QxNrXRizOwRRGrLbi88ygIngm_1k8YzCOusXD8w1y8dfTPAEAAA%3d%3d:754
[   62160ms] [LOG] %c Widde Video Commerce %c v24604ee %c Build: 21/09/2026 20:39 %c border: 1px solid #2567f8; background: #2567f8; color: #fff; font-weight: bold; padding: 4px 8px; border-radius: 3px 0 0 0; border: 1px solid #2567f8; border-left: none; background: #FFF; color: #2567f8; font-weight: bold; padding: 4px 8px; border: 1px solid #2567f8; border-left: none; background: #f0f0f0; color: #333; font-weight: bold; padding: 4px 8px; border-radius: 0 3px 3px 0; background: transparent @ https://cdn.widde.io/assets/main.utzwjalemu.js:0
[   62701ms] [LOG] %c Tryon Widde.io %c %s %c border: 1px solid #2567f8; background: #2567f8; color: #fff; font-weight: bold; padding: 4px 8px; border-radius: 3px 0 0 3px; border: 1px solid #2567f8; background: #FFF; color: #2567f8; font-weight: bold; padding: 4px 8px; border-radius: 0 3px 3px 0; 47bf7c2 background: transparent @ https://cdn-tryon.widde.io/widde-tryon.js:86
[   62748ms] [LOG] [tryon-tracker] initialized {domain: www.lolacosmetics.com.br} @ https://cdn-tryon.widde.io/widde-tryon.js:8
[   63462ms] [VERBOSE] [DOM] Input elements should have autocomplete attributes (suggested: "current-password"): (More info: https://goo.gl/9p2vKq) %o @ http://localhost:4360/volumao-shampoo-250ml-ps-19629-321-p46389:0
[   63462ms] [VERBOSE] [DOM] Input elements should have autocomplete attributes (suggested: "current-password"): (More info: https://goo.gl/9p2vKq) %o @ http://localhost:4360/volumao-shampoo-250ml-ps-19629-321-p46389:0
[   65008ms] [WARNING] Error with Feature-Policy header: Some features are specified in both Feature-Policy and Permissions-Policy header: payment, fullscreen, microphone, camera. Values defined in Permissions-Policy header will be used. @ :0
[   65397ms] [ERROR] Failed to load resource: the server responded with a status of 500 () @ https://fonts.cdnfonts.com/css/leelawade:0
[   65783ms] [ERROR] Failed to load resource: the server responded with a status of 404 () @ https://lolacosmetics.admin.linxcommerce.com.br/Custom/Content/Themes/Lola/Styles/Fonts/FontAwesome/all.css:0
[   65795ms] [LOG] Trustvox rating | PDP: 46389 tipo: 3 @ https://www.lolacosmetics.com.br/volumao-shampoo-250ml-ps-19629-321-p46389:16
[   65795ms] [LOG] Trustvox rating | ID final usado = 46389 @ https://www.lolacosmetics.com.br/volumao-shampoo-250ml-ps-19629-321-p46389:16
[   65796ms] [LOG] Trustvox PDP | product: 46389 | type: 3 | usedId: 46389 @ https://www.lolacosmetics.com.br/volumao-shampoo-250ml-ps-19629-321-p46389:44
[   65859ms] [ERROR] Access to XMLHttpRequest at 'https://api.reclameaqui.com.br/embed-reputation/hash/NjQ5NTQ6bG9sYS1jb3NtZXRpY3M=' from origin 'https://www.lolacosmetics.com.br' has been blocked by CORS policy: No 'Access-Control-Allow-Origin' header is present on the requested resource. @ https://www.lolacosmetics.com.br/volumao-shampoo-250ml-ps-19629-321-p46389:48
[   65859ms] [ERROR] RA-Reputation: bad response from server https://api.reclameaqui.com.br/embed-reputation/hash/NjQ5NTQ6bG9sYS1jb3NtZXRpY3M= @ https://s3.amazonaws.com/raichu-beta/selos/bundle.js:0
[   65859ms] [ERROR] Failed to load resource: net::ERR_FAILED @ https://api.reclameaqui.com.br/embed-reputation/hash/NjQ5NTQ6bG9sYS1jb3NtZXRpY3M=:0
[   65987ms] [LOG] Banner não encontrado: banner-233 @ https://d1hjvew1n9ss7u.cloudfront.net/asset.axd?id=PAEAAB-LCAAAAAAAAAOtj0EPwUAQhf-KzLnsKqu64iBu4oSbOKzt0G2qKztTkQi_3abi6Ob43vfem8wDLIMGxjuLytwM2eCuPOvZ0gRCnrd86k8hgSaGNr5llFE40CdTEyZQXKP_EtuuRREhaA5tJLcIJqM8VSqfZlIO1VilWRYT9puwhStAjyZqIKM4fm1HoPeP333qLi5bYn8RS98wNix2JV6QxNrXRizOwRRGrLbi88ygIngm_1k8YzCOusXD8w1y8dfTPAEAAA%3d%3d:754
[   65990ms] [LOG] [Debug Carrinho] Polling ativo @ https://d1hjvew1n9ss7u.cloudfront.net/asset.axd?id=PAEAAB-LCAAAAAAAAAOtj0EPwUAQhf-KzLnsKqu64iBu4oSbOKzt0G2qKztTkQi_3abi6Ob43vfem8wDLIMGxjuLytwM2eCuPOvZ0gRCnrd86k8hgSaGNr5llFE40CdTEyZQXKP_EtuuRREhaA5tJLcIJqM8VSqfZlIO1VilWRYT9puwhStAjyZqIKM4fm1HoPeP333qLi5bYn8RS98wNix2JV6QxNrXRizOwRRGrLbi88ygIngm_1k8YzCOusXD8w1y8dfTPAEAAA%3d%3d:1790
[   66218ms] [LOG] add @ https://d1hjvew1n9ss7u.cloudfront.net/asset.axd?id=PAEAAB-LCAAAAAAAAAOtj0EPwUAQhf-KzLnsKqu64iBu4oSbOKzt0G2qKztTkQi_3abi6Ob43vfem8wDLIMGxjuLytwM2eCuPOvZ0gRCnrd86k8hgSaGNr5llFE40CdTEyZQXKP_EtuuRREhaA5tJLcIJqM8VSqfZlIO1VilWRYT9puwhStAjyZqIKM4fm1HoPeP333qLi5bYn8RS98wNix2JV6QxNrXRizOwRRGrLbi88ygIngm_1k8YzCOusXD8w1y8dfTPAEAAA%3d%3d:1
[   66224ms] [WARNING] !! Há erros de scripts de terceiros !!
Por favor, contate a Empresa responsável pelo script.  @ https://d1hjvew1n9ss7u.cloudfront.net/assets/shjs.js?t=639255987001545277:0
[   66233ms] Uncaught Error: You must pass a string or Handlebars AST to Handlebars.compile. You passed null
    at e.compile (https://d1hjvew1n9ss7u.cloudfront.net/asset.axd?id=PAEAAB-LCAAAAAAAAAOtj0EPwUAQhf-KzLnsKqu64iBu4oSbOKzt0G2qKztTkQi_3abi6Ob43vfem8wDLIMGxjuLytwM2eCuPOvZ0gRCnrd86k8hgSaGNr5llFE40CdTEyZQXKP_EtuuRREhaA5tJLcIJqM8VSqfZlIO1VilWRYT9puwhStAjyZqIKM4fm1HoPeP333qLi5bYn8RS98wNix2JV6QxNrXRizOwRRGrLbi88ygIngm_1k8YzCOusXD8w1y8dfTPAEAAA%3d%3d:1794:49302)
    at i.compile (https://d1hjvew1n9ss7u.cloudfront.net/asset.axd?id=PAEAAB-LCAAAAAAAAAOtj0EPwUAQhf-KzLnsKqu64iBu4oSbOKzt0G2qKztTkQi_3abi6Ob43vfem8wDLIMGxjuLytwM2eCuPOvZ0gRCnrd86k8hgSaGNr5llFE40CdTEyZQXKP_EtuuRREhaA5tJLcIJqM8VSqfZlIO1VilWRYT9puwhStAjyZqIKM4fm1HoPeP333qLi5bYn8RS98wNix2JV6QxNrXRizOwRRGrLbi88ygIngm_1k8YzCOusXD8w1y8dfTPAEAAA%3d%3d:1794:343)
    at renderBasket (https://d1hjvew1n9ss7u.cloudfront.net/asset.axd?id=PAEAAB-LCAAAAAAAAAOtj0EPwUAQhf-KzLnsKqu64iBu4oSbOKzt0G2qKztTkQi_3abi6Ob43vfem8wDLIMGxjuLytwM2eCuPOvZ0gRCnrd86k8hgSaGNr5llFE40CdTEyZQXKP_EtuuRREhaA5tJLcIJqM8VSqfZlIO1VilWRYT9puwhStAjyZqIKM4fm1HoPeP333qLi5bYn8RS98wNix2JV6QxNrXRizOwRRGrLbi88ygIngm_1k8YzCOusXD8w1y8dfTPAEAAA%3d%3d:29:27)
    at <anonymous> (https://d1hjvew1n9ss7u.cloudfront.net/asset.axd?id=PAEAAB-LCAAAAAAAAAOtj0EPwUAQhf-KzLnsKqu64iBu4oSbOKzt0G2qKztTkQi_3abi6Ob43vfem8wDLIMGxjuLytwM2eCuPOvZ0gRCnrd86k8hgSaGNr5llFE40CdTEyZQXKP_EtuuRREhaA5tJLcIJqM8VSqfZlIO1VilWRYT9puwhStAjyZqIKM4fm1HoPeP333qLi5bYn8RS98wNix2JV6QxNrXRizOwRRGrLbi88ygIngm_1k8YzCOusXD8w1y8dfTPAEAAA%3d%3d:220:1)
    at f (https://d1hjvew1n9ss7u.cloudfront.net/assets/shjs.js?t=639255987001545277:0:10382)
    at fireWith (https://d1hjvew1n9ss7u.cloudfront.net/assets/shjs.js?t=639255987001545277:0:11137)
    at ready (https://d1hjvew1n9ss7u.cloudfront.net/assets/shjs.js?t=639255987001545277:0:5238)
    at r (https://d1hjvew1n9ss7u.cloudfront.net/assets/shjs.js?t=639255987001545277:0:9748)
[   66233ms] [VERBOSE] [DOM] Input elements should have autocomplete attributes (suggested: "current-password"): (More info: https://goo.gl/9p2vKq) %o @ https://www.lolacosmetics.com.br/volumao-shampoo-250ml-ps-19629-321-p46389:0
[   66233ms] [VERBOSE] [DOM] Input elements should have autocomplete attributes (suggested: "current-password"): (More info: https://goo.gl/9p2vKq) %o @ https://www.lolacosmetics.com.br/volumao-shampoo-250ml-ps-19629-321-p46389:0
[   66511ms] [ERROR] Failed to load resource: the server responded with a status of 404 () @ https://d1hjvew1n9ss7u.cloudfront.net/Custom/Content/Themes/Lola/Agrada/CSS/ajax-loader.gif:0
[   66511ms] [ERROR] Failed to load resource: net::ERR_NAME_NOT_RESOLVED @ https://event.getblue.io/js/blue-tag.min.js:0
[   66515ms] [LOG] AffiseStorage availability: {cookie: true, localStorage: true, sessionStorage: true} @ https://rankmediabrasil.g2afse.com/websdk.js:0
[   66515ms] [LOG] Status RNK Media - ClickId: null UTM: null @ :3
[   66739ms] [WARNING] [Meta Pixel] - Invalid parameter format for currency. Please refer https://developers.facebook.com/docs/meta-pixel/reference/ for valid parameter specifications. @ https://connect.facebook.net/en_US/fbevents.js:203
[   67011ms] [ERROR] Failed to load resource: the server responded with a status of 403 () @ https://collector.mailbiz.one/collect:0
[   67048ms] Uncaught TypeError: Cannot read properties of undefined (reading 'replace')
    at validaFreteGratis (https://d1hjvew1n9ss7u.cloudfront.net/asset.axd?id=PAEAAB-LCAAAAAAAAAOtj0EPwUAQhf-KzLnsKqu64iBu4oSbOKzt0G2qKztTkQi_3abi6Ob43vfem8wDLIMGxjuLytwM2eCuPOvZ0gRCnrd86k8hgSaGNr5llFE40CdTEyZQXKP_EtuuRREhaA5tJLcIJqM8VSqfZlIO1VilWRYT9puwhStAjyZqIKM4fm1HoPeP333qLi5bYn8RS98wNix2JV6QxNrXRizOwRRGrLbi88ygIngm_1k8YzCOusXD8w1y8dfTPAEAAA%3d%3d:1:7633)
    at <anonymous> (https://d1hjvew1n9ss7u.cloudfront.net/asset.axd?id=PAEAAB-LCAAAAAAAAAOtj0EPwUAQhf-KzLnsKqu64iBu4oSbOKzt0G2qKztTkQi_3abi6Ob43vfem8wDLIMGxjuLytwM2eCuPOvZ0gRCnrd86k8hgSaGNr5llFE40CdTEyZQXKP_EtuuRREhaA5tJLcIJqM8VSqfZlIO1VilWRYT9puwhStAjyZqIKM4fm1HoPeP333qLi5bYn8RS98wNix2JV6QxNrXRizOwRRGrLbi88ygIngm_1k8YzCOusXD8w1y8dfTPAEAAA%3d%3d:1:49808)
    at dispatch (https://d1hjvew1n9ss7u.cloudfront.net/assets/shjs.js?t=639255987001545277:0:32701)
    at a (https://d1hjvew1n9ss7u.cloudfront.net/assets/shjs.js?t=639255987001545277:0:28480)
[   67047ms] [LOG] Banner não encontrado: banner-233 @ https://d1hjvew1n9ss7u.cloudfront.net/asset.axd?id=PAEAAB-LCAAAAAAAAAOtj0EPwUAQhf-KzLnsKqu64iBu4oSbOKzt0G2qKztTkQi_3abi6Ob43vfem8wDLIMGxjuLytwM2eCuPOvZ0gRCnrd86k8hgSaGNr5llFE40CdTEyZQXKP_EtuuRREhaA5tJLcIJqM8VSqfZlIO1VilWRYT9puwhStAjyZqIKM4fm1HoPeP333qLi5bYn8RS98wNix2JV6QxNrXRizOwRRGrLbi88ygIngm_1k8YzCOusXD8w1y8dfTPAEAAA%3d%3d:754
[   67139ms] [LOG] %c Widde Video Commerce %c v24604ee %c Build: 21/09/2026 20:39 %c border: 1px solid #2567f8; background: #2567f8; color: #fff; font-weight: bold; padding: 4px 8px; border-radius: 3px 0 0 0; border: 1px solid #2567f8; border-left: none; background: #FFF; color: #2567f8; font-weight: bold; padding: 4px 8px; border: 1px solid #2567f8; border-left: none; background: #f0f0f0; color: #333; font-weight: bold; padding: 4px 8px; border-radius: 0 3px 3px 0; background: transparent @ https://cdn.widde.io/assets/main.utzwjalemu.js:0
[   67511ms] [LOG] %c Tryon Widde.io %c %s %c border: 1px solid #2567f8; background: #2567f8; color: #fff; font-weight: bold; padding: 4px 8px; border-radius: 3px 0 0 3px; border: 1px solid #2567f8; background: #FFF; color: #2567f8; font-weight: bold; padding: 4px 8px; border-radius: 0 3px 3px 0; 47bf7c2 background: transparent @ https://cdn-tryon.widde.io/widde-tryon.js:86
[   67600ms] [LOG] [tryon-tracker] initialized {domain: www.lolacosmetics.com.br} @ https://cdn-tryon.widde.io/widde-tryon.js:8
[   68642ms] [VERBOSE] [DOM] Input elements should have autocomplete attributes (suggested: "current-password"): (More info: https://goo.gl/9p2vKq) %o @ http://localhost:4360/volumao-shampoo-250ml-ps-19629-321-p46389:0
[   68643ms] [VERBOSE] [DOM] Input elements should have autocomplete attributes (suggested: "current-password"): (More info: https://goo.gl/9p2vKq) %o @ http://localhost:4360/volumao-shampoo-250ml-ps-19629-321-p46389:0
[   90182ms] [WARNING] Error with Feature-Policy header: Some features are specified in both Feature-Policy and Permissions-Policy header: payment, fullscreen, microphone, camera. Values defined in Permissions-Policy header will be used. @ :0
[   90555ms] [ERROR] Failed to load resource: the server responded with a status of 500 () @ https://fonts.cdnfonts.com/css/leelawade:0
[   91033ms] [ERROR] Failed to load resource: the server responded with a status of 404 () @ https://lolacosmetics.admin.linxcommerce.com.br/Custom/Content/Themes/Lola/Styles/Fonts/FontAwesome/all.css:0
[   91045ms] [LOG] Trustvox rating | PDP: 46389 tipo: 3 @ https://www.lolacosmetics.com.br/volumao-shampoo-250ml-ps-19629-321-p46389:16
[   91045ms] [LOG] Trustvox rating | ID final usado = 46389 @ https://www.lolacosmetics.com.br/volumao-shampoo-250ml-ps-19629-321-p46389:16
[   91046ms] [LOG] Trustvox PDP | product: 46389 | type: 3 | usedId: 46389 @ https://www.lolacosmetics.com.br/volumao-shampoo-250ml-ps-19629-321-p46389:44
[   91232ms] [LOG] Banner não encontrado: banner-233 @ https://d1hjvew1n9ss7u.cloudfront.net/asset.axd?id=PAEAAB-LCAAAAAAAAAOtj0EPwUAQhf-KzLnsKqu64iBu4oSbOKzt0G2qKztTkQi_3abi6Ob43vfem8wDLIMGxjuLytwM2eCuPOvZ0gRCnrd86k8hgSaGNr5llFE40CdTEyZQXKP_EtuuRREhaA5tJLcIJqM8VSqfZlIO1VilWRYT9puwhStAjyZqIKM4fm1HoPeP333qLi5bYn8RS98wNix2JV6QxNrXRizOwRRGrLbi88ygIngm_1k8YzCOusXD8w1y8dfTPAEAAA%3d%3d:754
[   91235ms] [LOG] [Debug Carrinho] Polling ativo @ https://d1hjvew1n9ss7u.cloudfront.net/asset.axd?id=PAEAAB-LCAAAAAAAAAOtj0EPwUAQhf-KzLnsKqu64iBu4oSbOKzt0G2qKztTkQi_3abi6Ob43vfem8wDLIMGxjuLytwM2eCuPOvZ0gRCnrd86k8hgSaGNr5llFE40CdTEyZQXKP_EtuuRREhaA5tJLcIJqM8VSqfZlIO1VilWRYT9puwhStAjyZqIKM4fm1HoPeP333qLi5bYn8RS98wNix2JV6QxNrXRizOwRRGrLbi88ygIngm_1k8YzCOusXD8w1y8dfTPAEAAA%3d%3d:1790
[   91427ms] [LOG] add @ https://d1hjvew1n9ss7u.cloudfront.net/asset.axd?id=PAEAAB-LCAAAAAAAAAOtj0EPwUAQhf-KzLnsKqu64iBu4oSbOKzt0G2qKztTkQi_3abi6Ob43vfem8wDLIMGxjuLytwM2eCuPOvZ0gRCnrd86k8hgSaGNr5llFE40CdTEyZQXKP_EtuuRREhaA5tJLcIJqM8VSqfZlIO1VilWRYT9puwhStAjyZqIKM4fm1HoPeP333qLi5bYn8RS98wNix2JV6QxNrXRizOwRRGrLbi88ygIngm_1k8YzCOusXD8w1y8dfTPAEAAA%3d%3d:1
[   91432ms] [WARNING] !! Há erros de scripts de terceiros !!
Por favor, contate a Empresa responsável pelo script.  @ https://d1hjvew1n9ss7u.cloudfront.net/assets/shjs.js?t=639255987001545277:0
[   91438ms] Uncaught Error: You must pass a string or Handlebars AST to Handlebars.compile. You passed null
    at e.compile (https://d1hjvew1n9ss7u.cloudfront.net/asset.axd?id=PAEAAB-LCAAAAAAAAAOtj0EPwUAQhf-KzLnsKqu64iBu4oSbOKzt0G2qKztTkQi_3abi6Ob43vfem8wDLIMGxjuLytwM2eCuPOvZ0gRCnrd86k8hgSaGNr5llFE40CdTEyZQXKP_EtuuRREhaA5tJLcIJqM8VSqfZlIO1VilWRYT9puwhStAjyZqIKM4fm1HoPeP333qLi5bYn8RS98wNix2JV6QxNrXRizOwRRGrLbi88ygIngm_1k8YzCOusXD8w1y8dfTPAEAAA%3d%3d:1794:49302)
    at i.compile (https://d1hjvew1n9ss7u.cloudfront.net/asset.axd?id=PAEAAB-LCAAAAAAAAAOtj0EPwUAQhf-KzLnsKqu64iBu4oSbOKzt0G2qKztTkQi_3abi6Ob43vfem8wDLIMGxjuLytwM2eCuPOvZ0gRCnrd86k8hgSaGNr5llFE40CdTEyZQXKP_EtuuRREhaA5tJLcIJqM8VSqfZlIO1VilWRYT9puwhStAjyZqIKM4fm1HoPeP333qLi5bYn8RS98wNix2JV6QxNrXRizOwRRGrLbi88ygIngm_1k8YzCOusXD8w1y8dfTPAEAAA%3d%3d:1794:343)
    at renderBasket (https://d1hjvew1n9ss7u.cloudfront.net/asset.axd?id=PAEAAB-LCAAAAAAAAAOtj0EPwUAQhf-KzLnsKqu64iBu4oSbOKzt0G2qKztTkQi_3abi6Ob43vfem8wDLIMGxjuLytwM2eCuPOvZ0gRCnrd86k8hgSaGNr5llFE40CdTEyZQXKP_EtuuRREhaA5tJLcIJqM8VSqfZlIO1VilWRYT9puwhStAjyZqIKM4fm1HoPeP333qLi5bYn8RS98wNix2JV6QxNrXRizOwRRGrLbi88ygIngm_1k8YzCOusXD8w1y8dfTPAEAAA%3d%3d:29:27)
    at <anonymous> (https://d1hjvew1n9ss7u.cloudfront.net/asset.axd?id=PAEAAB-LCAAAAAAAAAOtj0EPwUAQhf-KzLnsKqu64iBu4oSbOKzt0G2qKztTkQi_3abi6Ob43vfem8wDLIMGxjuLytwM2eCuPOvZ0gRCnrd86k8hgSaGNr5llFE40CdTEyZQXKP_EtuuRREhaA5tJLcIJqM8VSqfZlIO1VilWRYT9puwhStAjyZqIKM4fm1HoPeP333qLi5bYn8RS98wNix2JV6QxNrXRizOwRRGrLbi88ygIngm_1k8YzCOusXD8w1y8dfTPAEAAA%3d%3d:220:1)
    at f (https://d1hjvew1n9ss7u.cloudfront.net/assets/shjs.js?t=639255987001545277:0:10382)
    at fireWith (https://d1hjvew1n9ss7u.cloudfront.net/assets/shjs.js?t=639255987001545277:0:11137)
    at ready (https://d1hjvew1n9ss7u.cloudfront.net/assets/shjs.js?t=639255987001545277:0:5238)
    at r (https://d1hjvew1n9ss7u.cloudfront.net/assets/shjs.js?t=639255987001545277:0:9748)
[   91439ms] [VERBOSE] [DOM] Input elements should have autocomplete attributes (suggested: "current-password"): (More info: https://goo.gl/9p2vKq) %o @ https://www.lolacosmetics.com.br/volumao-shampoo-250ml-ps-19629-321-p46389:0
[   91440ms] [VERBOSE] [DOM] Input elements should have autocomplete attributes (suggested: "current-password"): (More info: https://goo.gl/9p2vKq) %o @ https://www.lolacosmetics.com.br/volumao-shampoo-250ml-ps-19629-321-p46389:0
[   91452ms] [ERROR] Access to XMLHttpRequest at 'https://api.reclameaqui.com.br/embed-reputation/hash/NjQ5NTQ6bG9sYS1jb3NtZXRpY3M=' from origin 'https://www.lolacosmetics.com.br' has been blocked by CORS policy: No 'Access-Control-Allow-Origin' header is present on the requested resource. @ https://www.lolacosmetics.com.br/volumao-shampoo-250ml-ps-19629-321-p46389:0
[   91452ms] [ERROR] RA-Reputation: bad response from server https://api.reclameaqui.com.br/embed-reputation/hash/NjQ5NTQ6bG9sYS1jb3NtZXRpY3M= @ https://s3.amazonaws.com/raichu-beta/selos/bundle.js:0
[   91452ms] [ERROR] Failed to load resource: net::ERR_FAILED @ https://api.reclameaqui.com.br/embed-reputation/hash/NjQ5NTQ6bG9sYS1jb3NtZXRpY3M=:0
[   91655ms] [ERROR] Failed to load resource: the server responded with a status of 404 () @ https://d1hjvew1n9ss7u.cloudfront.net/Custom/Content/Themes/Lola/Agrada/CSS/ajax-loader.gif:0
[   91656ms] [ERROR] Failed to load resource: net::ERR_NAME_NOT_RESOLVED @ https://event.getblue.io/js/blue-tag.min.js:0
[   91660ms] [LOG] AffiseStorage availability: {cookie: true, localStorage: true, sessionStorage: true} @ https://rankmediabrasil.g2afse.com/websdk.js:0
[   91660ms] [LOG] Status RNK Media - ClickId: null UTM: null @ :3
[   92069ms] [WARNING] [Meta Pixel] - Invalid parameter format for currency. Please refer https://developers.facebook.com/docs/meta-pixel/reference/ for valid parameter specifications. @ https://connect.facebook.net/en_US/fbevents.js:203
[   92379ms] [ERROR] Failed to load resource: the server responded with a status of 403 () @ https://collector.mailbiz.one/collect:0
[   92444ms] Uncaught TypeError: Cannot read properties of undefined (reading 'replace')
    at validaFreteGratis (https://d1hjvew1n9ss7u.cloudfront.net/asset.axd?id=PAEAAB-LCAAAAAAAAAOtj0EPwUAQhf-KzLnsKqu64iBu4oSbOKzt0G2qKztTkQi_3abi6Ob43vfem8wDLIMGxjuLytwM2eCuPOvZ0gRCnrd86k8hgSaGNr5llFE40CdTEyZQXKP_EtuuRREhaA5tJLcIJqM8VSqfZlIO1VilWRYT9puwhStAjyZqIKM4fm1HoPeP333qLi5bYn8RS98wNix2JV6QxNrXRizOwRRGrLbi88ygIngm_1k8YzCOusXD8w1y8dfTPAEAAA%3d%3d:1:7633)
    at <anonymous> (https://d1hjvew1n9ss7u.cloudfront.net/asset.axd?id=PAEAAB-LCAAAAAAAAAOtj0EPwUAQhf-KzLnsKqu64iBu4oSbOKzt0G2qKztTkQi_3abi6Ob43vfem8wDLIMGxjuLytwM2eCuPOvZ0gRCnrd86k8hgSaGNr5llFE40CdTEyZQXKP_EtuuRREhaA5tJLcIJqM8VSqfZlIO1VilWRYT9puwhStAjyZqIKM4fm1HoPeP333qLi5bYn8RS98wNix2JV6QxNrXRizOwRRGrLbi88ygIngm_1k8YzCOusXD8w1y8dfTPAEAAA%3d%3d:1:49808)
    at dispatch (https://d1hjvew1n9ss7u.cloudfront.net/assets/shjs.js?t=639255987001545277:0:32701)
    at a (https://d1hjvew1n9ss7u.cloudfront.net/assets/shjs.js?t=639255987001545277:0:28480)
[   92440ms] [LOG] Banner não encontrado: banner-233 @ https://d1hjvew1n9ss7u.cloudfront.net/asset.axd?id=PAEAAB-LCAAAAAAAAAOtj0EPwUAQhf-KzLnsKqu64iBu4oSbOKzt0G2qKztTkQi_3abi6Ob43vfem8wDLIMGxjuLytwM2eCuPOvZ0gRCnrd86k8hgSaGNr5llFE40CdTEyZQXKP_EtuuRREhaA5tJLcIJqM8VSqfZlIO1VilWRYT9puwhStAjyZqIKM4fm1HoPeP333qLi5bYn8RS98wNix2JV6QxNrXRizOwRRGrLbi88ygIngm_1k8YzCOusXD8w1y8dfTPAEAAA%3d%3d:754
[   92690ms] [LOG] %c Widde Video Commerce %c v24604ee %c Build: 21/09/2026 20:39 %c border: 1px solid #2567f8; background: #2567f8; color: #fff; font-weight: bold; padding: 4px 8px; border-radius: 3px 0 0 0; border: 1px solid #2567f8; border-left: none; background: #FFF; color: #2567f8; font-weight: bold; padding: 4px 8px; border: 1px solid #2567f8; border-left: none; background: #f0f0f0; color: #333; font-weight: bold; padding: 4px 8px; border-radius: 0 3px 3px 0; background: transparent @ https://cdn.widde.io/assets/main.utzwjalemu.js:0
[   93191ms] Uncaught (in promise) TypeError: Cannot read properties of null (reading 'store_id')
    at loadAnswersSummaries (https://static.trustvox.com.br/sincero/sincero.js:0:378910)
    at <anonymous> (https://static.trustvox.com.br/sincero/sincero.js:0:104392)
    at r.dispatch (https://static.trustvox.com.br/sincero/sincero.js:0:106041)
    at dispatch (https://static.trustvox.com.br/sincero/sincero.js:0:102087)
    at <anonymous> (https://static.trustvox.com.br/sincero/sincero.js:0:365471)
[   93191ms] Uncaught (in promise) TypeError: Cannot read properties of null (reading 'store_id')
    at loadProfiles (https://static.trustvox.com.br/sincero/sincero.js:0:376806)
    at <anonymous> (https://static.trustvox.com.br/sincero/sincero.js:0:104392)
    at r.dispatch (https://static.trustvox.com.br/sincero/sincero.js:0:106041)
    at dispatch (https://static.trustvox.com.br/sincero/sincero.js:0:102087)
    at t.context.a.dispatch (https://static.trustvox.com.br/sincero/sincero.js:0:103635)
    at <anonymous> (https://static.trustvox.com.br/sincero/sincero.js:0:376597)
[   93372ms] [LOG] %c Tryon Widde.io %c %s %c border: 1px solid #2567f8; background: #2567f8; color: #fff; font-weight: bold; padding: 4px 8px; border-radius: 3px 0 0 3px; border: 1px solid #2567f8; background: #FFF; color: #2567f8; font-weight: bold; padding: 4px 8px; border-radius: 0 3px 3px 0; 47bf7c2 background: transparent @ https://cdn-tryon.widde.io/widde-tryon.js:86
[   93410ms] [LOG] [tryon-tracker] initialized {domain: www.lolacosmetics.com.br} @ https://cdn-tryon.widde.io/widde-tryon.js:8
[   95869ms] [VERBOSE] [DOM] Input elements should have autocomplete attributes (suggested: "current-password"): (More info: https://goo.gl/9p2vKq) %o @ http://localhost:4360/volumao-shampoo-250ml-ps-19629-321-p46389:0
[   95869ms] [VERBOSE] [DOM] Input elements should have autocomplete attributes (suggested: "current-password"): (More info: https://goo.gl/9p2vKq) %o @ http://localhost:4360/volumao-shampoo-250ml-ps-19629-321-p46389:0
[  109338ms] [WARNING] Error with Feature-Policy header: Some features are specified in both Feature-Policy and Permissions-Policy header: payment, fullscreen, microphone, camera. Values defined in Permissions-Policy header will be used. @ :0
[  109779ms] [ERROR] Failed to load resource: the server responded with a status of 500 () @ https://fonts.cdnfonts.com/css/leelawade:0
[  110239ms] [ERROR] Failed to load resource: the server responded with a status of 404 () @ https://lolacosmetics.admin.linxcommerce.com.br/Custom/Content/Themes/Lola/Styles/Fonts/FontAwesome/all.css:0
[  110346ms] [LOG] Trustvox rating | PDP: 46389 tipo: 3 @ https://www.lolacosmetics.com.br/volumao-shampoo-250ml-ps-19629-321-p46389:16
[  110346ms] [LOG] Trustvox rating | ID final usado = 46389 @ https://www.lolacosmetics.com.br/volumao-shampoo-250ml-ps-19629-321-p46389:16
[  110348ms] [LOG] Trustvox PDP | product: 46389 | type: 3 | usedId: 46389 @ https://www.lolacosmetics.com.br/volumao-shampoo-250ml-ps-19629-321-p46389:44
[  110500ms] [ERROR] Access to XMLHttpRequest at 'https://api.reclameaqui.com.br/embed-reputation/hash/NjQ5NTQ6bG9sYS1jb3NtZXRpY3M=' from origin 'https://www.lolacosmetics.com.br' has been blocked by CORS policy: No 'Access-Control-Allow-Origin' header is present on the requested resource. @ https://www.lolacosmetics.com.br/volumao-shampoo-250ml-ps-19629-321-p46389:0
[  110501ms] [ERROR] RA-Reputation: bad response from server https://api.reclameaqui.com.br/embed-reputation/hash/NjQ5NTQ6bG9sYS1jb3NtZXRpY3M= @ https://s3.amazonaws.com/raichu-beta/selos/bundle.js:0
[  110501ms] [ERROR] Failed to load resource: net::ERR_FAILED @ https://api.reclameaqui.com.br/embed-reputation/hash/NjQ5NTQ6bG9sYS1jb3NtZXRpY3M=:0
[  110692ms] [LOG] Banner não encontrado: banner-233 @ https://d1hjvew1n9ss7u.cloudfront.net/asset.axd?id=PAEAAB-LCAAAAAAAAAOtj0EPwUAQhf-KzLnsKqu64iBu4oSbOKzt0G2qKztTkQi_3abi6Ob43vfem8wDLIMGxjuLytwM2eCuPOvZ0gRCnrd86k8hgSaGNr5llFE40CdTEyZQXKP_EtuuRREhaA5tJLcIJqM8VSqfZlIO1VilWRYT9puwhStAjyZqIKM4fm1HoPeP333qLi5bYn8RS98wNix2JV6QxNrXRizOwRRGrLbi88ygIngm_1k8YzCOusXD8w1y8dfTPAEAAA%3d%3d:754
[  110695ms] [LOG] [Debug Carrinho] Polling ativo @ https://d1hjvew1n9ss7u.cloudfront.net/asset.axd?id=PAEAAB-LCAAAAAAAAAOtj0EPwUAQhf-KzLnsKqu64iBu4oSbOKzt0G2qKztTkQi_3abi6Ob43vfem8wDLIMGxjuLytwM2eCuPOvZ0gRCnrd86k8hgSaGNr5llFE40CdTEyZQXKP_EtuuRREhaA5tJLcIJqM8VSqfZlIO1VilWRYT9puwhStAjyZqIKM4fm1HoPeP333qLi5bYn8RS98wNix2JV6QxNrXRizOwRRGrLbi88ygIngm_1k8YzCOusXD8w1y8dfTPAEAAA%3d%3d:1790
[  110781ms] [LOG] add @ https://d1hjvew1n9ss7u.cloudfront.net/asset.axd?id=PAEAAB-LCAAAAAAAAAOtj0EPwUAQhf-KzLnsKqu64iBu4oSbOKzt0G2qKztTkQi_3abi6Ob43vfem8wDLIMGxjuLytwM2eCuPOvZ0gRCnrd86k8hgSaGNr5llFE40CdTEyZQXKP_EtuuRREhaA5tJLcIJqM8VSqfZlIO1VilWRYT9puwhStAjyZqIKM4fm1HoPeP333qLi5bYn8RS98wNix2JV6QxNrXRizOwRRGrLbi88ygIngm_1k8YzCOusXD8w1y8dfTPAEAAA%3d%3d:1
[  110784ms] [WARNING] !! Há erros de scripts de terceiros !!
Por favor, contate a Empresa responsável pelo script.  @ https://d1hjvew1n9ss7u.cloudfront.net/assets/shjs.js?t=639255987001545277:0
[  110787ms] Uncaught Error: You must pass a string or Handlebars AST to Handlebars.compile. You passed null
    at e.compile (https://d1hjvew1n9ss7u.cloudfront.net/asset.axd?id=PAEAAB-LCAAAAAAAAAOtj0EPwUAQhf-KzLnsKqu64iBu4oSbOKzt0G2qKztTkQi_3abi6Ob43vfem8wDLIMGxjuLytwM2eCuPOvZ0gRCnrd86k8hgSaGNr5llFE40CdTEyZQXKP_EtuuRREhaA5tJLcIJqM8VSqfZlIO1VilWRYT9puwhStAjyZqIKM4fm1HoPeP333qLi5bYn8RS98wNix2JV6QxNrXRizOwRRGrLbi88ygIngm_1k8YzCOusXD8w1y8dfTPAEAAA%3d%3d:1794:49302)
    at i.compile (https://d1hjvew1n9ss7u.cloudfront.net/asset.axd?id=PAEAAB-LCAAAAAAAAAOtj0EPwUAQhf-KzLnsKqu64iBu4oSbOKzt0G2qKztTkQi_3abi6Ob43vfem8wDLIMGxjuLytwM2eCuPOvZ0gRCnrd86k8hgSaGNr5llFE40CdTEyZQXKP_EtuuRREhaA5tJLcIJqM8VSqfZlIO1VilWRYT9puwhStAjyZqIKM4fm1HoPeP333qLi5bYn8RS98wNix2JV6QxNrXRizOwRRGrLbi88ygIngm_1k8YzCOusXD8w1y8dfTPAEAAA%3d%3d:1794:343)
    at renderBasket (https://d1hjvew1n9ss7u.cloudfront.net/asset.axd?id=PAEAAB-LCAAAAAAAAAOtj0EPwUAQhf-KzLnsKqu64iBu4oSbOKzt0G2qKztTkQi_3abi6Ob43vfem8wDLIMGxjuLytwM2eCuPOvZ0gRCnrd86k8hgSaGNr5llFE40CdTEyZQXKP_EtuuRREhaA5tJLcIJqM8VSqfZlIO1VilWRYT9puwhStAjyZqIKM4fm1HoPeP333qLi5bYn8RS98wNix2JV6QxNrXRizOwRRGrLbi88ygIngm_1k8YzCOusXD8w1y8dfTPAEAAA%3d%3d:29:27)
    at <anonymous> (https://d1hjvew1n9ss7u.cloudfront.net/asset.axd?id=PAEAAB-LCAAAAAAAAAOtj0EPwUAQhf-KzLnsKqu64iBu4oSbOKzt0G2qKztTkQi_3abi6Ob43vfem8wDLIMGxjuLytwM2eCuPOvZ0gRCnrd86k8hgSaGNr5llFE40CdTEyZQXKP_EtuuRREhaA5tJLcIJqM8VSqfZlIO1VilWRYT9puwhStAjyZqIKM4fm1HoPeP333qLi5bYn8RS98wNix2JV6QxNrXRizOwRRGrLbi88ygIngm_1k8YzCOusXD8w1y8dfTPAEAAA%3d%3d:220:1)
    at f (https://d1hjvew1n9ss7u.cloudfront.net/assets/shjs.js?t=639255987001545277:0:10382)
    at fireWith (https://d1hjvew1n9ss7u.cloudfront.net/assets/shjs.js?t=639255987001545277:0:11137)
    at ready (https://d1hjvew1n9ss7u.cloudfront.net/assets/shjs.js?t=639255987001545277:0:5238)
    at r (https://d1hjvew1n9ss7u.cloudfront.net/assets/shjs.js?t=639255987001545277:0:9748)
[  110790ms] [VERBOSE] [DOM] Input elements should have autocomplete attributes (suggested: "current-password"): (More info: https://goo.gl/9p2vKq) %o @ https://www.lolacosmetics.com.br/volumao-shampoo-250ml-ps-19629-321-p46389:0
[  110790ms] [VERBOSE] [DOM] Input elements should have autocomplete attributes (suggested: "current-password"): (More info: https://goo.gl/9p2vKq) %o @ https://www.lolacosmetics.com.br/volumao-shampoo-250ml-ps-19629-321-p46389:0
[  110995ms] [ERROR] Failed to load resource: the server responded with a status of 404 () @ https://d1hjvew1n9ss7u.cloudfront.net/Custom/Content/Themes/Lola/Agrada/CSS/ajax-loader.gif:0
[  111196ms] [ERROR] Failed to load resource: net::ERR_NAME_NOT_RESOLVED @ https://event.getblue.io/js/blue-tag.min.js:0
[  111392ms] [LOG] AffiseStorage availability: {cookie: true, localStorage: true, sessionStorage: true} @ https://rankmediabrasil.g2afse.com/websdk.js:0
[  111394ms] [LOG] Status RNK Media - ClickId: null UTM: null @ :3
[  112099ms] [WARNING] [Meta Pixel] - Invalid parameter format for currency. Please refer https://developers.facebook.com/docs/meta-pixel/reference/ for valid parameter specifications. @ https://connect.facebook.net/en_US/fbevents.js:203
[  112396ms] [ERROR] Failed to load resource: the server responded with a status of 403 () @ https://collector.mailbiz.one/collect:0
[  112509ms] Uncaught TypeError: Cannot read properties of undefined (reading 'replace')
    at validaFreteGratis (https://d1hjvew1n9ss7u.cloudfront.net/asset.axd?id=PAEAAB-LCAAAAAAAAAOtj0EPwUAQhf-KzLnsKqu64iBu4oSbOKzt0G2qKztTkQi_3abi6Ob43vfem8wDLIMGxjuLytwM2eCuPOvZ0gRCnrd86k8hgSaGNr5llFE40CdTEyZQXKP_EtuuRREhaA5tJLcIJqM8VSqfZlIO1VilWRYT9puwhStAjyZqIKM4fm1HoPeP333qLi5bYn8RS98wNix2JV6QxNrXRizOwRRGrLbi88ygIngm_1k8YzCOusXD8w1y8dfTPAEAAA%3d%3d:1:7633)
    at <anonymous> (https://d1hjvew1n9ss7u.cloudfront.net/asset.axd?id=PAEAAB-LCAAAAAAAAAOtj0EPwUAQhf-KzLnsKqu64iBu4oSbOKzt0G2qKztTkQi_3abi6Ob43vfem8wDLIMGxjuLytwM2eCuPOvZ0gRCnrd86k8hgSaGNr5llFE40CdTEyZQXKP_EtuuRREhaA5tJLcIJqM8VSqfZlIO1VilWRYT9puwhStAjyZqIKM4fm1HoPeP333qLi5bYn8RS98wNix2JV6QxNrXRizOwRRGrLbi88ygIngm_1k8YzCOusXD8w1y8dfTPAEAAA%3d%3d:1:49808)
    at dispatch (https://d1hjvew1n9ss7u.cloudfront.net/assets/shjs.js?t=639255987001545277:0:32701)
    at a (https://d1hjvew1n9ss7u.cloudfront.net/assets/shjs.js?t=639255987001545277:0:28480)
[  112447ms] [LOG] Banner não encontrado: banner-233 @ https://d1hjvew1n9ss7u.cloudfront.net/asset.axd?id=PAEAAB-LCAAAAAAAAAOtj0EPwUAQhf-KzLnsKqu64iBu4oSbOKzt0G2qKztTkQi_3abi6Ob43vfem8wDLIMGxjuLytwM2eCuPOvZ0gRCnrd86k8hgSaGNr5llFE40CdTEyZQXKP_EtuuRREhaA5tJLcIJqM8VSqfZlIO1VilWRYT9puwhStAjyZqIKM4fm1HoPeP333qLi5bYn8RS98wNix2JV6QxNrXRizOwRRGrLbi88ygIngm_1k8YzCOusXD8w1y8dfTPAEAAA%3d%3d:754
[  113005ms] [LOG] %c Widde Video Commerce %c v24604ee %c Build: 21/09/2026 20:39 %c border: 1px solid #2567f8; background: #2567f8; color: #fff; font-weight: bold; padding: 4px 8px; border-radius: 3px 0 0 0; border: 1px solid #2567f8; border-left: none; background: #FFF; color: #2567f8; font-weight: bold; padding: 4px 8px; border: 1px solid #2567f8; border-left: none; background: #f0f0f0; color: #333; font-weight: bold; padding: 4px 8px; border-radius: 0 3px 3px 0; background: transparent @ https://cdn.widde.io/assets/main.utzwjalemu.js:0
[  113295ms] [LOG] %c Tryon Widde.io %c %s %c border: 1px solid #2567f8; background: #2567f8; color: #fff; font-weight: bold; padding: 4px 8px; border-radius: 3px 0 0 3px; border: 1px solid #2567f8; background: #FFF; color: #2567f8; font-weight: bold; padding: 4px 8px; border-radius: 0 3px 3px 0; 47bf7c2 background: transparent @ https://cdn-tryon.widde.io/widde-tryon.js:86
[  113324ms] [LOG] [tryon-tracker] initialized {domain: www.lolacosmetics.com.br} @ https://cdn-tryon.widde.io/widde-tryon.js:8
[  114277ms] [VERBOSE] [DOM] Input elements should have autocomplete attributes (suggested: "current-password"): (More info: https://goo.gl/9p2vKq) %o @ http://localhost:4360/volumao-shampoo-250ml-ps-19629-321-p46389:0
[  114278ms] [VERBOSE] [DOM] Input elements should have autocomplete attributes (suggested: "current-password"): (More info: https://goo.gl/9p2vKq) %o @ http://localhost:4360/volumao-shampoo-250ml-ps-19629-321-p46389:0
[  132870ms] [WARNING] Error with Feature-Policy header: Some features are specified in both Feature-Policy and Permissions-Policy header: payment, fullscreen, microphone, camera. Values defined in Permissions-Policy header will be used. @ :0
[  133832ms] [ERROR] Failed to load resource: the server responded with a status of 500 () @ https://fonts.cdnfonts.com/css/leelawade:0
[  134456ms] [ERROR] Failed to load resource: the server responded with a status of 404 () @ https://lolacosmetics.admin.linxcommerce.com.br/Custom/Content/Themes/Lola/Styles/Fonts/FontAwesome/all.css:0
[  134465ms] [LOG] Trustvox rating | PDP: 46389 tipo: 3 @ https://www.lolacosmetics.com.br/volumao-shampoo-250ml-ps-19629-321-p46389:16
[  134465ms] [LOG] Trustvox rating | ID final usado = 46389 @ https://www.lolacosmetics.com.br/volumao-shampoo-250ml-ps-19629-321-p46389:16
[  134466ms] [LOG] Trustvox PDP | product: 46389 | type: 3 | usedId: 46389 @ https://www.lolacosmetics.com.br/volumao-shampoo-250ml-ps-19629-321-p46389:44
[  134635ms] [ERROR] Access to XMLHttpRequest at 'https://api.reclameaqui.com.br/embed-reputation/hash/NjQ5NTQ6bG9sYS1jb3NtZXRpY3M=' from origin 'https://www.lolacosmetics.com.br' has been blocked by CORS policy: No 'Access-Control-Allow-Origin' header is present on the requested resource. @ https://www.lolacosmetics.com.br/volumao-shampoo-250ml-ps-19629-321-p46389:0
[  134635ms] [ERROR] RA-Reputation: bad response from server https://api.reclameaqui.com.br/embed-reputation/hash/NjQ5NTQ6bG9sYS1jb3NtZXRpY3M= @ https://s3.amazonaws.com/raichu-beta/selos/bundle.js:0
[  134635ms] [ERROR] Failed to load resource: net::ERR_FAILED @ https://api.reclameaqui.com.br/embed-reputation/hash/NjQ5NTQ6bG9sYS1jb3NtZXRpY3M=:0
[  134729ms] [LOG] Banner não encontrado: banner-233 @ https://d1hjvew1n9ss7u.cloudfront.net/asset.axd?id=PAEAAB-LCAAAAAAAAAOtj0EPwUAQhf-KzLnsKqu64iBu4oSbOKzt0G2qKztTkQi_3abi6Ob43vfem8wDLIMGxjuLytwM2eCuPOvZ0gRCnrd86k8hgSaGNr5llFE40CdTEyZQXKP_EtuuRREhaA5tJLcIJqM8VSqfZlIO1VilWRYT9puwhStAjyZqIKM4fm1HoPeP333qLi5bYn8RS98wNix2JV6QxNrXRizOwRRGrLbi88ygIngm_1k8YzCOusXD8w1y8dfTPAEAAA%3d%3d:754
[  134731ms] [LOG] [Debug Carrinho] Polling ativo @ https://d1hjvew1n9ss7u.cloudfront.net/asset.axd?id=PAEAAB-LCAAAAAAAAAOtj0EPwUAQhf-KzLnsKqu64iBu4oSbOKzt0G2qKztTkQi_3abi6Ob43vfem8wDLIMGxjuLytwM2eCuPOvZ0gRCnrd86k8hgSaGNr5llFE40CdTEyZQXKP_EtuuRREhaA5tJLcIJqM8VSqfZlIO1VilWRYT9puwhStAjyZqIKM4fm1HoPeP333qLi5bYn8RS98wNix2JV6QxNrXRizOwRRGrLbi88ygIngm_1k8YzCOusXD8w1y8dfTPAEAAA%3d%3d:1790
[  134813ms] [LOG] add @ https://d1hjvew1n9ss7u.cloudfront.net/asset.axd?id=PAEAAB-LCAAAAAAAAAOtj0EPwUAQhf-KzLnsKqu64iBu4oSbOKzt0G2qKztTkQi_3abi6Ob43vfem8wDLIMGxjuLytwM2eCuPOvZ0gRCnrd86k8hgSaGNr5llFE40CdTEyZQXKP_EtuuRREhaA5tJLcIJqM8VSqfZlIO1VilWRYT9puwhStAjyZqIKM4fm1HoPeP333qLi5bYn8RS98wNix2JV6QxNrXRizOwRRGrLbi88ygIngm_1k8YzCOusXD8w1y8dfTPAEAAA%3d%3d:1
[  134816ms] [WARNING] !! Há erros de scripts de terceiros !!
Por favor, contate a Empresa responsável pelo script.  @ https://d1hjvew1n9ss7u.cloudfront.net/assets/shjs.js?t=639255987001545277:0
[  134816ms] Uncaught Error: You must pass a string or Handlebars AST to Handlebars.compile. You passed null
    at e.compile (https://d1hjvew1n9ss7u.cloudfront.net/asset.axd?id=PAEAAB-LCAAAAAAAAAOtj0EPwUAQhf-KzLnsKqu64iBu4oSbOKzt0G2qKztTkQi_3abi6Ob43vfem8wDLIMGxjuLytwM2eCuPOvZ0gRCnrd86k8hgSaGNr5llFE40CdTEyZQXKP_EtuuRREhaA5tJLcIJqM8VSqfZlIO1VilWRYT9puwhStAjyZqIKM4fm1HoPeP333qLi5bYn8RS98wNix2JV6QxNrXRizOwRRGrLbi88ygIngm_1k8YzCOusXD8w1y8dfTPAEAAA%3d%3d:1794:49302)
    at i.compile (https://d1hjvew1n9ss7u.cloudfront.net/asset.axd?id=PAEAAB-LCAAAAAAAAAOtj0EPwUAQhf-KzLnsKqu64iBu4oSbOKzt0G2qKztTkQi_3abi6Ob43vfem8wDLIMGxjuLytwM2eCuPOvZ0gRCnrd86k8hgSaGNr5llFE40CdTEyZQXKP_EtuuRREhaA5tJLcIJqM8VSqfZlIO1VilWRYT9puwhStAjyZqIKM4fm1HoPeP333qLi5bYn8RS98wNix2JV6QxNrXRizOwRRGrLbi88ygIngm_1k8YzCOusXD8w1y8dfTPAEAAA%3d%3d:1794:343)
    at renderBasket (https://d1hjvew1n9ss7u.cloudfront.net/asset.axd?id=PAEAAB-LCAAAAAAAAAOtj0EPwUAQhf-KzLnsKqu64iBu4oSbOKzt0G2qKztTkQi_3abi6Ob43vfem8wDLIMGxjuLytwM2eCuPOvZ0gRCnrd86k8hgSaGNr5llFE40CdTEyZQXKP_EtuuRREhaA5tJLcIJqM8VSqfZlIO1VilWRYT9puwhStAjyZqIKM4fm1HoPeP333qLi5bYn8RS98wNix2JV6QxNrXRizOwRRGrLbi88ygIngm_1k8YzCOusXD8w1y8dfTPAEAAA%3d%3d:29:27)
    at <anonymous> (https://d1hjvew1n9ss7u.cloudfront.net/asset.axd?id=PAEAAB-LCAAAAAAAAAOtj0EPwUAQhf-KzLnsKqu64iBu4oSbOKzt0G2qKztTkQi_3abi6Ob43vfem8wDLIMGxjuLytwM2eCuPOvZ0gRCnrd86k8hgSaGNr5llFE40CdTEyZQXKP_EtuuRREhaA5tJLcIJqM8VSqfZlIO1VilWRYT9puwhStAjyZqIKM4fm1HoPeP333qLi5bYn8RS98wNix2JV6QxNrXRizOwRRGrLbi88ygIngm_1k8YzCOusXD8w1y8dfTPAEAAA%3d%3d:220:1)
    at f (https://d1hjvew1n9ss7u.cloudfront.net/assets/shjs.js?t=639255987001545277:0:10382)
    at fireWith (https://d1hjvew1n9ss7u.cloudfront.net/assets/shjs.js?t=639255987001545277:0:11137)
    at ready (https://d1hjvew1n9ss7u.cloudfront.net/assets/shjs.js?t=639255987001545277:0:5238)
    at r (https://d1hjvew1n9ss7u.cloudfront.net/assets/shjs.js?t=639255987001545277:0:9748)
[  134822ms] [VERBOSE] [DOM] Input elements should have autocomplete attributes (suggested: "current-password"): (More info: https://goo.gl/9p2vKq) %o @ https://www.lolacosmetics.com.br/volumao-shampoo-250ml-ps-19629-321-p46389:0
[  134822ms] [VERBOSE] [DOM] Input elements should have autocomplete attributes (suggested: "current-password"): (More info: https://goo.gl/9p2vKq) %o @ https://www.lolacosmetics.com.br/volumao-shampoo-250ml-ps-19629-321-p46389:0
[  134911ms] [ERROR] Failed to load resource: net::ERR_NAME_NOT_RESOLVED @ https://event.getblue.io/js/blue-tag.min.js:0
[  134916ms] [LOG] AffiseStorage availability: {cookie: true, localStorage: true, sessionStorage: true} @ https://rankmediabrasil.g2afse.com/websdk.js:0
[  134917ms] [LOG] Status RNK Media - ClickId: null UTM: null @ :3
[  135039ms] [ERROR] Failed to load resource: the server responded with a status of 404 () @ https://d1hjvew1n9ss7u.cloudfront.net/Custom/Content/Themes/Lola/Agrada/CSS/ajax-loader.gif:0
[  135207ms] [WARNING] [Meta Pixel] - Invalid parameter format for currency. Please refer https://developers.facebook.com/docs/meta-pixel/reference/ for valid parameter specifications. @ https://connect.facebook.net/en_US/fbevents.js:203
[  135620ms] [ERROR] Failed to load resource: the server responded with a status of 403 () @ https://collector.mailbiz.one/collect:0
[  135731ms] Uncaught TypeError: Cannot read properties of undefined (reading 'replace')
    at validaFreteGratis (https://d1hjvew1n9ss7u.cloudfront.net/asset.axd?id=PAEAAB-LCAAAAAAAAAOtj0EPwUAQhf-KzLnsKqu64iBu4oSbOKzt0G2qKztTkQi_3abi6Ob43vfem8wDLIMGxjuLytwM2eCuPOvZ0gRCnrd86k8hgSaGNr5llFE40CdTEyZQXKP_EtuuRREhaA5tJLcIJqM8VSqfZlIO1VilWRYT9puwhStAjyZqIKM4fm1HoPeP333qLi5bYn8RS98wNix2JV6QxNrXRizOwRRGrLbi88ygIngm_1k8YzCOusXD8w1y8dfTPAEAAA%3d%3d:1:7633)
    at <anonymous> (https://d1hjvew1n9ss7u.cloudfront.net/asset.axd?id=PAEAAB-LCAAAAAAAAAOtj0EPwUAQhf-KzLnsKqu64iBu4oSbOKzt0G2qKztTkQi_3abi6Ob43vfem8wDLIMGxjuLytwM2eCuPOvZ0gRCnrd86k8hgSaGNr5llFE40CdTEyZQXKP_EtuuRREhaA5tJLcIJqM8VSqfZlIO1VilWRYT9puwhStAjyZqIKM4fm1HoPeP333qLi5bYn8RS98wNix2JV6QxNrXRizOwRRGrLbi88ygIngm_1k8YzCOusXD8w1y8dfTPAEAAA%3d%3d:1:49808)
    at dispatch (https://d1hjvew1n9ss7u.cloudfront.net/assets/shjs.js?t=639255987001545277:0:32701)
    at a (https://d1hjvew1n9ss7u.cloudfront.net/assets/shjs.js?t=639255987001545277:0:28480)
[  135730ms] [LOG] Banner não encontrado: banner-233 @ https://d1hjvew1n9ss7u.cloudfront.net/asset.axd?id=PAEAAB-LCAAAAAAAAAOtj0EPwUAQhf-KzLnsKqu64iBu4oSbOKzt0G2qKztTkQi_3abi6Ob43vfem8wDLIMGxjuLytwM2eCuPOvZ0gRCnrd86k8hgSaGNr5llFE40CdTEyZQXKP_EtuuRREhaA5tJLcIJqM8VSqfZlIO1VilWRYT9puwhStAjyZqIKM4fm1HoPeP333qLi5bYn8RS98wNix2JV6QxNrXRizOwRRGrLbi88ygIngm_1k8YzCOusXD8w1y8dfTPAEAAA%3d%3d:754
[  135843ms] [LOG] %c Widde Video Commerce %c v24604ee %c Build: 21/09/2026 20:39 %c border: 1px solid #2567f8; background: #2567f8; color: #fff; font-weight: bold; padding: 4px 8px; border-radius: 3px 0 0 0; border: 1px solid #2567f8; border-left: none; background: #FFF; color: #2567f8; font-weight: bold; padding: 4px 8px; border: 1px solid #2567f8; border-left: none; background: #f0f0f0; color: #333; font-weight: bold; padding: 4px 8px; border-radius: 0 3px 3px 0; background: transparent @ https://cdn.widde.io/assets/main.utzwjalemu.js:0
[  136019ms] Uncaught (in promise) TypeError: Cannot read properties of null (reading 'store_id')
    at loadAnswersSummaries (https://static.trustvox.com.br/sincero/sincero.js:0:378910)
    at <anonymous> (https://static.trustvox.com.br/sincero/sincero.js:0:104392)
    at r.dispatch (https://static.trustvox.com.br/sincero/sincero.js:0:106041)
    at dispatch (https://static.trustvox.com.br/sincero/sincero.js:0:102087)
    at <anonymous> (https://static.trustvox.com.br/sincero/sincero.js:0:365471)
[  136019ms] Uncaught (in promise) TypeError: Cannot read properties of null (reading 'store_id')
    at loadProfiles (https://static.trustvox.com.br/sincero/sincero.js:0:376806)
    at <anonymous> (https://static.trustvox.com.br/sincero/sincero.js:0:104392)
    at r.dispatch (https://static.trustvox.com.br/sincero/sincero.js:0:106041)
    at dispatch (https://static.trustvox.com.br/sincero/sincero.js:0:102087)
    at t.context.a.dispatch (https://static.trustvox.com.br/sincero/sincero.js:0:103635)
    at <anonymous> (https://static.trustvox.com.br/sincero/sincero.js:0:376597)
[  136182ms] [LOG] %c Tryon Widde.io %c %s %c border: 1px solid #2567f8; background: #2567f8; color: #fff; font-weight: bold; padding: 4px 8px; border-radius: 3px 0 0 3px; border: 1px solid #2567f8; background: #FFF; color: #2567f8; font-weight: bold; padding: 4px 8px; border-radius: 0 3px 3px 0; 47bf7c2 background: transparent @ https://cdn-tryon.widde.io/widde-tryon.js:86
[  136257ms] [LOG] [tryon-tracker] initialized {domain: www.lolacosmetics.com.br} @ https://cdn-tryon.widde.io/widde-tryon.js:8
[  144203ms] [WARNING] The resource https://fonts.cdnfonts.com/css/leelawade was preloaded using link preload but not used within a few seconds from the window's load event. Please make sure it has an appropriate `as` value and it is preloaded intentionally. @ https://www.lolacosmetics.com.br/volumao-shampoo-250ml-ps-19629-321-p46389:0
[  148437ms] [WARNING] The resource https://fonts.cdnfonts.com/css/leelawade was preloaded using link preload but not used within a few seconds from the window's load event. Please make sure it has an appropriate `as` value and it is preloaded intentionally. @ https://www.lolacosmetics.com.br/volumao-shampoo-250ml-ps-19629-321-p46389:0
[  187367ms] [WARNING] Error with Feature-Policy header: Some features are specified in both Feature-Policy and Permissions-Policy header: payment, fullscreen, microphone, camera. Values defined in Permissions-Policy header will be used. @ :0
[  187806ms] [ERROR] Failed to load resource: the server responded with a status of 500 () @ https://fonts.cdnfonts.com/css/leelawade:0
[  188381ms] [ERROR] Failed to load resource: the server responded with a status of 404 () @ https://lolacosmetics.admin.linxcommerce.com.br/Custom/Content/Themes/Lola/Styles/Fonts/FontAwesome/all.css:0
[  188582ms] [ERROR] Access to XMLHttpRequest at 'https://api.reclameaqui.com.br/embed-reputation/hash/NjQ5NTQ6bG9sYS1jb3NtZXRpY3M=' from origin 'https://www.lolacosmetics.com.br' has been blocked by CORS policy: No 'Access-Control-Allow-Origin' header is present on the requested resource. @ https://www.lolacosmetics.com.br/:0
[  188583ms] [ERROR] RA-Reputation: bad response from server https://api.reclameaqui.com.br/embed-reputation/hash/NjQ5NTQ6bG9sYS1jb3NtZXRpY3M= @ https://s3.amazonaws.com/raichu-beta/selos/bundle.js:0
[  188583ms] [ERROR] Failed to load resource: net::ERR_FAILED @ https://api.reclameaqui.com.br/embed-reputation/hash/NjQ5NTQ6bG9sYS1jb3NtZXRpY3M=:0
[  188699ms] [WARNING] [Meta Pixel] - Invalid parameter format for currency. Please refer https://developers.facebook.com/docs/meta-pixel/reference/ for valid parameter specifications. @ https://connect.facebook.net/en_US/fbevents.js:203
[  188708ms] [ERROR] Failed to load resource: net::ERR_NAME_NOT_RESOLVED @ https://event.getblue.io/js/blue-tag.min.js:0
[  188714ms] [LOG] Banner não encontrado: banner-232 @ https://d1hjvew1n9ss7u.cloudfront.net/asset.axd?id=PAEAAB-LCAAAAAAAAAOtj0EPwUAQhf-KzLnsKqu64iBu4oSbOKzt0G2qKztTkQi_3abi6Ob43vfem8wDLIMGxjuLytwM2eCuPOvZ0gRCnrd86k8hgSaGNr5llFE40CdTEyZQXKP_EtuuRREhaA5tJLcIJqM8VSqfZlIO1VilWRYT9puwhStAjyZqIKM4fm1HoPeP333qLi5bYn8RS98wNix2JV6QxNrXRizOwRRGrLbi88ygIngm_1k8YzCOusXD8w1y8dfTPAEAAA%3d%3d:754
[  188716ms] [LOG] [Debug Carrinho] Polling ativo @ https://d1hjvew1n9ss7u.cloudfront.net/asset.axd?id=PAEAAB-LCAAAAAAAAAOtj0EPwUAQhf-KzLnsKqu64iBu4oSbOKzt0G2qKztTkQi_3abi6Ob43vfem8wDLIMGxjuLytwM2eCuPOvZ0gRCnrd86k8hgSaGNr5llFE40CdTEyZQXKP_EtuuRREhaA5tJLcIJqM8VSqfZlIO1VilWRYT9puwhStAjyZqIKM4fm1HoPeP333qLi5bYn8RS98wNix2JV6QxNrXRizOwRRGrLbi88ygIngm_1k8YzCOusXD8w1y8dfTPAEAAA%3d%3d:1790
[  188870ms] [WARNING] !! Há erros de scripts de terceiros !!
Por favor, contate a Empresa responsável pelo script.  @ https://d1hjvew1n9ss7u.cloudfront.net/assets/shjs.js?t=639255987001545277:0
[  188873ms] Uncaught Error: You must pass a string or Handlebars AST to Handlebars.compile. You passed null
    at e.compile (https://d1hjvew1n9ss7u.cloudfront.net/asset.axd?id=PAEAAB-LCAAAAAAAAAOtj0EPwUAQhf-KzLnsKqu64iBu4oSbOKzt0G2qKztTkQi_3abi6Ob43vfem8wDLIMGxjuLytwM2eCuPOvZ0gRCnrd86k8hgSaGNr5llFE40CdTEyZQXKP_EtuuRREhaA5tJLcIJqM8VSqfZlIO1VilWRYT9puwhStAjyZqIKM4fm1HoPeP333qLi5bYn8RS98wNix2JV6QxNrXRizOwRRGrLbi88ygIngm_1k8YzCOusXD8w1y8dfTPAEAAA%3d%3d:1794:49302)
    at i.compile (https://d1hjvew1n9ss7u.cloudfront.net/asset.axd?id=PAEAAB-LCAAAAAAAAAOtj0EPwUAQhf-KzLnsKqu64iBu4oSbOKzt0G2qKztTkQi_3abi6Ob43vfem8wDLIMGxjuLytwM2eCuPOvZ0gRCnrd86k8hgSaGNr5llFE40CdTEyZQXKP_EtuuRREhaA5tJLcIJqM8VSqfZlIO1VilWRYT9puwhStAjyZqIKM4fm1HoPeP333qLi5bYn8RS98wNix2JV6QxNrXRizOwRRGrLbi88ygIngm_1k8YzCOusXD8w1y8dfTPAEAAA%3d%3d:1794:343)
    at renderBasket (https://d1hjvew1n9ss7u.cloudfront.net/asset.axd?id=PAEAAB-LCAAAAAAAAAOtj0EPwUAQhf-KzLnsKqu64iBu4oSbOKzt0G2qKztTkQi_3abi6Ob43vfem8wDLIMGxjuLytwM2eCuPOvZ0gRCnrd86k8hgSaGNr5llFE40CdTEyZQXKP_EtuuRREhaA5tJLcIJqM8VSqfZlIO1VilWRYT9puwhStAjyZqIKM4fm1HoPeP333qLi5bYn8RS98wNix2JV6QxNrXRizOwRRGrLbi88ygIngm_1k8YzCOusXD8w1y8dfTPAEAAA%3d%3d:29:27)
    at <anonymous> (https://d1hjvew1n9ss7u.cloudfront.net/asset.axd?id=PAEAAB-LCAAAAAAAAAOtj0EPwUAQhf-KzLnsKqu64iBu4oSbOKzt0G2qKztTkQi_3abi6Ob43vfem8wDLIMGxjuLytwM2eCuPOvZ0gRCnrd86k8hgSaGNr5llFE40CdTEyZQXKP_EtuuRREhaA5tJLcIJqM8VSqfZlIO1VilWRYT9puwhStAjyZqIKM4fm1HoPeP333qLi5bYn8RS98wNix2JV6QxNrXRizOwRRGrLbi88ygIngm_1k8YzCOusXD8w1y8dfTPAEAAA%3d%3d:220:1)
    at f (https://d1hjvew1n9ss7u.cloudfront.net/assets/shjs.js?t=639255987001545277:0:10382)
    at fireWith (https://d1hjvew1n9ss7u.cloudfront.net/assets/shjs.js?t=639255987001545277:0:11137)
    at ready (https://d1hjvew1n9ss7u.cloudfront.net/assets/shjs.js?t=639255987001545277:0:5238)
    at r (https://d1hjvew1n9ss7u.cloudfront.net/assets/shjs.js?t=639255987001545277:0:9748)
[  188897ms] [VERBOSE] [DOM] Input elements should have autocomplete attributes (suggested: "current-password"): (More info: https://goo.gl/9p2vKq) %o @ https://www.lolacosmetics.com.br/:0
[  188897ms] [VERBOSE] [DOM] Input elements should have autocomplete attributes (suggested: "current-password"): (More info: https://goo.gl/9p2vKq) %o @ https://www.lolacosmetics.com.br/:0
[  188941ms] [LOG] AffiseStorage availability: {cookie: true, localStorage: true, sessionStorage: true} @ https://rankmediabrasil.g2afse.com/websdk.js:0
[  188942ms] [LOG] Status RNK Media - ClickId: null UTM: null @ :3
[  189106ms] [ERROR] Failed to load resource: the server responded with a status of 404 () @ https://d1hjvew1n9ss7u.cloudfront.net/Custom/Content/Themes/Lola/Agrada/CSS/ajax-loader.gif:0
[  189288ms] [ERROR] Failed to load resource: the server responded with a status of 403 () @ https://collector.mailbiz.one/collect:0
[  190653ms] [INFO] É necessário definir o storeID no Plugin TrustVox @ https://d1hjvew1n9ss7u.cloudfront.net/asset.axd?id=GQsAAB-LCAAAAAAAAAO9lsFymzAQhl-lo7Mr3LiOEzo95RF66KHTwyLWoBgkRrvC8WTSZ69M6glgSGeKpkf0_9K32mUlPQvFIhWMT5w8QguknG74ywdVgiPkr573H-_ESphg-q7zAnkdvrRI91ARrkTeBOFX8q2bRkFCkbLzQWmDcLu5v9lu7-926_Wn7eftzW4XHOriULnORbq53cp1-Mguw5pE-uN5fj51xAdPbOvkwRpGw8lrbJTouvEhMFkjwyWq5JjL_rh8JPGy-ldCYW1RoQQD1Ym1oj5lrC0j0YkYa-lQQcOhILLd9GET8jJe4-xeh_ArW2jTJw2EiAxpwXM5T-rkOLwjVsrWKKm0TYNuijmyLONmzh5Jm0IqYCysO9VofJ86aVi819wrloTg1DitPWUZRZWoDtazzIAOGNb0dQ3uVCLkw7y-a1wWQ1gnrHjOXgbGDLFjLU5OK23CH6KprDTxVGoHhojMGnMNNEt8laPzZAtOA2tr_op-c0aMItwExK19kg7OpZyNYeSLE0HjtMIpZCfEYWT-lHlmOz5nh-J_YFmDqtLqEEyx6jfXIEv74qqzz68W-27vd454-5IqiJDb8f1xbYjIvD7iJuRlvBzCq8gTFOHtohQ2DGbYAZOGWNU0eKQKmefO8Td9GRGdC4X5cw31UQOhY_x8-Q3qjZweGQsAAA%3d%3d:40
[  190669ms] Uncaught TypeError: Cannot read properties of undefined (reading 'replace')
    at validaFreteGratis (https://d1hjvew1n9ss7u.cloudfront.net/asset.axd?id=PAEAAB-LCAAAAAAAAAOtj0EPwUAQhf-KzLnsKqu64iBu4oSbOKzt0G2qKztTkQi_3abi6Ob43vfem8wDLIMGxjuLytwM2eCuPOvZ0gRCnrd86k8hgSaGNr5llFE40CdTEyZQXKP_EtuuRREhaA5tJLcIJqM8VSqfZlIO1VilWRYT9puwhStAjyZqIKM4fm1HoPeP333qLi5bYn8RS98wNix2JV6QxNrXRizOwRRGrLbi88ygIngm_1k8YzCOusXD8w1y8dfTPAEAAA%3d%3d:1:7633)
    at <anonymous> (https://d1hjvew1n9ss7u.cloudfront.net/asset.axd?id=PAEAAB-LCAAAAAAAAAOtj0EPwUAQhf-KzLnsKqu64iBu4oSbOKzt0G2qKztTkQi_3abi6Ob43vfem8wDLIMGxjuLytwM2eCuPOvZ0gRCnrd86k8hgSaGNr5llFE40CdTEyZQXKP_EtuuRREhaA5tJLcIJqM8VSqfZlIO1VilWRYT9puwhStAjyZqIKM4fm1HoPeP333qLi5bYn8RS98wNix2JV6QxNrXRizOwRRGrLbi88ygIngm_1k8YzCOusXD8w1y8dfTPAEAAA%3d%3d:1:49808)
    at dispatch (https://d1hjvew1n9ss7u.cloudfront.net/assets/shjs.js?t=639255987001545277:0:32701)
    at a (https://d1hjvew1n9ss7u.cloudfront.net/assets/shjs.js?t=639255987001545277:0:28480)
[  190659ms] [LOG] Banner não encontrado: banner-232 @ https://d1hjvew1n9ss7u.cloudfront.net/asset.axd?id=PAEAAB-LCAAAAAAAAAOtj0EPwUAQhf-KzLnsKqu64iBu4oSbOKzt0G2qKztTkQi_3abi6Ob43vfem8wDLIMGxjuLytwM2eCuPOvZ0gRCnrd86k8hgSaGNr5llFE40CdTEyZQXKP_EtuuRREhaA5tJLcIJqM8VSqfZlIO1VilWRYT9puwhStAjyZqIKM4fm1HoPeP333qLi5bYn8RS98wNix2JV6QxNrXRizOwRRGrLbi88ygIngm_1k8YzCOusXD8w1y8dfTPAEAAA%3d%3d:754
[  190664ms] [LOG] %c Widde Video Commerce %c v24604ee %c Build: 21/09/2026 20:39 %c border: 1px solid #2567f8; background: #2567f8; color: #fff; font-weight: bold; padding: 4px 8px; border-radius: 3px 0 0 0; border: 1px solid #2567f8; border-left: none; background: #FFF; color: #2567f8; font-weight: bold; padding: 4px 8px; border: 1px solid #2567f8; border-left: none; background: #f0f0f0; color: #333; font-weight: bold; padding: 4px 8px; border-radius: 0 3px 3px 0; background: transparent @ https://cdn.widde.io/assets/main.utzwjalemu.js:0
[  190743ms] [LOG] %c Tryon Widde.io %c %s %c border: 1px solid #2567f8; background: #2567f8; color: #fff; font-weight: bold; padding: 4px 8px; border-radius: 3px 0 0 3px; border: 1px solid #2567f8; background: #FFF; color: #2567f8; font-weight: bold; padding: 4px 8px; border-radius: 0 3px 3px 0; 47bf7c2 background: transparent @ https://cdn-tryon.widde.io/widde-tryon.js:86
[  190768ms] [LOG] [tryon-tracker] initialized {domain: www.lolacosmetics.com.br} @ https://cdn-tryon.widde.io/widde-tryon.js:8
[  190907ms] [WARNING] !! Há erros de scripts no template e/ou scripts personalizados !!
Por favor, contate a Agência responsável pela codificação da loja virtual.  @ https://d1hjvew1n9ss7u.cloudfront.net/assets/shjs.js?t=639255987001545277:0
[  192674ms] [VERBOSE] [DOM] Input elements should have autocomplete attributes (suggested: "current-password"): (More info: https://goo.gl/9p2vKq) %o @ http://localhost:4360/:0
[  192674ms] [VERBOSE] [DOM] Input elements should have autocomplete attributes (suggested: "current-password"): (More info: https://goo.gl/9p2vKq) %o @ http://localhost:4360/:0
[  195202ms] [WARNING] Error with Feature-Policy header: Some features are specified in both Feature-Policy and Permissions-Policy header: payment, fullscreen, microphone, camera. Values defined in Permissions-Policy header will be used. @ :0
[  195753ms] [ERROR] Failed to load resource: the server responded with a status of 500 () @ https://fonts.cdnfonts.com/css/leelawade:0
[  196235ms] [ERROR] Failed to load resource: the server responded with a status of 404 () @ https://lolacosmetics.admin.linxcommerce.com.br/Custom/Content/Themes/Lola/Styles/Fonts/FontAwesome/all.css:0
[  196790ms] [LOG] Banner não encontrado: banner-232 @ https://d1hjvew1n9ss7u.cloudfront.net/asset.axd?id=PAEAAB-LCAAAAAAAAAOtj0EPwUAQhf-KzLnsKqu64iBu4oSbOKzt0G2qKztTkQi_3abi6Ob43vfem8wDLIMGxjuLytwM2eCuPOvZ0gRCnrd86k8hgSaGNr5llFE40CdTEyZQXKP_EtuuRREhaA5tJLcIJqM8VSqfZlIO1VilWRYT9puwhStAjyZqIKM4fm1HoPeP333qLi5bYn8RS98wNix2JV6QxNrXRizOwRRGrLbi88ygIngm_1k8YzCOusXD8w1y8dfTPAEAAA%3d%3d:754
[  196792ms] [LOG] [Debug Carrinho] Polling ativo @ https://d1hjvew1n9ss7u.cloudfront.net/asset.axd?id=PAEAAB-LCAAAAAAAAAOtj0EPwUAQhf-KzLnsKqu64iBu4oSbOKzt0G2qKztTkQi_3abi6Ob43vfem8wDLIMGxjuLytwM2eCuPOvZ0gRCnrd86k8hgSaGNr5llFE40CdTEyZQXKP_EtuuRREhaA5tJLcIJqM8VSqfZlIO1VilWRYT9puwhStAjyZqIKM4fm1HoPeP333qLi5bYn8RS98wNix2JV6QxNrXRizOwRRGrLbi88ygIngm_1k8YzCOusXD8w1y8dfTPAEAAA%3d%3d:1790
[  196847ms] [LOG] categoria @ https://d1hjvew1n9ss7u.cloudfront.net/asset.axd?id=PAEAAB-LCAAAAAAAAAOtj0EPwUAQhf-KzLnsKqu64iBu4oSbOKzt0G2qKztTkQi_3abi6Ob43vfem8wDLIMGxjuLytwM2eCuPOvZ0gRCnrd86k8hgSaGNr5llFE40CdTEyZQXKP_EtuuRREhaA5tJLcIJqM8VSqfZlIO1VilWRYT9puwhStAjyZqIKM4fm1HoPeP333qLi5bYn8RS98wNix2JV6QxNrXRizOwRRGrLbi88ygIngm_1k8YzCOusXD8w1y8dfTPAEAAA%3d%3d:1
[  196849ms] [WARNING] !! Há erros de scripts de terceiros !!
Por favor, contate a Empresa responsável pelo script.  @ https://d1hjvew1n9ss7u.cloudfront.net/assets/shjs.js?t=639255987001545277:0
[  196850ms] Uncaught Error: You must pass a string or Handlebars AST to Handlebars.compile. You passed null
    at e.compile (https://d1hjvew1n9ss7u.cloudfront.net/asset.axd?id=PAEAAB-LCAAAAAAAAAOtj0EPwUAQhf-KzLnsKqu64iBu4oSbOKzt0G2qKztTkQi_3abi6Ob43vfem8wDLIMGxjuLytwM2eCuPOvZ0gRCnrd86k8hgSaGNr5llFE40CdTEyZQXKP_EtuuRREhaA5tJLcIJqM8VSqfZlIO1VilWRYT9puwhStAjyZqIKM4fm1HoPeP333qLi5bYn8RS98wNix2JV6QxNrXRizOwRRGrLbi88ygIngm_1k8YzCOusXD8w1y8dfTPAEAAA%3d%3d:1794:49302)
    at i.compile (https://d1hjvew1n9ss7u.cloudfront.net/asset.axd?id=PAEAAB-LCAAAAAAAAAOtj0EPwUAQhf-KzLnsKqu64iBu4oSbOKzt0G2qKztTkQi_3abi6Ob43vfem8wDLIMGxjuLytwM2eCuPOvZ0gRCnrd86k8hgSaGNr5llFE40CdTEyZQXKP_EtuuRREhaA5tJLcIJqM8VSqfZlIO1VilWRYT9puwhStAjyZqIKM4fm1HoPeP333qLi5bYn8RS98wNix2JV6QxNrXRizOwRRGrLbi88ygIngm_1k8YzCOusXD8w1y8dfTPAEAAA%3d%3d:1794:343)
    at renderBasket (https://d1hjvew1n9ss7u.cloudfront.net/asset.axd?id=PAEAAB-LCAAAAAAAAAOtj0EPwUAQhf-KzLnsKqu64iBu4oSbOKzt0G2qKztTkQi_3abi6Ob43vfem8wDLIMGxjuLytwM2eCuPOvZ0gRCnrd86k8hgSaGNr5llFE40CdTEyZQXKP_EtuuRREhaA5tJLcIJqM8VSqfZlIO1VilWRYT9puwhStAjyZqIKM4fm1HoPeP333qLi5bYn8RS98wNix2JV6QxNrXRizOwRRGrLbi88ygIngm_1k8YzCOusXD8w1y8dfTPAEAAA%3d%3d:29:27)
    at <anonymous> (https://d1hjvew1n9ss7u.cloudfront.net/asset.axd?id=PAEAAB-LCAAAAAAAAAOtj0EPwUAQhf-KzLnsKqu64iBu4oSbOKzt0G2qKztTkQi_3abi6Ob43vfem8wDLIMGxjuLytwM2eCuPOvZ0gRCnrd86k8hgSaGNr5llFE40CdTEyZQXKP_EtuuRREhaA5tJLcIJqM8VSqfZlIO1VilWRYT9puwhStAjyZqIKM4fm1HoPeP333qLi5bYn8RS98wNix2JV6QxNrXRizOwRRGrLbi88ygIngm_1k8YzCOusXD8w1y8dfTPAEAAA%3d%3d:220:1)
    at f (https://d1hjvew1n9ss7u.cloudfront.net/assets/shjs.js?t=639255987001545277:0:10382)
    at fireWith (https://d1hjvew1n9ss7u.cloudfront.net/assets/shjs.js?t=639255987001545277:0:11137)
    at ready (https://d1hjvew1n9ss7u.cloudfront.net/assets/shjs.js?t=639255987001545277:0:5238)
    at r (https://d1hjvew1n9ss7u.cloudfront.net/assets/shjs.js?t=639255987001545277:0:9748)
[  196866ms] [VERBOSE] [DOM] Input elements should have autocomplete attributes (suggested: "current-password"): (More info: https://goo.gl/9p2vKq) %o @ https://www.lolacosmetics.com.br/kits:0
[  196866ms] [VERBOSE] [DOM] Input elements should have autocomplete attributes (suggested: "current-password"): (More info: https://goo.gl/9p2vKq) %o @ https://www.lolacosmetics.com.br/kits:0
[  196879ms] [ERROR] Access to XMLHttpRequest at 'https://api.reclameaqui.com.br/embed-reputation/hash/NjQ5NTQ6bG9sYS1jb3NtZXRpY3M=' from origin 'https://www.lolacosmetics.com.br' has been blocked by CORS policy: No 'Access-Control-Allow-Origin' header is present on the requested resource. @ https://www.lolacosmetics.com.br/kits:0
[  196879ms] [ERROR] RA-Reputation: bad response from server https://api.reclameaqui.com.br/embed-reputation/hash/NjQ5NTQ6bG9sYS1jb3NtZXRpY3M= @ https://s3.amazonaws.com/raichu-beta/selos/bundle.js:0
[  196879ms] [ERROR] Failed to load resource: net::ERR_FAILED @ https://api.reclameaqui.com.br/embed-reputation/hash/NjQ5NTQ6bG9sYS1jb3NtZXRpY3M=:0
[  197759ms] [WARNING] [Meta Pixel] - Invalid parameter format for currency. Please refer https://developers.facebook.com/docs/meta-pixel/reference/ for valid parameter specifications. @ https://connect.facebook.net/en_US/fbevents.js:203
[  197810ms] [ERROR] Failed to load resource: net::ERR_NAME_NOT_RESOLVED @ https://event.getblue.io/js/blue-tag.min.js:0
[  197816ms] [LOG] AffiseStorage availability: {cookie: true, localStorage: true, sessionStorage: true} @ https://rankmediabrasil.g2afse.com/websdk.js:0
[  197817ms] [LOG] Status RNK Media - ClickId: null UTM: null @ :3
[  198198ms] [ERROR] Failed to load resource: the server responded with a status of 403 () @ https://collector.mailbiz.one/collect:0
[  198409ms] [INFO] É necessário definir o storeID no Plugin TrustVox @ https://d1hjvew1n9ss7u.cloudfront.net/asset.axd?id=_woAAB-LCAAAAAAAAAO9lsFunDAQhl-l4rw122w3m1D1lEfooYeqh8HMgrNgW_aYDYrSZ--EaFVgIZWK1aP9__b3Y3uwnxNJSZYQPlH6CC146ZSlLx9kBc4jfQ10_HiXbBLNpu-qKJG23FJJdoTa4yYpLAu_0m_9MM8SJhm5wErLwu3u_ma_v787bLef9p_3N4cDO-TFIQtVJNnudi-23Mgv3con2Y_n5fG-Jz4ET6ZJH4wm1JS-ZfOpamzgYKJBgkuq9FyIYb949MnL5l8JpTFljQI01B0p6YeUqbaO5DtP2AiHEizxhoh2N4TNyOt41pmj4vi1KZUekkZCRIYwEKhaJvVyHN4Za2kaFL4y1qKbY04s67i5M2evdCkkEJbGdQ3qMKTOGlZ_axEkCY_g5HRZB8o6iqxQnkwgkYM_Ic8ZmgZcVyEU43V917guA8_DM76uXg5aj7FTbR3pCJKjU2f5TGKL9ajcr8R4LOVpicRSDE7pTLDXjL470tkvneLflHE03qE5Pc7Jr5XmOla-mq7frCEis8FCgV8kvsnReaIFp4CU0X9F_3FGTMH3tafWPAkHrwW3mGHii5PAOiVxDtkLcRh56PJAZKa34Vj8DyyjUdZKntgUszanZXKtRqQtg1YxCuAXXfBQ8rtLSrQEenwuZg098-fLbwJGClv_CgAA:52
[  198416ms] Uncaught TypeError: Cannot read properties of undefined (reading 'replace')
    at validaFreteGratis (https://d1hjvew1n9ss7u.cloudfront.net/asset.axd?id=PAEAAB-LCAAAAAAAAAOtj0EPwUAQhf-KzLnsKqu64iBu4oSbOKzt0G2qKztTkQi_3abi6Ob43vfem8wDLIMGxjuLytwM2eCuPOvZ0gRCnrd86k8hgSaGNr5llFE40CdTEyZQXKP_EtuuRREhaA5tJLcIJqM8VSqfZlIO1VilWRYT9puwhStAjyZqIKM4fm1HoPeP333qLi5bYn8RS98wNix2JV6QxNrXRizOwRRGrLbi88ygIngm_1k8YzCOusXD8w1y8dfTPAEAAA%3d%3d:1:7633)
    at <anonymous> (https://d1hjvew1n9ss7u.cloudfront.net/asset.axd?id=PAEAAB-LCAAAAAAAAAOtj0EPwUAQhf-KzLnsKqu64iBu4oSbOKzt0G2qKztTkQi_3abi6Ob43vfem8wDLIMGxjuLytwM2eCuPOvZ0gRCnrd86k8hgSaGNr5llFE40CdTEyZQXKP_EtuuRREhaA5tJLcIJqM8VSqfZlIO1VilWRYT9puwhStAjyZqIKM4fm1HoPeP333qLi5bYn8RS98wNix2JV6QxNrXRizOwRRGrLbi88ygIngm_1k8YzCOusXD8w1y8dfTPAEAAA%3d%3d:1:49808)
    at dispatch (https://d1hjvew1n9ss7u.cloudfront.net/assets/shjs.js?t=639255987001545277:0:32701)
    at a (https://d1hjvew1n9ss7u.cloudfront.net/assets/shjs.js?t=639255987001545277:0:28480)
[  198416ms] [LOG] Banner não encontrado: banner-232 @ https://d1hjvew1n9ss7u.cloudfront.net/asset.axd?id=PAEAAB-LCAAAAAAAAAOtj0EPwUAQhf-KzLnsKqu64iBu4oSbOKzt0G2qKztTkQi_3abi6Ob43vfem8wDLIMGxjuLytwM2eCuPOvZ0gRCnrd86k8hgSaGNr5llFE40CdTEyZQXKP_EtuuRREhaA5tJLcIJqM8VSqfZlIO1VilWRYT9puwhStAjyZqIKM4fm1HoPeP333qLi5bYn8RS98wNix2JV6QxNrXRizOwRRGrLbi88ygIngm_1k8YzCOusXD8w1y8dfTPAEAAA%3d%3d:754
[  198661ms] [LOG] %c Widde Video Commerce %c v24604ee %c Build: 21/09/2026 20:39 %c border: 1px solid #2567f8; background: #2567f8; color: #fff; font-weight: bold; padding: 4px 8px; border-radius: 3px 0 0 0; border: 1px solid #2567f8; border-left: none; background: #FFF; color: #2567f8; font-weight: bold; padding: 4px 8px; border: 1px solid #2567f8; border-left: none; background: #f0f0f0; color: #333; font-weight: bold; padding: 4px 8px; border-radius: 0 3px 3px 0; background: transparent @ https://cdn.widde.io/assets/main.utzwjalemu.js:0
[  198702ms] [LOG] %c Tryon Widde.io %c %s %c border: 1px solid #2567f8; background: #2567f8; color: #fff; font-weight: bold; padding: 4px 8px; border-radius: 3px 0 0 3px; border: 1px solid #2567f8; background: #FFF; color: #2567f8; font-weight: bold; padding: 4px 8px; border-radius: 0 3px 3px 0; 47bf7c2 background: transparent @ https://cdn-tryon.widde.io/widde-tryon.js:86
[  198746ms] [LOG] [tryon-tracker] initialized {domain: www.lolacosmetics.com.br} @ https://cdn-tryon.widde.io/widde-tryon.js:8
[  200468ms] [VERBOSE] [DOM] Input elements should have autocomplete attributes (suggested: "current-password"): (More info: https://goo.gl/9p2vKq) %o @ http://localhost:4360/kits:0
[  200468ms] [VERBOSE] [DOM] Input elements should have autocomplete attributes (suggested: "current-password"): (More info: https://goo.gl/9p2vKq) %o @ http://localhost:4360/kits:0
[  202530ms] [WARNING] Error with Feature-Policy header: Some features are specified in both Feature-Policy and Permissions-Policy header: payment, fullscreen, microphone, camera. Values defined in Permissions-Policy header will be used. @ :0
[  203257ms] [ERROR] Failed to load resource: the server responded with a status of 500 () @ https://fonts.cdnfonts.com/css/leelawade:0
[  203757ms] [ERROR] Failed to load resource: the server responded with a status of 404 () @ https://lolacosmetics.admin.linxcommerce.com.br/Custom/Content/Themes/Lola/Styles/Fonts/FontAwesome/all.css:0
[  203814ms] [LOG] Trustvox rating | PDP: 46389 tipo: 3 @ https://www.lolacosmetics.com.br/volumao-shampoo-250ml-ps-19629-321-p46389:16
[  203814ms] [LOG] Trustvox rating | ID final usado = 46389 @ https://www.lolacosmetics.com.br/volumao-shampoo-250ml-ps-19629-321-p46389:16
[  203815ms] [LOG] Trustvox PDP | product: 46389 | type: 3 | usedId: 46389 @ https://www.lolacosmetics.com.br/volumao-shampoo-250ml-ps-19629-321-p46389:44
[  203977ms] [ERROR] Access to XMLHttpRequest at 'https://api.reclameaqui.com.br/embed-reputation/hash/NjQ5NTQ6bG9sYS1jb3NtZXRpY3M=' from origin 'https://www.lolacosmetics.com.br' has been blocked by CORS policy: No 'Access-Control-Allow-Origin' header is present on the requested resource. @ https://www.lolacosmetics.com.br/volumao-shampoo-250ml-ps-19629-321-p46389:0
[  203977ms] [ERROR] RA-Reputation: bad response from server https://api.reclameaqui.com.br/embed-reputation/hash/NjQ5NTQ6bG9sYS1jb3NtZXRpY3M= @ https://s3.amazonaws.com/raichu-beta/selos/bundle.js:0
[  203977ms] [ERROR] Failed to load resource: net::ERR_FAILED @ https://api.reclameaqui.com.br/embed-reputation/hash/NjQ5NTQ6bG9sYS1jb3NtZXRpY3M=:0
[  204098ms] [LOG] Banner não encontrado: banner-232 @ https://d1hjvew1n9ss7u.cloudfront.net/asset.axd?id=PAEAAB-LCAAAAAAAAAOtj0EPwUAQhf-KzLnsKqu64iBu4oSbOKzt0G2qKztTkQi_3abi6Ob43vfem8wDLIMGxjuLytwM2eCuPOvZ0gRCnrd86k8hgSaGNr5llFE40CdTEyZQXKP_EtuuRREhaA5tJLcIJqM8VSqfZlIO1VilWRYT9puwhStAjyZqIKM4fm1HoPeP333qLi5bYn8RS98wNix2JV6QxNrXRizOwRRGrLbi88ygIngm_1k8YzCOusXD8w1y8dfTPAEAAA%3d%3d:754
[  204100ms] [LOG] [Debug Carrinho] Polling ativo @ https://d1hjvew1n9ss7u.cloudfront.net/asset.axd?id=PAEAAB-LCAAAAAAAAAOtj0EPwUAQhf-KzLnsKqu64iBu4oSbOKzt0G2qKztTkQi_3abi6Ob43vfem8wDLIMGxjuLytwM2eCuPOvZ0gRCnrd86k8hgSaGNr5llFE40CdTEyZQXKP_EtuuRREhaA5tJLcIJqM8VSqfZlIO1VilWRYT9puwhStAjyZqIKM4fm1HoPeP333qLi5bYn8RS98wNix2JV6QxNrXRizOwRRGrLbi88ygIngm_1k8YzCOusXD8w1y8dfTPAEAAA%3d%3d:1790
[  204165ms] [LOG] add @ https://d1hjvew1n9ss7u.cloudfront.net/asset.axd?id=PAEAAB-LCAAAAAAAAAOtj0EPwUAQhf-KzLnsKqu64iBu4oSbOKzt0G2qKztTkQi_3abi6Ob43vfem8wDLIMGxjuLytwM2eCuPOvZ0gRCnrd86k8hgSaGNr5llFE40CdTEyZQXKP_EtuuRREhaA5tJLcIJqM8VSqfZlIO1VilWRYT9puwhStAjyZqIKM4fm1HoPeP333qLi5bYn8RS98wNix2JV6QxNrXRizOwRRGrLbi88ygIngm_1k8YzCOusXD8w1y8dfTPAEAAA%3d%3d:1
[  204168ms] [WARNING] !! Há erros de scripts de terceiros !!
Por favor, contate a Empresa responsável pelo script.  @ https://d1hjvew1n9ss7u.cloudfront.net/assets/shjs.js?t=639255987001545277:0
[  204201ms] Uncaught Error: You must pass a string or Handlebars AST to Handlebars.compile. You passed null
    at e.compile (https://d1hjvew1n9ss7u.cloudfront.net/asset.axd?id=PAEAAB-LCAAAAAAAAAOtj0EPwUAQhf-KzLnsKqu64iBu4oSbOKzt0G2qKztTkQi_3abi6Ob43vfem8wDLIMGxjuLytwM2eCuPOvZ0gRCnrd86k8hgSaGNr5llFE40CdTEyZQXKP_EtuuRREhaA5tJLcIJqM8VSqfZlIO1VilWRYT9puwhStAjyZqIKM4fm1HoPeP333qLi5bYn8RS98wNix2JV6QxNrXRizOwRRGrLbi88ygIngm_1k8YzCOusXD8w1y8dfTPAEAAA%3d%3d:1794:49302)
    at i.compile (https://d1hjvew1n9ss7u.cloudfront.net/asset.axd?id=PAEAAB-LCAAAAAAAAAOtj0EPwUAQhf-KzLnsKqu64iBu4oSbOKzt0G2qKztTkQi_3abi6Ob43vfem8wDLIMGxjuLytwM2eCuPOvZ0gRCnrd86k8hgSaGNr5llFE40CdTEyZQXKP_EtuuRREhaA5tJLcIJqM8VSqfZlIO1VilWRYT9puwhStAjyZqIKM4fm1HoPeP333qLi5bYn8RS98wNix2JV6QxNrXRizOwRRGrLbi88ygIngm_1k8YzCOusXD8w1y8dfTPAEAAA%3d%3d:1794:343)
    at renderBasket (https://d1hjvew1n9ss7u.cloudfront.net/asset.axd?id=PAEAAB-LCAAAAAAAAAOtj0EPwUAQhf-KzLnsKqu64iBu4oSbOKzt0G2qKztTkQi_3abi6Ob43vfem8wDLIMGxjuLytwM2eCuPOvZ0gRCnrd86k8hgSaGNr5llFE40CdTEyZQXKP_EtuuRREhaA5tJLcIJqM8VSqfZlIO1VilWRYT9puwhStAjyZqIKM4fm1HoPeP333qLi5bYn8RS98wNix2JV6QxNrXRizOwRRGrLbi88ygIngm_1k8YzCOusXD8w1y8dfTPAEAAA%3d%3d:29:27)
    at <anonymous> (https://d1hjvew1n9ss7u.cloudfront.net/asset.axd?id=PAEAAB-LCAAAAAAAAAOtj0EPwUAQhf-KzLnsKqu64iBu4oSbOKzt0G2qKztTkQi_3abi6Ob43vfem8wDLIMGxjuLytwM2eCuPOvZ0gRCnrd86k8hgSaGNr5llFE40CdTEyZQXKP_EtuuRREhaA5tJLcIJqM8VSqfZlIO1VilWRYT9puwhStAjyZqIKM4fm1HoPeP333qLi5bYn8RS98wNix2JV6QxNrXRizOwRRGrLbi88ygIngm_1k8YzCOusXD8w1y8dfTPAEAAA%3d%3d:220:1)
    at f (https://d1hjvew1n9ss7u.cloudfront.net/assets/shjs.js?t=639255987001545277:0:10382)
    at fireWith (https://d1hjvew1n9ss7u.cloudfront.net/assets/shjs.js?t=639255987001545277:0:11137)
    at ready (https://d1hjvew1n9ss7u.cloudfront.net/assets/shjs.js?t=639255987001545277:0:5238)
    at r (https://d1hjvew1n9ss7u.cloudfront.net/assets/shjs.js?t=639255987001545277:0:9748)
[  204175ms] [VERBOSE] [DOM] Input elements should have autocomplete attributes (suggested: "current-password"): (More info: https://goo.gl/9p2vKq) %o @ https://www.lolacosmetics.com.br/volumao-shampoo-250ml-ps-19629-321-p46389:0
[  204175ms] [VERBOSE] [DOM] Input elements should have autocomplete attributes (suggested: "current-password"): (More info: https://goo.gl/9p2vKq) %o @ https://www.lolacosmetics.com.br/volumao-shampoo-250ml-ps-19629-321-p46389:0
[  204258ms] [LOG] AffiseStorage availability: {cookie: true, localStorage: true, sessionStorage: true} @ https://rankmediabrasil.g2afse.com/websdk.js:0
[  204258ms] [LOG] Status RNK Media - ClickId: null UTM: null @ :3
[  204346ms] [ERROR] Failed to load resource: net::ERR_NAME_NOT_RESOLVED @ https://event.getblue.io/js/blue-tag.min.js:0
[  204445ms] [ERROR] Failed to load resource: the server responded with a status of 404 () @ https://d1hjvew1n9ss7u.cloudfront.net/Custom/Content/Themes/Lola/Agrada/CSS/ajax-loader.gif:0
[  204586ms] [WARNING] [Meta Pixel] - Invalid parameter format for currency. Please refer https://developers.facebook.com/docs/meta-pixel/reference/ for valid parameter specifications. @ https://connect.facebook.net/en_US/fbevents.js:203
[  204972ms] [ERROR] Failed to load resource: the server responded with a status of 403 () @ https://collector.mailbiz.one/collect:0
[  205085ms] Uncaught TypeError: Cannot read properties of undefined (reading 'replace')
    at validaFreteGratis (https://d1hjvew1n9ss7u.cloudfront.net/asset.axd?id=PAEAAB-LCAAAAAAAAAOtj0EPwUAQhf-KzLnsKqu64iBu4oSbOKzt0G2qKztTkQi_3abi6Ob43vfem8wDLIMGxjuLytwM2eCuPOvZ0gRCnrd86k8hgSaGNr5llFE40CdTEyZQXKP_EtuuRREhaA5tJLcIJqM8VSqfZlIO1VilWRYT9puwhStAjyZqIKM4fm1HoPeP333qLi5bYn8RS98wNix2JV6QxNrXRizOwRRGrLbi88ygIngm_1k8YzCOusXD8w1y8dfTPAEAAA%3d%3d:1:7633)
    at <anonymous> (https://d1hjvew1n9ss7u.cloudfront.net/asset.axd?id=PAEAAB-LCAAAAAAAAAOtj0EPwUAQhf-KzLnsKqu64iBu4oSbOKzt0G2qKztTkQi_3abi6Ob43vfem8wDLIMGxjuLytwM2eCuPOvZ0gRCnrd86k8hgSaGNr5llFE40CdTEyZQXKP_EtuuRREhaA5tJLcIJqM8VSqfZlIO1VilWRYT9puwhStAjyZqIKM4fm1HoPeP333qLi5bYn8RS98wNix2JV6QxNrXRizOwRRGrLbi88ygIngm_1k8YzCOusXD8w1y8dfTPAEAAA%3d%3d:1:49808)
    at dispatch (https://d1hjvew1n9ss7u.cloudfront.net/assets/shjs.js?t=639255987001545277:0:32701)
    at a (https://d1hjvew1n9ss7u.cloudfront.net/assets/shjs.js?t=639255987001545277:0:28480)
[  205084ms] [LOG] Banner não encontrado: banner-232 @ https://d1hjvew1n9ss7u.cloudfront.net/asset.axd?id=PAEAAB-LCAAAAAAAAAOtj0EPwUAQhf-KzLnsKqu64iBu4oSbOKzt0G2qKztTkQi_3abi6Ob43vfem8wDLIMGxjuLytwM2eCuPOvZ0gRCnrd86k8hgSaGNr5llFE40CdTEyZQXKP_EtuuRREhaA5tJLcIJqM8VSqfZlIO1VilWRYT9puwhStAjyZqIKM4fm1HoPeP333qLi5bYn8RS98wNix2JV6QxNrXRizOwRRGrLbi88ygIngm_1k8YzCOusXD8w1y8dfTPAEAAA%3d%3d:754
[  205163ms] [LOG] %c Widde Video Commerce %c v24604ee %c Build: 21/09/2026 20:39 %c border: 1px solid #2567f8; background: #2567f8; color: #fff; font-weight: bold; padding: 4px 8px; border-radius: 3px 0 0 0; border: 1px solid #2567f8; border-left: none; background: #FFF; color: #2567f8; font-weight: bold; padding: 4px 8px; border: 1px solid #2567f8; border-left: none; background: #f0f0f0; color: #333; font-weight: bold; padding: 4px 8px; border-radius: 0 3px 3px 0; background: transparent @ https://cdn.widde.io/assets/main.utzwjalemu.js:0
[  205168ms] [ERROR] Error decoding JWT: Error: Invalid JWT format
    at u0 (https://cdn.widde.io/assets/shared-utils.58MPgxdv.js:99:89838)
    at e (https://cdn.widde.io/assets/shared-utils.58MPgxdv.js:99:90502)
    at d0.startNativation (https://cdn.widde.io/assets/shared-utils.58MPgxdv.js:99:90616)
    at d0.registerNavigation (https://cdn.widde.io/assets/shared-utils.58MPgxdv.js:99:91609)
    at e (https://cdn.widde.io/assets/main.utzwjalemu.js:1:21655) @ https://cdn.widde.io/assets/shared-utils.58MPgxdv.js:98
[  205659ms] Uncaught (in promise) TypeError: Cannot read properties of null (reading 'store_id')
    at loadAnswersSummaries (https://static.trustvox.com.br/sincero/sincero.js:0:378910)
    at <anonymous> (https://static.trustvox.com.br/sincero/sincero.js:0:104392)
    at r.dispatch (https://static.trustvox.com.br/sincero/sincero.js:0:106041)
    at dispatch (https://static.trustvox.com.br/sincero/sincero.js:0:102087)
    at <anonymous> (https://static.trustvox.com.br/sincero/sincero.js:0:365471)
[  205659ms] Uncaught (in promise) TypeError: Cannot read properties of null (reading 'store_id')
    at loadProfiles (https://static.trustvox.com.br/sincero/sincero.js:0:376806)
    at <anonymous> (https://static.trustvox.com.br/sincero/sincero.js:0:104392)
    at r.dispatch (https://static.trustvox.com.br/sincero/sincero.js:0:106041)
    at dispatch (https://static.trustvox.com.br/sincero/sincero.js:0:102087)
    at t.context.a.dispatch (https://static.trustvox.com.br/sincero/sincero.js:0:103635)
    at <anonymous> (https://static.trustvox.com.br/sincero/sincero.js:0:376597)
[  205806ms] [LOG] %c Tryon Widde.io %c %s %c border: 1px solid #2567f8; background: #2567f8; color: #fff; font-weight: bold; padding: 4px 8px; border-radius: 3px 0 0 3px; border: 1px solid #2567f8; background: #FFF; color: #2567f8; font-weight: bold; padding: 4px 8px; border-radius: 0 3px 3px 0; 47bf7c2 background: transparent @ https://cdn-tryon.widde.io/widde-tryon.js:86
[  205827ms] [LOG] [tryon-tracker] initialized {domain: www.lolacosmetics.com.br} @ https://cdn-tryon.widde.io/widde-tryon.js:8
[  207034ms] [VERBOSE] [DOM] Input elements should have autocomplete attributes (suggested: "current-password"): (More info: https://goo.gl/9p2vKq) %o @ http://localhost:4360/volumao-shampoo-250ml-ps-19629-321-p46389:0
[  207034ms] [VERBOSE] [DOM] Input elements should have autocomplete attributes (suggested: "current-password"): (More info: https://goo.gl/9p2vKq) %o @ http://localhost:4360/volumao-shampoo-250ml-ps-19629-321-p46389:0
[  209157ms] [WARNING] Error with Feature-Policy header: Some features are specified in both Feature-Policy and Permissions-Policy header: payment, fullscreen, microphone, camera. Values defined in Permissions-Policy header will be used. @ :0
[  209524ms] [ERROR] Failed to load resource: the server responded with a status of 500 () @ https://fonts.cdnfonts.com/css/leelawade:0
[  209845ms] [ERROR] Failed to load resource: the server responded with a status of 404 () @ https://lolacosmetics.admin.linxcommerce.com.br/Custom/Content/Themes/Lola/Styles/Fonts/FontAwesome/all.css:0
[  209951ms] [ERROR] Access to XMLHttpRequest at 'https://api.reclameaqui.com.br/embed-reputation/hash/NjQ5NTQ6bG9sYS1jb3NtZXRpY3M=' from origin 'https://www.lolacosmetics.com.br' has been blocked by CORS policy: No 'Access-Control-Allow-Origin' header is present on the requested resource. @ https://www.lolacosmetics.com.br/:0
[  209951ms] [ERROR] RA-Reputation: bad response from server https://api.reclameaqui.com.br/embed-reputation/hash/NjQ5NTQ6bG9sYS1jb3NtZXRpY3M= @ https://s3.amazonaws.com/raichu-beta/selos/bundle.js:0
[  209951ms] [ERROR] Failed to load resource: net::ERR_FAILED @ https://api.reclameaqui.com.br/embed-reputation/hash/NjQ5NTQ6bG9sYS1jb3NtZXRpY3M=:0
[  210128ms] [LOG] Banner não encontrado: banner-233 @ https://d1hjvew1n9ss7u.cloudfront.net/asset.axd?id=PAEAAB-LCAAAAAAAAAOtj0EPwUAQhf-KzLnsKqu64iBu4oSbOKzt0G2qKztTkQi_3abi6Ob43vfem8wDLIMGxjuLytwM2eCuPOvZ0gRCnrd86k8hgSaGNr5llFE40CdTEyZQXKP_EtuuRREhaA5tJLcIJqM8VSqfZlIO1VilWRYT9puwhStAjyZqIKM4fm1HoPeP333qLi5bYn8RS98wNix2JV6QxNrXRizOwRRGrLbi88ygIngm_1k8YzCOusXD8w1y8dfTPAEAAA%3d%3d:754
[  210130ms] [LOG] [Debug Carrinho] Polling ativo @ https://d1hjvew1n9ss7u.cloudfront.net/asset.axd?id=PAEAAB-LCAAAAAAAAAOtj0EPwUAQhf-KzLnsKqu64iBu4oSbOKzt0G2qKztTkQi_3abi6Ob43vfem8wDLIMGxjuLytwM2eCuPOvZ0gRCnrd86k8hgSaGNr5llFE40CdTEyZQXKP_EtuuRREhaA5tJLcIJqM8VSqfZlIO1VilWRYT9puwhStAjyZqIKM4fm1HoPeP333qLi5bYn8RS98wNix2JV6QxNrXRizOwRRGrLbi88ygIngm_1k8YzCOusXD8w1y8dfTPAEAAA%3d%3d:1790
[  210297ms] [WARNING] !! Há erros de scripts de terceiros !!
Por favor, contate a Empresa responsável pelo script.  @ https://d1hjvew1n9ss7u.cloudfront.net/assets/shjs.js?t=639255987001545277:0
[  210299ms] Uncaught Error: You must pass a string or Handlebars AST to Handlebars.compile. You passed null
    at e.compile (https://d1hjvew1n9ss7u.cloudfront.net/asset.axd?id=PAEAAB-LCAAAAAAAAAOtj0EPwUAQhf-KzLnsKqu64iBu4oSbOKzt0G2qKztTkQi_3abi6Ob43vfem8wDLIMGxjuLytwM2eCuPOvZ0gRCnrd86k8hgSaGNr5llFE40CdTEyZQXKP_EtuuRREhaA5tJLcIJqM8VSqfZlIO1VilWRYT9puwhStAjyZqIKM4fm1HoPeP333qLi5bYn8RS98wNix2JV6QxNrXRizOwRRGrLbi88ygIngm_1k8YzCOusXD8w1y8dfTPAEAAA%3d%3d:1794:49302)
    at i.compile (https://d1hjvew1n9ss7u.cloudfront.net/asset.axd?id=PAEAAB-LCAAAAAAAAAOtj0EPwUAQhf-KzLnsKqu64iBu4oSbOKzt0G2qKztTkQi_3abi6Ob43vfem8wDLIMGxjuLytwM2eCuPOvZ0gRCnrd86k8hgSaGNr5llFE40CdTEyZQXKP_EtuuRREhaA5tJLcIJqM8VSqfZlIO1VilWRYT9puwhStAjyZqIKM4fm1HoPeP333qLi5bYn8RS98wNix2JV6QxNrXRizOwRRGrLbi88ygIngm_1k8YzCOusXD8w1y8dfTPAEAAA%3d%3d:1794:343)
    at renderBasket (https://d1hjvew1n9ss7u.cloudfront.net/asset.axd?id=PAEAAB-LCAAAAAAAAAOtj0EPwUAQhf-KzLnsKqu64iBu4oSbOKzt0G2qKztTkQi_3abi6Ob43vfem8wDLIMGxjuLytwM2eCuPOvZ0gRCnrd86k8hgSaGNr5llFE40CdTEyZQXKP_EtuuRREhaA5tJLcIJqM8VSqfZlIO1VilWRYT9puwhStAjyZqIKM4fm1HoPeP333qLi5bYn8RS98wNix2JV6QxNrXRizOwRRGrLbi88ygIngm_1k8YzCOusXD8w1y8dfTPAEAAA%3d%3d:29:27)
    at <anonymous> (https://d1hjvew1n9ss7u.cloudfront.net/asset.axd?id=PAEAAB-LCAAAAAAAAAOtj0EPwUAQhf-KzLnsKqu64iBu4oSbOKzt0G2qKztTkQi_3abi6Ob43vfem8wDLIMGxjuLytwM2eCuPOvZ0gRCnrd86k8hgSaGNr5llFE40CdTEyZQXKP_EtuuRREhaA5tJLcIJqM8VSqfZlIO1VilWRYT9puwhStAjyZqIKM4fm1HoPeP333qLi5bYn8RS98wNix2JV6QxNrXRizOwRRGrLbi88ygIngm_1k8YzCOusXD8w1y8dfTPAEAAA%3d%3d:220:1)
    at f (https://d1hjvew1n9ss7u.cloudfront.net/assets/shjs.js?t=639255987001545277:0:10382)
    at fireWith (https://d1hjvew1n9ss7u.cloudfront.net/assets/shjs.js?t=639255987001545277:0:11137)
    at ready (https://d1hjvew1n9ss7u.cloudfront.net/assets/shjs.js?t=639255987001545277:0:5238)
    at r (https://d1hjvew1n9ss7u.cloudfront.net/assets/shjs.js?t=639255987001545277:0:9748)
[  210322ms] [VERBOSE] [DOM] Input elements should have autocomplete attributes (suggested: "current-password"): (More info: https://goo.gl/9p2vKq) %o @ https://www.lolacosmetics.com.br/:0
[  210322ms] [VERBOSE] [DOM] Input elements should have autocomplete attributes (suggested: "current-password"): (More info: https://goo.gl/9p2vKq) %o @ https://www.lolacosmetics.com.br/:0
[  210367ms] [ERROR] Failed to load resource: net::ERR_NAME_NOT_RESOLVED @ https://event.getblue.io/js/blue-tag.min.js:0
[  210376ms] [LOG] AffiseStorage availability: {cookie: true, localStorage: true, sessionStorage: true} @ https://rankmediabrasil.g2afse.com/websdk.js:0
[  210377ms] [LOG] Status RNK Media - ClickId: null UTM: null @ :3
[  210473ms] [ERROR] Failed to load resource: the server responded with a status of 404 () @ https://d1hjvew1n9ss7u.cloudfront.net/Custom/Content/Themes/Lola/Agrada/CSS/ajax-loader.gif:0
[  210673ms] [ERROR] Error: <path> attribute d: Expected number, "…0,0,0-.462-1.117Z". @ https://d1hjvew1n9ss7u.cloudfront.net/assets/shjs.js?t=639255987001545277:0
[  210922ms] [WARNING] [Meta Pixel] - Invalid parameter format for currency. Please refer https://developers.facebook.com/docs/meta-pixel/reference/ for valid parameter specifications. @ https://connect.facebook.net/en_US/fbevents.js:203
[  211285ms] [ERROR] Failed to load resource: the server responded with a status of 403 () @ https://collector.mailbiz.one/collect:0
[  212836ms] [INFO] É necessário definir o storeID no Plugin TrustVox @ https://d1hjvew1n9ss7u.cloudfront.net/asset.axd?id=GQsAAB-LCAAAAAAAAAO9lsFymzAQhl-lo7Mr3LiOEzo95RF66KHTwyLWoBgkRrvC8WTSZ69M6glgSGeKpkf0_9K32mUlPQvFIhWMT5w8QguknG74ywdVgiPkr573H-_ESphg-q7zAnkdvrRI91ARrkTeBOFX8q2bRkFCkbLzQWmDcLu5v9lu7-926_Wn7eftzW4XHOriULnORbq53cp1-Mguw5pE-uN5fj51xAdPbOvkwRpGw8lrbJTouvEhMFkjwyWq5JjL_rh8JPGy-ldCYW1RoQQD1Ym1oj5lrC0j0YkYa-lQQcOhILLd9GET8jJe4-xeh_ArW2jTJw2EiAxpwXM5T-rkOLwjVsrWKKm0TYNuijmyLONmzh5Jm0IqYCysO9VofJ86aVi819wrloTg1DitPWUZRZWoDtazzIAOGNb0dQ3uVCLkw7y-a1wWQ1gnrHjOXgbGDLFjLU5OK23CH6KprDTxVGoHhojMGnMNNEt8laPzZAtOA2tr_op-c0aMItwExK19kg7OpZyNYeSLE0HjtMIpZCfEYWT-lHlmOz5nh-J_YFmDqtLqEEyx6jfXIEv74qqzz68W-27vd454-5IqiJDb8f1xbYjIvD7iJuRlvBzCq8gTFOHtohQ2DGbYAZOGWNU0eKQKmefO8Td9GRGdC4X5cw31UQOhY_x8-Q3qjZweGQsAAA%3d%3d:40
[  212847ms] Uncaught TypeError: Cannot read properties of undefined (reading 'replace')
    at validaFreteGratis (https://d1hjvew1n9ss7u.cloudfront.net/asset.axd?id=PAEAAB-LCAAAAAAAAAOtj0EPwUAQhf-KzLnsKqu64iBu4oSbOKzt0G2qKztTkQi_3abi6Ob43vfem8wDLIMGxjuLytwM2eCuPOvZ0gRCnrd86k8hgSaGNr5llFE40CdTEyZQXKP_EtuuRREhaA5tJLcIJqM8VSqfZlIO1VilWRYT9puwhStAjyZqIKM4fm1HoPeP333qLi5bYn8RS98wNix2JV6QxNrXRizOwRRGrLbi88ygIngm_1k8YzCOusXD8w1y8dfTPAEAAA%3d%3d:1:7633)
    at <anonymous> (https://d1hjvew1n9ss7u.cloudfront.net/asset.axd?id=PAEAAB-LCAAAAAAAAAOtj0EPwUAQhf-KzLnsKqu64iBu4oSbOKzt0G2qKztTkQi_3abi6Ob43vfem8wDLIMGxjuLytwM2eCuPOvZ0gRCnrd86k8hgSaGNr5llFE40CdTEyZQXKP_EtuuRREhaA5tJLcIJqM8VSqfZlIO1VilWRYT9puwhStAjyZqIKM4fm1HoPeP333qLi5bYn8RS98wNix2JV6QxNrXRizOwRRGrLbi88ygIngm_1k8YzCOusXD8w1y8dfTPAEAAA%3d%3d:1:49808)
    at dispatch (https://d1hjvew1n9ss7u.cloudfront.net/assets/shjs.js?t=639255987001545277:0:32701)
    at a (https://d1hjvew1n9ss7u.cloudfront.net/assets/shjs.js?t=639255987001545277:0:28480)
[  212845ms] [LOG] Banner não encontrado: banner-233 @ https://d1hjvew1n9ss7u.cloudfront.net/asset.axd?id=PAEAAB-LCAAAAAAAAAOtj0EPwUAQhf-KzLnsKqu64iBu4oSbOKzt0G2qKztTkQi_3abi6Ob43vfem8wDLIMGxjuLytwM2eCuPOvZ0gRCnrd86k8hgSaGNr5llFE40CdTEyZQXKP_EtuuRREhaA5tJLcIJqM8VSqfZlIO1VilWRYT9puwhStAjyZqIKM4fm1HoPeP333qLi5bYn8RS98wNix2JV6QxNrXRizOwRRGrLbi88ygIngm_1k8YzCOusXD8w1y8dfTPAEAAA%3d%3d:754
[  212860ms] [LOG] %c Widde Video Commerce %c v24604ee %c Build: 21/09/2026 20:39 %c border: 1px solid #2567f8; background: #2567f8; color: #fff; font-weight: bold; padding: 4px 8px; border-radius: 3px 0 0 0; border: 1px solid #2567f8; border-left: none; background: #FFF; color: #2567f8; font-weight: bold; padding: 4px 8px; border: 1px solid #2567f8; border-left: none; background: #f0f0f0; color: #333; font-weight: bold; padding: 4px 8px; border-radius: 0 3px 3px 0; background: transparent @ https://cdn.widde.io/assets/main.utzwjalemu.js:0
[  212976ms] [LOG] %c Tryon Widde.io %c %s %c border: 1px solid #2567f8; background: #2567f8; color: #fff; font-weight: bold; padding: 4px 8px; border-radius: 3px 0 0 3px; border: 1px solid #2567f8; background: #FFF; color: #2567f8; font-weight: bold; padding: 4px 8px; border-radius: 0 3px 3px 0; 47bf7c2 background: transparent @ https://cdn-tryon.widde.io/widde-tryon.js:86
[  213022ms] [LOG] [tryon-tracker] initialized {domain: www.lolacosmetics.com.br} @ https://cdn-tryon.widde.io/widde-tryon.js:8
[  213308ms] [WARNING] !! Há erros de scripts no template e/ou scripts personalizados !!
Por favor, contate a Agência responsável pela codificação da loja virtual.  @ https://d1hjvew1n9ss7u.cloudfront.net/assets/shjs.js?t=639255987001545277:0
[  214827ms] [VERBOSE] [DOM] Input elements should have autocomplete attributes (suggested: "current-password"): (More info: https://goo.gl/9p2vKq) %o @ http://localhost:4360/:0
[  214827ms] [VERBOSE] [DOM] Input elements should have autocomplete attributes (suggested: "current-password"): (More info: https://goo.gl/9p2vKq) %o @ http://localhost:4360/:0
[  217396ms] [WARNING] Error with Feature-Policy header: Some features are specified in both Feature-Policy and Permissions-Policy header: payment, fullscreen, microphone, camera. Values defined in Permissions-Policy header will be used. @ :0
[  217974ms] [ERROR] Failed to load resource: the server responded with a status of 500 () @ https://fonts.cdnfonts.com/css/leelawade:0
[  218652ms] [ERROR] Failed to load resource: the server responded with a status of 404 () @ https://lolacosmetics.admin.linxcommerce.com.br/Custom/Content/Themes/Lola/Styles/Fonts/FontAwesome/all.css:0
[  219610ms] [ERROR] Failed to load resource: net::ERR_NAME_NOT_RESOLVED @ https://event.getblue.io/js/blue-tag.min.js:0
[  219628ms] [LOG] AffiseStorage availability: {cookie: true, localStorage: true, sessionStorage: true} @ https://rankmediabrasil.g2afse.com/websdk.js:0
[  219628ms] [LOG] Status RNK Media - ClickId: null UTM: null @ :3
[  219639ms] [LOG] Banner não encontrado: banner-233 @ https://d1hjvew1n9ss7u.cloudfront.net/asset.axd?id=PAEAAB-LCAAAAAAAAAOtj0EPwUAQhf-KzLnsKqu64iBu4oSbOKzt0G2qKztTkQi_3abi6Ob43vfem8wDLIMGxjuLytwM2eCuPOvZ0gRCnrd86k8hgSaGNr5llFE40CdTEyZQXKP_EtuuRREhaA5tJLcIJqM8VSqfZlIO1VilWRYT9puwhStAjyZqIKM4fm1HoPeP333qLi5bYn8RS98wNix2JV6QxNrXRizOwRRGrLbi88ygIngm_1k8YzCOusXD8w1y8dfTPAEAAA%3d%3d:754
[  219641ms] [LOG] [Debug Carrinho] Polling ativo @ https://d1hjvew1n9ss7u.cloudfront.net/asset.axd?id=PAEAAB-LCAAAAAAAAAOtj0EPwUAQhf-KzLnsKqu64iBu4oSbOKzt0G2qKztTkQi_3abi6Ob43vfem8wDLIMGxjuLytwM2eCuPOvZ0gRCnrd86k8hgSaGNr5llFE40CdTEyZQXKP_EtuuRREhaA5tJLcIJqM8VSqfZlIO1VilWRYT9puwhStAjyZqIKM4fm1HoPeP333qLi5bYn8RS98wNix2JV6QxNrXRizOwRRGrLbi88ygIngm_1k8YzCOusXD8w1y8dfTPAEAAA%3d%3d:1790
[  219701ms] [LOG] categoria @ https://d1hjvew1n9ss7u.cloudfront.net/asset.axd?id=PAEAAB-LCAAAAAAAAAOtj0EPwUAQhf-KzLnsKqu64iBu4oSbOKzt0G2qKztTkQi_3abi6Ob43vfem8wDLIMGxjuLytwM2eCuPOvZ0gRCnrd86k8hgSaGNr5llFE40CdTEyZQXKP_EtuuRREhaA5tJLcIJqM8VSqfZlIO1VilWRYT9puwhStAjyZqIKM4fm1HoPeP333qLi5bYn8RS98wNix2JV6QxNrXRizOwRRGrLbi88ygIngm_1k8YzCOusXD8w1y8dfTPAEAAA%3d%3d:1
[  219703ms] [WARNING] !! Há erros de scripts de terceiros !!
Por favor, contate a Empresa responsável pelo script.  @ https://d1hjvew1n9ss7u.cloudfront.net/assets/shjs.js?t=639255987001545277:0
[  219706ms] Uncaught Error: You must pass a string or Handlebars AST to Handlebars.compile. You passed null
    at e.compile (https://d1hjvew1n9ss7u.cloudfront.net/asset.axd?id=PAEAAB-LCAAAAAAAAAOtj0EPwUAQhf-KzLnsKqu64iBu4oSbOKzt0G2qKztTkQi_3abi6Ob43vfem8wDLIMGxjuLytwM2eCuPOvZ0gRCnrd86k8hgSaGNr5llFE40CdTEyZQXKP_EtuuRREhaA5tJLcIJqM8VSqfZlIO1VilWRYT9puwhStAjyZqIKM4fm1HoPeP333qLi5bYn8RS98wNix2JV6QxNrXRizOwRRGrLbi88ygIngm_1k8YzCOusXD8w1y8dfTPAEAAA%3d%3d:1794:49302)
    at i.compile (https://d1hjvew1n9ss7u.cloudfront.net/asset.axd?id=PAEAAB-LCAAAAAAAAAOtj0EPwUAQhf-KzLnsKqu64iBu4oSbOKzt0G2qKztTkQi_3abi6Ob43vfem8wDLIMGxjuLytwM2eCuPOvZ0gRCnrd86k8hgSaGNr5llFE40CdTEyZQXKP_EtuuRREhaA5tJLcIJqM8VSqfZlIO1VilWRYT9puwhStAjyZqIKM4fm1HoPeP333qLi5bYn8RS98wNix2JV6QxNrXRizOwRRGrLbi88ygIngm_1k8YzCOusXD8w1y8dfTPAEAAA%3d%3d:1794:343)
    at renderBasket (https://d1hjvew1n9ss7u.cloudfront.net/asset.axd?id=PAEAAB-LCAAAAAAAAAOtj0EPwUAQhf-KzLnsKqu64iBu4oSbOKzt0G2qKztTkQi_3abi6Ob43vfem8wDLIMGxjuLytwM2eCuPOvZ0gRCnrd86k8hgSaGNr5llFE40CdTEyZQXKP_EtuuRREhaA5tJLcIJqM8VSqfZlIO1VilWRYT9puwhStAjyZqIKM4fm1HoPeP333qLi5bYn8RS98wNix2JV6QxNrXRizOwRRGrLbi88ygIngm_1k8YzCOusXD8w1y8dfTPAEAAA%3d%3d:29:27)
    at <anonymous> (https://d1hjvew1n9ss7u.cloudfront.net/asset.axd?id=PAEAAB-LCAAAAAAAAAOtj0EPwUAQhf-KzLnsKqu64iBu4oSbOKzt0G2qKztTkQi_3abi6Ob43vfem8wDLIMGxjuLytwM2eCuPOvZ0gRCnrd86k8hgSaGNr5llFE40CdTEyZQXKP_EtuuRREhaA5tJLcIJqM8VSqfZlIO1VilWRYT9puwhStAjyZqIKM4fm1HoPeP333qLi5bYn8RS98wNix2JV6QxNrXRizOwRRGrLbi88ygIngm_1k8YzCOusXD8w1y8dfTPAEAAA%3d%3d:220:1)
    at f (https://d1hjvew1n9ss7u.cloudfront.net/assets/shjs.js?t=639255987001545277:0:10382)
    at fireWith (https://d1hjvew1n9ss7u.cloudfront.net/assets/shjs.js?t=639255987001545277:0:11137)
    at ready (https://d1hjvew1n9ss7u.cloudfront.net/assets/shjs.js?t=639255987001545277:0:5238)
    at r (https://d1hjvew1n9ss7u.cloudfront.net/assets/shjs.js?t=639255987001545277:0:9748)
[  219713ms] [VERBOSE] [DOM] Input elements should have autocomplete attributes (suggested: "current-password"): (More info: https://goo.gl/9p2vKq) %o @ https://www.lolacosmetics.com.br/kits:0
[  219714ms] [VERBOSE] [DOM] Input elements should have autocomplete attributes (suggested: "current-password"): (More info: https://goo.gl/9p2vKq) %o @ https://www.lolacosmetics.com.br/kits:0
[  219752ms] [ERROR] Access to XMLHttpRequest at 'https://api.reclameaqui.com.br/embed-reputation/hash/NjQ5NTQ6bG9sYS1jb3NtZXRpY3M=' from origin 'https://www.lolacosmetics.com.br' has been blocked by CORS policy: No 'Access-Control-Allow-Origin' header is present on the requested resource. @ https://www.lolacosmetics.com.br/kits:0
[  219752ms] [ERROR] RA-Reputation: bad response from server https://api.reclameaqui.com.br/embed-reputation/hash/NjQ5NTQ6bG9sYS1jb3NtZXRpY3M= @ https://s3.amazonaws.com/raichu-beta/selos/bundle.js:0
[  219752ms] [ERROR] Failed to load resource: net::ERR_FAILED @ https://api.reclameaqui.com.br/embed-reputation/hash/NjQ5NTQ6bG9sYS1jb3NtZXRpY3M=:0
[  220277ms] [ERROR] Failed to load resource: the server responded with a status of 403 () @ https://collector.mailbiz.one/collect:0
[  220359ms] [INFO] É necessário definir o storeID no Plugin TrustVox @ https://d1hjvew1n9ss7u.cloudfront.net/asset.axd?id=_woAAB-LCAAAAAAAAAO9lsFunDAQhl-l4rw122w3m1D1lEfooYeqh8HMgrNgW_aYDYrSZ--EaFVgIZWK1aP9__b3Y3uwnxNJSZYQPlH6CC146ZSlLx9kBc4jfQ10_HiXbBLNpu-qKJG23FJJdoTa4yYpLAu_0m_9MM8SJhm5wErLwu3u_ma_v787bLef9p_3N4cDO-TFIQtVJNnudi-23Mgv3con2Y_n5fG-Jz4ET6ZJH4wm1JS-ZfOpamzgYKJBgkuq9FyIYb949MnL5l8JpTFljQI01B0p6YeUqbaO5DtP2AiHEizxhoh2N4TNyOt41pmj4vi1KZUekkZCRIYwEKhaJvVyHN4Za2kaFL4y1qKbY04s67i5M2evdCkkEJbGdQ3qMKTOGlZ_axEkCY_g5HRZB8o6iqxQnkwgkYM_Ic8ZmgZcVyEU43V917guA8_DM76uXg5aj7FTbR3pCJKjU2f5TGKL9ajcr8R4LOVpicRSDE7pTLDXjL470tkvneLflHE03qE5Pc7Jr5XmOla-mq7frCEis8FCgV8kvsnReaIFp4CU0X9F_3FGTMH3tafWPAkHrwW3mGHii5PAOiVxDtkLcRh56PJAZKa34Vj8DyyjUdZKntgUszanZXKtRqQtg1YxCuAXXfBQ8rtLSrQEenwuZg098-fLbwJGClv_CgAA:52
[  220371ms] Uncaught TypeError: Cannot read properties of undefined (reading 'replace')
    at validaFreteGratis (https://d1hjvew1n9ss7u.cloudfront.net/asset.axd?id=PAEAAB-LCAAAAAAAAAOtj0EPwUAQhf-KzLnsKqu64iBu4oSbOKzt0G2qKztTkQi_3abi6Ob43vfem8wDLIMGxjuLytwM2eCuPOvZ0gRCnrd86k8hgSaGNr5llFE40CdTEyZQXKP_EtuuRREhaA5tJLcIJqM8VSqfZlIO1VilWRYT9puwhStAjyZqIKM4fm1HoPeP333qLi5bYn8RS98wNix2JV6QxNrXRizOwRRGrLbi88ygIngm_1k8YzCOusXD8w1y8dfTPAEAAA%3d%3d:1:7633)
    at <anonymous> (https://d1hjvew1n9ss7u.cloudfront.net/asset.axd?id=PAEAAB-LCAAAAAAAAAOtj0EPwUAQhf-KzLnsKqu64iBu4oSbOKzt0G2qKztTkQi_3abi6Ob43vfem8wDLIMGxjuLytwM2eCuPOvZ0gRCnrd86k8hgSaGNr5llFE40CdTEyZQXKP_EtuuRREhaA5tJLcIJqM8VSqfZlIO1VilWRYT9puwhStAjyZqIKM4fm1HoPeP333qLi5bYn8RS98wNix2JV6QxNrXRizOwRRGrLbi88ygIngm_1k8YzCOusXD8w1y8dfTPAEAAA%3d%3d:1:49808)
    at dispatch (https://d1hjvew1n9ss7u.cloudfront.net/assets/shjs.js?t=639255987001545277:0:32701)
    at a (https://d1hjvew1n9ss7u.cloudfront.net/assets/shjs.js?t=639255987001545277:0:28480)
[  220368ms] [LOG] Banner não encontrado: banner-233 @ https://d1hjvew1n9ss7u.cloudfront.net/asset.axd?id=PAEAAB-LCAAAAAAAAAOtj0EPwUAQhf-KzLnsKqu64iBu4oSbOKzt0G2qKztTkQi_3abi6Ob43vfem8wDLIMGxjuLytwM2eCuPOvZ0gRCnrd86k8hgSaGNr5llFE40CdTEyZQXKP_EtuuRREhaA5tJLcIJqM8VSqfZlIO1VilWRYT9puwhStAjyZqIKM4fm1HoPeP333qLi5bYn8RS98wNix2JV6QxNrXRizOwRRGrLbi88ygIngm_1k8YzCOusXD8w1y8dfTPAEAAA%3d%3d:754
[  220494ms] [LOG] %c Widde Video Commerce %c v24604ee %c Build: 21/09/2026 20:39 %c border: 1px solid #2567f8; background: #2567f8; color: #fff; font-weight: bold; padding: 4px 8px; border-radius: 3px 0 0 0; border: 1px solid #2567f8; border-left: none; background: #FFF; color: #2567f8; font-weight: bold; padding: 4px 8px; border: 1px solid #2567f8; border-left: none; background: #f0f0f0; color: #333; font-weight: bold; padding: 4px 8px; border-radius: 0 3px 3px 0; background: transparent @ https://cdn.widde.io/assets/main.utzwjalemu.js:0
[  220643ms] [LOG] %c Tryon Widde.io %c %s %c border: 1px solid #2567f8; background: #2567f8; color: #fff; font-weight: bold; padding: 4px 8px; border-radius: 3px 0 0 3px; border: 1px solid #2567f8; background: #FFF; color: #2567f8; font-weight: bold; padding: 4px 8px; border-radius: 0 3px 3px 0; 47bf7c2 background: transparent @ https://cdn-tryon.widde.io/widde-tryon.js:86
[  220673ms] [LOG] [tryon-tracker] initialized {domain: www.lolacosmetics.com.br} @ https://cdn-tryon.widde.io/widde-tryon.js:8
[  222262ms] [VERBOSE] [DOM] Input elements should have autocomplete attributes (suggested: "current-password"): (More info: https://goo.gl/9p2vKq) %o @ http://localhost:4360/kits:0
[  222263ms] [VERBOSE] [DOM] Input elements should have autocomplete attributes (suggested: "current-password"): (More info: https://goo.gl/9p2vKq) %o @ http://localhost:4360/kits:0
[  224393ms] [WARNING] Error with Feature-Policy header: Some features are specified in both Feature-Policy and Permissions-Policy header: payment, fullscreen, microphone, camera. Values defined in Permissions-Policy header will be used. @ :0
[  225096ms] [ERROR] Failed to load resource: the server responded with a status of 500 () @ https://fonts.cdnfonts.com/css/leelawade:0
[  225419ms] [ERROR] Failed to load resource: the server responded with a status of 404 () @ https://lolacosmetics.admin.linxcommerce.com.br/Custom/Content/Themes/Lola/Styles/Fonts/FontAwesome/all.css:0
[  225433ms] [LOG] Trustvox rating | PDP: 46389 tipo: 3 @ https://www.lolacosmetics.com.br/volumao-shampoo-250ml-ps-19629-321-p46389:16
[  225433ms] [LOG] Trustvox rating | ID final usado = 46389 @ https://www.lolacosmetics.com.br/volumao-shampoo-250ml-ps-19629-321-p46389:16
[  225434ms] [LOG] Trustvox PDP | product: 46389 | type: 3 | usedId: 46389 @ https://www.lolacosmetics.com.br/volumao-shampoo-250ml-ps-19629-321-p46389:44
[  225513ms] [ERROR] Access to XMLHttpRequest at 'https://api.reclameaqui.com.br/embed-reputation/hash/NjQ5NTQ6bG9sYS1jb3NtZXRpY3M=' from origin 'https://www.lolacosmetics.com.br' has been blocked by CORS policy: No 'Access-Control-Allow-Origin' header is present on the requested resource. @ https://www.lolacosmetics.com.br/volumao-shampoo-250ml-ps-19629-321-p46389:0
[  225513ms] [ERROR] RA-Reputation: bad response from server https://api.reclameaqui.com.br/embed-reputation/hash/NjQ5NTQ6bG9sYS1jb3NtZXRpY3M= @ https://s3.amazonaws.com/raichu-beta/selos/bundle.js:0
[  225513ms] [ERROR] Failed to load resource: net::ERR_FAILED @ https://api.reclameaqui.com.br/embed-reputation/hash/NjQ5NTQ6bG9sYS1jb3NtZXRpY3M=:0
[  225629ms] [LOG] Banner não encontrado: banner-233 @ https://d1hjvew1n9ss7u.cloudfront.net/asset.axd?id=PAEAAB-LCAAAAAAAAAOtj0EPwUAQhf-KzLnsKqu64iBu4oSbOKzt0G2qKztTkQi_3abi6Ob43vfem8wDLIMGxjuLytwM2eCuPOvZ0gRCnrd86k8hgSaGNr5llFE40CdTEyZQXKP_EtuuRREhaA5tJLcIJqM8VSqfZlIO1VilWRYT9puwhStAjyZqIKM4fm1HoPeP333qLi5bYn8RS98wNix2JV6QxNrXRizOwRRGrLbi88ygIngm_1k8YzCOusXD8w1y8dfTPAEAAA%3d%3d:754
[  225631ms] [LOG] [Debug Carrinho] Polling ativo @ https://d1hjvew1n9ss7u.cloudfront.net/asset.axd?id=PAEAAB-LCAAAAAAAAAOtj0EPwUAQhf-KzLnsKqu64iBu4oSbOKzt0G2qKztTkQi_3abi6Ob43vfem8wDLIMGxjuLytwM2eCuPOvZ0gRCnrd86k8hgSaGNr5llFE40CdTEyZQXKP_EtuuRREhaA5tJLcIJqM8VSqfZlIO1VilWRYT9puwhStAjyZqIKM4fm1HoPeP333qLi5bYn8RS98wNix2JV6QxNrXRizOwRRGrLbi88ygIngm_1k8YzCOusXD8w1y8dfTPAEAAA%3d%3d:1790
[  225689ms] [LOG] add @ https://d1hjvew1n9ss7u.cloudfront.net/asset.axd?id=PAEAAB-LCAAAAAAAAAOtj0EPwUAQhf-KzLnsKqu64iBu4oSbOKzt0G2qKztTkQi_3abi6Ob43vfem8wDLIMGxjuLytwM2eCuPOvZ0gRCnrd86k8hgSaGNr5llFE40CdTEyZQXKP_EtuuRREhaA5tJLcIJqM8VSqfZlIO1VilWRYT9puwhStAjyZqIKM4fm1HoPeP333qLi5bYn8RS98wNix2JV6QxNrXRizOwRRGrLbi88ygIngm_1k8YzCOusXD8w1y8dfTPAEAAA%3d%3d:1
[  225691ms] [WARNING] !! Há erros de scripts de terceiros !!
Por favor, contate a Empresa responsável pelo script.  @ https://d1hjvew1n9ss7u.cloudfront.net/assets/shjs.js?t=639255987001545277:0
[  225691ms] Uncaught Error: You must pass a string or Handlebars AST to Handlebars.compile. You passed null
    at e.compile (https://d1hjvew1n9ss7u.cloudfront.net/asset.axd?id=PAEAAB-LCAAAAAAAAAOtj0EPwUAQhf-KzLnsKqu64iBu4oSbOKzt0G2qKztTkQi_3abi6Ob43vfem8wDLIMGxjuLytwM2eCuPOvZ0gRCnrd86k8hgSaGNr5llFE40CdTEyZQXKP_EtuuRREhaA5tJLcIJqM8VSqfZlIO1VilWRYT9puwhStAjyZqIKM4fm1HoPeP333qLi5bYn8RS98wNix2JV6QxNrXRizOwRRGrLbi88ygIngm_1k8YzCOusXD8w1y8dfTPAEAAA%3d%3d:1794:49302)
    at i.compile (https://d1hjvew1n9ss7u.cloudfront.net/asset.axd?id=PAEAAB-LCAAAAAAAAAOtj0EPwUAQhf-KzLnsKqu64iBu4oSbOKzt0G2qKztTkQi_3abi6Ob43vfem8wDLIMGxjuLytwM2eCuPOvZ0gRCnrd86k8hgSaGNr5llFE40CdTEyZQXKP_EtuuRREhaA5tJLcIJqM8VSqfZlIO1VilWRYT9puwhStAjyZqIKM4fm1HoPeP333qLi5bYn8RS98wNix2JV6QxNrXRizOwRRGrLbi88ygIngm_1k8YzCOusXD8w1y8dfTPAEAAA%3d%3d:1794:343)
    at renderBasket (https://d1hjvew1n9ss7u.cloudfront.net/asset.axd?id=PAEAAB-LCAAAAAAAAAOtj0EPwUAQhf-KzLnsKqu64iBu4oSbOKzt0G2qKztTkQi_3abi6Ob43vfem8wDLIMGxjuLytwM2eCuPOvZ0gRCnrd86k8hgSaGNr5llFE40CdTEyZQXKP_EtuuRREhaA5tJLcIJqM8VSqfZlIO1VilWRYT9puwhStAjyZqIKM4fm1HoPeP333qLi5bYn8RS98wNix2JV6QxNrXRizOwRRGrLbi88ygIngm_1k8YzCOusXD8w1y8dfTPAEAAA%3d%3d:29:27)
    at <anonymous> (https://d1hjvew1n9ss7u.cloudfront.net/asset.axd?id=PAEAAB-LCAAAAAAAAAOtj0EPwUAQhf-KzLnsKqu64iBu4oSbOKzt0G2qKztTkQi_3abi6Ob43vfem8wDLIMGxjuLytwM2eCuPOvZ0gRCnrd86k8hgSaGNr5llFE40CdTEyZQXKP_EtuuRREhaA5tJLcIJqM8VSqfZlIO1VilWRYT9puwhStAjyZqIKM4fm1HoPeP333qLi5bYn8RS98wNix2JV6QxNrXRizOwRRGrLbi88ygIngm_1k8YzCOusXD8w1y8dfTPAEAAA%3d%3d:220:1)
    at f (https://d1hjvew1n9ss7u.cloudfront.net/assets/shjs.js?t=639255987001545277:0:10382)
    at fireWith (https://d1hjvew1n9ss7u.cloudfront.net/assets/shjs.js?t=639255987001545277:0:11137)
    at ready (https://d1hjvew1n9ss7u.cloudfront.net/assets/shjs.js?t=639255987001545277:0:5238)
    at r (https://d1hjvew1n9ss7u.cloudfront.net/assets/shjs.js?t=639255987001545277:0:9748)
[  225694ms] [VERBOSE] [DOM] Input elements should have autocomplete attributes (suggested: "current-password"): (More info: https://goo.gl/9p2vKq) %o @ https://www.lolacosmetics.com.br/volumao-shampoo-250ml-ps-19629-321-p46389:0
[  225694ms] [VERBOSE] [DOM] Input elements should have autocomplete attributes (suggested: "current-password"): (More info: https://goo.gl/9p2vKq) %o @ https://www.lolacosmetics.com.br/volumao-shampoo-250ml-ps-19629-321-p46389:0
[  225889ms] [ERROR] Failed to load resource: net::ERR_NAME_NOT_RESOLVED @ https://event.getblue.io/js/blue-tag.min.js:0
[  225892ms] [LOG] AffiseStorage availability: {cookie: true, localStorage: true, sessionStorage: true} @ https://rankmediabrasil.g2afse.com/websdk.js:0
[  225892ms] [LOG] Status RNK Media - ClickId: null UTM: null @ :3
[  225997ms] [ERROR] Failed to load resource: the server responded with a status of 404 () @ https://d1hjvew1n9ss7u.cloudfront.net/Custom/Content/Themes/Lola/Agrada/CSS/ajax-loader.gif:0
[  226185ms] [WARNING] [Meta Pixel] - Invalid parameter format for currency. Please refer https://developers.facebook.com/docs/meta-pixel/reference/ for valid parameter specifications. @ https://connect.facebook.net/en_US/fbevents.js:203
[  226559ms] Uncaught TypeError: Cannot read properties of undefined (reading 'replace')
    at validaFreteGratis (https://d1hjvew1n9ss7u.cloudfront.net/asset.axd?id=PAEAAB-LCAAAAAAAAAOtj0EPwUAQhf-KzLnsKqu64iBu4oSbOKzt0G2qKztTkQi_3abi6Ob43vfem8wDLIMGxjuLytwM2eCuPOvZ0gRCnrd86k8hgSaGNr5llFE40CdTEyZQXKP_EtuuRREhaA5tJLcIJqM8VSqfZlIO1VilWRYT9puwhStAjyZqIKM4fm1HoPeP333qLi5bYn8RS98wNix2JV6QxNrXRizOwRRGrLbi88ygIngm_1k8YzCOusXD8w1y8dfTPAEAAA%3d%3d:1:7633)
    at <anonymous> (https://d1hjvew1n9ss7u.cloudfront.net/asset.axd?id=PAEAAB-LCAAAAAAAAAOtj0EPwUAQhf-KzLnsKqu64iBu4oSbOKzt0G2qKztTkQi_3abi6Ob43vfem8wDLIMGxjuLytwM2eCuPOvZ0gRCnrd86k8hgSaGNr5llFE40CdTEyZQXKP_EtuuRREhaA5tJLcIJqM8VSqfZlIO1VilWRYT9puwhStAjyZqIKM4fm1HoPeP333qLi5bYn8RS98wNix2JV6QxNrXRizOwRRGrLbi88ygIngm_1k8YzCOusXD8w1y8dfTPAEAAA%3d%3d:1:49808)
    at dispatch (https://d1hjvew1n9ss7u.cloudfront.net/assets/shjs.js?t=639255987001545277:0:32701)
    at a (https://d1hjvew1n9ss7u.cloudfront.net/assets/shjs.js?t=639255987001545277:0:28480)
[  226558ms] [LOG] Banner não encontrado: banner-233 @ https://d1hjvew1n9ss7u.cloudfront.net/asset.axd?id=PAEAAB-LCAAAAAAAAAOtj0EPwUAQhf-KzLnsKqu64iBu4oSbOKzt0G2qKztTkQi_3abi6Ob43vfem8wDLIMGxjuLytwM2eCuPOvZ0gRCnrd86k8hgSaGNr5llFE40CdTEyZQXKP_EtuuRREhaA5tJLcIJqM8VSqfZlIO1VilWRYT9puwhStAjyZqIKM4fm1HoPeP333qLi5bYn8RS98wNix2JV6QxNrXRizOwRRGrLbi88ygIngm_1k8YzCOusXD8w1y8dfTPAEAAA%3d%3d:754
[  226648ms] [ERROR] Failed to load resource: the server responded with a status of 403 () @ https://collector.mailbiz.one/collect:0
[  226655ms] [LOG] %c Widde Video Commerce %c v24604ee %c Build: 21/09/2026 20:39 %c border: 1px solid #2567f8; background: #2567f8; color: #fff; font-weight: bold; padding: 4px 8px; border-radius: 3px 0 0 0; border: 1px solid #2567f8; border-left: none; background: #FFF; color: #2567f8; font-weight: bold; padding: 4px 8px; border: 1px solid #2567f8; border-left: none; background: #f0f0f0; color: #333; font-weight: bold; padding: 4px 8px; border-radius: 0 3px 3px 0; background: transparent @ https://cdn.widde.io/assets/main.utzwjalemu.js:0
[  226919ms] [LOG] %c Tryon Widde.io %c %s %c border: 1px solid #2567f8; background: #2567f8; color: #fff; font-weight: bold; padding: 4px 8px; border-radius: 3px 0 0 3px; border: 1px solid #2567f8; background: #FFF; color: #2567f8; font-weight: bold; padding: 4px 8px; border-radius: 0 3px 3px 0; 47bf7c2 background: transparent @ https://cdn-tryon.widde.io/widde-tryon.js:86
[  226984ms] [LOG] [tryon-tracker] initialized {domain: www.lolacosmetics.com.br} @ https://cdn-tryon.widde.io/widde-tryon.js:8
[  228417ms] [VERBOSE] [DOM] Input elements should have autocomplete attributes (suggested: "current-password"): (More info: https://goo.gl/9p2vKq) %o @ http://localhost:4360/volumao-shampoo-250ml-ps-19629-321-p46389:0
[  228417ms] [VERBOSE] [DOM] Input elements should have autocomplete attributes (suggested: "current-password"): (More info: https://goo.gl/9p2vKq) %o @ http://localhost:4360/volumao-shampoo-250ml-ps-19629-321-p46389:0
[  230559ms] [WARNING] Error with Feature-Policy header: Some features are specified in both Feature-Policy and Permissions-Policy header: payment, fullscreen, microphone, camera. Values defined in Permissions-Policy header will be used. @ :0
[  230904ms] [ERROR] Failed to load resource: the server responded with a status of 500 () @ https://fonts.cdnfonts.com/css/leelawade:0
[  231332ms] [ERROR] Failed to load resource: the server responded with a status of 404 () @ https://lolacosmetics.admin.linxcommerce.com.br/Custom/Content/Themes/Lola/Styles/Fonts/FontAwesome/all.css:0
[  231396ms] [ERROR] Access to XMLHttpRequest at 'https://api.reclameaqui.com.br/embed-reputation/hash/NjQ5NTQ6bG9sYS1jb3NtZXRpY3M=' from origin 'https://www.lolacosmetics.com.br' has been blocked by CORS policy: No 'Access-Control-Allow-Origin' header is present on the requested resource. @ https://www.lolacosmetics.com.br/:2
[  231396ms] [ERROR] RA-Reputation: bad response from server https://api.reclameaqui.com.br/embed-reputation/hash/NjQ5NTQ6bG9sYS1jb3NtZXRpY3M= @ https://s3.amazonaws.com/raichu-beta/selos/bundle.js:0
[  231396ms] [ERROR] Failed to load resource: net::ERR_FAILED @ https://api.reclameaqui.com.br/embed-reputation/hash/NjQ5NTQ6bG9sYS1jb3NtZXRpY3M=:0
[  231542ms] [LOG] Banner não encontrado: banner-233 @ https://d1hjvew1n9ss7u.cloudfront.net/asset.axd?id=PAEAAB-LCAAAAAAAAAOtj0EPwUAQhf-KzLnsKqu64iBu4oSbOKzt0G2qKztTkQi_3abi6Ob43vfem8wDLIMGxjuLytwM2eCuPOvZ0gRCnrd86k8hgSaGNr5llFE40CdTEyZQXKP_EtuuRREhaA5tJLcIJqM8VSqfZlIO1VilWRYT9puwhStAjyZqIKM4fm1HoPeP333qLi5bYn8RS98wNix2JV6QxNrXRizOwRRGrLbi88ygIngm_1k8YzCOusXD8w1y8dfTPAEAAA%3d%3d:754
[  231543ms] [LOG] [Debug Carrinho] Polling ativo @ https://d1hjvew1n9ss7u.cloudfront.net/asset.axd?id=PAEAAB-LCAAAAAAAAAOtj0EPwUAQhf-KzLnsKqu64iBu4oSbOKzt0G2qKztTkQi_3abi6Ob43vfem8wDLIMGxjuLytwM2eCuPOvZ0gRCnrd86k8hgSaGNr5llFE40CdTEyZQXKP_EtuuRREhaA5tJLcIJqM8VSqfZlIO1VilWRYT9puwhStAjyZqIKM4fm1HoPeP333qLi5bYn8RS98wNix2JV6QxNrXRizOwRRGrLbi88ygIngm_1k8YzCOusXD8w1y8dfTPAEAAA%3d%3d:1790
[  231689ms] [WARNING] !! Há erros de scripts de terceiros !!
Por favor, contate a Empresa responsável pelo script.  @ https://d1hjvew1n9ss7u.cloudfront.net/assets/shjs.js?t=639255987001545277:0
[  231690ms] Uncaught Error: You must pass a string or Handlebars AST to Handlebars.compile. You passed null
    at e.compile (https://d1hjvew1n9ss7u.cloudfront.net/asset.axd?id=PAEAAB-LCAAAAAAAAAOtj0EPwUAQhf-KzLnsKqu64iBu4oSbOKzt0G2qKztTkQi_3abi6Ob43vfem8wDLIMGxjuLytwM2eCuPOvZ0gRCnrd86k8hgSaGNr5llFE40CdTEyZQXKP_EtuuRREhaA5tJLcIJqM8VSqfZlIO1VilWRYT9puwhStAjyZqIKM4fm1HoPeP333qLi5bYn8RS98wNix2JV6QxNrXRizOwRRGrLbi88ygIngm_1k8YzCOusXD8w1y8dfTPAEAAA%3d%3d:1794:49302)
    at i.compile (https://d1hjvew1n9ss7u.cloudfront.net/asset.axd?id=PAEAAB-LCAAAAAAAAAOtj0EPwUAQhf-KzLnsKqu64iBu4oSbOKzt0G2qKztTkQi_3abi6Ob43vfem8wDLIMGxjuLytwM2eCuPOvZ0gRCnrd86k8hgSaGNr5llFE40CdTEyZQXKP_EtuuRREhaA5tJLcIJqM8VSqfZlIO1VilWRYT9puwhStAjyZqIKM4fm1HoPeP333qLi5bYn8RS98wNix2JV6QxNrXRizOwRRGrLbi88ygIngm_1k8YzCOusXD8w1y8dfTPAEAAA%3d%3d:1794:343)
    at renderBasket (https://d1hjvew1n9ss7u.cloudfront.net/asset.axd?id=PAEAAB-LCAAAAAAAAAOtj0EPwUAQhf-KzLnsKqu64iBu4oSbOKzt0G2qKztTkQi_3abi6Ob43vfem8wDLIMGxjuLytwM2eCuPOvZ0gRCnrd86k8hgSaGNr5llFE40CdTEyZQXKP_EtuuRREhaA5tJLcIJqM8VSqfZlIO1VilWRYT9puwhStAjyZqIKM4fm1HoPeP333qLi5bYn8RS98wNix2JV6QxNrXRizOwRRGrLbi88ygIngm_1k8YzCOusXD8w1y8dfTPAEAAA%3d%3d:29:27)
    at <anonymous> (https://d1hjvew1n9ss7u.cloudfront.net/asset.axd?id=PAEAAB-LCAAAAAAAAAOtj0EPwUAQhf-KzLnsKqu64iBu4oSbOKzt0G2qKztTkQi_3abi6Ob43vfem8wDLIMGxjuLytwM2eCuPOvZ0gRCnrd86k8hgSaGNr5llFE40CdTEyZQXKP_EtuuRREhaA5tJLcIJqM8VSqfZlIO1VilWRYT9puwhStAjyZqIKM4fm1HoPeP333qLi5bYn8RS98wNix2JV6QxNrXRizOwRRGrLbi88ygIngm_1k8YzCOusXD8w1y8dfTPAEAAA%3d%3d:220:1)
    at f (https://d1hjvew1n9ss7u.cloudfront.net/assets/shjs.js?t=639255987001545277:0:10382)
    at fireWith (https://d1hjvew1n9ss7u.cloudfront.net/assets/shjs.js?t=639255987001545277:0:11137)
    at ready (https://d1hjvew1n9ss7u.cloudfront.net/assets/shjs.js?t=639255987001545277:0:5238)
    at r (https://d1hjvew1n9ss7u.cloudfront.net/assets/shjs.js?t=639255987001545277:0:9748)
[  231712ms] [VERBOSE] [DOM] Input elements should have autocomplete attributes (suggested: "current-password"): (More info: https://goo.gl/9p2vKq) %o @ https://www.lolacosmetics.com.br/:0
[  231712ms] [VERBOSE] [DOM] Input elements should have autocomplete attributes (suggested: "current-password"): (More info: https://goo.gl/9p2vKq) %o @ https://www.lolacosmetics.com.br/:0
[  231755ms] [ERROR] Failed to load resource: net::ERR_NAME_NOT_RESOLVED @ https://event.getblue.io/js/blue-tag.min.js:0
[  231789ms] [LOG] AffiseStorage availability: {cookie: true, localStorage: true, sessionStorage: true} @ https://rankmediabrasil.g2afse.com/websdk.js:0
[  231789ms] [LOG] Status RNK Media - ClickId: null UTM: null @ :3
[  231820ms] [ERROR] Failed to load resource: the server responded with a status of 404 () @ https://d1hjvew1n9ss7u.cloudfront.net/Custom/Content/Themes/Lola/Agrada/CSS/ajax-loader.gif:0
[  232217ms] [ERROR] Error: <path> attribute d: Expected number, "…0,0,0-.462-1.117Z". @ https://d1hjvew1n9ss7u.cloudfront.net/assets/shjs.js?t=639255987001545277:0
[  232272ms] [WARNING] [Meta Pixel] - Invalid parameter format for currency. Please refer https://developers.facebook.com/docs/meta-pixel/reference/ for valid parameter specifications. @ https://connect.facebook.net/en_US/fbevents.js:203
[  232713ms] [ERROR] Failed to load resource: the server responded with a status of 403 () @ https://collector.mailbiz.one/collect:0
[  233879ms] [INFO] É necessário definir o storeID no Plugin TrustVox @ https://d1hjvew1n9ss7u.cloudfront.net/asset.axd?id=GQsAAB-LCAAAAAAAAAO9lsFymzAQhl-lo7Mr3LiOEzo95RF66KHTwyLWoBgkRrvC8WTSZ69M6glgSGeKpkf0_9K32mUlPQvFIhWMT5w8QguknG74ywdVgiPkr573H-_ESphg-q7zAnkdvrRI91ARrkTeBOFX8q2bRkFCkbLzQWmDcLu5v9lu7-926_Wn7eftzW4XHOriULnORbq53cp1-Mguw5pE-uN5fj51xAdPbOvkwRpGw8lrbJTouvEhMFkjwyWq5JjL_rh8JPGy-ldCYW1RoQQD1Ym1oj5lrC0j0YkYa-lQQcOhILLd9GET8jJe4-xeh_ArW2jTJw2EiAxpwXM5T-rkOLwjVsrWKKm0TYNuijmyLONmzh5Jm0IqYCysO9VofJ86aVi819wrloTg1DitPWUZRZWoDtazzIAOGNb0dQ3uVCLkw7y-a1wWQ1gnrHjOXgbGDLFjLU5OK23CH6KprDTxVGoHhojMGnMNNEt8laPzZAtOA2tr_op-c0aMItwExK19kg7OpZyNYeSLE0HjtMIpZCfEYWT-lHlmOz5nh-J_YFmDqtLqEEyx6jfXIEv74qqzz68W-27vd454-5IqiJDb8f1xbYjIvD7iJuRlvBzCq8gTFOHtohQ2DGbYAZOGWNU0eKQKmefO8Td9GRGdC4X5cw31UQOhY_x8-Q3qjZweGQsAAA%3d%3d:40
[  233888ms] Uncaught TypeError: Cannot read properties of undefined (reading 'replace')
    at validaFreteGratis (https://d1hjvew1n9ss7u.cloudfront.net/asset.axd?id=PAEAAB-LCAAAAAAAAAOtj0EPwUAQhf-KzLnsKqu64iBu4oSbOKzt0G2qKztTkQi_3abi6Ob43vfem8wDLIMGxjuLytwM2eCuPOvZ0gRCnrd86k8hgSaGNr5llFE40CdTEyZQXKP_EtuuRREhaA5tJLcIJqM8VSqfZlIO1VilWRYT9puwhStAjyZqIKM4fm1HoPeP333qLi5bYn8RS98wNix2JV6QxNrXRizOwRRGrLbi88ygIngm_1k8YzCOusXD8w1y8dfTPAEAAA%3d%3d:1:7633)
    at <anonymous> (https://d1hjvew1n9ss7u.cloudfront.net/asset.axd?id=PAEAAB-LCAAAAAAAAAOtj0EPwUAQhf-KzLnsKqu64iBu4oSbOKzt0G2qKztTkQi_3abi6Ob43vfem8wDLIMGxjuLytwM2eCuPOvZ0gRCnrd86k8hgSaGNr5llFE40CdTEyZQXKP_EtuuRREhaA5tJLcIJqM8VSqfZlIO1VilWRYT9puwhStAjyZqIKM4fm1HoPeP333qLi5bYn8RS98wNix2JV6QxNrXRizOwRRGrLbi88ygIngm_1k8YzCOusXD8w1y8dfTPAEAAA%3d%3d:1:49808)
    at dispatch (https://d1hjvew1n9ss7u.cloudfront.net/assets/shjs.js?t=639255987001545277:0:32701)
    at a (https://d1hjvew1n9ss7u.cloudfront.net/assets/shjs.js?t=639255987001545277:0:28480)
[  233887ms] [LOG] Banner não encontrado: banner-233 @ https://d1hjvew1n9ss7u.cloudfront.net/asset.axd?id=PAEAAB-LCAAAAAAAAAOtj0EPwUAQhf-KzLnsKqu64iBu4oSbOKzt0G2qKztTkQi_3abi6Ob43vfem8wDLIMGxjuLytwM2eCuPOvZ0gRCnrd86k8hgSaGNr5llFE40CdTEyZQXKP_EtuuRREhaA5tJLcIJqM8VSqfZlIO1VilWRYT9puwhStAjyZqIKM4fm1HoPeP333qLi5bYn8RS98wNix2JV6QxNrXRizOwRRGrLbi88ygIngm_1k8YzCOusXD8w1y8dfTPAEAAA%3d%3d:754
[  233901ms] [LOG] %c Widde Video Commerce %c v24604ee %c Build: 21/09/2026 20:39 %c border: 1px solid #2567f8; background: #2567f8; color: #fff; font-weight: bold; padding: 4px 8px; border-radius: 3px 0 0 0; border: 1px solid #2567f8; border-left: none; background: #FFF; color: #2567f8; font-weight: bold; padding: 4px 8px; border: 1px solid #2567f8; border-left: none; background: #f0f0f0; color: #333; font-weight: bold; padding: 4px 8px; border-radius: 0 3px 3px 0; background: transparent @ https://cdn.widde.io/assets/main.utzwjalemu.js:0
[  233920ms] [ERROR] Error decoding JWT: Error: Invalid JWT format
    at u0 (https://cdn.widde.io/assets/shared-utils.58MPgxdv.js:99:89838)
    at e (https://cdn.widde.io/assets/shared-utils.58MPgxdv.js:99:90502)
    at d0.startNativation (https://cdn.widde.io/assets/shared-utils.58MPgxdv.js:99:90616)
    at d0.registerNavigation (https://cdn.widde.io/assets/shared-utils.58MPgxdv.js:99:91609)
    at e (https://cdn.widde.io/assets/main.utzwjalemu.js:1:21655) @ https://cdn.widde.io/assets/shared-utils.58MPgxdv.js:98
[  234008ms] [LOG] %c Tryon Widde.io %c %s %c border: 1px solid #2567f8; background: #2567f8; color: #fff; font-weight: bold; padding: 4px 8px; border-radius: 3px 0 0 3px; border: 1px solid #2567f8; background: #FFF; color: #2567f8; font-weight: bold; padding: 4px 8px; border-radius: 0 3px 3px 0; 47bf7c2 background: transparent @ https://cdn-tryon.widde.io/widde-tryon.js:86
[  234044ms] [LOG] [tryon-tracker] initialized {domain: www.lolacosmetics.com.br} @ https://cdn-tryon.widde.io/widde-tryon.js:8
[  235799ms] [VERBOSE] [DOM] Input elements should have autocomplete attributes (suggested: "current-password"): (More info: https://goo.gl/9p2vKq) %o @ http://localhost:4360/:0
[  235799ms] [VERBOSE] [DOM] Input elements should have autocomplete attributes (suggested: "current-password"): (More info: https://goo.gl/9p2vKq) %o @ http://localhost:4360/:0
[  237846ms] [WARNING] Error with Feature-Policy header: Some features are specified in both Feature-Policy and Permissions-Policy header: payment, fullscreen, microphone, camera. Values defined in Permissions-Policy header will be used. @ :0
[  238259ms] [ERROR] Failed to load resource: the server responded with a status of 500 () @ https://fonts.cdnfonts.com/css/leelawade:0
[  238981ms] [ERROR] Failed to load resource: the server responded with a status of 404 () @ https://lolacosmetics.admin.linxcommerce.com.br/Custom/Content/Themes/Lola/Styles/Fonts/FontAwesome/all.css:0
[  239105ms] [ERROR] Access to XMLHttpRequest at 'https://api.reclameaqui.com.br/embed-reputation/hash/NjQ5NTQ6bG9sYS1jb3NtZXRpY3M=' from origin 'https://www.lolacosmetics.com.br' has been blocked by CORS policy: No 'Access-Control-Allow-Origin' header is present on the requested resource. @ https://www.lolacosmetics.com.br/kits:4
[  239105ms] [ERROR] RA-Reputation: bad response from server https://api.reclameaqui.com.br/embed-reputation/hash/NjQ5NTQ6bG9sYS1jb3NtZXRpY3M= @ https://s3.amazonaws.com/raichu-beta/selos/bundle.js:0
[  239105ms] [ERROR] Failed to load resource: net::ERR_FAILED @ https://api.reclameaqui.com.br/embed-reputation/hash/NjQ5NTQ6bG9sYS1jb3NtZXRpY3M=:0
[  239223ms] [LOG] Banner não encontrado: banner-233 @ https://d1hjvew1n9ss7u.cloudfront.net/asset.axd?id=PAEAAB-LCAAAAAAAAAOtj0EPwUAQhf-KzLnsKqu64iBu4oSbOKzt0G2qKztTkQi_3abi6Ob43vfem8wDLIMGxjuLytwM2eCuPOvZ0gRCnrd86k8hgSaGNr5llFE40CdTEyZQXKP_EtuuRREhaA5tJLcIJqM8VSqfZlIO1VilWRYT9puwhStAjyZqIKM4fm1HoPeP333qLi5bYn8RS98wNix2JV6QxNrXRizOwRRGrLbi88ygIngm_1k8YzCOusXD8w1y8dfTPAEAAA%3d%3d:754
[  239225ms] [LOG] [Debug Carrinho] Polling ativo @ https://d1hjvew1n9ss7u.cloudfront.net/asset.axd?id=PAEAAB-LCAAAAAAAAAOtj0EPwUAQhf-KzLnsKqu64iBu4oSbOKzt0G2qKztTkQi_3abi6Ob43vfem8wDLIMGxjuLytwM2eCuPOvZ0gRCnrd86k8hgSaGNr5llFE40CdTEyZQXKP_EtuuRREhaA5tJLcIJqM8VSqfZlIO1VilWRYT9puwhStAjyZqIKM4fm1HoPeP333qLi5bYn8RS98wNix2JV6QxNrXRizOwRRGrLbi88ygIngm_1k8YzCOusXD8w1y8dfTPAEAAA%3d%3d:1790
[  239281ms] [LOG] categoria @ https://d1hjvew1n9ss7u.cloudfront.net/asset.axd?id=PAEAAB-LCAAAAAAAAAOtj0EPwUAQhf-KzLnsKqu64iBu4oSbOKzt0G2qKztTkQi_3abi6Ob43vfem8wDLIMGxjuLytwM2eCuPOvZ0gRCnrd86k8hgSaGNr5llFE40CdTEyZQXKP_EtuuRREhaA5tJLcIJqM8VSqfZlIO1VilWRYT9puwhStAjyZqIKM4fm1HoPeP333qLi5bYn8RS98wNix2JV6QxNrXRizOwRRGrLbi88ygIngm_1k8YzCOusXD8w1y8dfTPAEAAA%3d%3d:1
[  239283ms] [WARNING] !! Há erros de scripts de terceiros !!
Por favor, contate a Empresa responsável pelo script.  @ https://d1hjvew1n9ss7u.cloudfront.net/assets/shjs.js?t=639255987001545277:0
[  239284ms] Uncaught Error: You must pass a string or Handlebars AST to Handlebars.compile. You passed null
    at e.compile (https://d1hjvew1n9ss7u.cloudfront.net/asset.axd?id=PAEAAB-LCAAAAAAAAAOtj0EPwUAQhf-KzLnsKqu64iBu4oSbOKzt0G2qKztTkQi_3abi6Ob43vfem8wDLIMGxjuLytwM2eCuPOvZ0gRCnrd86k8hgSaGNr5llFE40CdTEyZQXKP_EtuuRREhaA5tJLcIJqM8VSqfZlIO1VilWRYT9puwhStAjyZqIKM4fm1HoPeP333qLi5bYn8RS98wNix2JV6QxNrXRizOwRRGrLbi88ygIngm_1k8YzCOusXD8w1y8dfTPAEAAA%3d%3d:1794:49302)
    at i.compile (https://d1hjvew1n9ss7u.cloudfront.net/asset.axd?id=PAEAAB-LCAAAAAAAAAOtj0EPwUAQhf-KzLnsKqu64iBu4oSbOKzt0G2qKztTkQi_3abi6Ob43vfem8wDLIMGxjuLytwM2eCuPOvZ0gRCnrd86k8hgSaGNr5llFE40CdTEyZQXKP_EtuuRREhaA5tJLcIJqM8VSqfZlIO1VilWRYT9puwhStAjyZqIKM4fm1HoPeP333qLi5bYn8RS98wNix2JV6QxNrXRizOwRRGrLbi88ygIngm_1k8YzCOusXD8w1y8dfTPAEAAA%3d%3d:1794:343)
    at renderBasket (https://d1hjvew1n9ss7u.cloudfront.net/asset.axd?id=PAEAAB-LCAAAAAAAAAOtj0EPwUAQhf-KzLnsKqu64iBu4oSbOKzt0G2qKztTkQi_3abi6Ob43vfem8wDLIMGxjuLytwM2eCuPOvZ0gRCnrd86k8hgSaGNr5llFE40CdTEyZQXKP_EtuuRREhaA5tJLcIJqM8VSqfZlIO1VilWRYT9puwhStAjyZqIKM4fm1HoPeP333qLi5bYn8RS98wNix2JV6QxNrXRizOwRRGrLbi88ygIngm_1k8YzCOusXD8w1y8dfTPAEAAA%3d%3d:29:27)
    at <anonymous> (https://d1hjvew1n9ss7u.cloudfront.net/asset.axd?id=PAEAAB-LCAAAAAAAAAOtj0EPwUAQhf-KzLnsKqu64iBu4oSbOKzt0G2qKztTkQi_3abi6Ob43vfem8wDLIMGxjuLytwM2eCuPOvZ0gRCnrd86k8hgSaGNr5llFE40CdTEyZQXKP_EtuuRREhaA5tJLcIJqM8VSqfZlIO1VilWRYT9puwhStAjyZqIKM4fm1HoPeP333qLi5bYn8RS98wNix2JV6QxNrXRizOwRRGrLbi88ygIngm_1k8YzCOusXD8w1y8dfTPAEAAA%3d%3d:220:1)
    at f (https://d1hjvew1n9ss7u.cloudfront.net/assets/shjs.js?t=639255987001545277:0:10382)
    at fireWith (https://d1hjvew1n9ss7u.cloudfront.net/assets/shjs.js?t=639255987001545277:0:11137)
    at ready (https://d1hjvew1n9ss7u.cloudfront.net/assets/shjs.js?t=639255987001545277:0:5238)
    at r (https://d1hjvew1n9ss7u.cloudfront.net/assets/shjs.js?t=639255987001545277:0:9748)
[  239288ms] [VERBOSE] [DOM] Input elements should have autocomplete attributes (suggested: "current-password"): (More info: https://goo.gl/9p2vKq) %o @ https://www.lolacosmetics.com.br/kits:0
[  239288ms] [VERBOSE] [DOM] Input elements should have autocomplete attributes (suggested: "current-password"): (More info: https://goo.gl/9p2vKq) %o @ https://www.lolacosmetics.com.br/kits:0
[  239305ms] [ERROR] Failed to load resource: net::ERR_NAME_NOT_RESOLVED @ https://event.getblue.io/js/blue-tag.min.js:0
[  239480ms] [LOG] AffiseStorage availability: {cookie: true, localStorage: true, sessionStorage: true} @ https://rankmediabrasil.g2afse.com/websdk.js:0
[  239481ms] [LOG] Status RNK Media - ClickId: null UTM: null @ :3
[  239787ms] [WARNING] [Meta Pixel] - Invalid parameter format for currency. Please refer https://developers.facebook.com/docs/meta-pixel/reference/ for valid parameter specifications. @ https://connect.facebook.net/en_US/fbevents.js:203
[  240132ms] [ERROR] Failed to load resource: the server responded with a status of 403 () @ https://collector.mailbiz.one/collect:0
[  240185ms] [INFO] É necessário definir o storeID no Plugin TrustVox @ https://d1hjvew1n9ss7u.cloudfront.net/asset.axd?id=_woAAB-LCAAAAAAAAAO9lsFunDAQhl-l4rw122w3m1D1lEfooYeqh8HMgrNgW_aYDYrSZ--EaFVgIZWK1aP9__b3Y3uwnxNJSZYQPlH6CC146ZSlLx9kBc4jfQ10_HiXbBLNpu-qKJG23FJJdoTa4yYpLAu_0m_9MM8SJhm5wErLwu3u_ma_v787bLef9p_3N4cDO-TFIQtVJNnudi-23Mgv3con2Y_n5fG-Jz4ET6ZJH4wm1JS-ZfOpamzgYKJBgkuq9FyIYb949MnL5l8JpTFljQI01B0p6YeUqbaO5DtP2AiHEizxhoh2N4TNyOt41pmj4vi1KZUekkZCRIYwEKhaJvVyHN4Za2kaFL4y1qKbY04s67i5M2evdCkkEJbGdQ3qMKTOGlZ_axEkCY_g5HRZB8o6iqxQnkwgkYM_Ic8ZmgZcVyEU43V917guA8_DM76uXg5aj7FTbR3pCJKjU2f5TGKL9ajcr8R4LOVpicRSDE7pTLDXjL470tkvneLflHE03qE5Pc7Jr5XmOla-mq7frCEis8FCgV8kvsnReaIFp4CU0X9F_3FGTMH3tafWPAkHrwW3mGHii5PAOiVxDtkLcRh56PJAZKa34Vj8DyyjUdZKntgUszanZXKtRqQtg1YxCuAXXfBQ8rtLSrQEenwuZg098-fLbwJGClv_CgAA:52
[  240193ms] Uncaught TypeError: Cannot read properties of undefined (reading 'replace')
    at validaFreteGratis (https://d1hjvew1n9ss7u.cloudfront.net/asset.axd?id=PAEAAB-LCAAAAAAAAAOtj0EPwUAQhf-KzLnsKqu64iBu4oSbOKzt0G2qKztTkQi_3abi6Ob43vfem8wDLIMGxjuLytwM2eCuPOvZ0gRCnrd86k8hgSaGNr5llFE40CdTEyZQXKP_EtuuRREhaA5tJLcIJqM8VSqfZlIO1VilWRYT9puwhStAjyZqIKM4fm1HoPeP333qLi5bYn8RS98wNix2JV6QxNrXRizOwRRGrLbi88ygIngm_1k8YzCOusXD8w1y8dfTPAEAAA%3d%3d:1:7633)
    at <anonymous> (https://d1hjvew1n9ss7u.cloudfront.net/asset.axd?id=PAEAAB-LCAAAAAAAAAOtj0EPwUAQhf-KzLnsKqu64iBu4oSbOKzt0G2qKztTkQi_3abi6Ob43vfem8wDLIMGxjuLytwM2eCuPOvZ0gRCnrd86k8hgSaGNr5llFE40CdTEyZQXKP_EtuuRREhaA5tJLcIJqM8VSqfZlIO1VilWRYT9puwhStAjyZqIKM4fm1HoPeP333qLi5bYn8RS98wNix2JV6QxNrXRizOwRRGrLbi88ygIngm_1k8YzCOusXD8w1y8dfTPAEAAA%3d%3d:1:49808)
    at dispatch (https://d1hjvew1n9ss7u.cloudfront.net/assets/shjs.js?t=639255987001545277:0:32701)
    at a (https://d1hjvew1n9ss7u.cloudfront.net/assets/shjs.js?t=639255987001545277:0:28480)
[  240192ms] [LOG] Banner não encontrado: banner-233 @ https://d1hjvew1n9ss7u.cloudfront.net/asset.axd?id=PAEAAB-LCAAAAAAAAAOtj0EPwUAQhf-KzLnsKqu64iBu4oSbOKzt0G2qKztTkQi_3abi6Ob43vfem8wDLIMGxjuLytwM2eCuPOvZ0gRCnrd86k8hgSaGNr5llFE40CdTEyZQXKP_EtuuRREhaA5tJLcIJqM8VSqfZlIO1VilWRYT9puwhStAjyZqIKM4fm1HoPeP333qLi5bYn8RS98wNix2JV6QxNrXRizOwRRGrLbi88ygIngm_1k8YzCOusXD8w1y8dfTPAEAAA%3d%3d:754
[  240275ms] [LOG] %c Widde Video Commerce %c v24604ee %c Build: 21/09/2026 20:39 %c border: 1px solid #2567f8; background: #2567f8; color: #fff; font-weight: bold; padding: 4px 8px; border-radius: 3px 0 0 0; border: 1px solid #2567f8; border-left: none; background: #FFF; color: #2567f8; font-weight: bold; padding: 4px 8px; border: 1px solid #2567f8; border-left: none; background: #f0f0f0; color: #333; font-weight: bold; padding: 4px 8px; border-radius: 0 3px 3px 0; background: transparent @ https://cdn.widde.io/assets/main.utzwjalemu.js:0
[  240329ms] [LOG] %c Tryon Widde.io %c %s %c border: 1px solid #2567f8; background: #2567f8; color: #fff; font-weight: bold; padding: 4px 8px; border-radius: 3px 0 0 3px; border: 1px solid #2567f8; background: #FFF; color: #2567f8; font-weight: bold; padding: 4px 8px; border-radius: 0 3px 3px 0; 47bf7c2 background: transparent @ https://cdn-tryon.widde.io/widde-tryon.js:86
[  240347ms] [LOG] [tryon-tracker] initialized {domain: www.lolacosmetics.com.br} @ https://cdn-tryon.widde.io/widde-tryon.js:8
[  242108ms] [VERBOSE] [DOM] Input elements should have autocomplete attributes (suggested: "current-password"): (More info: https://goo.gl/9p2vKq) %o @ http://localhost:4360/kits:0
[  242108ms] [VERBOSE] [DOM] Input elements should have autocomplete attributes (suggested: "current-password"): (More info: https://goo.gl/9p2vKq) %o @ http://localhost:4360/kits:0
[  244104ms] [WARNING] Error with Feature-Policy header: Some features are specified in both Feature-Policy and Permissions-Policy header: payment, fullscreen, microphone, camera. Values defined in Permissions-Policy header will be used. @ :0
[  244840ms] [ERROR] Failed to load resource: the server responded with a status of 500 () @ https://fonts.cdnfonts.com/css/leelawade:0
[  245398ms] [ERROR] Failed to load resource: the server responded with a status of 404 () @ https://lolacosmetics.admin.linxcommerce.com.br/Custom/Content/Themes/Lola/Styles/Fonts/FontAwesome/all.css:0
[  245408ms] [LOG] Trustvox rating | PDP: 46389 tipo: 3 @ https://www.lolacosmetics.com.br/volumao-shampoo-250ml-ps-19629-321-p46389:16
[  245408ms] [LOG] Trustvox rating | ID final usado = 46389 @ https://www.lolacosmetics.com.br/volumao-shampoo-250ml-ps-19629-321-p46389:16
[  245409ms] [LOG] Trustvox PDP | product: 46389 | type: 3 | usedId: 46389 @ https://www.lolacosmetics.com.br/volumao-shampoo-250ml-ps-19629-321-p46389:44
[  245490ms] [ERROR] Access to XMLHttpRequest at 'https://api.reclameaqui.com.br/embed-reputation/hash/NjQ5NTQ6bG9sYS1jb3NtZXRpY3M=' from origin 'https://www.lolacosmetics.com.br' has been blocked by CORS policy: No 'Access-Control-Allow-Origin' header is present on the requested resource. @ https://www.lolacosmetics.com.br/volumao-shampoo-250ml-ps-19629-321-p46389:48
[  245490ms] [ERROR] RA-Reputation: bad response from server https://api.reclameaqui.com.br/embed-reputation/hash/NjQ5NTQ6bG9sYS1jb3NtZXRpY3M= @ https://s3.amazonaws.com/raichu-beta/selos/bundle.js:0
[  245491ms] [ERROR] Failed to load resource: net::ERR_FAILED @ https://api.reclameaqui.com.br/embed-reputation/hash/NjQ5NTQ6bG9sYS1jb3NtZXRpY3M=:0
[  245860ms] [LOG] Banner não encontrado: banner-233 @ https://d1hjvew1n9ss7u.cloudfront.net/asset.axd?id=PAEAAB-LCAAAAAAAAAOtj0EPwUAQhf-KzLnsKqu64iBu4oSbOKzt0G2qKztTkQi_3abi6Ob43vfem8wDLIMGxjuLytwM2eCuPOvZ0gRCnrd86k8hgSaGNr5llFE40CdTEyZQXKP_EtuuRREhaA5tJLcIJqM8VSqfZlIO1VilWRYT9puwhStAjyZqIKM4fm1HoPeP333qLi5bYn8RS98wNix2JV6QxNrXRizOwRRGrLbi88ygIngm_1k8YzCOusXD8w1y8dfTPAEAAA%3d%3d:754
[  245861ms] [LOG] [Debug Carrinho] Polling ativo @ https://d1hjvew1n9ss7u.cloudfront.net/asset.axd?id=PAEAAB-LCAAAAAAAAAOtj0EPwUAQhf-KzLnsKqu64iBu4oSbOKzt0G2qKztTkQi_3abi6Ob43vfem8wDLIMGxjuLytwM2eCuPOvZ0gRCnrd86k8hgSaGNr5llFE40CdTEyZQXKP_EtuuRREhaA5tJLcIJqM8VSqfZlIO1VilWRYT9puwhStAjyZqIKM4fm1HoPeP333qLi5bYn8RS98wNix2JV6QxNrXRizOwRRGrLbi88ygIngm_1k8YzCOusXD8w1y8dfTPAEAAA%3d%3d:1790
[  245933ms] [LOG] add @ https://d1hjvew1n9ss7u.cloudfront.net/asset.axd?id=PAEAAB-LCAAAAAAAAAOtj0EPwUAQhf-KzLnsKqu64iBu4oSbOKzt0G2qKztTkQi_3abi6Ob43vfem8wDLIMGxjuLytwM2eCuPOvZ0gRCnrd86k8hgSaGNr5llFE40CdTEyZQXKP_EtuuRREhaA5tJLcIJqM8VSqfZlIO1VilWRYT9puwhStAjyZqIKM4fm1HoPeP333qLi5bYn8RS98wNix2JV6QxNrXRizOwRRGrLbi88ygIngm_1k8YzCOusXD8w1y8dfTPAEAAA%3d%3d:1
[  245936ms] [WARNING] !! Há erros de scripts de terceiros !!
Por favor, contate a Empresa responsável pelo script.  @ https://d1hjvew1n9ss7u.cloudfront.net/assets/shjs.js?t=639255987001545277:0
[  245939ms] Uncaught Error: You must pass a string or Handlebars AST to Handlebars.compile. You passed null
    at e.compile (https://d1hjvew1n9ss7u.cloudfront.net/asset.axd?id=PAEAAB-LCAAAAAAAAAOtj0EPwUAQhf-KzLnsKqu64iBu4oSbOKzt0G2qKztTkQi_3abi6Ob43vfem8wDLIMGxjuLytwM2eCuPOvZ0gRCnrd86k8hgSaGNr5llFE40CdTEyZQXKP_EtuuRREhaA5tJLcIJqM8VSqfZlIO1VilWRYT9puwhStAjyZqIKM4fm1HoPeP333qLi5bYn8RS98wNix2JV6QxNrXRizOwRRGrLbi88ygIngm_1k8YzCOusXD8w1y8dfTPAEAAA%3d%3d:1794:49302)
    at i.compile (https://d1hjvew1n9ss7u.cloudfront.net/asset.axd?id=PAEAAB-LCAAAAAAAAAOtj0EPwUAQhf-KzLnsKqu64iBu4oSbOKzt0G2qKztTkQi_3abi6Ob43vfem8wDLIMGxjuLytwM2eCuPOvZ0gRCnrd86k8hgSaGNr5llFE40CdTEyZQXKP_EtuuRREhaA5tJLcIJqM8VSqfZlIO1VilWRYT9puwhStAjyZqIKM4fm1HoPeP333qLi5bYn8RS98wNix2JV6QxNrXRizOwRRGrLbi88ygIngm_1k8YzCOusXD8w1y8dfTPAEAAA%3d%3d:1794:343)
    at renderBasket (https://d1hjvew1n9ss7u.cloudfront.net/asset.axd?id=PAEAAB-LCAAAAAAAAAOtj0EPwUAQhf-KzLnsKqu64iBu4oSbOKzt0G2qKztTkQi_3abi6Ob43vfem8wDLIMGxjuLytwM2eCuPOvZ0gRCnrd86k8hgSaGNr5llFE40CdTEyZQXKP_EtuuRREhaA5tJLcIJqM8VSqfZlIO1VilWRYT9puwhStAjyZqIKM4fm1HoPeP333qLi5bYn8RS98wNix2JV6QxNrXRizOwRRGrLbi88ygIngm_1k8YzCOusXD8w1y8dfTPAEAAA%3d%3d:29:27)
    at <anonymous> (https://d1hjvew1n9ss7u.cloudfront.net/asset.axd?id=PAEAAB-LCAAAAAAAAAOtj0EPwUAQhf-KzLnsKqu64iBu4oSbOKzt0G2qKztTkQi_3abi6Ob43vfem8wDLIMGxjuLytwM2eCuPOvZ0gRCnrd86k8hgSaGNr5llFE40CdTEyZQXKP_EtuuRREhaA5tJLcIJqM8VSqfZlIO1VilWRYT9puwhStAjyZqIKM4fm1HoPeP333qLi5bYn8RS98wNix2JV6QxNrXRizOwRRGrLbi88ygIngm_1k8YzCOusXD8w1y8dfTPAEAAA%3d%3d:220:1)
    at f (https://d1hjvew1n9ss7u.cloudfront.net/assets/shjs.js?t=639255987001545277:0:10382)
    at fireWith (https://d1hjvew1n9ss7u.cloudfront.net/assets/shjs.js?t=639255987001545277:0:11137)
    at ready (https://d1hjvew1n9ss7u.cloudfront.net/assets/shjs.js?t=639255987001545277:0:5238)
    at r (https://d1hjvew1n9ss7u.cloudfront.net/assets/shjs.js?t=639255987001545277:0:9748)
[  245941ms] [VERBOSE] [DOM] Input elements should have autocomplete attributes (suggested: "current-password"): (More info: https://goo.gl/9p2vKq) %o @ https://www.lolacosmetics.com.br/volumao-shampoo-250ml-ps-19629-321-p46389:0
[  245941ms] [VERBOSE] [DOM] Input elements should have autocomplete attributes (suggested: "current-password"): (More info: https://goo.gl/9p2vKq) %o @ https://www.lolacosmetics.com.br/volumao-shampoo-250ml-ps-19629-321-p46389:0
[  245954ms] [LOG] AffiseStorage availability: {cookie: true, localStorage: true, sessionStorage: true} @ https://rankmediabrasil.g2afse.com/websdk.js:0
[  245956ms] [LOG] Status RNK Media - ClickId: null UTM: null @ :3
[  246106ms] [ERROR] Failed to load resource: the server responded with a status of 404 () @ https://d1hjvew1n9ss7u.cloudfront.net/Custom/Content/Themes/Lola/Agrada/CSS/ajax-loader.gif:0
[  246259ms] [ERROR] Failed to load resource: net::ERR_NAME_NOT_RESOLVED @ https://event.getblue.io/js/blue-tag.min.js:0
[  246306ms] [WARNING] [Meta Pixel] - Invalid parameter format for currency. Please refer https://developers.facebook.com/docs/meta-pixel/reference/ for valid parameter specifications. @ https://connect.facebook.net/en_US/fbevents.js:203
[  246615ms] [ERROR] Failed to load resource: the server responded with a status of 403 () @ https://collector.mailbiz.one/collect:0
[  246702ms] Uncaught TypeError: Cannot read properties of undefined (reading 'replace')
    at validaFreteGratis (https://d1hjvew1n9ss7u.cloudfront.net/asset.axd?id=PAEAAB-LCAAAAAAAAAOtj0EPwUAQhf-KzLnsKqu64iBu4oSbOKzt0G2qKztTkQi_3abi6Ob43vfem8wDLIMGxjuLytwM2eCuPOvZ0gRCnrd86k8hgSaGNr5llFE40CdTEyZQXKP_EtuuRREhaA5tJLcIJqM8VSqfZlIO1VilWRYT9puwhStAjyZqIKM4fm1HoPeP333qLi5bYn8RS98wNix2JV6QxNrXRizOwRRGrLbi88ygIngm_1k8YzCOusXD8w1y8dfTPAEAAA%3d%3d:1:7633)
    at <anonymous> (https://d1hjvew1n9ss7u.cloudfront.net/asset.axd?id=PAEAAB-LCAAAAAAAAAOtj0EPwUAQhf-KzLnsKqu64iBu4oSbOKzt0G2qKztTkQi_3abi6Ob43vfem8wDLIMGxjuLytwM2eCuPOvZ0gRCnrd86k8hgSaGNr5llFE40CdTEyZQXKP_EtuuRREhaA5tJLcIJqM8VSqfZlIO1VilWRYT9puwhStAjyZqIKM4fm1HoPeP333qLi5bYn8RS98wNix2JV6QxNrXRizOwRRGrLbi88ygIngm_1k8YzCOusXD8w1y8dfTPAEAAA%3d%3d:1:49808)
    at dispatch (https://d1hjvew1n9ss7u.cloudfront.net/assets/shjs.js?t=639255987001545277:0:32701)
    at a (https://d1hjvew1n9ss7u.cloudfront.net/assets/shjs.js?t=639255987001545277:0:28480)
[  246700ms] [LOG] Banner não encontrado: banner-233 @ https://d1hjvew1n9ss7u.cloudfront.net/asset.axd?id=PAEAAB-LCAAAAAAAAAOtj0EPwUAQhf-KzLnsKqu64iBu4oSbOKzt0G2qKztTkQi_3abi6Ob43vfem8wDLIMGxjuLytwM2eCuPOvZ0gRCnrd86k8hgSaGNr5llFE40CdTEyZQXKP_EtuuRREhaA5tJLcIJqM8VSqfZlIO1VilWRYT9puwhStAjyZqIKM4fm1HoPeP333qLi5bYn8RS98wNix2JV6QxNrXRizOwRRGrLbi88ygIngm_1k8YzCOusXD8w1y8dfTPAEAAA%3d%3d:754
[  246827ms] [LOG] %c Widde Video Commerce %c v24604ee %c Build: 21/09/2026 20:39 %c border: 1px solid #2567f8; background: #2567f8; color: #fff; font-weight: bold; padding: 4px 8px; border-radius: 3px 0 0 0; border: 1px solid #2567f8; border-left: none; background: #FFF; color: #2567f8; font-weight: bold; padding: 4px 8px; border: 1px solid #2567f8; border-left: none; background: #f0f0f0; color: #333; font-weight: bold; padding: 4px 8px; border-radius: 0 3px 3px 0; background: transparent @ https://cdn.widde.io/assets/main.utzwjalemu.js:0
[  246986ms] Uncaught (in promise) TypeError: Cannot read properties of null (reading 'store_id')
    at loadAnswersSummaries (https://static.trustvox.com.br/sincero/sincero.js:0:378910)
    at <anonymous> (https://static.trustvox.com.br/sincero/sincero.js:0:104392)
    at r.dispatch (https://static.trustvox.com.br/sincero/sincero.js:0:106041)
    at dispatch (https://static.trustvox.com.br/sincero/sincero.js:0:102087)
    at <anonymous> (https://static.trustvox.com.br/sincero/sincero.js:0:365471)
[  246988ms] Uncaught (in promise) TypeError: Cannot read properties of null (reading 'store_id')
    at loadProfiles (https://static.trustvox.com.br/sincero/sincero.js:0:376806)
    at <anonymous> (https://static.trustvox.com.br/sincero/sincero.js:0:104392)
    at r.dispatch (https://static.trustvox.com.br/sincero/sincero.js:0:106041)
    at dispatch (https://static.trustvox.com.br/sincero/sincero.js:0:102087)
    at t.context.a.dispatch (https://static.trustvox.com.br/sincero/sincero.js:0:103635)
    at <anonymous> (https://static.trustvox.com.br/sincero/sincero.js:0:376597)
[  247151ms] [LOG] %c Tryon Widde.io %c %s %c border: 1px solid #2567f8; background: #2567f8; color: #fff; font-weight: bold; padding: 4px 8px; border-radius: 3px 0 0 3px; border: 1px solid #2567f8; background: #FFF; color: #2567f8; font-weight: bold; padding: 4px 8px; border-radius: 0 3px 3px 0; 47bf7c2 background: transparent @ https://cdn-tryon.widde.io/widde-tryon.js:86
[  247318ms] [LOG] [tryon-tracker] initialized {domain: www.lolacosmetics.com.br} @ https://cdn-tryon.widde.io/widde-tryon.js:8
[  248579ms] [VERBOSE] [DOM] Input elements should have autocomplete attributes (suggested: "current-password"): (More info: https://goo.gl/9p2vKq) %o @ http://localhost:4360/volumao-shampoo-250ml-ps-19629-321-p46389:0
[  248579ms] [VERBOSE] [DOM] Input elements should have autocomplete attributes (suggested: "current-password"): (More info: https://goo.gl/9p2vKq) %o @ http://localhost:4360/volumao-shampoo-250ml-ps-19629-321-p46389:0
[  279574ms] [WARNING] Error with Feature-Policy header: Some features are specified in both Feature-Policy and Permissions-Policy header: payment, fullscreen, microphone, camera. Values defined in Permissions-Policy header will be used. @ :0
[  280318ms] [ERROR] Failed to load resource: the server responded with a status of 500 () @ https://fonts.cdnfonts.com/css/leelawade:0
[  281056ms] [ERROR] Failed to load resource: the server responded with a status of 404 () @ https://lolacosmetics.admin.linxcommerce.com.br/Custom/Content/Themes/Lola/Styles/Fonts/FontAwesome/all.css:0
[  281066ms] [LOG] Trustvox rating | PDP: 46389 tipo: 3 @ https://www.lolacosmetics.com.br/volumao-shampoo-250ml-ps-19629-321-p46389:16
[  281066ms] [LOG] Trustvox rating | ID final usado = 46389 @ https://www.lolacosmetics.com.br/volumao-shampoo-250ml-ps-19629-321-p46389:16
[  281067ms] [LOG] Trustvox PDP | product: 46389 | type: 3 | usedId: 46389 @ https://www.lolacosmetics.com.br/volumao-shampoo-250ml-ps-19629-321-p46389:44
[  281123ms] [ERROR] Access to XMLHttpRequest at 'https://api.reclameaqui.com.br/embed-reputation/hash/NjQ5NTQ6bG9sYS1jb3NtZXRpY3M=' from origin 'https://www.lolacosmetics.com.br' has been blocked by CORS policy: No 'Access-Control-Allow-Origin' header is present on the requested resource. @ https://www.lolacosmetics.com.br/volumao-shampoo-250ml-ps-19629-321-p46389:48
[  281123ms] [ERROR] RA-Reputation: bad response from server https://api.reclameaqui.com.br/embed-reputation/hash/NjQ5NTQ6bG9sYS1jb3NtZXRpY3M= @ https://s3.amazonaws.com/raichu-beta/selos/bundle.js:0
[  281123ms] [ERROR] Failed to load resource: net::ERR_FAILED @ https://api.reclameaqui.com.br/embed-reputation/hash/NjQ5NTQ6bG9sYS1jb3NtZXRpY3M=:0
[  281273ms] [LOG] Banner não encontrado: banner-233 @ https://d1hjvew1n9ss7u.cloudfront.net/asset.axd?id=PAEAAB-LCAAAAAAAAAOtj0EPwUAQhf-KzLnsKqu64iBu4oSbOKzt0G2qKztTkQi_3abi6Ob43vfem8wDLIMGxjuLytwM2eCuPOvZ0gRCnrd86k8hgSaGNr5llFE40CdTEyZQXKP_EtuuRREhaA5tJLcIJqM8VSqfZlIO1VilWRYT9puwhStAjyZqIKM4fm1HoPeP333qLi5bYn8RS98wNix2JV6QxNrXRizOwRRGrLbi88ygIngm_1k8YzCOusXD8w1y8dfTPAEAAA%3d%3d:754
[  281274ms] [LOG] [Debug Carrinho] Polling ativo @ https://d1hjvew1n9ss7u.cloudfront.net/asset.axd?id=PAEAAB-LCAAAAAAAAAOtj0EPwUAQhf-KzLnsKqu64iBu4oSbOKzt0G2qKztTkQi_3abi6Ob43vfem8wDLIMGxjuLytwM2eCuPOvZ0gRCnrd86k8hgSaGNr5llFE40CdTEyZQXKP_EtuuRREhaA5tJLcIJqM8VSqfZlIO1VilWRYT9puwhStAjyZqIKM4fm1HoPeP333qLi5bYn8RS98wNix2JV6QxNrXRizOwRRGrLbi88ygIngm_1k8YzCOusXD8w1y8dfTPAEAAA%3d%3d:1790
[  281348ms] [LOG] add @ https://d1hjvew1n9ss7u.cloudfront.net/asset.axd?id=PAEAAB-LCAAAAAAAAAOtj0EPwUAQhf-KzLnsKqu64iBu4oSbOKzt0G2qKztTkQi_3abi6Ob43vfem8wDLIMGxjuLytwM2eCuPOvZ0gRCnrd86k8hgSaGNr5llFE40CdTEyZQXKP_EtuuRREhaA5tJLcIJqM8VSqfZlIO1VilWRYT9puwhStAjyZqIKM4fm1HoPeP333qLi5bYn8RS98wNix2JV6QxNrXRizOwRRGrLbi88ygIngm_1k8YzCOusXD8w1y8dfTPAEAAA%3d%3d:1
[  281351ms] [WARNING] !! Há erros de scripts de terceiros !!
Por favor, contate a Empresa responsável pelo script.  @ https://d1hjvew1n9ss7u.cloudfront.net/assets/shjs.js?t=639255987001545277:0
[  281351ms] Uncaught Error: You must pass a string or Handlebars AST to Handlebars.compile. You passed null
    at e.compile (https://d1hjvew1n9ss7u.cloudfront.net/asset.axd?id=PAEAAB-LCAAAAAAAAAOtj0EPwUAQhf-KzLnsKqu64iBu4oSbOKzt0G2qKztTkQi_3abi6Ob43vfem8wDLIMGxjuLytwM2eCuPOvZ0gRCnrd86k8hgSaGNr5llFE40CdTEyZQXKP_EtuuRREhaA5tJLcIJqM8VSqfZlIO1VilWRYT9puwhStAjyZqIKM4fm1HoPeP333qLi5bYn8RS98wNix2JV6QxNrXRizOwRRGrLbi88ygIngm_1k8YzCOusXD8w1y8dfTPAEAAA%3d%3d:1794:49302)
    at i.compile (https://d1hjvew1n9ss7u.cloudfront.net/asset.axd?id=PAEAAB-LCAAAAAAAAAOtj0EPwUAQhf-KzLnsKqu64iBu4oSbOKzt0G2qKztTkQi_3abi6Ob43vfem8wDLIMGxjuLytwM2eCuPOvZ0gRCnrd86k8hgSaGNr5llFE40CdTEyZQXKP_EtuuRREhaA5tJLcIJqM8VSqfZlIO1VilWRYT9puwhStAjyZqIKM4fm1HoPeP333qLi5bYn8RS98wNix2JV6QxNrXRizOwRRGrLbi88ygIngm_1k8YzCOusXD8w1y8dfTPAEAAA%3d%3d:1794:343)
    at renderBasket (https://d1hjvew1n9ss7u.cloudfront.net/asset.axd?id=PAEAAB-LCAAAAAAAAAOtj0EPwUAQhf-KzLnsKqu64iBu4oSbOKzt0G2qKztTkQi_3abi6Ob43vfem8wDLIMGxjuLytwM2eCuPOvZ0gRCnrd86k8hgSaGNr5llFE40CdTEyZQXKP_EtuuRREhaA5tJLcIJqM8VSqfZlIO1VilWRYT9puwhStAjyZqIKM4fm1HoPeP333qLi5bYn8RS98wNix2JV6QxNrXRizOwRRGrLbi88ygIngm_1k8YzCOusXD8w1y8dfTPAEAAA%3d%3d:29:27)
    at <anonymous> (https://d1hjvew1n9ss7u.cloudfront.net/asset.axd?id=PAEAAB-LCAAAAAAAAAOtj0EPwUAQhf-KzLnsKqu64iBu4oSbOKzt0G2qKztTkQi_3abi6Ob43vfem8wDLIMGxjuLytwM2eCuPOvZ0gRCnrd86k8hgSaGNr5llFE40CdTEyZQXKP_EtuuRREhaA5tJLcIJqM8VSqfZlIO1VilWRYT9puwhStAjyZqIKM4fm1HoPeP333qLi5bYn8RS98wNix2JV6QxNrXRizOwRRGrLbi88ygIngm_1k8YzCOusXD8w1y8dfTPAEAAA%3d%3d:220:1)
    at f (https://d1hjvew1n9ss7u.cloudfront.net/assets/shjs.js?t=639255987001545277:0:10382)
    at fireWith (https://d1hjvew1n9ss7u.cloudfront.net/assets/shjs.js?t=639255987001545277:0:11137)
    at ready (https://d1hjvew1n9ss7u.cloudfront.net/assets/shjs.js?t=639255987001545277:0:5238)
    at r (https://d1hjvew1n9ss7u.cloudfront.net/assets/shjs.js?t=639255987001545277:0:9748)
[  281354ms] [VERBOSE] [DOM] Input elements should have autocomplete attributes (suggested: "current-password"): (More info: https://goo.gl/9p2vKq) %o @ https://www.lolacosmetics.com.br/volumao-shampoo-250ml-ps-19629-321-p46389:0
[  281355ms] [VERBOSE] [DOM] Input elements should have autocomplete attributes (suggested: "current-password"): (More info: https://goo.gl/9p2vKq) %o @ https://www.lolacosmetics.com.br/volumao-shampoo-250ml-ps-19629-321-p46389:0
[  281491ms] [LOG] AffiseStorage availability: {cookie: true, localStorage: true, sessionStorage: true} @ https://rankmediabrasil.g2afse.com/websdk.js:0
[  281492ms] [LOG] Status RNK Media - ClickId: null UTM: null @ :3
[  281578ms] [ERROR] Failed to load resource: the server responded with a status of 404 () @ https://d1hjvew1n9ss7u.cloudfront.net/Custom/Content/Themes/Lola/Agrada/CSS/ajax-loader.gif:0
[  281598ms] [ERROR] Failed to load resource: net::ERR_NAME_NOT_RESOLVED @ https://event.getblue.io/js/blue-tag.min.js:0
[  281709ms] [WARNING] [Meta Pixel] - Invalid parameter format for currency. Please refer https://developers.facebook.com/docs/meta-pixel/reference/ for valid parameter specifications. @ https://connect.facebook.net/en_US/fbevents.js:203
[  282114ms] [ERROR] Failed to load resource: the server responded with a status of 403 () @ https://collector.mailbiz.one/collect:0
[  282525ms] Uncaught TypeError: Cannot read properties of undefined (reading 'replace')
    at validaFreteGratis (https://d1hjvew1n9ss7u.cloudfront.net/asset.axd?id=PAEAAB-LCAAAAAAAAAOtj0EPwUAQhf-KzLnsKqu64iBu4oSbOKzt0G2qKztTkQi_3abi6Ob43vfem8wDLIMGxjuLytwM2eCuPOvZ0gRCnrd86k8hgSaGNr5llFE40CdTEyZQXKP_EtuuRREhaA5tJLcIJqM8VSqfZlIO1VilWRYT9puwhStAjyZqIKM4fm1HoPeP333qLi5bYn8RS98wNix2JV6QxNrXRizOwRRGrLbi88ygIngm_1k8YzCOusXD8w1y8dfTPAEAAA%3d%3d:1:7633)
    at <anonymous> (https://d1hjvew1n9ss7u.cloudfront.net/asset.axd?id=PAEAAB-LCAAAAAAAAAOtj0EPwUAQhf-KzLnsKqu64iBu4oSbOKzt0G2qKztTkQi_3abi6Ob43vfem8wDLIMGxjuLytwM2eCuPOvZ0gRCnrd86k8hgSaGNr5llFE40CdTEyZQXKP_EtuuRREhaA5tJLcIJqM8VSqfZlIO1VilWRYT9puwhStAjyZqIKM4fm1HoPeP333qLi5bYn8RS98wNix2JV6QxNrXRizOwRRGrLbi88ygIngm_1k8YzCOusXD8w1y8dfTPAEAAA%3d%3d:1:49808)
    at dispatch (https://d1hjvew1n9ss7u.cloudfront.net/assets/shjs.js?t=639255987001545277:0:32701)
    at a (https://d1hjvew1n9ss7u.cloudfront.net/assets/shjs.js?t=639255987001545277:0:28480)
[  282519ms] [LOG] Banner não encontrado: banner-233 @ https://d1hjvew1n9ss7u.cloudfront.net/asset.axd?id=PAEAAB-LCAAAAAAAAAOtj0EPwUAQhf-KzLnsKqu64iBu4oSbOKzt0G2qKztTkQi_3abi6Ob43vfem8wDLIMGxjuLytwM2eCuPOvZ0gRCnrd86k8hgSaGNr5llFE40CdTEyZQXKP_EtuuRREhaA5tJLcIJqM8VSqfZlIO1VilWRYT9puwhStAjyZqIKM4fm1HoPeP333qLi5bYn8RS98wNix2JV6QxNrXRizOwRRGrLbi88ygIngm_1k8YzCOusXD8w1y8dfTPAEAAA%3d%3d:754
[  282726ms] [LOG] %c Widde Video Commerce %c v24604ee %c Build: 21/09/2026 20:39 %c border: 1px solid #2567f8; background: #2567f8; color: #fff; font-weight: bold; padding: 4px 8px; border-radius: 3px 0 0 0; border: 1px solid #2567f8; border-left: none; background: #FFF; color: #2567f8; font-weight: bold; padding: 4px 8px; border: 1px solid #2567f8; border-left: none; background: #f0f0f0; color: #333; font-weight: bold; padding: 4px 8px; border-radius: 0 3px 3px 0; background: transparent @ https://cdn.widde.io/assets/main.utzwjalemu.js:0
[  282946ms] Uncaught (in promise) TypeError: Cannot read properties of null (reading 'store_id')
    at loadAnswersSummaries (https://static.trustvox.com.br/sincero/sincero.js:0:378910)
    at <anonymous> (https://static.trustvox.com.br/sincero/sincero.js:0:104392)
    at r.dispatch (https://static.trustvox.com.br/sincero/sincero.js:0:106041)
    at dispatch (https://static.trustvox.com.br/sincero/sincero.js:0:102087)
    at <anonymous> (https://static.trustvox.com.br/sincero/sincero.js:0:365471)
[  282946ms] Uncaught (in promise) TypeError: Cannot read properties of null (reading 'store_id')
    at loadProfiles (https://static.trustvox.com.br/sincero/sincero.js:0:376806)
    at <anonymous> (https://static.trustvox.com.br/sincero/sincero.js:0:104392)
    at r.dispatch (https://static.trustvox.com.br/sincero/sincero.js:0:106041)
    at dispatch (https://static.trustvox.com.br/sincero/sincero.js:0:102087)
    at t.context.a.dispatch (https://static.trustvox.com.br/sincero/sincero.js:0:103635)
    at <anonymous> (https://static.trustvox.com.br/sincero/sincero.js:0:376597)
[  283275ms] [LOG] %c Tryon Widde.io %c %s %c border: 1px solid #2567f8; background: #2567f8; color: #fff; font-weight: bold; padding: 4px 8px; border-radius: 3px 0 0 3px; border: 1px solid #2567f8; background: #FFF; color: #2567f8; font-weight: bold; padding: 4px 8px; border-radius: 0 3px 3px 0; 47bf7c2 background: transparent @ https://cdn-tryon.widde.io/widde-tryon.js:86
[  283309ms] [LOG] [tryon-tracker] initialized {domain: www.lolacosmetics.com.br} @ https://cdn-tryon.widde.io/widde-tryon.js:8
[  290795ms] [WARNING] The resource https://fonts.cdnfonts.com/css/leelawade was preloaded using link preload but not used within a few seconds from the window's load event. Please make sure it has an appropriate `as` value and it is preloaded intentionally. @ https://www.lolacosmetics.com.br/volumao-shampoo-250ml-ps-19629-321-p46389:0
[  295010ms] [WARNING] The resource https://fonts.cdnfonts.com/css/leelawade was preloaded using link preload but not used within a few seconds from the window's load event. Please make sure it has an appropriate `as` value and it is preloaded intentionally. @ https://www.lolacosmetics.com.br/volumao-shampoo-250ml-ps-19629-321-p46389:0
[  349425ms] [WARNING] The resource https://fonts.cdnfonts.com/css/leelawade was preloaded using link preload but not used within a few seconds from the window's load event. Please make sure it has an appropriate `as` value and it is preloaded intentionally. @ https://www.lolacosmetics.com.br/volumao-shampoo-250ml-ps-19629-321-p46389:0
[  366706ms] [WARNING] Error with Feature-Policy header: Some features are specified in both Feature-Policy and Permissions-Policy header: payment, fullscreen, microphone, camera. Values defined in Permissions-Policy header will be used. @ :0
[  367924ms] [ERROR] Failed to load resource: the server responded with a status of 500 () @ https://fonts.cdnfonts.com/css/leelawade:0
[  368385ms] [ERROR] Failed to load resource: the server responded with a status of 404 () @ https://lolacosmetics.admin.linxcommerce.com.br/Custom/Content/Themes/Lola/Styles/Fonts/FontAwesome/all.css:0
[  368405ms] [LOG] {BasketItemID: 2993034, Quantity: 1, BasketPrice: 129.96, SubTotal: 129.96, Nested: Array(4)} @ https://www.lolacosmetics.com.br/:1
[  368603ms] [ERROR] Access to XMLHttpRequest at 'https://api.reclameaqui.com.br/embed-reputation/hash/NjQ5NTQ6bG9sYS1jb3NtZXRpY3M=' from origin 'https://www.lolacosmetics.com.br' has been blocked by CORS policy: No 'Access-Control-Allow-Origin' header is present on the requested resource. @ https://www.lolacosmetics.com.br/:5
[  368603ms] [ERROR] RA-Reputation: bad response from server https://api.reclameaqui.com.br/embed-reputation/hash/NjQ5NTQ6bG9sYS1jb3NtZXRpY3M= @ https://s3.amazonaws.com/raichu-beta/selos/bundle.js:0
[  368603ms] [ERROR] Failed to load resource: net::ERR_FAILED @ https://api.reclameaqui.com.br/embed-reputation/hash/NjQ5NTQ6bG9sYS1jb3NtZXRpY3M=:0
[  368712ms] [LOG] Banner não encontrado: banner-232 @ https://d1hjvew1n9ss7u.cloudfront.net/asset.axd?id=PAEAAB-LCAAAAAAAAAOtj0EPwUAQhf-KzLnsKqu64iBu4oSbOKzt0G2qKztTkQi_3abi6Ob43vfem8wDLIMGxjuLytwM2eCuPOvZ0gRCnrd86k8hgSaGNr5llFE40CdTEyZQXKP_EtuuRREhaA5tJLcIJqM8VSqfZlIO1VilWRYT9puwhStAjyZqIKM4fm1HoPeP333qLi5bYn8RS98wNix2JV6QxNrXRizOwRRGrLbi88ygIngm_1k8YzCOusXD8w1y8dfTPAEAAA%3d%3d:754
[  368716ms] [LOG] [Debug Carrinho] Polling ativo @ https://d1hjvew1n9ss7u.cloudfront.net/asset.axd?id=PAEAAB-LCAAAAAAAAAOtj0EPwUAQhf-KzLnsKqu64iBu4oSbOKzt0G2qKztTkQi_3abi6Ob43vfem8wDLIMGxjuLytwM2eCuPOvZ0gRCnrd86k8hgSaGNr5llFE40CdTEyZQXKP_EtuuRREhaA5tJLcIJqM8VSqfZlIO1VilWRYT9puwhStAjyZqIKM4fm1HoPeP333qLi5bYn8RS98wNix2JV6QxNrXRizOwRRGrLbi88ygIngm_1k8YzCOusXD8w1y8dfTPAEAAA%3d%3d:1790
[  369003ms] [WARNING] !! Há erros de scripts de terceiros !!
Por favor, contate a Empresa responsável pelo script.  @ https://d1hjvew1n9ss7u.cloudfront.net/assets/shjs.js?t=639255987001545277:0
[  369048ms] Uncaught Error: You must pass a string or Handlebars AST to Handlebars.compile. You passed null
    at e.compile (https://d1hjvew1n9ss7u.cloudfront.net/asset.axd?id=PAEAAB-LCAAAAAAAAAOtj0EPwUAQhf-KzLnsKqu64iBu4oSbOKzt0G2qKztTkQi_3abi6Ob43vfem8wDLIMGxjuLytwM2eCuPOvZ0gRCnrd86k8hgSaGNr5llFE40CdTEyZQXKP_EtuuRREhaA5tJLcIJqM8VSqfZlIO1VilWRYT9puwhStAjyZqIKM4fm1HoPeP333qLi5bYn8RS98wNix2JV6QxNrXRizOwRRGrLbi88ygIngm_1k8YzCOusXD8w1y8dfTPAEAAA%3d%3d:1794:49302)
    at i.compile (https://d1hjvew1n9ss7u.cloudfront.net/asset.axd?id=PAEAAB-LCAAAAAAAAAOtj0EPwUAQhf-KzLnsKqu64iBu4oSbOKzt0G2qKztTkQi_3abi6Ob43vfem8wDLIMGxjuLytwM2eCuPOvZ0gRCnrd86k8hgSaGNr5llFE40CdTEyZQXKP_EtuuRREhaA5tJLcIJqM8VSqfZlIO1VilWRYT9puwhStAjyZqIKM4fm1HoPeP333qLi5bYn8RS98wNix2JV6QxNrXRizOwRRGrLbi88ygIngm_1k8YzCOusXD8w1y8dfTPAEAAA%3d%3d:1794:343)
    at renderBasket (https://d1hjvew1n9ss7u.cloudfront.net/asset.axd?id=PAEAAB-LCAAAAAAAAAOtj0EPwUAQhf-KzLnsKqu64iBu4oSbOKzt0G2qKztTkQi_3abi6Ob43vfem8wDLIMGxjuLytwM2eCuPOvZ0gRCnrd86k8hgSaGNr5llFE40CdTEyZQXKP_EtuuRREhaA5tJLcIJqM8VSqfZlIO1VilWRYT9puwhStAjyZqIKM4fm1HoPeP333qLi5bYn8RS98wNix2JV6QxNrXRizOwRRGrLbi88ygIngm_1k8YzCOusXD8w1y8dfTPAEAAA%3d%3d:29:27)
    at <anonymous> (https://d1hjvew1n9ss7u.cloudfront.net/asset.axd?id=PAEAAB-LCAAAAAAAAAOtj0EPwUAQhf-KzLnsKqu64iBu4oSbOKzt0G2qKztTkQi_3abi6Ob43vfem8wDLIMGxjuLytwM2eCuPOvZ0gRCnrd86k8hgSaGNr5llFE40CdTEyZQXKP_EtuuRREhaA5tJLcIJqM8VSqfZlIO1VilWRYT9puwhStAjyZqIKM4fm1HoPeP333qLi5bYn8RS98wNix2JV6QxNrXRizOwRRGrLbi88ygIngm_1k8YzCOusXD8w1y8dfTPAEAAA%3d%3d:220:1)
    at f (https://d1hjvew1n9ss7u.cloudfront.net/assets/shjs.js?t=639255987001545277:0:10382)
    at fireWith (https://d1hjvew1n9ss7u.cloudfront.net/assets/shjs.js?t=639255987001545277:0:11137)
    at ready (https://d1hjvew1n9ss7u.cloudfront.net/assets/shjs.js?t=639255987001545277:0:5238)
    at r (https://d1hjvew1n9ss7u.cloudfront.net/assets/shjs.js?t=639255987001545277:0:9748)
[  369042ms] [VERBOSE] [DOM] Input elements should have autocomplete attributes (suggested: "current-password"): (More info: https://goo.gl/9p2vKq) %o @ https://www.lolacosmetics.com.br/:0
[  369043ms] [VERBOSE] [DOM] Input elements should have autocomplete attributes (suggested: "current-password"): (More info: https://goo.gl/9p2vKq) %o @ https://www.lolacosmetics.com.br/:0
[  369072ms] [ERROR] Failed to load resource: the server responded with a status of 404 () @ https://d1hjvew1n9ss7u.cloudfront.net/Custom/Content/Themes/Lola/Agrada/CSS/ajax-loader.gif:0
[  369092ms] [ERROR] Failed to load resource: net::ERR_NAME_NOT_RESOLVED @ https://event.getblue.io/js/blue-tag.min.js:0
[  369570ms] [LOG] AffiseStorage availability: {cookie: true, localStorage: true, sessionStorage: true} @ https://rankmediabrasil.g2afse.com/websdk.js:0
[  369571ms] [LOG] Status RNK Media - ClickId: null UTM: null @ :3
[  369655ms] [WARNING] [Meta Pixel] - Invalid parameter format for currency. Please refer https://developers.facebook.com/docs/meta-pixel/reference/ for valid parameter specifications. @ https://connect.facebook.net/en_US/fbevents.js:203
[  371119ms] [ERROR] Failed to load resource: the server responded with a status of 403 () @ https://collector.mailbiz.one/collect:0
[  372128ms] [LOG] %c Widde Video Commerce %c v24604ee %c Build: 21/09/2026 20:39 %c border: 1px solid #2567f8; background: #2567f8; color: #fff; font-weight: bold; padding: 4px 8px; border-radius: 3px 0 0 0; border: 1px solid #2567f8; border-left: none; background: #FFF; color: #2567f8; font-weight: bold; padding: 4px 8px; border: 1px solid #2567f8; border-left: none; background: #f0f0f0; color: #333; font-weight: bold; padding: 4px 8px; border-radius: 0 3px 3px 0; background: transparent @ https://cdn.widde.io/assets/main.utzwjalemu.js:0
[  372293ms] [LOG] %c Tryon Widde.io %c %s %c border: 1px solid #2567f8; background: #2567f8; color: #fff; font-weight: bold; padding: 4px 8px; border-radius: 3px 0 0 3px; border: 1px solid #2567f8; background: #FFF; color: #2567f8; font-weight: bold; padding: 4px 8px; border-radius: 0 3px 3px 0; 47bf7c2 background: transparent @ https://cdn-tryon.widde.io/widde-tryon.js:86
[  372359ms] [INFO] É necessário definir o storeID no Plugin TrustVox @ https://d1hjvew1n9ss7u.cloudfront.net/asset.axd?id=GQsAAB-LCAAAAAAAAAO9lsFymzAQhl-lo7Mr3LiOEzo95RF66KHTwyLWoBgkRrvC8WTSZ69M6glgSGeKpkf0_9K32mUlPQvFIhWMT5w8QguknG74ywdVgiPkr573H-_ESphg-q7zAnkdvrRI91ARrkTeBOFX8q2bRkFCkbLzQWmDcLu5v9lu7-926_Wn7eftzW4XHOriULnORbq53cp1-Mguw5pE-uN5fj51xAdPbOvkwRpGw8lrbJTouvEhMFkjwyWq5JjL_rh8JPGy-ldCYW1RoQQD1Ym1oj5lrC0j0YkYa-lQQcOhILLd9GET8jJe4-xeh_ArW2jTJw2EiAxpwXM5T-rkOLwjVsrWKKm0TYNuijmyLONmzh5Jm0IqYCysO9VofJ86aVi819wrloTg1DitPWUZRZWoDtazzIAOGNb0dQ3uVCLkw7y-a1wWQ1gnrHjOXgbGDLFjLU5OK23CH6KprDTxVGoHhojMGnMNNEt8laPzZAtOA2tr_op-c0aMItwExK19kg7OpZyNYeSLE0HjtMIpZCfEYWT-lHlmOz5nh-J_YFmDqtLqEEyx6jfXIEv74qqzz68W-27vd454-5IqiJDb8f1xbYjIvD7iJuRlvBzCq8gTFOHtohQ2DGbYAZOGWNU0eKQKmefO8Td9GRGdC4X5cw31UQOhY_x8-Q3qjZweGQsAAA%3d%3d:40
[  372505ms] Uncaught TypeError: Cannot read properties of undefined (reading 'replace')
    at validaFreteGratis (https://d1hjvew1n9ss7u.cloudfront.net/asset.axd?id=PAEAAB-LCAAAAAAAAAOtj0EPwUAQhf-KzLnsKqu64iBu4oSbOKzt0G2qKztTkQi_3abi6Ob43vfem8wDLIMGxjuLytwM2eCuPOvZ0gRCnrd86k8hgSaGNr5llFE40CdTEyZQXKP_EtuuRREhaA5tJLcIJqM8VSqfZlIO1VilWRYT9puwhStAjyZqIKM4fm1HoPeP333qLi5bYn8RS98wNix2JV6QxNrXRizOwRRGrLbi88ygIngm_1k8YzCOusXD8w1y8dfTPAEAAA%3d%3d:1:7633)
    at <anonymous> (https://d1hjvew1n9ss7u.cloudfront.net/asset.axd?id=PAEAAB-LCAAAAAAAAAOtj0EPwUAQhf-KzLnsKqu64iBu4oSbOKzt0G2qKztTkQi_3abi6Ob43vfem8wDLIMGxjuLytwM2eCuPOvZ0gRCnrd86k8hgSaGNr5llFE40CdTEyZQXKP_EtuuRREhaA5tJLcIJqM8VSqfZlIO1VilWRYT9puwhStAjyZqIKM4fm1HoPeP333qLi5bYn8RS98wNix2JV6QxNrXRizOwRRGrLbi88ygIngm_1k8YzCOusXD8w1y8dfTPAEAAA%3d%3d:1:49808)
    at dispatch (https://d1hjvew1n9ss7u.cloudfront.net/assets/shjs.js?t=639255987001545277:0:32701)
    at a (https://d1hjvew1n9ss7u.cloudfront.net/assets/shjs.js?t=639255987001545277:0:28480)
[  372373ms] [LOG] Banner não encontrado: banner-232 @ https://d1hjvew1n9ss7u.cloudfront.net/asset.axd?id=PAEAAB-LCAAAAAAAAAOtj0EPwUAQhf-KzLnsKqu64iBu4oSbOKzt0G2qKztTkQi_3abi6Ob43vfem8wDLIMGxjuLytwM2eCuPOvZ0gRCnrd86k8hgSaGNr5llFE40CdTEyZQXKP_EtuuRREhaA5tJLcIJqM8VSqfZlIO1VilWRYT9puwhStAjyZqIKM4fm1HoPeP333qLi5bYn8RS98wNix2JV6QxNrXRizOwRRGrLbi88ygIngm_1k8YzCOusXD8w1y8dfTPAEAAA%3d%3d:754
[  372421ms] [LOG] [tryon-tracker] initialized {domain: www.lolacosmetics.com.br} @ https://cdn-tryon.widde.io/widde-tryon.js:8
[  372730ms] [WARNING] !! Há erros de scripts no template e/ou scripts personalizados !!
Por favor, contate a Agência responsável pela codificação da loja virtual.  @ https://d1hjvew1n9ss7u.cloudfront.net/assets/shjs.js?t=639255987001545277:0
[  378897ms] [WARNING] The resource https://fonts.cdnfonts.com/css/leelawade was preloaded using link preload but not used within a few seconds from the window's load event. Please make sure it has an appropriate `as` value and it is preloaded intentionally. @ https://www.lolacosmetics.com.br/:0
[  383698ms] [WARNING] The resource https://fonts.cdnfonts.com/css/leelawade was preloaded using link preload but not used within a few seconds from the window's load event. Please make sure it has an appropriate `as` value and it is preloaded intentionally. @ https://www.lolacosmetics.com.br/:0
[  389650ms] [WARNING] The resource https://fonts.cdnfonts.com/css/leelawade was preloaded using link preload but not used within a few seconds from the window's load event. Please make sure it has an appropriate `as` value and it is preloaded intentionally. @ https://www.lolacosmetics.com.br/:0
[  399274ms] [ERROR] Error: <path> attribute d: Expected number, "…0,0,0-.462-1.117Z". @ https://d1hjvew1n9ss7u.cloudfront.net/assets/shjs.js?t=639255987001545277:0
[  399733ms] [VERBOSE] [DOM] Input elements should have autocomplete attributes (suggested: "current-password"): (More info: https://goo.gl/9p2vKq) %o @ http://localhost:4360/volumao-shampoo-250ml-ps-19629-321-p46389:0
[  399734ms] [VERBOSE] [DOM] Input elements should have autocomplete attributes (suggested: "current-password"): (More info: https://goo.gl/9p2vKq) %o @ http://localhost:4360/volumao-shampoo-250ml-ps-19629-321-p46389:0
[  408510ms] [WARNING] Error with Feature-Policy header: Some features are specified in both Feature-Policy and Permissions-Policy header: payment, fullscreen, microphone, camera. Values defined in Permissions-Policy header will be used. @ :0
[  409655ms] [ERROR] Failed to load resource: the server responded with a status of 500 () @ https://fonts.cdnfonts.com/css/leelawade:0
[  410342ms] [ERROR] Failed to load resource: the server responded with a status of 404 () @ https://lolacosmetics.admin.linxcommerce.com.br/Custom/Content/Themes/Lola/Styles/Fonts/FontAwesome/all.css:0
[  410360ms] [LOG] {BasketItemID: 2993034, Quantity: 1, BasketPrice: 129.96, SubTotal: 129.96, Nested: Array(4)} @ https://www.lolacosmetics.com.br/:1
[  410440ms] [ERROR] Access to XMLHttpRequest at 'https://api.reclameaqui.com.br/embed-reputation/hash/NjQ5NTQ6bG9sYS1jb3NtZXRpY3M=' from origin 'https://www.lolacosmetics.com.br' has been blocked by CORS policy: No 'Access-Control-Allow-Origin' header is present on the requested resource. @ https://www.lolacosmetics.com.br/:0
[  410440ms] [ERROR] RA-Reputation: bad response from server https://api.reclameaqui.com.br/embed-reputation/hash/NjQ5NTQ6bG9sYS1jb3NtZXRpY3M= @ https://s3.amazonaws.com/raichu-beta/selos/bundle.js:0
[  410440ms] [ERROR] Failed to load resource: net::ERR_FAILED @ https://api.reclameaqui.com.br/embed-reputation/hash/NjQ5NTQ6bG9sYS1jb3NtZXRpY3M=:0
[  410540ms] [LOG] Banner não encontrado: banner-232 @ https://d1hjvew1n9ss7u.cloudfront.net/asset.axd?id=PAEAAB-LCAAAAAAAAAOtj0EPwUAQhf-KzLnsKqu64iBu4oSbOKzt0G2qKztTkQi_3abi6Ob43vfem8wDLIMGxjuLytwM2eCuPOvZ0gRCnrd86k8hgSaGNr5llFE40CdTEyZQXKP_EtuuRREhaA5tJLcIJqM8VSqfZlIO1VilWRYT9puwhStAjyZqIKM4fm1HoPeP333qLi5bYn8RS98wNix2JV6QxNrXRizOwRRGrLbi88ygIngm_1k8YzCOusXD8w1y8dfTPAEAAA%3d%3d:754
[  410541ms] [LOG] [Debug Carrinho] Polling ativo @ https://d1hjvew1n9ss7u.cloudfront.net/asset.axd?id=PAEAAB-LCAAAAAAAAAOtj0EPwUAQhf-KzLnsKqu64iBu4oSbOKzt0G2qKztTkQi_3abi6Ob43vfem8wDLIMGxjuLytwM2eCuPOvZ0gRCnrd86k8hgSaGNr5llFE40CdTEyZQXKP_EtuuRREhaA5tJLcIJqM8VSqfZlIO1VilWRYT9puwhStAjyZqIKM4fm1HoPeP333qLi5bYn8RS98wNix2JV6QxNrXRizOwRRGrLbi88ygIngm_1k8YzCOusXD8w1y8dfTPAEAAA%3d%3d:1790
[  410657ms] [WARNING] !! Há erros de scripts de terceiros !!
Por favor, contate a Empresa responsável pelo script.  @ https://d1hjvew1n9ss7u.cloudfront.net/assets/shjs.js?t=639255987001545277:0
[  410658ms] Uncaught Error: You must pass a string or Handlebars AST to Handlebars.compile. You passed null
    at e.compile (https://d1hjvew1n9ss7u.cloudfront.net/asset.axd?id=PAEAAB-LCAAAAAAAAAOtj0EPwUAQhf-KzLnsKqu64iBu4oSbOKzt0G2qKztTkQi_3abi6Ob43vfem8wDLIMGxjuLytwM2eCuPOvZ0gRCnrd86k8hgSaGNr5llFE40CdTEyZQXKP_EtuuRREhaA5tJLcIJqM8VSqfZlIO1VilWRYT9puwhStAjyZqIKM4fm1HoPeP333qLi5bYn8RS98wNix2JV6QxNrXRizOwRRGrLbi88ygIngm_1k8YzCOusXD8w1y8dfTPAEAAA%3d%3d:1794:49302)
    at i.compile (https://d1hjvew1n9ss7u.cloudfront.net/asset.axd?id=PAEAAB-LCAAAAAAAAAOtj0EPwUAQhf-KzLnsKqu64iBu4oSbOKzt0G2qKztTkQi_3abi6Ob43vfem8wDLIMGxjuLytwM2eCuPOvZ0gRCnrd86k8hgSaGNr5llFE40CdTEyZQXKP_EtuuRREhaA5tJLcIJqM8VSqfZlIO1VilWRYT9puwhStAjyZqIKM4fm1HoPeP333qLi5bYn8RS98wNix2JV6QxNrXRizOwRRGrLbi88ygIngm_1k8YzCOusXD8w1y8dfTPAEAAA%3d%3d:1794:343)
    at renderBasket (https://d1hjvew1n9ss7u.cloudfront.net/asset.axd?id=PAEAAB-LCAAAAAAAAAOtj0EPwUAQhf-KzLnsKqu64iBu4oSbOKzt0G2qKztTkQi_3abi6Ob43vfem8wDLIMGxjuLytwM2eCuPOvZ0gRCnrd86k8hgSaGNr5llFE40CdTEyZQXKP_EtuuRREhaA5tJLcIJqM8VSqfZlIO1VilWRYT9puwhStAjyZqIKM4fm1HoPeP333qLi5bYn8RS98wNix2JV6QxNrXRizOwRRGrLbi88ygIngm_1k8YzCOusXD8w1y8dfTPAEAAA%3d%3d:29:27)
    at <anonymous> (https://d1hjvew1n9ss7u.cloudfront.net/asset.axd?id=PAEAAB-LCAAAAAAAAAOtj0EPwUAQhf-KzLnsKqu64iBu4oSbOKzt0G2qKztTkQi_3abi6Ob43vfem8wDLIMGxjuLytwM2eCuPOvZ0gRCnrd86k8hgSaGNr5llFE40CdTEyZQXKP_EtuuRREhaA5tJLcIJqM8VSqfZlIO1VilWRYT9puwhStAjyZqIKM4fm1HoPeP333qLi5bYn8RS98wNix2JV6QxNrXRizOwRRGrLbi88ygIngm_1k8YzCOusXD8w1y8dfTPAEAAA%3d%3d:220:1)
    at f (https://d1hjvew1n9ss7u.cloudfront.net/assets/shjs.js?t=639255987001545277:0:10382)
    at fireWith (https://d1hjvew1n9ss7u.cloudfront.net/assets/shjs.js?t=639255987001545277:0:11137)
    at ready (https://d1hjvew1n9ss7u.cloudfront.net/assets/shjs.js?t=639255987001545277:0:5238)
    at r (https://d1hjvew1n9ss7u.cloudfront.net/assets/shjs.js?t=639255987001545277:0:9748)
[  410676ms] [VERBOSE] [DOM] Input elements should have autocomplete attributes (suggested: "current-password"): (More info: https://goo.gl/9p2vKq) %o @ https://www.lolacosmetics.com.br/:0
[  410676ms] [VERBOSE] [DOM] Input elements should have autocomplete attributes (suggested: "current-password"): (More info: https://goo.gl/9p2vKq) %o @ https://www.lolacosmetics.com.br/:0
[  410956ms] [ERROR] Failed to load resource: net::ERR_NAME_NOT_RESOLVED @ https://event.getblue.io/js/blue-tag.min.js:0
[  411091ms] [LOG] AffiseStorage availability: {cookie: true, localStorage: true, sessionStorage: true} @ https://rankmediabrasil.g2afse.com/websdk.js:0
[  411091ms] [LOG] Status RNK Media - ClickId: null UTM: null @ :3
[  411166ms] [ERROR] Failed to load resource: the server responded with a status of 404 () @ https://d1hjvew1n9ss7u.cloudfront.net/Custom/Content/Themes/Lola/Agrada/CSS/ajax-loader.gif:0
[  411335ms] [WARNING] [Meta Pixel] - Invalid parameter format for currency. Please refer https://developers.facebook.com/docs/meta-pixel/reference/ for valid parameter specifications. @ https://connect.facebook.net/en_US/fbevents.js:203
[  411648ms] [INFO] É necessário definir o storeID no Plugin TrustVox @ https://d1hjvew1n9ss7u.cloudfront.net/asset.axd?id=GQsAAB-LCAAAAAAAAAO9lsFymzAQhl-lo7Mr3LiOEzo95RF66KHTwyLWoBgkRrvC8WTSZ69M6glgSGeKpkf0_9K32mUlPQvFIhWMT5w8QguknG74ywdVgiPkr573H-_ESphg-q7zAnkdvrRI91ARrkTeBOFX8q2bRkFCkbLzQWmDcLu5v9lu7-926_Wn7eftzW4XHOriULnORbq53cp1-Mguw5pE-uN5fj51xAdPbOvkwRpGw8lrbJTouvEhMFkjwyWq5JjL_rh8JPGy-ldCYW1RoQQD1Ym1oj5lrC0j0YkYa-lQQcOhILLd9GET8jJe4-xeh_ArW2jTJw2EiAxpwXM5T-rkOLwjVsrWKKm0TYNuijmyLONmzh5Jm0IqYCysO9VofJ86aVi819wrloTg1DitPWUZRZWoDtazzIAOGNb0dQ3uVCLkw7y-a1wWQ1gnrHjOXgbGDLFjLU5OK23CH6KprDTxVGoHhojMGnMNNEt8laPzZAtOA2tr_op-c0aMItwExK19kg7OpZyNYeSLE0HjtMIpZCfEYWT-lHlmOz5nh-J_YFmDqtLqEEyx6jfXIEv74qqzz68W-27vd454-5IqiJDb8f1xbYjIvD7iJuRlvBzCq8gTFOHtohQ2DGbYAZOGWNU0eKQKmefO8Td9GRGdC4X5cw31UQOhY_x8-Q3qjZweGQsAAA%3d%3d:40
[  411657ms] Uncaught TypeError: Cannot read properties of undefined (reading 'replace')
    at validaFreteGratis (https://d1hjvew1n9ss7u.cloudfront.net/asset.axd?id=PAEAAB-LCAAAAAAAAAOtj0EPwUAQhf-KzLnsKqu64iBu4oSbOKzt0G2qKztTkQi_3abi6Ob43vfem8wDLIMGxjuLytwM2eCuPOvZ0gRCnrd86k8hgSaGNr5llFE40CdTEyZQXKP_EtuuRREhaA5tJLcIJqM8VSqfZlIO1VilWRYT9puwhStAjyZqIKM4fm1HoPeP333qLi5bYn8RS98wNix2JV6QxNrXRizOwRRGrLbi88ygIngm_1k8YzCOusXD8w1y8dfTPAEAAA%3d%3d:1:7633)
    at <anonymous> (https://d1hjvew1n9ss7u.cloudfront.net/asset.axd?id=PAEAAB-LCAAAAAAAAAOtj0EPwUAQhf-KzLnsKqu64iBu4oSbOKzt0G2qKztTkQi_3abi6Ob43vfem8wDLIMGxjuLytwM2eCuPOvZ0gRCnrd86k8hgSaGNr5llFE40CdTEyZQXKP_EtuuRREhaA5tJLcIJqM8VSqfZlIO1VilWRYT9puwhStAjyZqIKM4fm1HoPeP333qLi5bYn8RS98wNix2JV6QxNrXRizOwRRGrLbi88ygIngm_1k8YzCOusXD8w1y8dfTPAEAAA%3d%3d:1:49808)
    at dispatch (https://d1hjvew1n9ss7u.cloudfront.net/assets/shjs.js?t=639255987001545277:0:32701)
    at a (https://d1hjvew1n9ss7u.cloudfront.net/assets/shjs.js?t=639255987001545277:0:28480)
[  411656ms] [LOG] Banner não encontrado: banner-232 @ https://d1hjvew1n9ss7u.cloudfront.net/asset.axd?id=PAEAAB-LCAAAAAAAAAOtj0EPwUAQhf-KzLnsKqu64iBu4oSbOKzt0G2qKztTkQi_3abi6Ob43vfem8wDLIMGxjuLytwM2eCuPOvZ0gRCnrd86k8hgSaGNr5llFE40CdTEyZQXKP_EtuuRREhaA5tJLcIJqM8VSqfZlIO1VilWRYT9puwhStAjyZqIKM4fm1HoPeP333qLi5bYn8RS98wNix2JV6QxNrXRizOwRRGrLbi88ygIngm_1k8YzCOusXD8w1y8dfTPAEAAA%3d%3d:754
[  411694ms] [ERROR] Failed to load resource: the server responded with a status of 403 () @ https://collector.mailbiz.one/collect:0
[  411726ms] [LOG] %c Widde Video Commerce %c v24604ee %c Build: 21/09/2026 20:39 %c border: 1px solid #2567f8; background: #2567f8; color: #fff; font-weight: bold; padding: 4px 8px; border-radius: 3px 0 0 0; border: 1px solid #2567f8; border-left: none; background: #FFF; color: #2567f8; font-weight: bold; padding: 4px 8px; border: 1px solid #2567f8; border-left: none; background: #f0f0f0; color: #333; font-weight: bold; padding: 4px 8px; border-radius: 0 3px 3px 0; background: transparent @ https://cdn.widde.io/assets/main.utzwjalemu.js:0
[  411846ms] [LOG] %c Tryon Widde.io %c %s %c border: 1px solid #2567f8; background: #2567f8; color: #fff; font-weight: bold; padding: 4px 8px; border-radius: 3px 0 0 3px; border: 1px solid #2567f8; background: #FFF; color: #2567f8; font-weight: bold; padding: 4px 8px; border-radius: 0 3px 3px 0; 47bf7c2 background: transparent @ https://cdn-tryon.widde.io/widde-tryon.js:86
[  411900ms] [LOG] [tryon-tracker] initialized {domain: www.lolacosmetics.com.br} @ https://cdn-tryon.widde.io/widde-tryon.js:8
[  411998ms] [WARNING] !! Há erros de scripts no template e/ou scripts personalizados !!
Por favor, contate a Agência responsável pela codificação da loja virtual.  @ https://d1hjvew1n9ss7u.cloudfront.net/assets/shjs.js?t=639255987001545277:0
[  414621ms] [VERBOSE] [DOM] Input elements should have autocomplete attributes (suggested: "current-password"): (More info: https://goo.gl/9p2vKq) %o @ http://localhost:4360/:0
[  414621ms] [VERBOSE] [DOM] Input elements should have autocomplete attributes (suggested: "current-password"): (More info: https://goo.gl/9p2vKq) %o @ http://localhost:4360/:0
[  417844ms] [WARNING] Error with Feature-Policy header: Some features are specified in both Feature-Policy and Permissions-Policy header: payment, fullscreen, microphone, camera. Values defined in Permissions-Policy header will be used. @ :0
[  418239ms] [ERROR] Failed to load resource: the server responded with a status of 500 () @ https://fonts.cdnfonts.com/css/leelawade:0
[  418860ms] [ERROR] Failed to load resource: the server responded with a status of 404 () @ https://lolacosmetics.admin.linxcommerce.com.br/Custom/Content/Themes/Lola/Styles/Fonts/FontAwesome/all.css:0
[  419284ms] [LOG] Banner não encontrado: banner-232 @ https://d1hjvew1n9ss7u.cloudfront.net/asset.axd?id=PAEAAB-LCAAAAAAAAAOtj0EPwUAQhf-KzLnsKqu64iBu4oSbOKzt0G2qKztTkQi_3abi6Ob43vfem8wDLIMGxjuLytwM2eCuPOvZ0gRCnrd86k8hgSaGNr5llFE40CdTEyZQXKP_EtuuRREhaA5tJLcIJqM8VSqfZlIO1VilWRYT9puwhStAjyZqIKM4fm1HoPeP333qLi5bYn8RS98wNix2JV6QxNrXRizOwRRGrLbi88ygIngm_1k8YzCOusXD8w1y8dfTPAEAAA%3d%3d:754
[  419285ms] [LOG] [Debug Carrinho] Polling ativo @ https://d1hjvew1n9ss7u.cloudfront.net/asset.axd?id=PAEAAB-LCAAAAAAAAAOtj0EPwUAQhf-KzLnsKqu64iBu4oSbOKzt0G2qKztTkQi_3abi6Ob43vfem8wDLIMGxjuLytwM2eCuPOvZ0gRCnrd86k8hgSaGNr5llFE40CdTEyZQXKP_EtuuRREhaA5tJLcIJqM8VSqfZlIO1VilWRYT9puwhStAjyZqIKM4fm1HoPeP333qLi5bYn8RS98wNix2JV6QxNrXRizOwRRGrLbi88ygIngm_1k8YzCOusXD8w1y8dfTPAEAAA%3d%3d:1790
[  419337ms] [LOG] categoria @ https://d1hjvew1n9ss7u.cloudfront.net/asset.axd?id=PAEAAB-LCAAAAAAAAAOtj0EPwUAQhf-KzLnsKqu64iBu4oSbOKzt0G2qKztTkQi_3abi6Ob43vfem8wDLIMGxjuLytwM2eCuPOvZ0gRCnrd86k8hgSaGNr5llFE40CdTEyZQXKP_EtuuRREhaA5tJLcIJqM8VSqfZlIO1VilWRYT9puwhStAjyZqIKM4fm1HoPeP333qLi5bYn8RS98wNix2JV6QxNrXRizOwRRGrLbi88ygIngm_1k8YzCOusXD8w1y8dfTPAEAAA%3d%3d:1
[  419338ms] [WARNING] !! Há erros de scripts de terceiros !!
Por favor, contate a Empresa responsável pelo script.  @ https://d1hjvew1n9ss7u.cloudfront.net/assets/shjs.js?t=639255987001545277:0
[  419338ms] Uncaught Error: You must pass a string or Handlebars AST to Handlebars.compile. You passed null
    at e.compile (https://d1hjvew1n9ss7u.cloudfront.net/asset.axd?id=PAEAAB-LCAAAAAAAAAOtj0EPwUAQhf-KzLnsKqu64iBu4oSbOKzt0G2qKztTkQi_3abi6Ob43vfem8wDLIMGxjuLytwM2eCuPOvZ0gRCnrd86k8hgSaGNr5llFE40CdTEyZQXKP_EtuuRREhaA5tJLcIJqM8VSqfZlIO1VilWRYT9puwhStAjyZqIKM4fm1HoPeP333qLi5bYn8RS98wNix2JV6QxNrXRizOwRRGrLbi88ygIngm_1k8YzCOusXD8w1y8dfTPAEAAA%3d%3d:1794:49302)
    at i.compile (https://d1hjvew1n9ss7u.cloudfront.net/asset.axd?id=PAEAAB-LCAAAAAAAAAOtj0EPwUAQhf-KzLnsKqu64iBu4oSbOKzt0G2qKztTkQi_3abi6Ob43vfem8wDLIMGxjuLytwM2eCuPOvZ0gRCnrd86k8hgSaGNr5llFE40CdTEyZQXKP_EtuuRREhaA5tJLcIJqM8VSqfZlIO1VilWRYT9puwhStAjyZqIKM4fm1HoPeP333qLi5bYn8RS98wNix2JV6QxNrXRizOwRRGrLbi88ygIngm_1k8YzCOusXD8w1y8dfTPAEAAA%3d%3d:1794:343)
    at renderBasket (https://d1hjvew1n9ss7u.cloudfront.net/asset.axd?id=PAEAAB-LCAAAAAAAAAOtj0EPwUAQhf-KzLnsKqu64iBu4oSbOKzt0G2qKztTkQi_3abi6Ob43vfem8wDLIMGxjuLytwM2eCuPOvZ0gRCnrd86k8hgSaGNr5llFE40CdTEyZQXKP_EtuuRREhaA5tJLcIJqM8VSqfZlIO1VilWRYT9puwhStAjyZqIKM4fm1HoPeP333qLi5bYn8RS98wNix2JV6QxNrXRizOwRRGrLbi88ygIngm_1k8YzCOusXD8w1y8dfTPAEAAA%3d%3d:29:27)
    at <anonymous> (https://d1hjvew1n9ss7u.cloudfront.net/asset.axd?id=PAEAAB-LCAAAAAAAAAOtj0EPwUAQhf-KzLnsKqu64iBu4oSbOKzt0G2qKztTkQi_3abi6Ob43vfem8wDLIMGxjuLytwM2eCuPOvZ0gRCnrd86k8hgSaGNr5llFE40CdTEyZQXKP_EtuuRREhaA5tJLcIJqM8VSqfZlIO1VilWRYT9puwhStAjyZqIKM4fm1HoPeP333qLi5bYn8RS98wNix2JV6QxNrXRizOwRRGrLbi88ygIngm_1k8YzCOusXD8w1y8dfTPAEAAA%3d%3d:220:1)
    at f (https://d1hjvew1n9ss7u.cloudfront.net/assets/shjs.js?t=639255987001545277:0:10382)
    at fireWith (https://d1hjvew1n9ss7u.cloudfront.net/assets/shjs.js?t=639255987001545277:0:11137)
    at ready (https://d1hjvew1n9ss7u.cloudfront.net/assets/shjs.js?t=639255987001545277:0:5238)
    at r (https://d1hjvew1n9ss7u.cloudfront.net/assets/shjs.js?t=639255987001545277:0:9748)
[  419349ms] [VERBOSE] [DOM] Input elements should have autocomplete attributes (suggested: "current-password"): (More info: https://goo.gl/9p2vKq) %o @ https://www.lolacosmetics.com.br/kits:0
[  419349ms] [VERBOSE] [DOM] Input elements should have autocomplete attributes (suggested: "current-password"): (More info: https://goo.gl/9p2vKq) %o @ https://www.lolacosmetics.com.br/kits:0
[  419355ms] [ERROR] Access to XMLHttpRequest at 'https://api.reclameaqui.com.br/embed-reputation/hash/NjQ5NTQ6bG9sYS1jb3NtZXRpY3M=' from origin 'https://www.lolacosmetics.com.br' has been blocked by CORS policy: No 'Access-Control-Allow-Origin' header is present on the requested resource. @ https://www.lolacosmetics.com.br/kits:0
[  419355ms] [ERROR] RA-Reputation: bad response from server https://api.reclameaqui.com.br/embed-reputation/hash/NjQ5NTQ6bG9sYS1jb3NtZXRpY3M= @ https://s3.amazonaws.com/raichu-beta/selos/bundle.js:0
[  419355ms] [ERROR] Failed to load resource: net::ERR_FAILED @ https://api.reclameaqui.com.br/embed-reputation/hash/NjQ5NTQ6bG9sYS1jb3NtZXRpY3M=:0
[  419816ms] [ERROR] Failed to load resource: net::ERR_NAME_NOT_RESOLVED @ https://event.getblue.io/js/blue-tag.min.js:0
[  419819ms] [LOG] AffiseStorage availability: {cookie: true, localStorage: true, sessionStorage: true} @ https://rankmediabrasil.g2afse.com/websdk.js:0
[  419820ms] [LOG] Status RNK Media - ClickId: null UTM: null @ :3
[  420081ms] [WARNING] [Meta Pixel] - Invalid parameter format for currency. Please refer https://developers.facebook.com/docs/meta-pixel/reference/ for valid parameter specifications. @ https://connect.facebook.net/en_US/fbevents.js:203
[  420521ms] [INFO] É necessário definir o storeID no Plugin TrustVox @ https://d1hjvew1n9ss7u.cloudfront.net/asset.axd?id=_woAAB-LCAAAAAAAAAO9lsFunDAQhl-l4rw122w3m1D1lEfooYeqh8HMgrNgW_aYDYrSZ--EaFVgIZWK1aP9__b3Y3uwnxNJSZYQPlH6CC146ZSlLx9kBc4jfQ10_HiXbBLNpu-qKJG23FJJdoTa4yYpLAu_0m_9MM8SJhm5wErLwu3u_ma_v787bLef9p_3N4cDO-TFIQtVJNnudi-23Mgv3con2Y_n5fG-Jz4ET6ZJH4wm1JS-ZfOpamzgYKJBgkuq9FyIYb949MnL5l8JpTFljQI01B0p6YeUqbaO5DtP2AiHEizxhoh2N4TNyOt41pmj4vi1KZUekkZCRIYwEKhaJvVyHN4Za2kaFL4y1qKbY04s67i5M2evdCkkEJbGdQ3qMKTOGlZ_axEkCY_g5HRZB8o6iqxQnkwgkYM_Ic8ZmgZcVyEU43V917guA8_DM76uXg5aj7FTbR3pCJKjU2f5TGKL9ajcr8R4LOVpicRSDE7pTLDXjL470tkvneLflHE03qE5Pc7Jr5XmOla-mq7frCEis8FCgV8kvsnReaIFp4CU0X9F_3FGTMH3tafWPAkHrwW3mGHii5PAOiVxDtkLcRh56PJAZKa34Vj8DyyjUdZKntgUszanZXKtRqQtg1YxCuAXXfBQ8rtLSrQEenwuZg098-fLbwJGClv_CgAA:52
[  420527ms] Uncaught TypeError: Cannot read properties of undefined (reading 'replace')
    at validaFreteGratis (https://d1hjvew1n9ss7u.cloudfront.net/asset.axd?id=PAEAAB-LCAAAAAAAAAOtj0EPwUAQhf-KzLnsKqu64iBu4oSbOKzt0G2qKztTkQi_3abi6Ob43vfem8wDLIMGxjuLytwM2eCuPOvZ0gRCnrd86k8hgSaGNr5llFE40CdTEyZQXKP_EtuuRREhaA5tJLcIJqM8VSqfZlIO1VilWRYT9puwhStAjyZqIKM4fm1HoPeP333qLi5bYn8RS98wNix2JV6QxNrXRizOwRRGrLbi88ygIngm_1k8YzCOusXD8w1y8dfTPAEAAA%3d%3d:1:7633)
    at <anonymous> (https://d1hjvew1n9ss7u.cloudfront.net/asset.axd?id=PAEAAB-LCAAAAAAAAAOtj0EPwUAQhf-KzLnsKqu64iBu4oSbOKzt0G2qKztTkQi_3abi6Ob43vfem8wDLIMGxjuLytwM2eCuPOvZ0gRCnrd86k8hgSaGNr5llFE40CdTEyZQXKP_EtuuRREhaA5tJLcIJqM8VSqfZlIO1VilWRYT9puwhStAjyZqIKM4fm1HoPeP333qLi5bYn8RS98wNix2JV6QxNrXRizOwRRGrLbi88ygIngm_1k8YzCOusXD8w1y8dfTPAEAAA%3d%3d:1:49808)
    at dispatch (https://d1hjvew1n9ss7u.cloudfront.net/assets/shjs.js?t=639255987001545277:0:32701)
    at a (https://d1hjvew1n9ss7u.cloudfront.net/assets/shjs.js?t=639255987001545277:0:28480)
[  420527ms] [LOG] Banner não encontrado: banner-232 @ https://d1hjvew1n9ss7u.cloudfront.net/asset.axd?id=PAEAAB-LCAAAAAAAAAOtj0EPwUAQhf-KzLnsKqu64iBu4oSbOKzt0G2qKztTkQi_3abi6Ob43vfem8wDLIMGxjuLytwM2eCuPOvZ0gRCnrd86k8hgSaGNr5llFE40CdTEyZQXKP_EtuuRREhaA5tJLcIJqM8VSqfZlIO1VilWRYT9puwhStAjyZqIKM4fm1HoPeP333qLi5bYn8RS98wNix2JV6QxNrXRizOwRRGrLbi88ygIngm_1k8YzCOusXD8w1y8dfTPAEAAA%3d%3d:754
[  420544ms] [ERROR] Failed to load resource: the server responded with a status of 403 () @ https://collector.mailbiz.one/collect:0
[  420889ms] [LOG] %c Widde Video Commerce %c v24604ee %c Build: 21/09/2026 20:39 %c border: 1px solid #2567f8; background: #2567f8; color: #fff; font-weight: bold; padding: 4px 8px; border-radius: 3px 0 0 0; border: 1px solid #2567f8; border-left: none; background: #FFF; color: #2567f8; font-weight: bold; padding: 4px 8px; border: 1px solid #2567f8; border-left: none; background: #f0f0f0; color: #333; font-weight: bold; padding: 4px 8px; border-radius: 0 3px 3px 0; background: transparent @ https://cdn.widde.io/assets/main.utzwjalemu.js:0
[  421077ms] [LOG] %c Tryon Widde.io %c %s %c border: 1px solid #2567f8; background: #2567f8; color: #fff; font-weight: bold; padding: 4px 8px; border-radius: 3px 0 0 3px; border: 1px solid #2567f8; background: #FFF; color: #2567f8; font-weight: bold; padding: 4px 8px; border-radius: 0 3px 3px 0; 47bf7c2 background: transparent @ https://cdn-tryon.widde.io/widde-tryon.js:86
[  421088ms] [LOG] [tryon-tracker] initialized {domain: www.lolacosmetics.com.br} @ https://cdn-tryon.widde.io/widde-tryon.js:8
[  423450ms] [VERBOSE] [DOM] Input elements should have autocomplete attributes (suggested: "current-password"): (More info: https://goo.gl/9p2vKq) %o @ http://localhost:4360/kits:0
[  423450ms] [VERBOSE] [DOM] Input elements should have autocomplete attributes (suggested: "current-password"): (More info: https://goo.gl/9p2vKq) %o @ http://localhost:4360/kits:0
[  426466ms] [WARNING] Error with Feature-Policy header: Some features are specified in both Feature-Policy and Permissions-Policy header: payment, fullscreen, microphone, camera. Values defined in Permissions-Policy header will be used. @ :0
[  427163ms] [ERROR] Failed to load resource: the server responded with a status of 500 () @ https://fonts.cdnfonts.com/css/leelawade:0
[  427468ms] [ERROR] Failed to load resource: the server responded with a status of 404 () @ https://lolacosmetics.admin.linxcommerce.com.br/Custom/Content/Themes/Lola/Styles/Fonts/FontAwesome/all.css:0
[  427479ms] [LOG] Trustvox rating | PDP: 46389 tipo: 3 @ https://www.lolacosmetics.com.br/volumao-shampoo-250ml-ps-19629-321-p46389:16
[  427479ms] [LOG] Trustvox rating | ID final usado = 46389 @ https://www.lolacosmetics.com.br/volumao-shampoo-250ml-ps-19629-321-p46389:16
[  427480ms] [LOG] Trustvox PDP | product: 46389 | type: 3 | usedId: 46389 @ https://www.lolacosmetics.com.br/volumao-shampoo-250ml-ps-19629-321-p46389:44
[  427526ms] [ERROR] Access to XMLHttpRequest at 'https://api.reclameaqui.com.br/embed-reputation/hash/NjQ5NTQ6bG9sYS1jb3NtZXRpY3M=' from origin 'https://www.lolacosmetics.com.br' has been blocked by CORS policy: No 'Access-Control-Allow-Origin' header is present on the requested resource. @ https://www.lolacosmetics.com.br/volumao-shampoo-250ml-ps-19629-321-p46389:48
[  427526ms] [ERROR] RA-Reputation: bad response from server https://api.reclameaqui.com.br/embed-reputation/hash/NjQ5NTQ6bG9sYS1jb3NtZXRpY3M= @ https://s3.amazonaws.com/raichu-beta/selos/bundle.js:0
[  427526ms] [ERROR] Failed to load resource: net::ERR_FAILED @ https://api.reclameaqui.com.br/embed-reputation/hash/NjQ5NTQ6bG9sYS1jb3NtZXRpY3M=:0
[  427708ms] [LOG] Banner não encontrado: banner-232 @ https://d1hjvew1n9ss7u.cloudfront.net/asset.axd?id=PAEAAB-LCAAAAAAAAAOtj0EPwUAQhf-KzLnsKqu64iBu4oSbOKzt0G2qKztTkQi_3abi6Ob43vfem8wDLIMGxjuLytwM2eCuPOvZ0gRCnrd86k8hgSaGNr5llFE40CdTEyZQXKP_EtuuRREhaA5tJLcIJqM8VSqfZlIO1VilWRYT9puwhStAjyZqIKM4fm1HoPeP333qLi5bYn8RS98wNix2JV6QxNrXRizOwRRGrLbi88ygIngm_1k8YzCOusXD8w1y8dfTPAEAAA%3d%3d:754
[  427709ms] [LOG] [Debug Carrinho] Polling ativo @ https://d1hjvew1n9ss7u.cloudfront.net/asset.axd?id=PAEAAB-LCAAAAAAAAAOtj0EPwUAQhf-KzLnsKqu64iBu4oSbOKzt0G2qKztTkQi_3abi6Ob43vfem8wDLIMGxjuLytwM2eCuPOvZ0gRCnrd86k8hgSaGNr5llFE40CdTEyZQXKP_EtuuRREhaA5tJLcIJqM8VSqfZlIO1VilWRYT9puwhStAjyZqIKM4fm1HoPeP333qLi5bYn8RS98wNix2JV6QxNrXRizOwRRGrLbi88ygIngm_1k8YzCOusXD8w1y8dfTPAEAAA%3d%3d:1790
[  427762ms] [LOG] add @ https://d1hjvew1n9ss7u.cloudfront.net/asset.axd?id=PAEAAB-LCAAAAAAAAAOtj0EPwUAQhf-KzLnsKqu64iBu4oSbOKzt0G2qKztTkQi_3abi6Ob43vfem8wDLIMGxjuLytwM2eCuPOvZ0gRCnrd86k8hgSaGNr5llFE40CdTEyZQXKP_EtuuRREhaA5tJLcIJqM8VSqfZlIO1VilWRYT9puwhStAjyZqIKM4fm1HoPeP333qLi5bYn8RS98wNix2JV6QxNrXRizOwRRGrLbi88ygIngm_1k8YzCOusXD8w1y8dfTPAEAAA%3d%3d:1
[  427763ms] [WARNING] !! Há erros de scripts de terceiros !!
Por favor, contate a Empresa responsável pelo script.  @ https://d1hjvew1n9ss7u.cloudfront.net/assets/shjs.js?t=639255987001545277:0
[  427763ms] Uncaught Error: You must pass a string or Handlebars AST to Handlebars.compile. You passed null
    at e.compile (https://d1hjvew1n9ss7u.cloudfront.net/asset.axd?id=PAEAAB-LCAAAAAAAAAOtj0EPwUAQhf-KzLnsKqu64iBu4oSbOKzt0G2qKztTkQi_3abi6Ob43vfem8wDLIMGxjuLytwM2eCuPOvZ0gRCnrd86k8hgSaGNr5llFE40CdTEyZQXKP_EtuuRREhaA5tJLcIJqM8VSqfZlIO1VilWRYT9puwhStAjyZqIKM4fm1HoPeP333qLi5bYn8RS98wNix2JV6QxNrXRizOwRRGrLbi88ygIngm_1k8YzCOusXD8w1y8dfTPAEAAA%3d%3d:1794:49302)
    at i.compile (https://d1hjvew1n9ss7u.cloudfront.net/asset.axd?id=PAEAAB-LCAAAAAAAAAOtj0EPwUAQhf-KzLnsKqu64iBu4oSbOKzt0G2qKztTkQi_3abi6Ob43vfem8wDLIMGxjuLytwM2eCuPOvZ0gRCnrd86k8hgSaGNr5llFE40CdTEyZQXKP_EtuuRREhaA5tJLcIJqM8VSqfZlIO1VilWRYT9puwhStAjyZqIKM4fm1HoPeP333qLi5bYn8RS98wNix2JV6QxNrXRizOwRRGrLbi88ygIngm_1k8YzCOusXD8w1y8dfTPAEAAA%3d%3d:1794:343)
    at renderBasket (https://d1hjvew1n9ss7u.cloudfront.net/asset.axd?id=PAEAAB-LCAAAAAAAAAOtj0EPwUAQhf-KzLnsKqu64iBu4oSbOKzt0G2qKztTkQi_3abi6Ob43vfem8wDLIMGxjuLytwM2eCuPOvZ0gRCnrd86k8hgSaGNr5llFE40CdTEyZQXKP_EtuuRREhaA5tJLcIJqM8VSqfZlIO1VilWRYT9puwhStAjyZqIKM4fm1HoPeP333qLi5bYn8RS98wNix2JV6QxNrXRizOwRRGrLbi88ygIngm_1k8YzCOusXD8w1y8dfTPAEAAA%3d%3d:29:27)
    at <anonymous> (https://d1hjvew1n9ss7u.cloudfront.net/asset.axd?id=PAEAAB-LCAAAAAAAAAOtj0EPwUAQhf-KzLnsKqu64iBu4oSbOKzt0G2qKztTkQi_3abi6Ob43vfem8wDLIMGxjuLytwM2eCuPOvZ0gRCnrd86k8hgSaGNr5llFE40CdTEyZQXKP_EtuuRREhaA5tJLcIJqM8VSqfZlIO1VilWRYT9puwhStAjyZqIKM4fm1HoPeP333qLi5bYn8RS98wNix2JV6QxNrXRizOwRRGrLbi88ygIngm_1k8YzCOusXD8w1y8dfTPAEAAA%3d%3d:220:1)
    at f (https://d1hjvew1n9ss7u.cloudfront.net/assets/shjs.js?t=639255987001545277:0:10382)
    at fireWith (https://d1hjvew1n9ss7u.cloudfront.net/assets/shjs.js?t=639255987001545277:0:11137)
    at ready (https://d1hjvew1n9ss7u.cloudfront.net/assets/shjs.js?t=639255987001545277:0:5238)
    at r (https://d1hjvew1n9ss7u.cloudfront.net/assets/shjs.js?t=639255987001545277:0:9748)
[  427767ms] [VERBOSE] [DOM] Input elements should have autocomplete attributes (suggested: "current-password"): (More info: https://goo.gl/9p2vKq) %o @ https://www.lolacosmetics.com.br/volumao-shampoo-250ml-ps-19629-321-p46389:0
[  427767ms] [VERBOSE] [DOM] Input elements should have autocomplete attributes (suggested: "current-password"): (More info: https://goo.gl/9p2vKq) %o @ https://www.lolacosmetics.com.br/volumao-shampoo-250ml-ps-19629-321-p46389:0
[  427883ms] [ERROR] Failed to load resource: net::ERR_NAME_NOT_RESOLVED @ https://event.getblue.io/js/blue-tag.min.js:0
[  427894ms] [LOG] AffiseStorage availability: {cookie: true, localStorage: true, sessionStorage: true} @ https://rankmediabrasil.g2afse.com/websdk.js:0
[  427894ms] [LOG] Status RNK Media - ClickId: null UTM: null @ :3
[  427993ms] [ERROR] Failed to load resource: the server responded with a status of 404 () @ https://d1hjvew1n9ss7u.cloudfront.net/Custom/Content/Themes/Lola/Agrada/CSS/ajax-loader.gif:0
[  428129ms] [WARNING] [Meta Pixel] - Invalid parameter format for currency. Please refer https://developers.facebook.com/docs/meta-pixel/reference/ for valid parameter specifications. @ https://connect.facebook.net/en_US/fbevents.js:203
[  428476ms] [ERROR] Failed to load resource: the server responded with a status of 403 () @ https://collector.mailbiz.one/collect:0
[  428727ms] Uncaught TypeError: Cannot read properties of undefined (reading 'replace')
    at validaFreteGratis (https://d1hjvew1n9ss7u.cloudfront.net/asset.axd?id=PAEAAB-LCAAAAAAAAAOtj0EPwUAQhf-KzLnsKqu64iBu4oSbOKzt0G2qKztTkQi_3abi6Ob43vfem8wDLIMGxjuLytwM2eCuPOvZ0gRCnrd86k8hgSaGNr5llFE40CdTEyZQXKP_EtuuRREhaA5tJLcIJqM8VSqfZlIO1VilWRYT9puwhStAjyZqIKM4fm1HoPeP333qLi5bYn8RS98wNix2JV6QxNrXRizOwRRGrLbi88ygIngm_1k8YzCOusXD8w1y8dfTPAEAAA%3d%3d:1:7633)
    at <anonymous> (https://d1hjvew1n9ss7u.cloudfront.net/asset.axd?id=PAEAAB-LCAAAAAAAAAOtj0EPwUAQhf-KzLnsKqu64iBu4oSbOKzt0G2qKztTkQi_3abi6Ob43vfem8wDLIMGxjuLytwM2eCuPOvZ0gRCnrd86k8hgSaGNr5llFE40CdTEyZQXKP_EtuuRREhaA5tJLcIJqM8VSqfZlIO1VilWRYT9puwhStAjyZqIKM4fm1HoPeP333qLi5bYn8RS98wNix2JV6QxNrXRizOwRRGrLbi88ygIngm_1k8YzCOusXD8w1y8dfTPAEAAA%3d%3d:1:49808)
    at dispatch (https://d1hjvew1n9ss7u.cloudfront.net/assets/shjs.js?t=639255987001545277:0:32701)
    at a (https://d1hjvew1n9ss7u.cloudfront.net/assets/shjs.js?t=639255987001545277:0:28480)
[  428726ms] [LOG] Banner não encontrado: banner-232 @ https://d1hjvew1n9ss7u.cloudfront.net/asset.axd?id=PAEAAB-LCAAAAAAAAAOtj0EPwUAQhf-KzLnsKqu64iBu4oSbOKzt0G2qKztTkQi_3abi6Ob43vfem8wDLIMGxjuLytwM2eCuPOvZ0gRCnrd86k8hgSaGNr5llFE40CdTEyZQXKP_EtuuRREhaA5tJLcIJqM8VSqfZlIO1VilWRYT9puwhStAjyZqIKM4fm1HoPeP333qLi5bYn8RS98wNix2JV6QxNrXRizOwRRGrLbi88ygIngm_1k8YzCOusXD8w1y8dfTPAEAAA%3d%3d:754
[  428873ms] [LOG] %c Widde Video Commerce %c v24604ee %c Build: 21/09/2026 20:39 %c border: 1px solid #2567f8; background: #2567f8; color: #fff; font-weight: bold; padding: 4px 8px; border-radius: 3px 0 0 0; border: 1px solid #2567f8; border-left: none; background: #FFF; color: #2567f8; font-weight: bold; padding: 4px 8px; border: 1px solid #2567f8; border-left: none; background: #f0f0f0; color: #333; font-weight: bold; padding: 4px 8px; border-radius: 0 3px 3px 0; background: transparent @ https://cdn.widde.io/assets/main.utzwjalemu.js:0
[  429126ms] [LOG] %c Tryon Widde.io %c %s %c border: 1px solid #2567f8; background: #2567f8; color: #fff; font-weight: bold; padding: 4px 8px; border-radius: 3px 0 0 3px; border: 1px solid #2567f8; background: #FFF; color: #2567f8; font-weight: bold; padding: 4px 8px; border-radius: 0 3px 3px 0; 47bf7c2 background: transparent @ https://cdn-tryon.widde.io/widde-tryon.js:86
[  429146ms] [LOG] [tryon-tracker] initialized {domain: www.lolacosmetics.com.br} @ https://cdn-tryon.widde.io/widde-tryon.js:8
[  431636ms] [VERBOSE] [DOM] Input elements should have autocomplete attributes (suggested: "current-password"): (More info: https://goo.gl/9p2vKq) %o @ http://localhost:4360/volumao-shampoo-250ml-ps-19629-321-p46389:0
[  431637ms] [VERBOSE] [DOM] Input elements should have autocomplete attributes (suggested: "current-password"): (More info: https://goo.gl/9p2vKq) %o @ http://localhost:4360/volumao-shampoo-250ml-ps-19629-321-p46389:0
[  434788ms] [WARNING] Error with Feature-Policy header: Some features are specified in both Feature-Policy and Permissions-Policy header: payment, fullscreen, microphone, camera. Values defined in Permissions-Policy header will be used. @ :0
[  435221ms] [ERROR] Failed to load resource: the server responded with a status of 500 () @ https://fonts.cdnfonts.com/css/leelawade:0
[  435677ms] [ERROR] Failed to load resource: the server responded with a status of 404 () @ https://lolacosmetics.admin.linxcommerce.com.br/Custom/Content/Themes/Lola/Styles/Fonts/FontAwesome/all.css:0
[  435776ms] [ERROR] Access to XMLHttpRequest at 'https://api.reclameaqui.com.br/embed-reputation/hash/NjQ5NTQ6bG9sYS1jb3NtZXRpY3M=' from origin 'https://www.lolacosmetics.com.br' has been blocked by CORS policy: No 'Access-Control-Allow-Origin' header is present on the requested resource. @ https://www.lolacosmetics.com.br/:0
[  435777ms] [ERROR] RA-Reputation: bad response from server https://api.reclameaqui.com.br/embed-reputation/hash/NjQ5NTQ6bG9sYS1jb3NtZXRpY3M= @ https://s3.amazonaws.com/raichu-beta/selos/bundle.js:0
[  435777ms] [ERROR] Failed to load resource: net::ERR_FAILED @ https://api.reclameaqui.com.br/embed-reputation/hash/NjQ5NTQ6bG9sYS1jb3NtZXRpY3M=:0
[  435888ms] [LOG] Banner não encontrado: banner-233 @ https://d1hjvew1n9ss7u.cloudfront.net/asset.axd?id=PAEAAB-LCAAAAAAAAAOtj0EPwUAQhf-KzLnsKqu64iBu4oSbOKzt0G2qKztTkQi_3abi6Ob43vfem8wDLIMGxjuLytwM2eCuPOvZ0gRCnrd86k8hgSaGNr5llFE40CdTEyZQXKP_EtuuRREhaA5tJLcIJqM8VSqfZlIO1VilWRYT9puwhStAjyZqIKM4fm1HoPeP333qLi5bYn8RS98wNix2JV6QxNrXRizOwRRGrLbi88ygIngm_1k8YzCOusXD8w1y8dfTPAEAAA%3d%3d:754
[  435890ms] [LOG] [Debug Carrinho] Polling ativo @ https://d1hjvew1n9ss7u.cloudfront.net/asset.axd?id=PAEAAB-LCAAAAAAAAAOtj0EPwUAQhf-KzLnsKqu64iBu4oSbOKzt0G2qKztTkQi_3abi6Ob43vfem8wDLIMGxjuLytwM2eCuPOvZ0gRCnrd86k8hgSaGNr5llFE40CdTEyZQXKP_EtuuRREhaA5tJLcIJqM8VSqfZlIO1VilWRYT9puwhStAjyZqIKM4fm1HoPeP333qLi5bYn8RS98wNix2JV6QxNrXRizOwRRGrLbi88ygIngm_1k8YzCOusXD8w1y8dfTPAEAAA%3d%3d:1790
[  436028ms] [WARNING] !! Há erros de scripts de terceiros !!
Por favor, contate a Empresa responsável pelo script.  @ https://d1hjvew1n9ss7u.cloudfront.net/assets/shjs.js?t=639255987001545277:0
[  436030ms] Uncaught Error: You must pass a string or Handlebars AST to Handlebars.compile. You passed null
    at e.compile (https://d1hjvew1n9ss7u.cloudfront.net/asset.axd?id=PAEAAB-LCAAAAAAAAAOtj0EPwUAQhf-KzLnsKqu64iBu4oSbOKzt0G2qKztTkQi_3abi6Ob43vfem8wDLIMGxjuLytwM2eCuPOvZ0gRCnrd86k8hgSaGNr5llFE40CdTEyZQXKP_EtuuRREhaA5tJLcIJqM8VSqfZlIO1VilWRYT9puwhStAjyZqIKM4fm1HoPeP333qLi5bYn8RS98wNix2JV6QxNrXRizOwRRGrLbi88ygIngm_1k8YzCOusXD8w1y8dfTPAEAAA%3d%3d:1794:49302)
    at i.compile (https://d1hjvew1n9ss7u.cloudfront.net/asset.axd?id=PAEAAB-LCAAAAAAAAAOtj0EPwUAQhf-KzLnsKqu64iBu4oSbOKzt0G2qKztTkQi_3abi6Ob43vfem8wDLIMGxjuLytwM2eCuPOvZ0gRCnrd86k8hgSaGNr5llFE40CdTEyZQXKP_EtuuRREhaA5tJLcIJqM8VSqfZlIO1VilWRYT9puwhStAjyZqIKM4fm1HoPeP333qLi5bYn8RS98wNix2JV6QxNrXRizOwRRGrLbi88ygIngm_1k8YzCOusXD8w1y8dfTPAEAAA%3d%3d:1794:343)
    at renderBasket (https://d1hjvew1n9ss7u.cloudfront.net/asset.axd?id=PAEAAB-LCAAAAAAAAAOtj0EPwUAQhf-KzLnsKqu64iBu4oSbOKzt0G2qKztTkQi_3abi6Ob43vfem8wDLIMGxjuLytwM2eCuPOvZ0gRCnrd86k8hgSaGNr5llFE40CdTEyZQXKP_EtuuRREhaA5tJLcIJqM8VSqfZlIO1VilWRYT9puwhStAjyZqIKM4fm1HoPeP333qLi5bYn8RS98wNix2JV6QxNrXRizOwRRGrLbi88ygIngm_1k8YzCOusXD8w1y8dfTPAEAAA%3d%3d:29:27)
    at <anonymous> (https://d1hjvew1n9ss7u.cloudfront.net/asset.axd?id=PAEAAB-LCAAAAAAAAAOtj0EPwUAQhf-KzLnsKqu64iBu4oSbOKzt0G2qKztTkQi_3abi6Ob43vfem8wDLIMGxjuLytwM2eCuPOvZ0gRCnrd86k8hgSaGNr5llFE40CdTEyZQXKP_EtuuRREhaA5tJLcIJqM8VSqfZlIO1VilWRYT9puwhStAjyZqIKM4fm1HoPeP333qLi5bYn8RS98wNix2JV6QxNrXRizOwRRGrLbi88ygIngm_1k8YzCOusXD8w1y8dfTPAEAAA%3d%3d:220:1)
    at f (https://d1hjvew1n9ss7u.cloudfront.net/assets/shjs.js?t=639255987001545277:0:10382)
    at fireWith (https://d1hjvew1n9ss7u.cloudfront.net/assets/shjs.js?t=639255987001545277:0:11137)
    at ready (https://d1hjvew1n9ss7u.cloudfront.net/assets/shjs.js?t=639255987001545277:0:5238)
    at r (https://d1hjvew1n9ss7u.cloudfront.net/assets/shjs.js?t=639255987001545277:0:9748)
[  436051ms] [VERBOSE] [DOM] Input elements should have autocomplete attributes (suggested: "current-password"): (More info: https://goo.gl/9p2vKq) %o @ https://www.lolacosmetics.com.br/:0
[  436051ms] [VERBOSE] [DOM] Input elements should have autocomplete attributes (suggested: "current-password"): (More info: https://goo.gl/9p2vKq) %o @ https://www.lolacosmetics.com.br/:0
[  436089ms] [ERROR] Failed to load resource: net::ERR_NAME_NOT_RESOLVED @ https://event.getblue.io/js/blue-tag.min.js:0
[  436100ms] [LOG] AffiseStorage availability: {cookie: true, localStorage: true, sessionStorage: true} @ https://rankmediabrasil.g2afse.com/websdk.js:0
[  436101ms] [LOG] Status RNK Media - ClickId: null UTM: null @ :3
[  436222ms] [ERROR] Failed to load resource: the server responded with a status of 404 () @ https://d1hjvew1n9ss7u.cloudfront.net/Custom/Content/Themes/Lola/Agrada/CSS/ajax-loader.gif:0
[  436614ms] [WARNING] [Meta Pixel] - Invalid parameter format for currency. Please refer https://developers.facebook.com/docs/meta-pixel/reference/ for valid parameter specifications. @ https://connect.facebook.net/en_US/fbevents.js:203
[  436989ms] [ERROR] Error: <path> attribute d: Expected number, "…0,0,0-.462-1.117Z". @ https://d1hjvew1n9ss7u.cloudfront.net/assets/shjs.js?t=639255987001545277:0
[  437061ms] [ERROR] Failed to load resource: the server responded with a status of 403 () @ https://collector.mailbiz.one/collect:0
[  438941ms] [INFO] É necessário definir o storeID no Plugin TrustVox @ https://d1hjvew1n9ss7u.cloudfront.net/asset.axd?id=GQsAAB-LCAAAAAAAAAO9lsFymzAQhl-lo7Mr3LiOEzo95RF66KHTwyLWoBgkRrvC8WTSZ69M6glgSGeKpkf0_9K32mUlPQvFIhWMT5w8QguknG74ywdVgiPkr573H-_ESphg-q7zAnkdvrRI91ARrkTeBOFX8q2bRkFCkbLzQWmDcLu5v9lu7-926_Wn7eftzW4XHOriULnORbq53cp1-Mguw5pE-uN5fj51xAdPbOvkwRpGw8lrbJTouvEhMFkjwyWq5JjL_rh8JPGy-ldCYW1RoQQD1Ym1oj5lrC0j0YkYa-lQQcOhILLd9GET8jJe4-xeh_ArW2jTJw2EiAxpwXM5T-rkOLwjVsrWKKm0TYNuijmyLONmzh5Jm0IqYCysO9VofJ86aVi819wrloTg1DitPWUZRZWoDtazzIAOGNb0dQ3uVCLkw7y-a1wWQ1gnrHjOXgbGDLFjLU5OK23CH6KprDTxVGoHhojMGnMNNEt8laPzZAtOA2tr_op-c0aMItwExK19kg7OpZyNYeSLE0HjtMIpZCfEYWT-lHlmOz5nh-J_YFmDqtLqEEyx6jfXIEv74qqzz68W-27vd454-5IqiJDb8f1xbYjIvD7iJuRlvBzCq8gTFOHtohQ2DGbYAZOGWNU0eKQKmefO8Td9GRGdC4X5cw31UQOhY_x8-Q3qjZweGQsAAA%3d%3d:40
[  438949ms] Uncaught TypeError: Cannot read properties of undefined (reading 'replace')
    at validaFreteGratis (https://d1hjvew1n9ss7u.cloudfront.net/asset.axd?id=PAEAAB-LCAAAAAAAAAOtj0EPwUAQhf-KzLnsKqu64iBu4oSbOKzt0G2qKztTkQi_3abi6Ob43vfem8wDLIMGxjuLytwM2eCuPOvZ0gRCnrd86k8hgSaGNr5llFE40CdTEyZQXKP_EtuuRREhaA5tJLcIJqM8VSqfZlIO1VilWRYT9puwhStAjyZqIKM4fm1HoPeP333qLi5bYn8RS98wNix2JV6QxNrXRizOwRRGrLbi88ygIngm_1k8YzCOusXD8w1y8dfTPAEAAA%3d%3d:1:7633)
    at <anonymous> (https://d1hjvew1n9ss7u.cloudfront.net/asset.axd?id=PAEAAB-LCAAAAAAAAAOtj0EPwUAQhf-KzLnsKqu64iBu4oSbOKzt0G2qKztTkQi_3abi6Ob43vfem8wDLIMGxjuLytwM2eCuPOvZ0gRCnrd86k8hgSaGNr5llFE40CdTEyZQXKP_EtuuRREhaA5tJLcIJqM8VSqfZlIO1VilWRYT9puwhStAjyZqIKM4fm1HoPeP333qLi5bYn8RS98wNix2JV6QxNrXRizOwRRGrLbi88ygIngm_1k8YzCOusXD8w1y8dfTPAEAAA%3d%3d:1:49808)
    at dispatch (https://d1hjvew1n9ss7u.cloudfront.net/assets/shjs.js?t=639255987001545277:0:32701)
    at a (https://d1hjvew1n9ss7u.cloudfront.net/assets/shjs.js?t=639255987001545277:0:28480)
[  438949ms] [LOG] Banner não encontrado: banner-233 @ https://d1hjvew1n9ss7u.cloudfront.net/asset.axd?id=PAEAAB-LCAAAAAAAAAOtj0EPwUAQhf-KzLnsKqu64iBu4oSbOKzt0G2qKztTkQi_3abi6Ob43vfem8wDLIMGxjuLytwM2eCuPOvZ0gRCnrd86k8hgSaGNr5llFE40CdTEyZQXKP_EtuuRREhaA5tJLcIJqM8VSqfZlIO1VilWRYT9puwhStAjyZqIKM4fm1HoPeP333qLi5bYn8RS98wNix2JV6QxNrXRizOwRRGrLbi88ygIngm_1k8YzCOusXD8w1y8dfTPAEAAA%3d%3d:754
[  438961ms] [LOG] %c Widde Video Commerce %c v24604ee %c Build: 21/09/2026 20:39 %c border: 1px solid #2567f8; background: #2567f8; color: #fff; font-weight: bold; padding: 4px 8px; border-radius: 3px 0 0 0; border: 1px solid #2567f8; border-left: none; background: #FFF; color: #2567f8; font-weight: bold; padding: 4px 8px; border: 1px solid #2567f8; border-left: none; background: #f0f0f0; color: #333; font-weight: bold; padding: 4px 8px; border-radius: 0 3px 3px 0; background: transparent @ https://cdn.widde.io/assets/main.utzwjalemu.js:0
[  438978ms] [ERROR] Error decoding JWT: Error: Invalid JWT format
    at u0 (https://cdn.widde.io/assets/shared-utils.58MPgxdv.js:99:89838)
    at e (https://cdn.widde.io/assets/shared-utils.58MPgxdv.js:99:90502)
    at d0.startNativation (https://cdn.widde.io/assets/shared-utils.58MPgxdv.js:99:90616)
    at d0.registerNavigation (https://cdn.widde.io/assets/shared-utils.58MPgxdv.js:99:91609)
    at e (https://cdn.widde.io/assets/main.utzwjalemu.js:1:21655) @ https://cdn.widde.io/assets/shared-utils.58MPgxdv.js:98
[  439107ms] [LOG] %c Tryon Widde.io %c %s %c border: 1px solid #2567f8; background: #2567f8; color: #fff; font-weight: bold; padding: 4px 8px; border-radius: 3px 0 0 3px; border: 1px solid #2567f8; background: #FFF; color: #2567f8; font-weight: bold; padding: 4px 8px; border-radius: 0 3px 3px 0; 47bf7c2 background: transparent @ https://cdn-tryon.widde.io/widde-tryon.js:86
[  439130ms] [LOG] [tryon-tracker] initialized {domain: www.lolacosmetics.com.br} @ https://cdn-tryon.widde.io/widde-tryon.js:8
[  441867ms] [VERBOSE] [DOM] Input elements should have autocomplete attributes (suggested: "current-password"): (More info: https://goo.gl/9p2vKq) %o @ http://localhost:4360/:0
[  441868ms] [VERBOSE] [DOM] Input elements should have autocomplete attributes (suggested: "current-password"): (More info: https://goo.gl/9p2vKq) %o @ http://localhost:4360/:0
[  445098ms] [WARNING] Error with Feature-Policy header: Some features are specified in both Feature-Policy and Permissions-Policy header: payment, fullscreen, microphone, camera. Values defined in Permissions-Policy header will be used. @ :0
[  445484ms] [ERROR] Failed to load resource: the server responded with a status of 500 () @ https://fonts.cdnfonts.com/css/leelawade:0
[  446168ms] [ERROR] Failed to load resource: the server responded with a status of 404 () @ https://lolacosmetics.admin.linxcommerce.com.br/Custom/Content/Themes/Lola/Styles/Fonts/FontAwesome/all.css:0
[  446586ms] [LOG] Banner não encontrado: banner-233 @ https://d1hjvew1n9ss7u.cloudfront.net/asset.axd?id=PAEAAB-LCAAAAAAAAAOtj0EPwUAQhf-KzLnsKqu64iBu4oSbOKzt0G2qKztTkQi_3abi6Ob43vfem8wDLIMGxjuLytwM2eCuPOvZ0gRCnrd86k8hgSaGNr5llFE40CdTEyZQXKP_EtuuRREhaA5tJLcIJqM8VSqfZlIO1VilWRYT9puwhStAjyZqIKM4fm1HoPeP333qLi5bYn8RS98wNix2JV6QxNrXRizOwRRGrLbi88ygIngm_1k8YzCOusXD8w1y8dfTPAEAAA%3d%3d:754
[  446587ms] [LOG] [Debug Carrinho] Polling ativo @ https://d1hjvew1n9ss7u.cloudfront.net/asset.axd?id=PAEAAB-LCAAAAAAAAAOtj0EPwUAQhf-KzLnsKqu64iBu4oSbOKzt0G2qKztTkQi_3abi6Ob43vfem8wDLIMGxjuLytwM2eCuPOvZ0gRCnrd86k8hgSaGNr5llFE40CdTEyZQXKP_EtuuRREhaA5tJLcIJqM8VSqfZlIO1VilWRYT9puwhStAjyZqIKM4fm1HoPeP333qLi5bYn8RS98wNix2JV6QxNrXRizOwRRGrLbi88ygIngm_1k8YzCOusXD8w1y8dfTPAEAAA%3d%3d:1790
[  446640ms] [LOG] categoria @ https://d1hjvew1n9ss7u.cloudfront.net/asset.axd?id=PAEAAB-LCAAAAAAAAAOtj0EPwUAQhf-KzLnsKqu64iBu4oSbOKzt0G2qKztTkQi_3abi6Ob43vfem8wDLIMGxjuLytwM2eCuPOvZ0gRCnrd86k8hgSaGNr5llFE40CdTEyZQXKP_EtuuRREhaA5tJLcIJqM8VSqfZlIO1VilWRYT9puwhStAjyZqIKM4fm1HoPeP333qLi5bYn8RS98wNix2JV6QxNrXRizOwRRGrLbi88ygIngm_1k8YzCOusXD8w1y8dfTPAEAAA%3d%3d:1
[  446641ms] [WARNING] !! Há erros de scripts de terceiros !!
Por favor, contate a Empresa responsável pelo script.  @ https://d1hjvew1n9ss7u.cloudfront.net/assets/shjs.js?t=639255987001545277:0
[  446641ms] Uncaught Error: You must pass a string or Handlebars AST to Handlebars.compile. You passed null
    at e.compile (https://d1hjvew1n9ss7u.cloudfront.net/asset.axd?id=PAEAAB-LCAAAAAAAAAOtj0EPwUAQhf-KzLnsKqu64iBu4oSbOKzt0G2qKztTkQi_3abi6Ob43vfem8wDLIMGxjuLytwM2eCuPOvZ0gRCnrd86k8hgSaGNr5llFE40CdTEyZQXKP_EtuuRREhaA5tJLcIJqM8VSqfZlIO1VilWRYT9puwhStAjyZqIKM4fm1HoPeP333qLi5bYn8RS98wNix2JV6QxNrXRizOwRRGrLbi88ygIngm_1k8YzCOusXD8w1y8dfTPAEAAA%3d%3d:1794:49302)
    at i.compile (https://d1hjvew1n9ss7u.cloudfront.net/asset.axd?id=PAEAAB-LCAAAAAAAAAOtj0EPwUAQhf-KzLnsKqu64iBu4oSbOKzt0G2qKztTkQi_3abi6Ob43vfem8wDLIMGxjuLytwM2eCuPOvZ0gRCnrd86k8hgSaGNr5llFE40CdTEyZQXKP_EtuuRREhaA5tJLcIJqM8VSqfZlIO1VilWRYT9puwhStAjyZqIKM4fm1HoPeP333qLi5bYn8RS98wNix2JV6QxNrXRizOwRRGrLbi88ygIngm_1k8YzCOusXD8w1y8dfTPAEAAA%3d%3d:1794:343)
    at renderBasket (https://d1hjvew1n9ss7u.cloudfront.net/asset.axd?id=PAEAAB-LCAAAAAAAAAOtj0EPwUAQhf-KzLnsKqu64iBu4oSbOKzt0G2qKztTkQi_3abi6Ob43vfem8wDLIMGxjuLytwM2eCuPOvZ0gRCnrd86k8hgSaGNr5llFE40CdTEyZQXKP_EtuuRREhaA5tJLcIJqM8VSqfZlIO1VilWRYT9puwhStAjyZqIKM4fm1HoPeP333qLi5bYn8RS98wNix2JV6QxNrXRizOwRRGrLbi88ygIngm_1k8YzCOusXD8w1y8dfTPAEAAA%3d%3d:29:27)
    at <anonymous> (https://d1hjvew1n9ss7u.cloudfront.net/asset.axd?id=PAEAAB-LCAAAAAAAAAOtj0EPwUAQhf-KzLnsKqu64iBu4oSbOKzt0G2qKztTkQi_3abi6Ob43vfem8wDLIMGxjuLytwM2eCuPOvZ0gRCnrd86k8hgSaGNr5llFE40CdTEyZQXKP_EtuuRREhaA5tJLcIJqM8VSqfZlIO1VilWRYT9puwhStAjyZqIKM4fm1HoPeP333qLi5bYn8RS98wNix2JV6QxNrXRizOwRRGrLbi88ygIngm_1k8YzCOusXD8w1y8dfTPAEAAA%3d%3d:220:1)
    at f (https://d1hjvew1n9ss7u.cloudfront.net/assets/shjs.js?t=639255987001545277:0:10382)
    at fireWith (https://d1hjvew1n9ss7u.cloudfront.net/assets/shjs.js?t=639255987001545277:0:11137)
    at ready (https://d1hjvew1n9ss7u.cloudfront.net/assets/shjs.js?t=639255987001545277:0:5238)
    at r (https://d1hjvew1n9ss7u.cloudfront.net/assets/shjs.js?t=639255987001545277:0:9748)
[  446651ms] [VERBOSE] [DOM] Input elements should have autocomplete attributes (suggested: "current-password"): (More info: https://goo.gl/9p2vKq) %o @ https://www.lolacosmetics.com.br/kits:0
[  446651ms] [VERBOSE] [DOM] Input elements should have autocomplete attributes (suggested: "current-password"): (More info: https://goo.gl/9p2vKq) %o @ https://www.lolacosmetics.com.br/kits:0
[  446700ms] [ERROR] Access to XMLHttpRequest at 'https://api.reclameaqui.com.br/embed-reputation/hash/NjQ5NTQ6bG9sYS1jb3NtZXRpY3M=' from origin 'https://www.lolacosmetics.com.br' has been blocked by CORS policy: No 'Access-Control-Allow-Origin' header is present on the requested resource. @ https://www.lolacosmetics.com.br/kits:0
[  446700ms] [ERROR] RA-Reputation: bad response from server https://api.reclameaqui.com.br/embed-reputation/hash/NjQ5NTQ6bG9sYS1jb3NtZXRpY3M= @ https://s3.amazonaws.com/raichu-beta/selos/bundle.js:0
[  446700ms] [ERROR] Failed to load resource: net::ERR_FAILED @ https://api.reclameaqui.com.br/embed-reputation/hash/NjQ5NTQ6bG9sYS1jb3NtZXRpY3M=:0
[  446776ms] [ERROR] Failed to load resource: net::ERR_NAME_NOT_RESOLVED @ https://event.getblue.io/js/blue-tag.min.js:0
[  446792ms] [LOG] AffiseStorage availability: {cookie: true, localStorage: true, sessionStorage: true} @ https://rankmediabrasil.g2afse.com/websdk.js:0
[  446792ms] [LOG] Status RNK Media - ClickId: null UTM: null @ :3
[  446894ms] [WARNING] [Meta Pixel] - Invalid parameter format for currency. Please refer https://developers.facebook.com/docs/meta-pixel/reference/ for valid parameter specifications. @ https://connect.facebook.net/en_US/fbevents.js:203
[  447461ms] [ERROR] Failed to load resource: the server responded with a status of 403 () @ https://collector.mailbiz.one/collect:0
[  447538ms] [INFO] É necessário definir o storeID no Plugin TrustVox @ https://d1hjvew1n9ss7u.cloudfront.net/asset.axd?id=_woAAB-LCAAAAAAAAAO9lsFunDAQhl-l4rw122w3m1D1lEfooYeqh8HMgrNgW_aYDYrSZ--EaFVgIZWK1aP9__b3Y3uwnxNJSZYQPlH6CC146ZSlLx9kBc4jfQ10_HiXbBLNpu-qKJG23FJJdoTa4yYpLAu_0m_9MM8SJhm5wErLwu3u_ma_v787bLef9p_3N4cDO-TFIQtVJNnudi-23Mgv3con2Y_n5fG-Jz4ET6ZJH4wm1JS-ZfOpamzgYKJBgkuq9FyIYb949MnL5l8JpTFljQI01B0p6YeUqbaO5DtP2AiHEizxhoh2N4TNyOt41pmj4vi1KZUekkZCRIYwEKhaJvVyHN4Za2kaFL4y1qKbY04s67i5M2evdCkkEJbGdQ3qMKTOGlZ_axEkCY_g5HRZB8o6iqxQnkwgkYM_Ic8ZmgZcVyEU43V917guA8_DM76uXg5aj7FTbR3pCJKjU2f5TGKL9ajcr8R4LOVpicRSDE7pTLDXjL470tkvneLflHE03qE5Pc7Jr5XmOla-mq7frCEis8FCgV8kvsnReaIFp4CU0X9F_3FGTMH3tafWPAkHrwW3mGHii5PAOiVxDtkLcRh56PJAZKa34Vj8DyyjUdZKntgUszanZXKtRqQtg1YxCuAXXfBQ8rtLSrQEenwuZg098-fLbwJGClv_CgAA:52
[  447545ms] Uncaught TypeError: Cannot read properties of undefined (reading 'replace')
    at validaFreteGratis (https://d1hjvew1n9ss7u.cloudfront.net/asset.axd?id=PAEAAB-LCAAAAAAAAAOtj0EPwUAQhf-KzLnsKqu64iBu4oSbOKzt0G2qKztTkQi_3abi6Ob43vfem8wDLIMGxjuLytwM2eCuPOvZ0gRCnrd86k8hgSaGNr5llFE40CdTEyZQXKP_EtuuRREhaA5tJLcIJqM8VSqfZlIO1VilWRYT9puwhStAjyZqIKM4fm1HoPeP333qLi5bYn8RS98wNix2JV6QxNrXRizOwRRGrLbi88ygIngm_1k8YzCOusXD8w1y8dfTPAEAAA%3d%3d:1:7633)
    at <anonymous> (https://d1hjvew1n9ss7u.cloudfront.net/asset.axd?id=PAEAAB-LCAAAAAAAAAOtj0EPwUAQhf-KzLnsKqu64iBu4oSbOKzt0G2qKztTkQi_3abi6Ob43vfem8wDLIMGxjuLytwM2eCuPOvZ0gRCnrd86k8hgSaGNr5llFE40CdTEyZQXKP_EtuuRREhaA5tJLcIJqM8VSqfZlIO1VilWRYT9puwhStAjyZqIKM4fm1HoPeP333qLi5bYn8RS98wNix2JV6QxNrXRizOwRRGrLbi88ygIngm_1k8YzCOusXD8w1y8dfTPAEAAA%3d%3d:1:49808)
    at dispatch (https://d1hjvew1n9ss7u.cloudfront.net/assets/shjs.js?t=639255987001545277:0:32701)
    at a (https://d1hjvew1n9ss7u.cloudfront.net/assets/shjs.js?t=639255987001545277:0:28480)
[  447545ms] [LOG] Banner não encontrado: banner-233 @ https://d1hjvew1n9ss7u.cloudfront.net/asset.axd?id=PAEAAB-LCAAAAAAAAAOtj0EPwUAQhf-KzLnsKqu64iBu4oSbOKzt0G2qKztTkQi_3abi6Ob43vfem8wDLIMGxjuLytwM2eCuPOvZ0gRCnrd86k8hgSaGNr5llFE40CdTEyZQXKP_EtuuRREhaA5tJLcIJqM8VSqfZlIO1VilWRYT9puwhStAjyZqIKM4fm1HoPeP333qLi5bYn8RS98wNix2JV6QxNrXRizOwRRGrLbi88ygIngm_1k8YzCOusXD8w1y8dfTPAEAAA%3d%3d:754
[  447741ms] [LOG] %c Widde Video Commerce %c v24604ee %c Build: 21/09/2026 20:39 %c border: 1px solid #2567f8; background: #2567f8; color: #fff; font-weight: bold; padding: 4px 8px; border-radius: 3px 0 0 0; border: 1px solid #2567f8; border-left: none; background: #FFF; color: #2567f8; font-weight: bold; padding: 4px 8px; border: 1px solid #2567f8; border-left: none; background: #f0f0f0; color: #333; font-weight: bold; padding: 4px 8px; border-radius: 0 3px 3px 0; background: transparent @ https://cdn.widde.io/assets/main.utzwjalemu.js:0
[  447793ms] [LOG] %c Tryon Widde.io %c %s %c border: 1px solid #2567f8; background: #2567f8; color: #fff; font-weight: bold; padding: 4px 8px; border-radius: 3px 0 0 3px; border: 1px solid #2567f8; background: #FFF; color: #2567f8; font-weight: bold; padding: 4px 8px; border-radius: 0 3px 3px 0; 47bf7c2 background: transparent @ https://cdn-tryon.widde.io/widde-tryon.js:86
[  447814ms] [LOG] [tryon-tracker] initialized {domain: www.lolacosmetics.com.br} @ https://cdn-tryon.widde.io/widde-tryon.js:8
[  450464ms] [VERBOSE] [DOM] Input elements should have autocomplete attributes (suggested: "current-password"): (More info: https://goo.gl/9p2vKq) %o @ http://localhost:4360/kits:0
[  450465ms] [VERBOSE] [DOM] Input elements should have autocomplete attributes (suggested: "current-password"): (More info: https://goo.gl/9p2vKq) %o @ http://localhost:4360/kits:0
[  453487ms] [WARNING] Error with Feature-Policy header: Some features are specified in both Feature-Policy and Permissions-Policy header: payment, fullscreen, microphone, camera. Values defined in Permissions-Policy header will be used. @ :0
[  453985ms] [ERROR] Failed to load resource: the server responded with a status of 500 () @ https://fonts.cdnfonts.com/css/leelawade:0
[  454370ms] [ERROR] Failed to load resource: the server responded with a status of 404 () @ https://lolacosmetics.admin.linxcommerce.com.br/Custom/Content/Themes/Lola/Styles/Fonts/FontAwesome/all.css:0
[  454378ms] [LOG] Trustvox rating | PDP: 46389 tipo: 3 @ https://www.lolacosmetics.com.br/volumao-shampoo-250ml-ps-19629-321-p46389:16
[  454378ms] [LOG] Trustvox rating | ID final usado = 46389 @ https://www.lolacosmetics.com.br/volumao-shampoo-250ml-ps-19629-321-p46389:16
[  454378ms] [LOG] Trustvox PDP | product: 46389 | type: 3 | usedId: 46389 @ https://www.lolacosmetics.com.br/volumao-shampoo-250ml-ps-19629-321-p46389:44
[  454424ms] [ERROR] Access to XMLHttpRequest at 'https://api.reclameaqui.com.br/embed-reputation/hash/NjQ5NTQ6bG9sYS1jb3NtZXRpY3M=' from origin 'https://www.lolacosmetics.com.br' has been blocked by CORS policy: No 'Access-Control-Allow-Origin' header is present on the requested resource. @ https://www.lolacosmetics.com.br/volumao-shampoo-250ml-ps-19629-321-p46389:48
[  454424ms] [ERROR] RA-Reputation: bad response from server https://api.reclameaqui.com.br/embed-reputation/hash/NjQ5NTQ6bG9sYS1jb3NtZXRpY3M= @ https://s3.amazonaws.com/raichu-beta/selos/bundle.js:0
[  454424ms] [ERROR] Failed to load resource: net::ERR_FAILED @ https://api.reclameaqui.com.br/embed-reputation/hash/NjQ5NTQ6bG9sYS1jb3NtZXRpY3M=:0
[  454578ms] [LOG] Banner não encontrado: banner-233 @ https://d1hjvew1n9ss7u.cloudfront.net/asset.axd?id=PAEAAB-LCAAAAAAAAAOtj0EPwUAQhf-KzLnsKqu64iBu4oSbOKzt0G2qKztTkQi_3abi6Ob43vfem8wDLIMGxjuLytwM2eCuPOvZ0gRCnrd86k8hgSaGNr5llFE40CdTEyZQXKP_EtuuRREhaA5tJLcIJqM8VSqfZlIO1VilWRYT9puwhStAjyZqIKM4fm1HoPeP333qLi5bYn8RS98wNix2JV6QxNrXRizOwRRGrLbi88ygIngm_1k8YzCOusXD8w1y8dfTPAEAAA%3d%3d:754
[  454580ms] [LOG] [Debug Carrinho] Polling ativo @ https://d1hjvew1n9ss7u.cloudfront.net/asset.axd?id=PAEAAB-LCAAAAAAAAAOtj0EPwUAQhf-KzLnsKqu64iBu4oSbOKzt0G2qKztTkQi_3abi6Ob43vfem8wDLIMGxjuLytwM2eCuPOvZ0gRCnrd86k8hgSaGNr5llFE40CdTEyZQXKP_EtuuRREhaA5tJLcIJqM8VSqfZlIO1VilWRYT9puwhStAjyZqIKM4fm1HoPeP333qLi5bYn8RS98wNix2JV6QxNrXRizOwRRGrLbi88ygIngm_1k8YzCOusXD8w1y8dfTPAEAAA%3d%3d:1790
[  454651ms] [LOG] add @ https://d1hjvew1n9ss7u.cloudfront.net/asset.axd?id=PAEAAB-LCAAAAAAAAAOtj0EPwUAQhf-KzLnsKqu64iBu4oSbOKzt0G2qKztTkQi_3abi6Ob43vfem8wDLIMGxjuLytwM2eCuPOvZ0gRCnrd86k8hgSaGNr5llFE40CdTEyZQXKP_EtuuRREhaA5tJLcIJqM8VSqfZlIO1VilWRYT9puwhStAjyZqIKM4fm1HoPeP333qLi5bYn8RS98wNix2JV6QxNrXRizOwRRGrLbi88ygIngm_1k8YzCOusXD8w1y8dfTPAEAAA%3d%3d:1
[  454653ms] [WARNING] !! Há erros de scripts de terceiros !!
Por favor, contate a Empresa responsável pelo script.  @ https://d1hjvew1n9ss7u.cloudfront.net/assets/shjs.js?t=639255987001545277:0
[  454653ms] Uncaught Error: You must pass a string or Handlebars AST to Handlebars.compile. You passed null
    at e.compile (https://d1hjvew1n9ss7u.cloudfront.net/asset.axd?id=PAEAAB-LCAAAAAAAAAOtj0EPwUAQhf-KzLnsKqu64iBu4oSbOKzt0G2qKztTkQi_3abi6Ob43vfem8wDLIMGxjuLytwM2eCuPOvZ0gRCnrd86k8hgSaGNr5llFE40CdTEyZQXKP_EtuuRREhaA5tJLcIJqM8VSqfZlIO1VilWRYT9puwhStAjyZqIKM4fm1HoPeP333qLi5bYn8RS98wNix2JV6QxNrXRizOwRRGrLbi88ygIngm_1k8YzCOusXD8w1y8dfTPAEAAA%3d%3d:1794:49302)
    at i.compile (https://d1hjvew1n9ss7u.cloudfront.net/asset.axd?id=PAEAAB-LCAAAAAAAAAOtj0EPwUAQhf-KzLnsKqu64iBu4oSbOKzt0G2qKztTkQi_3abi6Ob43vfem8wDLIMGxjuLytwM2eCuPOvZ0gRCnrd86k8hgSaGNr5llFE40CdTEyZQXKP_EtuuRREhaA5tJLcIJqM8VSqfZlIO1VilWRYT9puwhStAjyZqIKM4fm1HoPeP333qLi5bYn8RS98wNix2JV6QxNrXRizOwRRGrLbi88ygIngm_1k8YzCOusXD8w1y8dfTPAEAAA%3d%3d:1794:343)
    at renderBasket (https://d1hjvew1n9ss7u.cloudfront.net/asset.axd?id=PAEAAB-LCAAAAAAAAAOtj0EPwUAQhf-KzLnsKqu64iBu4oSbOKzt0G2qKztTkQi_3abi6Ob43vfem8wDLIMGxjuLytwM2eCuPOvZ0gRCnrd86k8hgSaGNr5llFE40CdTEyZQXKP_EtuuRREhaA5tJLcIJqM8VSqfZlIO1VilWRYT9puwhStAjyZqIKM4fm1HoPeP333qLi5bYn8RS98wNix2JV6QxNrXRizOwRRGrLbi88ygIngm_1k8YzCOusXD8w1y8dfTPAEAAA%3d%3d:29:27)
    at <anonymous> (https://d1hjvew1n9ss7u.cloudfront.net/asset.axd?id=PAEAAB-LCAAAAAAAAAOtj0EPwUAQhf-KzLnsKqu64iBu4oSbOKzt0G2qKztTkQi_3abi6Ob43vfem8wDLIMGxjuLytwM2eCuPOvZ0gRCnrd86k8hgSaGNr5llFE40CdTEyZQXKP_EtuuRREhaA5tJLcIJqM8VSqfZlIO1VilWRYT9puwhStAjyZqIKM4fm1HoPeP333qLi5bYn8RS98wNix2JV6QxNrXRizOwRRGrLbi88ygIngm_1k8YzCOusXD8w1y8dfTPAEAAA%3d%3d:220:1)
    at f (https://d1hjvew1n9ss7u.cloudfront.net/assets/shjs.js?t=639255987001545277:0:10382)
    at fireWith (https://d1hjvew1n9ss7u.cloudfront.net/assets/shjs.js?t=639255987001545277:0:11137)
    at ready (https://d1hjvew1n9ss7u.cloudfront.net/assets/shjs.js?t=639255987001545277:0:5238)
    at r (https://d1hjvew1n9ss7u.cloudfront.net/assets/shjs.js?t=639255987001545277:0:9748)
[  454657ms] [VERBOSE] [DOM] Input elements should have autocomplete attributes (suggested: "current-password"): (More info: https://goo.gl/9p2vKq) %o @ https://www.lolacosmetics.com.br/volumao-shampoo-250ml-ps-19629-321-p46389:0
[  454657ms] [VERBOSE] [DOM] Input elements should have autocomplete attributes (suggested: "current-password"): (More info: https://goo.gl/9p2vKq) %o @ https://www.lolacosmetics.com.br/volumao-shampoo-250ml-ps-19629-321-p46389:0
[  454783ms] [ERROR] Failed to load resource: net::ERR_NAME_NOT_RESOLVED @ https://event.getblue.io/js/blue-tag.min.js:0
[  454787ms] [LOG] AffiseStorage availability: {cookie: true, localStorage: true, sessionStorage: true} @ https://rankmediabrasil.g2afse.com/websdk.js:0
[  454788ms] [LOG] Status RNK Media - ClickId: null UTM: null @ :3
[  454871ms] [ERROR] Failed to load resource: the server responded with a status of 404 () @ https://d1hjvew1n9ss7u.cloudfront.net/Custom/Content/Themes/Lola/Agrada/CSS/ajax-loader.gif:0
[  455058ms] [WARNING] [Meta Pixel] - Invalid parameter format for currency. Please refer https://developers.facebook.com/docs/meta-pixel/reference/ for valid parameter specifications. @ https://connect.facebook.net/en_US/fbevents.js:203
[  455382ms] Uncaught TypeError: Cannot read properties of undefined (reading 'replace')
    at validaFreteGratis (https://d1hjvew1n9ss7u.cloudfront.net/asset.axd?id=PAEAAB-LCAAAAAAAAAOtj0EPwUAQhf-KzLnsKqu64iBu4oSbOKzt0G2qKztTkQi_3abi6Ob43vfem8wDLIMGxjuLytwM2eCuPOvZ0gRCnrd86k8hgSaGNr5llFE40CdTEyZQXKP_EtuuRREhaA5tJLcIJqM8VSqfZlIO1VilWRYT9puwhStAjyZqIKM4fm1HoPeP333qLi5bYn8RS98wNix2JV6QxNrXRizOwRRGrLbi88ygIngm_1k8YzCOusXD8w1y8dfTPAEAAA%3d%3d:1:7633)
    at <anonymous> (https://d1hjvew1n9ss7u.cloudfront.net/asset.axd?id=PAEAAB-LCAAAAAAAAAOtj0EPwUAQhf-KzLnsKqu64iBu4oSbOKzt0G2qKztTkQi_3abi6Ob43vfem8wDLIMGxjuLytwM2eCuPOvZ0gRCnrd86k8hgSaGNr5llFE40CdTEyZQXKP_EtuuRREhaA5tJLcIJqM8VSqfZlIO1VilWRYT9puwhStAjyZqIKM4fm1HoPeP333qLi5bYn8RS98wNix2JV6QxNrXRizOwRRGrLbi88ygIngm_1k8YzCOusXD8w1y8dfTPAEAAA%3d%3d:1:49808)
    at dispatch (https://d1hjvew1n9ss7u.cloudfront.net/assets/shjs.js?t=639255987001545277:0:32701)
    at a (https://d1hjvew1n9ss7u.cloudfront.net/assets/shjs.js?t=639255987001545277:0:28480)
[  455381ms] [LOG] Banner não encontrado: banner-233 @ https://d1hjvew1n9ss7u.cloudfront.net/asset.axd?id=PAEAAB-LCAAAAAAAAAOtj0EPwUAQhf-KzLnsKqu64iBu4oSbOKzt0G2qKztTkQi_3abi6Ob43vfem8wDLIMGxjuLytwM2eCuPOvZ0gRCnrd86k8hgSaGNr5llFE40CdTEyZQXKP_EtuuRREhaA5tJLcIJqM8VSqfZlIO1VilWRYT9puwhStAjyZqIKM4fm1HoPeP333qLi5bYn8RS98wNix2JV6QxNrXRizOwRRGrLbi88ygIngm_1k8YzCOusXD8w1y8dfTPAEAAA%3d%3d:754
[  455469ms] [LOG] %c Widde Video Commerce %c v24604ee %c Build: 21/09/2026 20:39 %c border: 1px solid #2567f8; background: #2567f8; color: #fff; font-weight: bold; padding: 4px 8px; border-radius: 3px 0 0 0; border: 1px solid #2567f8; border-left: none; background: #FFF; color: #2567f8; font-weight: bold; padding: 4px 8px; border: 1px solid #2567f8; border-left: none; background: #f0f0f0; color: #333; font-weight: bold; padding: 4px 8px; border-radius: 0 3px 3px 0; background: transparent @ https://cdn.widde.io/assets/main.utzwjalemu.js:0
[  455511ms] [ERROR] Failed to load resource: the server responded with a status of 403 () @ https://collector.mailbiz.one/collect:0
[  455557ms] Uncaught (in promise) TypeError: Cannot read properties of null (reading 'store_id')
    at loadAnswersSummaries (https://static.trustvox.com.br/sincero/sincero.js:0:378910)
    at <anonymous> (https://static.trustvox.com.br/sincero/sincero.js:0:104392)
    at r.dispatch (https://static.trustvox.com.br/sincero/sincero.js:0:106041)
    at dispatch (https://static.trustvox.com.br/sincero/sincero.js:0:102087)
    at <anonymous> (https://static.trustvox.com.br/sincero/sincero.js:0:365471)
[  455557ms] Uncaught (in promise) TypeError: Cannot read properties of null (reading 'store_id')
    at loadProfiles (https://static.trustvox.com.br/sincero/sincero.js:0:376806)
    at <anonymous> (https://static.trustvox.com.br/sincero/sincero.js:0:104392)
    at r.dispatch (https://static.trustvox.com.br/sincero/sincero.js:0:106041)
    at dispatch (https://static.trustvox.com.br/sincero/sincero.js:0:102087)
    at t.context.a.dispatch (https://static.trustvox.com.br/sincero/sincero.js:0:103635)
    at <anonymous> (https://static.trustvox.com.br/sincero/sincero.js:0:376597)
[  455633ms] [LOG] %c Tryon Widde.io %c %s %c border: 1px solid #2567f8; background: #2567f8; color: #fff; font-weight: bold; padding: 4px 8px; border-radius: 3px 0 0 3px; border: 1px solid #2567f8; background: #FFF; color: #2567f8; font-weight: bold; padding: 4px 8px; border-radius: 0 3px 3px 0; 47bf7c2 background: transparent @ https://cdn-tryon.widde.io/widde-tryon.js:86
[  455662ms] [LOG] [tryon-tracker] initialized {domain: www.lolacosmetics.com.br} @ https://cdn-tryon.widde.io/widde-tryon.js:8
[  458274ms] [VERBOSE] [DOM] Input elements should have autocomplete attributes (suggested: "current-password"): (More info: https://goo.gl/9p2vKq) %o @ http://localhost:4360/volumao-shampoo-250ml-ps-19629-321-p46389:0
[  458274ms] [VERBOSE] [DOM] Input elements should have autocomplete attributes (suggested: "current-password"): (More info: https://goo.gl/9p2vKq) %o @ http://localhost:4360/volumao-shampoo-250ml-ps-19629-321-p46389:0
[  461445ms] [WARNING] Error with Feature-Policy header: Some features are specified in both Feature-Policy and Permissions-Policy header: payment, fullscreen, microphone, camera. Values defined in Permissions-Policy header will be used. @ :0
[  461718ms] [ERROR] Failed to load resource: the server responded with a status of 500 () @ https://fonts.cdnfonts.com/css/leelawade:0
[  462458ms] [ERROR] Failed to load resource: the server responded with a status of 404 () @ https://lolacosmetics.admin.linxcommerce.com.br/Custom/Content/Themes/Lola/Styles/Fonts/FontAwesome/all.css:0
[  462542ms] [ERROR] Access to XMLHttpRequest at 'https://api.reclameaqui.com.br/embed-reputation/hash/NjQ5NTQ6bG9sYS1jb3NtZXRpY3M=' from origin 'https://www.lolacosmetics.com.br' has been blocked by CORS policy: No 'Access-Control-Allow-Origin' header is present on the requested resource. @ https://www.lolacosmetics.com.br/:5
[  462542ms] [ERROR] RA-Reputation: bad response from server https://api.reclameaqui.com.br/embed-reputation/hash/NjQ5NTQ6bG9sYS1jb3NtZXRpY3M= @ https://s3.amazonaws.com/raichu-beta/selos/bundle.js:0
[  462542ms] [ERROR] Failed to load resource: net::ERR_FAILED @ https://api.reclameaqui.com.br/embed-reputation/hash/NjQ5NTQ6bG9sYS1jb3NtZXRpY3M=:0
[  462834ms] [LOG] Banner não encontrado: banner-233 @ https://d1hjvew1n9ss7u.cloudfront.net/asset.axd?id=PAEAAB-LCAAAAAAAAAOtj0EPwUAQhf-KzLnsKqu64iBu4oSbOKzt0G2qKztTkQi_3abi6Ob43vfem8wDLIMGxjuLytwM2eCuPOvZ0gRCnrd86k8hgSaGNr5llFE40CdTEyZQXKP_EtuuRREhaA5tJLcIJqM8VSqfZlIO1VilWRYT9puwhStAjyZqIKM4fm1HoPeP333qLi5bYn8RS98wNix2JV6QxNrXRizOwRRGrLbi88ygIngm_1k8YzCOusXD8w1y8dfTPAEAAA%3d%3d:754
[  462835ms] [LOG] [Debug Carrinho] Polling ativo @ https://d1hjvew1n9ss7u.cloudfront.net/asset.axd?id=PAEAAB-LCAAAAAAAAAOtj0EPwUAQhf-KzLnsKqu64iBu4oSbOKzt0G2qKztTkQi_3abi6Ob43vfem8wDLIMGxjuLytwM2eCuPOvZ0gRCnrd86k8hgSaGNr5llFE40CdTEyZQXKP_EtuuRREhaA5tJLcIJqM8VSqfZlIO1VilWRYT9puwhStAjyZqIKM4fm1HoPeP333qLi5bYn8RS98wNix2JV6QxNrXRizOwRRGrLbi88ygIngm_1k8YzCOusXD8w1y8dfTPAEAAA%3d%3d:1790
[  462977ms] [WARNING] !! Há erros de scripts de terceiros !!
Por favor, contate a Empresa responsável pelo script.  @ https://d1hjvew1n9ss7u.cloudfront.net/assets/shjs.js?t=639255987001545277:0
[  462978ms] Uncaught Error: You must pass a string or Handlebars AST to Handlebars.compile. You passed null
    at e.compile (https://d1hjvew1n9ss7u.cloudfront.net/asset.axd?id=PAEAAB-LCAAAAAAAAAOtj0EPwUAQhf-KzLnsKqu64iBu4oSbOKzt0G2qKztTkQi_3abi6Ob43vfem8wDLIMGxjuLytwM2eCuPOvZ0gRCnrd86k8hgSaGNr5llFE40CdTEyZQXKP_EtuuRREhaA5tJLcIJqM8VSqfZlIO1VilWRYT9puwhStAjyZqIKM4fm1HoPeP333qLi5bYn8RS98wNix2JV6QxNrXRizOwRRGrLbi88ygIngm_1k8YzCOusXD8w1y8dfTPAEAAA%3d%3d:1794:49302)
    at i.compile (https://d1hjvew1n9ss7u.cloudfront.net/asset.axd?id=PAEAAB-LCAAAAAAAAAOtj0EPwUAQhf-KzLnsKqu64iBu4oSbOKzt0G2qKztTkQi_3abi6Ob43vfem8wDLIMGxjuLytwM2eCuPOvZ0gRCnrd86k8hgSaGNr5llFE40CdTEyZQXKP_EtuuRREhaA5tJLcIJqM8VSqfZlIO1VilWRYT9puwhStAjyZqIKM4fm1HoPeP333qLi5bYn8RS98wNix2JV6QxNrXRizOwRRGrLbi88ygIngm_1k8YzCOusXD8w1y8dfTPAEAAA%3d%3d:1794:343)
    at renderBasket (https://d1hjvew1n9ss7u.cloudfront.net/asset.axd?id=PAEAAB-LCAAAAAAAAAOtj0EPwUAQhf-KzLnsKqu64iBu4oSbOKzt0G2qKztTkQi_3abi6Ob43vfem8wDLIMGxjuLytwM2eCuPOvZ0gRCnrd86k8hgSaGNr5llFE40CdTEyZQXKP_EtuuRREhaA5tJLcIJqM8VSqfZlIO1VilWRYT9puwhStAjyZqIKM4fm1HoPeP333qLi5bYn8RS98wNix2JV6QxNrXRizOwRRGrLbi88ygIngm_1k8YzCOusXD8w1y8dfTPAEAAA%3d%3d:29:27)
    at <anonymous> (https://d1hjvew1n9ss7u.cloudfront.net/asset.axd?id=PAEAAB-LCAAAAAAAAAOtj0EPwUAQhf-KzLnsKqu64iBu4oSbOKzt0G2qKztTkQi_3abi6Ob43vfem8wDLIMGxjuLytwM2eCuPOvZ0gRCnrd86k8hgSaGNr5llFE40CdTEyZQXKP_EtuuRREhaA5tJLcIJqM8VSqfZlIO1VilWRYT9puwhStAjyZqIKM4fm1HoPeP333qLi5bYn8RS98wNix2JV6QxNrXRizOwRRGrLbi88ygIngm_1k8YzCOusXD8w1y8dfTPAEAAA%3d%3d:220:1)
    at f (https://d1hjvew1n9ss7u.cloudfront.net/assets/shjs.js?t=639255987001545277:0:10382)
    at fireWith (https://d1hjvew1n9ss7u.cloudfront.net/assets/shjs.js?t=639255987001545277:0:11137)
    at ready (https://d1hjvew1n9ss7u.cloudfront.net/assets/shjs.js?t=639255987001545277:0:5238)
    at r (https://d1hjvew1n9ss7u.cloudfront.net/assets/shjs.js?t=639255987001545277:0:9748)
[  463000ms] [VERBOSE] [DOM] Input elements should have autocomplete attributes (suggested: "current-password"): (More info: https://goo.gl/9p2vKq) %o @ https://www.lolacosmetics.com.br/:0
[  463000ms] [VERBOSE] [DOM] Input elements should have autocomplete attributes (suggested: "current-password"): (More info: https://goo.gl/9p2vKq) %o @ https://www.lolacosmetics.com.br/:0
[  463049ms] [ERROR] Failed to load resource: net::ERR_NAME_NOT_RESOLVED @ https://event.getblue.io/js/blue-tag.min.js:0
[  463054ms] [LOG] AffiseStorage availability: {cookie: true, localStorage: true, sessionStorage: true} @ https://rankmediabrasil.g2afse.com/websdk.js:0
[  463054ms] [LOG] Status RNK Media - ClickId: null UTM: null @ :3
[  463121ms] [ERROR] Failed to load resource: the server responded with a status of 404 () @ https://d1hjvew1n9ss7u.cloudfront.net/Custom/Content/Themes/Lola/Agrada/CSS/ajax-loader.gif:0
[  463227ms] [ERROR] Error: <path> attribute d: Expected number, "…0,0,0-.462-1.117Z". @ https://d1hjvew1n9ss7u.cloudfront.net/assets/shjs.js?t=639255987001545277:0
[  463361ms] [WARNING] [Meta Pixel] - Invalid parameter format for currency. Please refer https://developers.facebook.com/docs/meta-pixel/reference/ for valid parameter specifications. @ https://connect.facebook.net/en_US/fbevents.js:203
[  463830ms] [ERROR] Failed to load resource: the server responded with a status of 403 () @ https://collector.mailbiz.one/collect:0
[  465679ms] [INFO] É necessário definir o storeID no Plugin TrustVox @ https://d1hjvew1n9ss7u.cloudfront.net/asset.axd?id=GQsAAB-LCAAAAAAAAAO9lsFymzAQhl-lo7Mr3LiOEzo95RF66KHTwyLWoBgkRrvC8WTSZ69M6glgSGeKpkf0_9K32mUlPQvFIhWMT5w8QguknG74ywdVgiPkr573H-_ESphg-q7zAnkdvrRI91ARrkTeBOFX8q2bRkFCkbLzQWmDcLu5v9lu7-926_Wn7eftzW4XHOriULnORbq53cp1-Mguw5pE-uN5fj51xAdPbOvkwRpGw8lrbJTouvEhMFkjwyWq5JjL_rh8JPGy-ldCYW1RoQQD1Ym1oj5lrC0j0YkYa-lQQcOhILLd9GET8jJe4-xeh_ArW2jTJw2EiAxpwXM5T-rkOLwjVsrWKKm0TYNuijmyLONmzh5Jm0IqYCysO9VofJ86aVi819wrloTg1DitPWUZRZWoDtazzIAOGNb0dQ3uVCLkw7y-a1wWQ1gnrHjOXgbGDLFjLU5OK23CH6KprDTxVGoHhojMGnMNNEt8laPzZAtOA2tr_op-c0aMItwExK19kg7OpZyNYeSLE0HjtMIpZCfEYWT-lHlmOz5nh-J_YFmDqtLqEEyx6jfXIEv74qqzz68W-27vd454-5IqiJDb8f1xbYjIvD7iJuRlvBzCq8gTFOHtohQ2DGbYAZOGWNU0eKQKmefO8Td9GRGdC4X5cw31UQOhY_x8-Q3qjZweGQsAAA%3d%3d:40
[  465688ms] Uncaught TypeError: Cannot read properties of undefined (reading 'replace')
    at validaFreteGratis (https://d1hjvew1n9ss7u.cloudfront.net/asset.axd?id=PAEAAB-LCAAAAAAAAAOtj0EPwUAQhf-KzLnsKqu64iBu4oSbOKzt0G2qKztTkQi_3abi6Ob43vfem8wDLIMGxjuLytwM2eCuPOvZ0gRCnrd86k8hgSaGNr5llFE40CdTEyZQXKP_EtuuRREhaA5tJLcIJqM8VSqfZlIO1VilWRYT9puwhStAjyZqIKM4fm1HoPeP333qLi5bYn8RS98wNix2JV6QxNrXRizOwRRGrLbi88ygIngm_1k8YzCOusXD8w1y8dfTPAEAAA%3d%3d:1:7633)
    at <anonymous> (https://d1hjvew1n9ss7u.cloudfront.net/asset.axd?id=PAEAAB-LCAAAAAAAAAOtj0EPwUAQhf-KzLnsKqu64iBu4oSbOKzt0G2qKztTkQi_3abi6Ob43vfem8wDLIMGxjuLytwM2eCuPOvZ0gRCnrd86k8hgSaGNr5llFE40CdTEyZQXKP_EtuuRREhaA5tJLcIJqM8VSqfZlIO1VilWRYT9puwhStAjyZqIKM4fm1HoPeP333qLi5bYn8RS98wNix2JV6QxNrXRizOwRRGrLbi88ygIngm_1k8YzCOusXD8w1y8dfTPAEAAA%3d%3d:1:49808)
    at dispatch (https://d1hjvew1n9ss7u.cloudfront.net/assets/shjs.js?t=639255987001545277:0:32701)
    at a (https://d1hjvew1n9ss7u.cloudfront.net/assets/shjs.js?t=639255987001545277:0:28480)
[  465687ms] [LOG] Banner não encontrado: banner-233 @ https://d1hjvew1n9ss7u.cloudfront.net/asset.axd?id=PAEAAB-LCAAAAAAAAAOtj0EPwUAQhf-KzLnsKqu64iBu4oSbOKzt0G2qKztTkQi_3abi6Ob43vfem8wDLIMGxjuLytwM2eCuPOvZ0gRCnrd86k8hgSaGNr5llFE40CdTEyZQXKP_EtuuRREhaA5tJLcIJqM8VSqfZlIO1VilWRYT9puwhStAjyZqIKM4fm1HoPeP333qLi5bYn8RS98wNix2JV6QxNrXRizOwRRGrLbi88ygIngm_1k8YzCOusXD8w1y8dfTPAEAAA%3d%3d:754
[  465700ms] [LOG] %c Widde Video Commerce %c v24604ee %c Build: 21/09/2026 20:39 %c border: 1px solid #2567f8; background: #2567f8; color: #fff; font-weight: bold; padding: 4px 8px; border-radius: 3px 0 0 0; border: 1px solid #2567f8; border-left: none; background: #FFF; color: #2567f8; font-weight: bold; padding: 4px 8px; border: 1px solid #2567f8; border-left: none; background: #f0f0f0; color: #333; font-weight: bold; padding: 4px 8px; border-radius: 0 3px 3px 0; background: transparent @ https://cdn.widde.io/assets/main.utzwjalemu.js:0
[  465816ms] [LOG] %c Tryon Widde.io %c %s %c border: 1px solid #2567f8; background: #2567f8; color: #fff; font-weight: bold; padding: 4px 8px; border-radius: 3px 0 0 3px; border: 1px solid #2567f8; background: #FFF; color: #2567f8; font-weight: bold; padding: 4px 8px; border-radius: 0 3px 3px 0; 47bf7c2 background: transparent @ https://cdn-tryon.widde.io/widde-tryon.js:86
[  465838ms] [LOG] [tryon-tracker] initialized {domain: www.lolacosmetics.com.br} @ https://cdn-tryon.widde.io/widde-tryon.js:8
[  465994ms] [WARNING] !! Há erros de scripts no template e/ou scripts personalizados !!
Por favor, contate a Agência responsável pela codificação da loja virtual.  @ https://d1hjvew1n9ss7u.cloudfront.net/assets/shjs.js?t=639255987001545277:0
[  468586ms] [VERBOSE] [DOM] Input elements should have autocomplete attributes (suggested: "current-password"): (More info: https://goo.gl/9p2vKq) %o @ http://localhost:4360/:0
[  468586ms] [VERBOSE] [DOM] Input elements should have autocomplete attributes (suggested: "current-password"): (More info: https://goo.gl/9p2vKq) %o @ http://localhost:4360/:0
[  471623ms] [WARNING] Error with Feature-Policy header: Some features are specified in both Feature-Policy and Permissions-Policy header: payment, fullscreen, microphone, camera. Values defined in Permissions-Policy header will be used. @ :0
[  472021ms] [ERROR] Failed to load resource: the server responded with a status of 500 () @ https://fonts.cdnfonts.com/css/leelawade:0
[  472563ms] [ERROR] Failed to load resource: the server responded with a status of 404 () @ https://lolacosmetics.admin.linxcommerce.com.br/Custom/Content/Themes/Lola/Styles/Fonts/FontAwesome/all.css:0
[  473037ms] [ERROR] Failed to load resource: net::ERR_NAME_NOT_RESOLVED @ https://event.getblue.io/js/blue-tag.min.js:0
[  473071ms] [ERROR] Access to XMLHttpRequest at 'https://api.reclameaqui.com.br/embed-reputation/hash/NjQ5NTQ6bG9sYS1jb3NtZXRpY3M=' from origin 'https://www.lolacosmetics.com.br' has been blocked by CORS policy: No 'Access-Control-Allow-Origin' header is present on the requested resource. @ https://www.lolacosmetics.com.br/kits:5
[  473071ms] [ERROR] RA-Reputation: bad response from server https://api.reclameaqui.com.br/embed-reputation/hash/NjQ5NTQ6bG9sYS1jb3NtZXRpY3M= @ https://s3.amazonaws.com/raichu-beta/selos/bundle.js:0
[  473071ms] [ERROR] Failed to load resource: net::ERR_FAILED @ https://api.reclameaqui.com.br/embed-reputation/hash/NjQ5NTQ6bG9sYS1jb3NtZXRpY3M=:0
[  473079ms] [LOG] Banner não encontrado: banner-233 @ https://d1hjvew1n9ss7u.cloudfront.net/asset.axd?id=PAEAAB-LCAAAAAAAAAOtj0EPwUAQhf-KzLnsKqu64iBu4oSbOKzt0G2qKztTkQi_3abi6Ob43vfem8wDLIMGxjuLytwM2eCuPOvZ0gRCnrd86k8hgSaGNr5llFE40CdTEyZQXKP_EtuuRREhaA5tJLcIJqM8VSqfZlIO1VilWRYT9puwhStAjyZqIKM4fm1HoPeP333qLi5bYn8RS98wNix2JV6QxNrXRizOwRRGrLbi88ygIngm_1k8YzCOusXD8w1y8dfTPAEAAA%3d%3d:754
[  473081ms] [LOG] [Debug Carrinho] Polling ativo @ https://d1hjvew1n9ss7u.cloudfront.net/asset.axd?id=PAEAAB-LCAAAAAAAAAOtj0EPwUAQhf-KzLnsKqu64iBu4oSbOKzt0G2qKztTkQi_3abi6Ob43vfem8wDLIMGxjuLytwM2eCuPOvZ0gRCnrd86k8hgSaGNr5llFE40CdTEyZQXKP_EtuuRREhaA5tJLcIJqM8VSqfZlIO1VilWRYT9puwhStAjyZqIKM4fm1HoPeP333qLi5bYn8RS98wNix2JV6QxNrXRizOwRRGrLbi88ygIngm_1k8YzCOusXD8w1y8dfTPAEAAA%3d%3d:1790
[  473140ms] [LOG] categoria @ https://d1hjvew1n9ss7u.cloudfront.net/asset.axd?id=PAEAAB-LCAAAAAAAAAOtj0EPwUAQhf-KzLnsKqu64iBu4oSbOKzt0G2qKztTkQi_3abi6Ob43vfem8wDLIMGxjuLytwM2eCuPOvZ0gRCnrd86k8hgSaGNr5llFE40CdTEyZQXKP_EtuuRREhaA5tJLcIJqM8VSqfZlIO1VilWRYT9puwhStAjyZqIKM4fm1HoPeP333qLi5bYn8RS98wNix2JV6QxNrXRizOwRRGrLbi88ygIngm_1k8YzCOusXD8w1y8dfTPAEAAA%3d%3d:1
[  473142ms] [WARNING] !! Há erros de scripts de terceiros !!
Por favor, contate a Empresa responsável pelo script.  @ https://d1hjvew1n9ss7u.cloudfront.net/assets/shjs.js?t=639255987001545277:0
[  473142ms] Uncaught Error: You must pass a string or Handlebars AST to Handlebars.compile. You passed null
    at e.compile (https://d1hjvew1n9ss7u.cloudfront.net/asset.axd?id=PAEAAB-LCAAAAAAAAAOtj0EPwUAQhf-KzLnsKqu64iBu4oSbOKzt0G2qKztTkQi_3abi6Ob43vfem8wDLIMGxjuLytwM2eCuPOvZ0gRCnrd86k8hgSaGNr5llFE40CdTEyZQXKP_EtuuRREhaA5tJLcIJqM8VSqfZlIO1VilWRYT9puwhStAjyZqIKM4fm1HoPeP333qLi5bYn8RS98wNix2JV6QxNrXRizOwRRGrLbi88ygIngm_1k8YzCOusXD8w1y8dfTPAEAAA%3d%3d:1794:49302)
    at i.compile (https://d1hjvew1n9ss7u.cloudfront.net/asset.axd?id=PAEAAB-LCAAAAAAAAAOtj0EPwUAQhf-KzLnsKqu64iBu4oSbOKzt0G2qKztTkQi_3abi6Ob43vfem8wDLIMGxjuLytwM2eCuPOvZ0gRCnrd86k8hgSaGNr5llFE40CdTEyZQXKP_EtuuRREhaA5tJLcIJqM8VSqfZlIO1VilWRYT9puwhStAjyZqIKM4fm1HoPeP333qLi5bYn8RS98wNix2JV6QxNrXRizOwRRGrLbi88ygIngm_1k8YzCOusXD8w1y8dfTPAEAAA%3d%3d:1794:343)
    at renderBasket (https://d1hjvew1n9ss7u.cloudfront.net/asset.axd?id=PAEAAB-LCAAAAAAAAAOtj0EPwUAQhf-KzLnsKqu64iBu4oSbOKzt0G2qKztTkQi_3abi6Ob43vfem8wDLIMGxjuLytwM2eCuPOvZ0gRCnrd86k8hgSaGNr5llFE40CdTEyZQXKP_EtuuRREhaA5tJLcIJqM8VSqfZlIO1VilWRYT9puwhStAjyZqIKM4fm1HoPeP333qLi5bYn8RS98wNix2JV6QxNrXRizOwRRGrLbi88ygIngm_1k8YzCOusXD8w1y8dfTPAEAAA%3d%3d:29:27)
    at <anonymous> (https://d1hjvew1n9ss7u.cloudfront.net/asset.axd?id=PAEAAB-LCAAAAAAAAAOtj0EPwUAQhf-KzLnsKqu64iBu4oSbOKzt0G2qKztTkQi_3abi6Ob43vfem8wDLIMGxjuLytwM2eCuPOvZ0gRCnrd86k8hgSaGNr5llFE40CdTEyZQXKP_EtuuRREhaA5tJLcIJqM8VSqfZlIO1VilWRYT9puwhStAjyZqIKM4fm1HoPeP333qLi5bYn8RS98wNix2JV6QxNrXRizOwRRGrLbi88ygIngm_1k8YzCOusXD8w1y8dfTPAEAAA%3d%3d:220:1)
    at f (https://d1hjvew1n9ss7u.cloudfront.net/assets/shjs.js?t=639255987001545277:0:10382)
    at fireWith (https://d1hjvew1n9ss7u.cloudfront.net/assets/shjs.js?t=639255987001545277:0:11137)
    at ready (https://d1hjvew1n9ss7u.cloudfront.net/assets/shjs.js?t=639255987001545277:0:5238)
    at r (https://d1hjvew1n9ss7u.cloudfront.net/assets/shjs.js?t=639255987001545277:0:9748)
[  473163ms] [VERBOSE] [DOM] Input elements should have autocomplete attributes (suggested: "current-password"): (More info: https://goo.gl/9p2vKq) %o @ https://www.lolacosmetics.com.br/kits:0
[  473163ms] [VERBOSE] [DOM] Input elements should have autocomplete attributes (suggested: "current-password"): (More info: https://goo.gl/9p2vKq) %o @ https://www.lolacosmetics.com.br/kits:0
[  473264ms] [LOG] AffiseStorage availability: {cookie: true, localStorage: true, sessionStorage: true} @ https://rankmediabrasil.g2afse.com/websdk.js:0
[  473265ms] [LOG] Status RNK Media - ClickId: null UTM: null @ :3
[  473608ms] [WARNING] [Meta Pixel] - Invalid parameter format for currency. Please refer https://developers.facebook.com/docs/meta-pixel/reference/ for valid parameter specifications. @ https://connect.facebook.net/en_US/fbevents.js:203
[  473935ms] [ERROR] Failed to load resource: the server responded with a status of 403 () @ https://collector.mailbiz.one/collect:0
[  474124ms] [INFO] É necessário definir o storeID no Plugin TrustVox @ https://d1hjvew1n9ss7u.cloudfront.net/asset.axd?id=_woAAB-LCAAAAAAAAAO9lsFunDAQhl-l4rw122w3m1D1lEfooYeqh8HMgrNgW_aYDYrSZ--EaFVgIZWK1aP9__b3Y3uwnxNJSZYQPlH6CC146ZSlLx9kBc4jfQ10_HiXbBLNpu-qKJG23FJJdoTa4yYpLAu_0m_9MM8SJhm5wErLwu3u_ma_v787bLef9p_3N4cDO-TFIQtVJNnudi-23Mgv3con2Y_n5fG-Jz4ET6ZJH4wm1JS-ZfOpamzgYKJBgkuq9FyIYb949MnL5l8JpTFljQI01B0p6YeUqbaO5DtP2AiHEizxhoh2N4TNyOt41pmj4vi1KZUekkZCRIYwEKhaJvVyHN4Za2kaFL4y1qKbY04s67i5M2evdCkkEJbGdQ3qMKTOGlZ_axEkCY_g5HRZB8o6iqxQnkwgkYM_Ic8ZmgZcVyEU43V917guA8_DM76uXg5aj7FTbR3pCJKjU2f5TGKL9ajcr8R4LOVpicRSDE7pTLDXjL470tkvneLflHE03qE5Pc7Jr5XmOla-mq7frCEis8FCgV8kvsnReaIFp4CU0X9F_3FGTMH3tafWPAkHrwW3mGHii5PAOiVxDtkLcRh56PJAZKa34Vj8DyyjUdZKntgUszanZXKtRqQtg1YxCuAXXfBQ8rtLSrQEenwuZg098-fLbwJGClv_CgAA:52
[  474131ms] Uncaught TypeError: Cannot read properties of undefined (reading 'replace')
    at validaFreteGratis (https://d1hjvew1n9ss7u.cloudfront.net/asset.axd?id=PAEAAB-LCAAAAAAAAAOtj0EPwUAQhf-KzLnsKqu64iBu4oSbOKzt0G2qKztTkQi_3abi6Ob43vfem8wDLIMGxjuLytwM2eCuPOvZ0gRCnrd86k8hgSaGNr5llFE40CdTEyZQXKP_EtuuRREhaA5tJLcIJqM8VSqfZlIO1VilWRYT9puwhStAjyZqIKM4fm1HoPeP333qLi5bYn8RS98wNix2JV6QxNrXRizOwRRGrLbi88ygIngm_1k8YzCOusXD8w1y8dfTPAEAAA%3d%3d:1:7633)
    at <anonymous> (https://d1hjvew1n9ss7u.cloudfront.net/asset.axd?id=PAEAAB-LCAAAAAAAAAOtj0EPwUAQhf-KzLnsKqu64iBu4oSbOKzt0G2qKztTkQi_3abi6Ob43vfem8wDLIMGxjuLytwM2eCuPOvZ0gRCnrd86k8hgSaGNr5llFE40CdTEyZQXKP_EtuuRREhaA5tJLcIJqM8VSqfZlIO1VilWRYT9puwhStAjyZqIKM4fm1HoPeP333qLi5bYn8RS98wNix2JV6QxNrXRizOwRRGrLbi88ygIngm_1k8YzCOusXD8w1y8dfTPAEAAA%3d%3d:1:49808)
    at dispatch (https://d1hjvew1n9ss7u.cloudfront.net/assets/shjs.js?t=639255987001545277:0:32701)
    at a (https://d1hjvew1n9ss7u.cloudfront.net/assets/shjs.js?t=639255987001545277:0:28480)
[  474130ms] [LOG] Banner não encontrado: banner-233 @ https://d1hjvew1n9ss7u.cloudfront.net/asset.axd?id=PAEAAB-LCAAAAAAAAAOtj0EPwUAQhf-KzLnsKqu64iBu4oSbOKzt0G2qKztTkQi_3abi6Ob43vfem8wDLIMGxjuLytwM2eCuPOvZ0gRCnrd86k8hgSaGNr5llFE40CdTEyZQXKP_EtuuRREhaA5tJLcIJqM8VSqfZlIO1VilWRYT9puwhStAjyZqIKM4fm1HoPeP333qLi5bYn8RS98wNix2JV6QxNrXRizOwRRGrLbi88ygIngm_1k8YzCOusXD8w1y8dfTPAEAAA%3d%3d:754
[  474331ms] [LOG] %c Widde Video Commerce %c v24604ee %c Build: 21/09/2026 20:39 %c border: 1px solid #2567f8; background: #2567f8; color: #fff; font-weight: bold; padding: 4px 8px; border-radius: 3px 0 0 0; border: 1px solid #2567f8; border-left: none; background: #FFF; color: #2567f8; font-weight: bold; padding: 4px 8px; border: 1px solid #2567f8; border-left: none; background: #f0f0f0; color: #333; font-weight: bold; padding: 4px 8px; border-radius: 0 3px 3px 0; background: transparent @ https://cdn.widde.io/assets/main.utzwjalemu.js:0
[  474434ms] [LOG] %c Tryon Widde.io %c %s %c border: 1px solid #2567f8; background: #2567f8; color: #fff; font-weight: bold; padding: 4px 8px; border-radius: 3px 0 0 3px; border: 1px solid #2567f8; background: #FFF; color: #2567f8; font-weight: bold; padding: 4px 8px; border-radius: 0 3px 3px 0; 47bf7c2 background: transparent @ https://cdn-tryon.widde.io/widde-tryon.js:86
[  474459ms] [LOG] [tryon-tracker] initialized {domain: www.lolacosmetics.com.br} @ https://cdn-tryon.widde.io/widde-tryon.js:8
[  476997ms] [VERBOSE] [DOM] Input elements should have autocomplete attributes (suggested: "current-password"): (More info: https://goo.gl/9p2vKq) %o @ http://localhost:4360/kits:0
[  476997ms] [VERBOSE] [DOM] Input elements should have autocomplete attributes (suggested: "current-password"): (More info: https://goo.gl/9p2vKq) %o @ http://localhost:4360/kits:0
[  480051ms] [WARNING] Error with Feature-Policy header: Some features are specified in both Feature-Policy and Permissions-Policy header: payment, fullscreen, microphone, camera. Values defined in Permissions-Policy header will be used. @ :0
[  480415ms] [ERROR] Failed to load resource: the server responded with a status of 500 () @ https://fonts.cdnfonts.com/css/leelawade:0
[  480747ms] [ERROR] Failed to load resource: the server responded with a status of 404 () @ https://lolacosmetics.admin.linxcommerce.com.br/Custom/Content/Themes/Lola/Styles/Fonts/FontAwesome/all.css:0
[  480761ms] [LOG] Trustvox rating | PDP: 46389 tipo: 3 @ https://www.lolacosmetics.com.br/volumao-shampoo-250ml-ps-19629-321-p46389:16
[  480761ms] [LOG] Trustvox rating | ID final usado = 46389 @ https://www.lolacosmetics.com.br/volumao-shampoo-250ml-ps-19629-321-p46389:16
[  480762ms] [LOG] Trustvox PDP | product: 46389 | type: 3 | usedId: 46389 @ https://www.lolacosmetics.com.br/volumao-shampoo-250ml-ps-19629-321-p46389:44
[  480826ms] [ERROR] Access to XMLHttpRequest at 'https://api.reclameaqui.com.br/embed-reputation/hash/NjQ5NTQ6bG9sYS1jb3NtZXRpY3M=' from origin 'https://www.lolacosmetics.com.br' has been blocked by CORS policy: No 'Access-Control-Allow-Origin' header is present on the requested resource. @ https://www.lolacosmetics.com.br/volumao-shampoo-250ml-ps-19629-321-p46389:0
[  480826ms] [ERROR] RA-Reputation: bad response from server https://api.reclameaqui.com.br/embed-reputation/hash/NjQ5NTQ6bG9sYS1jb3NtZXRpY3M= @ https://s3.amazonaws.com/raichu-beta/selos/bundle.js:0
[  480826ms] [ERROR] Failed to load resource: net::ERR_FAILED @ https://api.reclameaqui.com.br/embed-reputation/hash/NjQ5NTQ6bG9sYS1jb3NtZXRpY3M=:0
[  481100ms] [LOG] Banner não encontrado: banner-233 @ https://d1hjvew1n9ss7u.cloudfront.net/asset.axd?id=PAEAAB-LCAAAAAAAAAOtj0EPwUAQhf-KzLnsKqu64iBu4oSbOKzt0G2qKztTkQi_3abi6Ob43vfem8wDLIMGxjuLytwM2eCuPOvZ0gRCnrd86k8hgSaGNr5llFE40CdTEyZQXKP_EtuuRREhaA5tJLcIJqM8VSqfZlIO1VilWRYT9puwhStAjyZqIKM4fm1HoPeP333qLi5bYn8RS98wNix2JV6QxNrXRizOwRRGrLbi88ygIngm_1k8YzCOusXD8w1y8dfTPAEAAA%3d%3d:754
[  481101ms] [LOG] [Debug Carrinho] Polling ativo @ https://d1hjvew1n9ss7u.cloudfront.net/asset.axd?id=PAEAAB-LCAAAAAAAAAOtj0EPwUAQhf-KzLnsKqu64iBu4oSbOKzt0G2qKztTkQi_3abi6Ob43vfem8wDLIMGxjuLytwM2eCuPOvZ0gRCnrd86k8hgSaGNr5llFE40CdTEyZQXKP_EtuuRREhaA5tJLcIJqM8VSqfZlIO1VilWRYT9puwhStAjyZqIKM4fm1HoPeP333qLi5bYn8RS98wNix2JV6QxNrXRizOwRRGrLbi88ygIngm_1k8YzCOusXD8w1y8dfTPAEAAA%3d%3d:1790
[  481160ms] [LOG] add @ https://d1hjvew1n9ss7u.cloudfront.net/asset.axd?id=PAEAAB-LCAAAAAAAAAOtj0EPwUAQhf-KzLnsKqu64iBu4oSbOKzt0G2qKztTkQi_3abi6Ob43vfem8wDLIMGxjuLytwM2eCuPOvZ0gRCnrd86k8hgSaGNr5llFE40CdTEyZQXKP_EtuuRREhaA5tJLcIJqM8VSqfZlIO1VilWRYT9puwhStAjyZqIKM4fm1HoPeP333qLi5bYn8RS98wNix2JV6QxNrXRizOwRRGrLbi88ygIngm_1k8YzCOusXD8w1y8dfTPAEAAA%3d%3d:1
[  481162ms] [WARNING] !! Há erros de scripts de terceiros !!
Por favor, contate a Empresa responsável pelo script.  @ https://d1hjvew1n9ss7u.cloudfront.net/assets/shjs.js?t=639255987001545277:0
[  481162ms] Uncaught Error: You must pass a string or Handlebars AST to Handlebars.compile. You passed null
    at e.compile (https://d1hjvew1n9ss7u.cloudfront.net/asset.axd?id=PAEAAB-LCAAAAAAAAAOtj0EPwUAQhf-KzLnsKqu64iBu4oSbOKzt0G2qKztTkQi_3abi6Ob43vfem8wDLIMGxjuLytwM2eCuPOvZ0gRCnrd86k8hgSaGNr5llFE40CdTEyZQXKP_EtuuRREhaA5tJLcIJqM8VSqfZlIO1VilWRYT9puwhStAjyZqIKM4fm1HoPeP333qLi5bYn8RS98wNix2JV6QxNrXRizOwRRGrLbi88ygIngm_1k8YzCOusXD8w1y8dfTPAEAAA%3d%3d:1794:49302)
    at i.compile (https://d1hjvew1n9ss7u.cloudfront.net/asset.axd?id=PAEAAB-LCAAAAAAAAAOtj0EPwUAQhf-KzLnsKqu64iBu4oSbOKzt0G2qKztTkQi_3abi6Ob43vfem8wDLIMGxjuLytwM2eCuPOvZ0gRCnrd86k8hgSaGNr5llFE40CdTEyZQXKP_EtuuRREhaA5tJLcIJqM8VSqfZlIO1VilWRYT9puwhStAjyZqIKM4fm1HoPeP333qLi5bYn8RS98wNix2JV6QxNrXRizOwRRGrLbi88ygIngm_1k8YzCOusXD8w1y8dfTPAEAAA%3d%3d:1794:343)
    at renderBasket (https://d1hjvew1n9ss7u.cloudfront.net/asset.axd?id=PAEAAB-LCAAAAAAAAAOtj0EPwUAQhf-KzLnsKqu64iBu4oSbOKzt0G2qKztTkQi_3abi6Ob43vfem8wDLIMGxjuLytwM2eCuPOvZ0gRCnrd86k8hgSaGNr5llFE40CdTEyZQXKP_EtuuRREhaA5tJLcIJqM8VSqfZlIO1VilWRYT9puwhStAjyZqIKM4fm1HoPeP333qLi5bYn8RS98wNix2JV6QxNrXRizOwRRGrLbi88ygIngm_1k8YzCOusXD8w1y8dfTPAEAAA%3d%3d:29:27)
    at <anonymous> (https://d1hjvew1n9ss7u.cloudfront.net/asset.axd?id=PAEAAB-LCAAAAAAAAAOtj0EPwUAQhf-KzLnsKqu64iBu4oSbOKzt0G2qKztTkQi_3abi6Ob43vfem8wDLIMGxjuLytwM2eCuPOvZ0gRCnrd86k8hgSaGNr5llFE40CdTEyZQXKP_EtuuRREhaA5tJLcIJqM8VSqfZlIO1VilWRYT9puwhStAjyZqIKM4fm1HoPeP333qLi5bYn8RS98wNix2JV6QxNrXRizOwRRGrLbi88ygIngm_1k8YzCOusXD8w1y8dfTPAEAAA%3d%3d:220:1)
    at f (https://d1hjvew1n9ss7u.cloudfront.net/assets/shjs.js?t=639255987001545277:0:10382)
    at fireWith (https://d1hjvew1n9ss7u.cloudfront.net/assets/shjs.js?t=639255987001545277:0:11137)
    at ready (https://d1hjvew1n9ss7u.cloudfront.net/assets/shjs.js?t=639255987001545277:0:5238)
    at r (https://d1hjvew1n9ss7u.cloudfront.net/assets/shjs.js?t=639255987001545277:0:9748)
[  481165ms] [VERBOSE] [DOM] Input elements should have autocomplete attributes (suggested: "current-password"): (More info: https://goo.gl/9p2vKq) %o @ https://www.lolacosmetics.com.br/volumao-shampoo-250ml-ps-19629-321-p46389:0
[  481165ms] [VERBOSE] [DOM] Input elements should have autocomplete attributes (suggested: "current-password"): (More info: https://goo.gl/9p2vKq) %o @ https://www.lolacosmetics.com.br/volumao-shampoo-250ml-ps-19629-321-p46389:0
[  481183ms] [LOG] AffiseStorage availability: {cookie: true, localStorage: true, sessionStorage: true} @ https://rankmediabrasil.g2afse.com/websdk.js:0
[  481183ms] [LOG] Status RNK Media - ClickId: null UTM: null @ :3
[  481435ms] [WARNING] [Meta Pixel] - Invalid parameter format for currency. Please refer https://developers.facebook.com/docs/meta-pixel/reference/ for valid parameter specifications. @ https://connect.facebook.net/en_US/fbevents.js:203
[  481444ms] [ERROR] Failed to load resource: net::ERR_NAME_NOT_RESOLVED @ https://event.getblue.io/js/blue-tag.min.js:0
[  481510ms] [ERROR] Failed to load resource: the server responded with a status of 404 () @ https://d1hjvew1n9ss7u.cloudfront.net/Custom/Content/Themes/Lola/Agrada/CSS/ajax-loader.gif:0
[  481798ms] [ERROR] Failed to load resource: the server responded with a status of 403 () @ https://collector.mailbiz.one/collect:0
[  482055ms] Uncaught TypeError: Cannot read properties of undefined (reading 'replace')
    at validaFreteGratis (https://d1hjvew1n9ss7u.cloudfront.net/asset.axd?id=PAEAAB-LCAAAAAAAAAOtj0EPwUAQhf-KzLnsKqu64iBu4oSbOKzt0G2qKztTkQi_3abi6Ob43vfem8wDLIMGxjuLytwM2eCuPOvZ0gRCnrd86k8hgSaGNr5llFE40CdTEyZQXKP_EtuuRREhaA5tJLcIJqM8VSqfZlIO1VilWRYT9puwhStAjyZqIKM4fm1HoPeP333qLi5bYn8RS98wNix2JV6QxNrXRizOwRRGrLbi88ygIngm_1k8YzCOusXD8w1y8dfTPAEAAA%3d%3d:1:7633)
    at <anonymous> (https://d1hjvew1n9ss7u.cloudfront.net/asset.axd?id=PAEAAB-LCAAAAAAAAAOtj0EPwUAQhf-KzLnsKqu64iBu4oSbOKzt0G2qKztTkQi_3abi6Ob43vfem8wDLIMGxjuLytwM2eCuPOvZ0gRCnrd86k8hgSaGNr5llFE40CdTEyZQXKP_EtuuRREhaA5tJLcIJqM8VSqfZlIO1VilWRYT9puwhStAjyZqIKM4fm1HoPeP333qLi5bYn8RS98wNix2JV6QxNrXRizOwRRGrLbi88ygIngm_1k8YzCOusXD8w1y8dfTPAEAAA%3d%3d:1:49808)
    at dispatch (https://d1hjvew1n9ss7u.cloudfront.net/assets/shjs.js?t=639255987001545277:0:32701)
    at a (https://d1hjvew1n9ss7u.cloudfront.net/assets/shjs.js?t=639255987001545277:0:28480)
[  482055ms] [LOG] Banner não encontrado: banner-233 @ https://d1hjvew1n9ss7u.cloudfront.net/asset.axd?id=PAEAAB-LCAAAAAAAAAOtj0EPwUAQhf-KzLnsKqu64iBu4oSbOKzt0G2qKztTkQi_3abi6Ob43vfem8wDLIMGxjuLytwM2eCuPOvZ0gRCnrd86k8hgSaGNr5llFE40CdTEyZQXKP_EtuuRREhaA5tJLcIJqM8VSqfZlIO1VilWRYT9puwhStAjyZqIKM4fm1HoPeP333qLi5bYn8RS98wNix2JV6QxNrXRizOwRRGrLbi88ygIngm_1k8YzCOusXD8w1y8dfTPAEAAA%3d%3d:754
[  482141ms] [LOG] %c Widde Video Commerce %c v24604ee %c Build: 21/09/2026 20:39 %c border: 1px solid #2567f8; background: #2567f8; color: #fff; font-weight: bold; padding: 4px 8px; border-radius: 3px 0 0 0; border: 1px solid #2567f8; border-left: none; background: #FFF; color: #2567f8; font-weight: bold; padding: 4px 8px; border: 1px solid #2567f8; border-left: none; background: #f0f0f0; color: #333; font-weight: bold; padding: 4px 8px; border-radius: 0 3px 3px 0; background: transparent @ https://cdn.widde.io/assets/main.utzwjalemu.js:0
[  482330ms] Uncaught (in promise) TypeError: Cannot read properties of null (reading 'store_id')
    at loadAnswersSummaries (https://static.trustvox.com.br/sincero/sincero.js:0:378910)
    at <anonymous> (https://static.trustvox.com.br/sincero/sincero.js:0:104392)
    at r.dispatch (https://static.trustvox.com.br/sincero/sincero.js:0:106041)
    at dispatch (https://static.trustvox.com.br/sincero/sincero.js:0:102087)
    at <anonymous> (https://static.trustvox.com.br/sincero/sincero.js:0:365471)
[  482337ms] Uncaught (in promise) TypeError: Cannot read properties of null (reading 'store_id')
    at loadProfiles (https://static.trustvox.com.br/sincero/sincero.js:0:376806)
    at <anonymous> (https://static.trustvox.com.br/sincero/sincero.js:0:104392)
    at r.dispatch (https://static.trustvox.com.br/sincero/sincero.js:0:106041)
    at dispatch (https://static.trustvox.com.br/sincero/sincero.js:0:102087)
    at t.context.a.dispatch (https://static.trustvox.com.br/sincero/sincero.js:0:103635)
    at <anonymous> (https://static.trustvox.com.br/sincero/sincero.js:0:376597)
[  482507ms] [LOG] %c Tryon Widde.io %c %s %c border: 1px solid #2567f8; background: #2567f8; color: #fff; font-weight: bold; padding: 4px 8px; border-radius: 3px 0 0 3px; border: 1px solid #2567f8; background: #FFF; color: #2567f8; font-weight: bold; padding: 4px 8px; border-radius: 0 3px 3px 0; 47bf7c2 background: transparent @ https://cdn-tryon.widde.io/widde-tryon.js:86
[  482531ms] [LOG] [tryon-tracker] initialized {domain: www.lolacosmetics.com.br} @ https://cdn-tryon.widde.io/widde-tryon.js:8
[  484906ms] [VERBOSE] [DOM] Input elements should have autocomplete attributes (suggested: "current-password"): (More info: https://goo.gl/9p2vKq) %o @ http://localhost:4360/volumao-shampoo-250ml-ps-19629-321-p46389:0
[  484906ms] [VERBOSE] [DOM] Input elements should have autocomplete attributes (suggested: "current-password"): (More info: https://goo.gl/9p2vKq) %o @ http://localhost:4360/volumao-shampoo-250ml-ps-19629-321-p46389:0
[  505324ms] [VERBOSE] [DOM] Input elements should have autocomplete attributes (suggested: "current-password"): (More info: https://goo.gl/9p2vKq) %o @ http://localhost:4360/colecoes/be-m-dita-ghee:0
[  505324ms] [VERBOSE] [DOM] Input elements should have autocomplete attributes (suggested: "current-password"): (More info: https://goo.gl/9p2vKq) %o @ http://localhost:4360/colecoes/be-m-dita-ghee:0
[  506378ms] [VERBOSE] [DOM] Input elements should have autocomplete attributes (suggested: "current-password"): (More info: https://goo.gl/9p2vKq) %o @ http://localhost:4360/conteudo/ajuda/cashback:0
[  506379ms] [VERBOSE] [DOM] Input elements should have autocomplete attributes (suggested: "current-password"): (More info: https://goo.gl/9p2vKq) %o @ http://localhost:4360/conteudo/ajuda/cashback:0
[  507251ms] [VERBOSE] [DOM] Input elements should have autocomplete attributes (suggested: "current-password"): (More info: https://goo.gl/9p2vKq) %o @ http://localhost:4360/carrinho:0
[  507252ms] [VERBOSE] [DOM] Input elements should have autocomplete attributes (suggested: "current-password"): (More info: https://goo.gl/9p2vKq) %o @ http://localhost:4360/carrinho:0
[  508153ms] [VERBOSE] [DOM] Input elements should have autocomplete attributes (suggested: "current-password"): (More info: https://goo.gl/9p2vKq) %o @ http://localhost:4360/tratamentos:0
[  508153ms] [VERBOSE] [DOM] Input elements should have autocomplete attributes (suggested: "current-password"): (More info: https://goo.gl/9p2vKq) %o @ http://localhost:4360/tratamentos:0
[  509044ms] [VERBOSE] [DOM] Input elements should have autocomplete attributes (suggested: "current-password"): (More info: https://goo.gl/9p2vKq) %o @ http://localhost:4360/kit-rapunzel-colecao-completa-p46395:0
[  509044ms] [VERBOSE] [DOM] Input elements should have autocomplete attributes (suggested: "current-password"): (More info: https://goo.gl/9p2vKq) %o @ http://localhost:4360/kit-rapunzel-colecao-completa-p46395:0
[  519206ms] [WARNING] Error with Feature-Policy header: Some features are specified in both Feature-Policy and Permissions-Policy header: payment, fullscreen, microphone, camera. Values defined in Permissions-Policy header will be used. @ :0
[  519749ms] [ERROR] Failed to load resource: the server responded with a status of 500 () @ https://fonts.cdnfonts.com/css/leelawade:0
[  520067ms] [ERROR] Failed to load resource: the server responded with a status of 404 () @ https://lolacosmetics.admin.linxcommerce.com.br/Custom/Content/Themes/Lola/Styles/Fonts/FontAwesome/all.css:0
[  520084ms] [LOG] {BasketItemID: 2992738, Quantity: 1, BasketPrice: 115.29, SubTotal: 115.29, Nested: Array(3)} @ https://www.lolacosmetics.com.br/kit-cronolola-lp:1
[  520087ms] [LOG] {BasketItemID: 2992742, Quantity: 1, BasketPrice: 71.84, SubTotal: 71.84, Nested: Array(4)} @ https://www.lolacosmetics.com.br/kit-cronolola-lp:1
[  520118ms] [LOG] {BasketItemID: 2992748, Quantity: 1, BasketPrice: 129.96, SubTotal: 129.96, Nested: Array(4)} @ https://www.lolacosmetics.com.br/kit-cronolola-lp:1
[  520119ms] [LOG] {BasketItemID: 2992754, Quantity: 1, BasketPrice: 149.7, SubTotal: 149.7, Nested: Array(3)} @ https://www.lolacosmetics.com.br/kit-cronolola-lp:1
[  520122ms] [LOG] {BasketItemID: 2992759, Quantity: 1, BasketPrice: 249.5, SubTotal: 249.5, Nested: Array(5)} @ https://www.lolacosmetics.com.br/kit-cronolola-lp:1
[  520268ms] [ERROR] Access to XMLHttpRequest at 'https://api.reclameaqui.com.br/embed-reputation/hash/NjQ5NTQ6bG9sYS1jb3NtZXRpY3M=' from origin 'https://www.lolacosmetics.com.br' has been blocked by CORS policy: No 'Access-Control-Allow-Origin' header is present on the requested resource. @ https://www.lolacosmetics.com.br/kit-cronolola-lp:5
[  520268ms] [ERROR] RA-Reputation: bad response from server https://api.reclameaqui.com.br/embed-reputation/hash/NjQ5NTQ6bG9sYS1jb3NtZXRpY3M= @ https://s3.amazonaws.com/raichu-beta/selos/bundle.js:0
[  520268ms] [ERROR] Failed to load resource: net::ERR_FAILED @ https://api.reclameaqui.com.br/embed-reputation/hash/NjQ5NTQ6bG9sYS1jb3NtZXRpY3M=:0
[  520277ms] [LOG] Banner não encontrado: banner-233 @ https://d1hjvew1n9ss7u.cloudfront.net/asset.axd?id=PAEAAB-LCAAAAAAAAAOtj0EPwUAQhf-KzLnsKqu64iBu4oSbOKzt0G2qKztTkQi_3abi6Ob43vfem8wDLIMGxjuLytwM2eCuPOvZ0gRCnrd86k8hgSaGNr5llFE40CdTEyZQXKP_EtuuRREhaA5tJLcIJqM8VSqfZlIO1VilWRYT9puwhStAjyZqIKM4fm1HoPeP333qLi5bYn8RS98wNix2JV6QxNrXRizOwRRGrLbi88ygIngm_1k8YzCOusXD8w1y8dfTPAEAAA%3d%3d:754
[  520279ms] [LOG] [Debug Carrinho] Polling ativo @ https://d1hjvew1n9ss7u.cloudfront.net/asset.axd?id=PAEAAB-LCAAAAAAAAAOtj0EPwUAQhf-KzLnsKqu64iBu4oSbOKzt0G2qKztTkQi_3abi6Ob43vfem8wDLIMGxjuLytwM2eCuPOvZ0gRCnrd86k8hgSaGNr5llFE40CdTEyZQXKP_EtuuRREhaA5tJLcIJqM8VSqfZlIO1VilWRYT9puwhStAjyZqIKM4fm1HoPeP333qLi5bYn8RS98wNix2JV6QxNrXRizOwRRGrLbi88ygIngm_1k8YzCOusXD8w1y8dfTPAEAAA%3d%3d:1790
[  520393ms] [WARNING] !! Há erros de scripts de terceiros !!
Por favor, contate a Empresa responsável pelo script.  @ https://d1hjvew1n9ss7u.cloudfront.net/assets/shjs.js?t=639255987001545277:0
[  520416ms] Uncaught Error: You must pass a string or Handlebars AST to Handlebars.compile. You passed null
    at e.compile (https://d1hjvew1n9ss7u.cloudfront.net/asset.axd?id=PAEAAB-LCAAAAAAAAAOtj0EPwUAQhf-KzLnsKqu64iBu4oSbOKzt0G2qKztTkQi_3abi6Ob43vfem8wDLIMGxjuLytwM2eCuPOvZ0gRCnrd86k8hgSaGNr5llFE40CdTEyZQXKP_EtuuRREhaA5tJLcIJqM8VSqfZlIO1VilWRYT9puwhStAjyZqIKM4fm1HoPeP333qLi5bYn8RS98wNix2JV6QxNrXRizOwRRGrLbi88ygIngm_1k8YzCOusXD8w1y8dfTPAEAAA%3d%3d:1794:49302)
    at i.compile (https://d1hjvew1n9ss7u.cloudfront.net/asset.axd?id=PAEAAB-LCAAAAAAAAAOtj0EPwUAQhf-KzLnsKqu64iBu4oSbOKzt0G2qKztTkQi_3abi6Ob43vfem8wDLIMGxjuLytwM2eCuPOvZ0gRCnrd86k8hgSaGNr5llFE40CdTEyZQXKP_EtuuRREhaA5tJLcIJqM8VSqfZlIO1VilWRYT9puwhStAjyZqIKM4fm1HoPeP333qLi5bYn8RS98wNix2JV6QxNrXRizOwRRGrLbi88ygIngm_1k8YzCOusXD8w1y8dfTPAEAAA%3d%3d:1794:343)
    at renderBasket (https://d1hjvew1n9ss7u.cloudfront.net/asset.axd?id=PAEAAB-LCAAAAAAAAAOtj0EPwUAQhf-KzLnsKqu64iBu4oSbOKzt0G2qKztTkQi_3abi6Ob43vfem8wDLIMGxjuLytwM2eCuPOvZ0gRCnrd86k8hgSaGNr5llFE40CdTEyZQXKP_EtuuRREhaA5tJLcIJqM8VSqfZlIO1VilWRYT9puwhStAjyZqIKM4fm1HoPeP333qLi5bYn8RS98wNix2JV6QxNrXRizOwRRGrLbi88ygIngm_1k8YzCOusXD8w1y8dfTPAEAAA%3d%3d:29:27)
    at <anonymous> (https://d1hjvew1n9ss7u.cloudfront.net/asset.axd?id=PAEAAB-LCAAAAAAAAAOtj0EPwUAQhf-KzLnsKqu64iBu4oSbOKzt0G2qKztTkQi_3abi6Ob43vfem8wDLIMGxjuLytwM2eCuPOvZ0gRCnrd86k8hgSaGNr5llFE40CdTEyZQXKP_EtuuRREhaA5tJLcIJqM8VSqfZlIO1VilWRYT9puwhStAjyZqIKM4fm1HoPeP333qLi5bYn8RS98wNix2JV6QxNrXRizOwRRGrLbi88ygIngm_1k8YzCOusXD8w1y8dfTPAEAAA%3d%3d:220:1)
    at f (https://d1hjvew1n9ss7u.cloudfront.net/assets/shjs.js?t=639255987001545277:0:10382)
    at fireWith (https://d1hjvew1n9ss7u.cloudfront.net/assets/shjs.js?t=639255987001545277:0:11137)
    at ready (https://d1hjvew1n9ss7u.cloudfront.net/assets/shjs.js?t=639255987001545277:0:5238)
    at r (https://d1hjvew1n9ss7u.cloudfront.net/assets/shjs.js?t=639255987001545277:0:9748)
[  520434ms] [VERBOSE] [DOM] Input elements should have autocomplete attributes (suggested: "current-password"): (More info: https://goo.gl/9p2vKq) %o @ https://www.lolacosmetics.com.br/kit-cronolola-lp:0
[  520434ms] [VERBOSE] [DOM] Input elements should have autocomplete attributes (suggested: "current-password"): (More info: https://goo.gl/9p2vKq) %o @ https://www.lolacosmetics.com.br/kit-cronolola-lp:0
[  520460ms] [ERROR] Failed to load resource: net::ERR_NAME_NOT_RESOLVED @ https://event.getblue.io/js/blue-tag.min.js:0
[  520469ms] [ERROR] Failed to load resource: the server responded with a status of 404 () @ https://www.lolacosmetics.com.br/Custom/Content/Themes/Lola/Templates/CronoLola%20LP/assets/etapa-02/stage-nutricao-texture.svg:0
[  520485ms] [LOG] AffiseStorage availability: {cookie: true, localStorage: true, sessionStorage: true} @ https://rankmediabrasil.g2afse.com/websdk.js:0
[  520485ms] [LOG] Status RNK Media - ClickId: null UTM: null @ :3
[  520549ms] [ERROR] Failed to load resource: the server responded with a status of 404 () @ https://d1hjvew1n9ss7u.cloudfront.net/Custom/Content/Themes/Lola/Agrada/CSS/ajax-loader.gif:0
[  520937ms] [WARNING] [Meta Pixel] - Invalid parameter format for currency. Please refer https://developers.facebook.com/docs/meta-pixel/reference/ for valid parameter specifications. @ https://connect.facebook.net/en_US/fbevents.js:203
[  521324ms] [ERROR] Failed to load resource: the server responded with a status of 403 () @ https://collector.mailbiz.one/collect:0
[  521540ms] [INFO] É necessário definir o storeID no Plugin TrustVox @ https://d1hjvew1n9ss7u.cloudfront.net/asset.axd?id=EwsAAB-LCAAAAAAAAAO9ls9u2zAMxl9l8DmTs2Zp2hQ99RF22GHYgZYZW40tGSLlNCi6Zx_rLqht2B0wCztK3yf9KOoP9ZxoTvYJ4xOnj9ACaW8avvukS_CEfB_48PkmWSVWTN9NXiCvpWWS_QEqwlWSNyL8Sr91w0gkTPbsgyitCNeb26vt9vZmt15_2X7dXu124tAXh85Nnuw311u1lkZ26TaU7H88z4-njvgQiF2dPjjLaDl9i41SUzdBAlM1MlyiSk-56verR0peVv9KKJwrKlRgoTqz0dSnjLVlJDoTY608amhYNkS1mz5sQl7Ga7w7GAm_coWxfdJAiMhQDgKX86ROjsM7YaVdjYpK1zTop5gjyzJu5t2JjC2UBsbC-XONNvSpk4bFa82DZkUIXo_T2lOWUXSJ-ugCqwzoiDJnqGvw5xIhH-b1Q-OyGGQemfE1exlYO8SOtTg5rYyVE2KorAzxVGoHhojMGnMDNEt8k6PzVAveABtn_4p-d0aMQioBceuelIfXrZyNYeSLE0HjjcYpZCfEYWThnAVmN35nh-J_YDmLujL6KKZY-zd3QZbeixykdgeCQiqs1tgw2OE-TRpivTQWT1Qh89xr864vI6L3zl8eyz5qIESqTrXLoZosS50S5afEILPJl6iQzEiSWvRkhmfxQ-PClf6pPWhzrMEM1zrSOtLPl98Yqd5PEwsAAA%3d%3d:40
[  521549ms] Uncaught TypeError: Cannot read properties of undefined (reading 'replace')
    at validaFreteGratis (https://d1hjvew1n9ss7u.cloudfront.net/asset.axd?id=PAEAAB-LCAAAAAAAAAOtj0EPwUAQhf-KzLnsKqu64iBu4oSbOKzt0G2qKztTkQi_3abi6Ob43vfem8wDLIMGxjuLytwM2eCuPOvZ0gRCnrd86k8hgSaGNr5llFE40CdTEyZQXKP_EtuuRREhaA5tJLcIJqM8VSqfZlIO1VilWRYT9puwhStAjyZqIKM4fm1HoPeP333qLi5bYn8RS98wNix2JV6QxNrXRizOwRRGrLbi88ygIngm_1k8YzCOusXD8w1y8dfTPAEAAA%3d%3d:1:7633)
    at <anonymous> (https://d1hjvew1n9ss7u.cloudfront.net/asset.axd?id=PAEAAB-LCAAAAAAAAAOtj0EPwUAQhf-KzLnsKqu64iBu4oSbOKzt0G2qKztTkQi_3abi6Ob43vfem8wDLIMGxjuLytwM2eCuPOvZ0gRCnrd86k8hgSaGNr5llFE40CdTEyZQXKP_EtuuRREhaA5tJLcIJqM8VSqfZlIO1VilWRYT9puwhStAjyZqIKM4fm1HoPeP333qLi5bYn8RS98wNix2JV6QxNrXRizOwRRGrLbi88ygIngm_1k8YzCOusXD8w1y8dfTPAEAAA%3d%3d:1:49808)
    at dispatch (https://d1hjvew1n9ss7u.cloudfront.net/assets/shjs.js?t=639255987001545277:0:32701)
    at a (https://d1hjvew1n9ss7u.cloudfront.net/assets/shjs.js?t=639255987001545277:0:28480)
[  521547ms] [LOG] Banner não encontrado: banner-233 @ https://d1hjvew1n9ss7u.cloudfront.net/asset.axd?id=PAEAAB-LCAAAAAAAAAOtj0EPwUAQhf-KzLnsKqu64iBu4oSbOKzt0G2qKztTkQi_3abi6Ob43vfem8wDLIMGxjuLytwM2eCuPOvZ0gRCnrd86k8hgSaGNr5llFE40CdTEyZQXKP_EtuuRREhaA5tJLcIJqM8VSqfZlIO1VilWRYT9puwhStAjyZqIKM4fm1HoPeP333qLi5bYn8RS98wNix2JV6QxNrXRizOwRRGrLbi88ygIngm_1k8YzCOusXD8w1y8dfTPAEAAA%3d%3d:754
[  521602ms] [LOG] %c Widde Video Commerce %c v24604ee %c Build: 21/09/2026 20:39 %c border: 1px solid #2567f8; background: #2567f8; color: #fff; font-weight: bold; padding: 4px 8px; border-radius: 3px 0 0 0; border: 1px solid #2567f8; border-left: none; background: #FFF; color: #2567f8; font-weight: bold; padding: 4px 8px; border: 1px solid #2567f8; border-left: none; background: #f0f0f0; color: #333; font-weight: bold; padding: 4px 8px; border-radius: 0 3px 3px 0; background: transparent @ https://cdn.widde.io/assets/main.utzwjalemu.js:0
[  521679ms] [LOG] %c Tryon Widde.io %c %s %c border: 1px solid #2567f8; background: #2567f8; color: #fff; font-weight: bold; padding: 4px 8px; border-radius: 3px 0 0 3px; border: 1px solid #2567f8; background: #FFF; color: #2567f8; font-weight: bold; padding: 4px 8px; border-radius: 0 3px 3px 0; 47bf7c2 background: transparent @ https://cdn-tryon.widde.io/widde-tryon.js:86
[  521727ms] [LOG] [tryon-tracker] initialized {domain: www.lolacosmetics.com.br} @ https://cdn-tryon.widde.io/widde-tryon.js:8
[  525701ms] [WARNING] The resource https://fonts.cdnfonts.com/css/leelawade was preloaded using link preload but not used within a few seconds from the window's load event. Please make sure it has an appropriate `as` value and it is preloaded intentionally. @ https://www.lolacosmetics.com.br/kit-cronolola-lp:0
[  528978ms] [WARNING] The resource https://fonts.cdnfonts.com/css/leelawade was preloaded using link preload but not used within a few seconds from the window's load event. Please make sure it has an appropriate `as` value and it is preloaded intentionally. @ https://www.lolacosmetics.com.br/kit-cronolola-lp:0
[  534456ms] [WARNING] The resource https://fonts.cdnfonts.com/css/leelawade was preloaded using link preload but not used within a few seconds from the window's load event. Please make sure it has an appropriate `as` value and it is preloaded intentionally. @ https://www.lolacosmetics.com.br/kit-cronolola-lp:0
[  537107ms] [VERBOSE] [DOM] Input elements should have autocomplete attributes (suggested: "current-password"): (More info: https://goo.gl/9p2vKq) %o @ http://localhost:4360/colecoes/be-m-dita-ghee:0
[  537107ms] [VERBOSE] [DOM] Input elements should have autocomplete attributes (suggested: "current-password"): (More info: https://goo.gl/9p2vKq) %o @ http://localhost:4360/colecoes/be-m-dita-ghee:0
[  554160ms] [WARNING] Error with Feature-Policy header: Some features are specified in both Feature-Policy and Permissions-Policy header: payment, fullscreen, microphone, camera. Values defined in Permissions-Policy header will be used. @ :0
[  554654ms] [ERROR] Failed to load resource: the server responded with a status of 500 () @ https://fonts.cdnfonts.com/css/leelawade:0
[  555030ms] [ERROR] Failed to load resource: the server responded with a status of 404 () @ https://lolacosmetics.admin.linxcommerce.com.br/Custom/Content/Themes/Lola/Styles/Fonts/FontAwesome/all.css:0
[  555051ms] [LOG] {BasketItemID: 2992738, Quantity: 1, BasketPrice: 115.29, SubTotal: 115.29, Nested: Array(3)} @ https://www.lolacosmetics.com.br/kit-cronolola-lp:1
[  555053ms] [LOG] {BasketItemID: 2992742, Quantity: 1, BasketPrice: 71.84, SubTotal: 71.84, Nested: Array(4)} @ https://www.lolacosmetics.com.br/kit-cronolola-lp:1
[  555088ms] [LOG] {BasketItemID: 2992748, Quantity: 1, BasketPrice: 129.96, SubTotal: 129.96, Nested: Array(4)} @ https://www.lolacosmetics.com.br/kit-cronolola-lp:1
[  555090ms] [LOG] {BasketItemID: 2992754, Quantity: 1, BasketPrice: 149.7, SubTotal: 149.7, Nested: Array(3)} @ https://www.lolacosmetics.com.br/kit-cronolola-lp:1
[  555093ms] [LOG] {BasketItemID: 2992759, Quantity: 1, BasketPrice: 249.5, SubTotal: 249.5, Nested: Array(5)} @ https://www.lolacosmetics.com.br/kit-cronolola-lp:1
[  555167ms] [ERROR] Access to XMLHttpRequest at 'https://api.reclameaqui.com.br/embed-reputation/hash/NjQ5NTQ6bG9sYS1jb3NtZXRpY3M=' from origin 'https://www.lolacosmetics.com.br' has been blocked by CORS policy: No 'Access-Control-Allow-Origin' header is present on the requested resource. @ https://www.lolacosmetics.com.br/kit-cronolola-lp:0
[  555167ms] [ERROR] RA-Reputation: bad response from server https://api.reclameaqui.com.br/embed-reputation/hash/NjQ5NTQ6bG9sYS1jb3NtZXRpY3M= @ https://s3.amazonaws.com/raichu-beta/selos/bundle.js:0
[  555167ms] [ERROR] Failed to load resource: net::ERR_FAILED @ https://api.reclameaqui.com.br/embed-reputation/hash/NjQ5NTQ6bG9sYS1jb3NtZXRpY3M=:0
[  555211ms] [ERROR] Failed to load resource: the server responded with a status of 404 () @ https://www.lolacosmetics.com.br/Custom/Content/Themes/Lola/Templates/CronoLola%20LP/assets/etapa-02/stage-nutricao-texture.svg:0
[  555256ms] [LOG] Banner não encontrado: banner-233 @ https://d1hjvew1n9ss7u.cloudfront.net/asset.axd?id=PAEAAB-LCAAAAAAAAAOtj0EPwUAQhf-KzLnsKqu64iBu4oSbOKzt0G2qKztTkQi_3abi6Ob43vfem8wDLIMGxjuLytwM2eCuPOvZ0gRCnrd86k8hgSaGNr5llFE40CdTEyZQXKP_EtuuRREhaA5tJLcIJqM8VSqfZlIO1VilWRYT9puwhStAjyZqIKM4fm1HoPeP333qLi5bYn8RS98wNix2JV6QxNrXRizOwRRGrLbi88ygIngm_1k8YzCOusXD8w1y8dfTPAEAAA%3d%3d:754
[  555258ms] [LOG] [Debug Carrinho] Polling ativo @ https://d1hjvew1n9ss7u.cloudfront.net/asset.axd?id=PAEAAB-LCAAAAAAAAAOtj0EPwUAQhf-KzLnsKqu64iBu4oSbOKzt0G2qKztTkQi_3abi6Ob43vfem8wDLIMGxjuLytwM2eCuPOvZ0gRCnrd86k8hgSaGNr5llFE40CdTEyZQXKP_EtuuRREhaA5tJLcIJqM8VSqfZlIO1VilWRYT9puwhStAjyZqIKM4fm1HoPeP333qLi5bYn8RS98wNix2JV6QxNrXRizOwRRGrLbi88ygIngm_1k8YzCOusXD8w1y8dfTPAEAAA%3d%3d:1790
[  555362ms] [WARNING] !! Há erros de scripts de terceiros !!
Por favor, contate a Empresa responsável pelo script.  @ https://d1hjvew1n9ss7u.cloudfront.net/assets/shjs.js?t=639255987001545277:0
[  555363ms] Uncaught Error: You must pass a string or Handlebars AST to Handlebars.compile. You passed null
    at e.compile (https://d1hjvew1n9ss7u.cloudfront.net/asset.axd?id=PAEAAB-LCAAAAAAAAAOtj0EPwUAQhf-KzLnsKqu64iBu4oSbOKzt0G2qKztTkQi_3abi6Ob43vfem8wDLIMGxjuLytwM2eCuPOvZ0gRCnrd86k8hgSaGNr5llFE40CdTEyZQXKP_EtuuRREhaA5tJLcIJqM8VSqfZlIO1VilWRYT9puwhStAjyZqIKM4fm1HoPeP333qLi5bYn8RS98wNix2JV6QxNrXRizOwRRGrLbi88ygIngm_1k8YzCOusXD8w1y8dfTPAEAAA%3d%3d:1794:49302)
    at i.compile (https://d1hjvew1n9ss7u.cloudfront.net/asset.axd?id=PAEAAB-LCAAAAAAAAAOtj0EPwUAQhf-KzLnsKqu64iBu4oSbOKzt0G2qKztTkQi_3abi6Ob43vfem8wDLIMGxjuLytwM2eCuPOvZ0gRCnrd86k8hgSaGNr5llFE40CdTEyZQXKP_EtuuRREhaA5tJLcIJqM8VSqfZlIO1VilWRYT9puwhStAjyZqIKM4fm1HoPeP333qLi5bYn8RS98wNix2JV6QxNrXRizOwRRGrLbi88ygIngm_1k8YzCOusXD8w1y8dfTPAEAAA%3d%3d:1794:343)
    at renderBasket (https://d1hjvew1n9ss7u.cloudfront.net/asset.axd?id=PAEAAB-LCAAAAAAAAAOtj0EPwUAQhf-KzLnsKqu64iBu4oSbOKzt0G2qKztTkQi_3abi6Ob43vfem8wDLIMGxjuLytwM2eCuPOvZ0gRCnrd86k8hgSaGNr5llFE40CdTEyZQXKP_EtuuRREhaA5tJLcIJqM8VSqfZlIO1VilWRYT9puwhStAjyZqIKM4fm1HoPeP333qLi5bYn8RS98wNix2JV6QxNrXRizOwRRGrLbi88ygIngm_1k8YzCOusXD8w1y8dfTPAEAAA%3d%3d:29:27)
    at <anonymous> (https://d1hjvew1n9ss7u.cloudfront.net/asset.axd?id=PAEAAB-LCAAAAAAAAAOtj0EPwUAQhf-KzLnsKqu64iBu4oSbOKzt0G2qKztTkQi_3abi6Ob43vfem8wDLIMGxjuLytwM2eCuPOvZ0gRCnrd86k8hgSaGNr5llFE40CdTEyZQXKP_EtuuRREhaA5tJLcIJqM8VSqfZlIO1VilWRYT9puwhStAjyZqIKM4fm1HoPeP333qLi5bYn8RS98wNix2JV6QxNrXRizOwRRGrLbi88ygIngm_1k8YzCOusXD8w1y8dfTPAEAAA%3d%3d:220:1)
    at f (https://d1hjvew1n9ss7u.cloudfront.net/assets/shjs.js?t=639255987001545277:0:10382)
    at fireWith (https://d1hjvew1n9ss7u.cloudfront.net/assets/shjs.js?t=639255987001545277:0:11137)
    at ready (https://d1hjvew1n9ss7u.cloudfront.net/assets/shjs.js?t=639255987001545277:0:5238)
    at r (https://d1hjvew1n9ss7u.cloudfront.net/assets/shjs.js?t=639255987001545277:0:9748)
[  555373ms] [VERBOSE] [DOM] Input elements should have autocomplete attributes (suggested: "current-password"): (More info: https://goo.gl/9p2vKq) %o @ https://www.lolacosmetics.com.br/kit-cronolola-lp:0
[  555373ms] [VERBOSE] [DOM] Input elements should have autocomplete attributes (suggested: "current-password"): (More info: https://goo.gl/9p2vKq) %o @ https://www.lolacosmetics.com.br/kit-cronolola-lp:0
[  555500ms] [ERROR] Failed to load resource: the server responded with a status of 404 () @ https://d1hjvew1n9ss7u.cloudfront.net/Custom/Content/Themes/Lola/Agrada/CSS/ajax-loader.gif:0
[  555504ms] [ERROR] Failed to load resource: net::ERR_NAME_NOT_RESOLVED @ https://event.getblue.io/js/blue-tag.min.js:0
[  555512ms] [LOG] AffiseStorage availability: {cookie: true, localStorage: true, sessionStorage: true} @ https://rankmediabrasil.g2afse.com/websdk.js:0
[  555513ms] [LOG] Status RNK Media - ClickId: null UTM: null @ :3
[  555863ms] [WARNING] [Meta Pixel] - Invalid parameter format for currency. Please refer https://developers.facebook.com/docs/meta-pixel/reference/ for valid parameter specifications. @ https://connect.facebook.net/en_US/fbevents.js:203
[  556260ms] [INFO] É necessário definir o storeID no Plugin TrustVox @ https://d1hjvew1n9ss7u.cloudfront.net/asset.axd?id=EwsAAB-LCAAAAAAAAAO9ls9u2zAMxl9l8DmTs2Zp2hQ99RF22GHYgZYZW40tGSLlNCi6Zx_rLqht2B0wCztK3yf9KOoP9ZxoTvYJ4xOnj9ACaW8avvukS_CEfB_48PkmWSVWTN9NXiCvpWWS_QEqwlWSNyL8Sr91w0gkTPbsgyitCNeb26vt9vZmt15_2X7dXu124tAXh85Nnuw311u1lkZ26TaU7H88z4-njvgQiF2dPjjLaDl9i41SUzdBAlM1MlyiSk-56verR0peVv9KKJwrKlRgoTqz0dSnjLVlJDoTY608amhYNkS1mz5sQl7Ga7w7GAm_coWxfdJAiMhQDgKX86ROjsM7YaVdjYpK1zTop5gjyzJu5t2JjC2UBsbC-XONNvSpk4bFa82DZkUIXo_T2lOWUXSJ-ugCqwzoiDJnqGvw5xIhH-b1Q-OyGGQemfE1exlYO8SOtTg5rYyVE2KorAzxVGoHhojMGnMDNEt8k6PzVAveABtn_4p-d0aMQioBceuelIfXrZyNYeSLE0HjjcYpZCfEYWThnAVmN35nh-J_YDmLujL6KKZY-zd3QZbeixykdgeCQiqs1tgw2OE-TRpivTQWT1Qh89xr864vI6L3zl8eyz5qIESqTrXLoZosS50S5afEILPJl6iQzEiSWvRkhmfxQ-PClf6pPWhzrMEM1zrSOtLPl98Yqd5PEwsAAA%3d%3d:40
[  556268ms] Uncaught TypeError: Cannot read properties of undefined (reading 'replace')
    at validaFreteGratis (https://d1hjvew1n9ss7u.cloudfront.net/asset.axd?id=PAEAAB-LCAAAAAAAAAOtj0EPwUAQhf-KzLnsKqu64iBu4oSbOKzt0G2qKztTkQi_3abi6Ob43vfem8wDLIMGxjuLytwM2eCuPOvZ0gRCnrd86k8hgSaGNr5llFE40CdTEyZQXKP_EtuuRREhaA5tJLcIJqM8VSqfZlIO1VilWRYT9puwhStAjyZqIKM4fm1HoPeP333qLi5bYn8RS98wNix2JV6QxNrXRizOwRRGrLbi88ygIngm_1k8YzCOusXD8w1y8dfTPAEAAA%3d%3d:1:7633)
    at <anonymous> (https://d1hjvew1n9ss7u.cloudfront.net/asset.axd?id=PAEAAB-LCAAAAAAAAAOtj0EPwUAQhf-KzLnsKqu64iBu4oSbOKzt0G2qKztTkQi_3abi6Ob43vfem8wDLIMGxjuLytwM2eCuPOvZ0gRCnrd86k8hgSaGNr5llFE40CdTEyZQXKP_EtuuRREhaA5tJLcIJqM8VSqfZlIO1VilWRYT9puwhStAjyZqIKM4fm1HoPeP333qLi5bYn8RS98wNix2JV6QxNrXRizOwRRGrLbi88ygIngm_1k8YzCOusXD8w1y8dfTPAEAAA%3d%3d:1:49808)
    at dispatch (https://d1hjvew1n9ss7u.cloudfront.net/assets/shjs.js?t=639255987001545277:0:32701)
    at a (https://d1hjvew1n9ss7u.cloudfront.net/assets/shjs.js?t=639255987001545277:0:28480)
[  556267ms] [LOG] Banner não encontrado: banner-233 @ https://d1hjvew1n9ss7u.cloudfront.net/asset.axd?id=PAEAAB-LCAAAAAAAAAOtj0EPwUAQhf-KzLnsKqu64iBu4oSbOKzt0G2qKztTkQi_3abi6Ob43vfem8wDLIMGxjuLytwM2eCuPOvZ0gRCnrd86k8hgSaGNr5llFE40CdTEyZQXKP_EtuuRREhaA5tJLcIJqM8VSqfZlIO1VilWRYT9puwhStAjyZqIKM4fm1HoPeP333qLi5bYn8RS98wNix2JV6QxNrXRizOwRRGrLbi88ygIngm_1k8YzCOusXD8w1y8dfTPAEAAA%3d%3d:754
[  556271ms] [ERROR] Failed to load resource: the server responded with a status of 403 () @ https://collector.mailbiz.one/collect:0
[  556298ms] [LOG] %c Widde Video Commerce %c v24604ee %c Build: 21/09/2026 20:39 %c border: 1px solid #2567f8; background: #2567f8; color: #fff; font-weight: bold; padding: 4px 8px; border-radius: 3px 0 0 0; border: 1px solid #2567f8; border-left: none; background: #FFF; color: #2567f8; font-weight: bold; padding: 4px 8px; border: 1px solid #2567f8; border-left: none; background: #f0f0f0; color: #333; font-weight: bold; padding: 4px 8px; border-radius: 0 3px 3px 0; background: transparent @ https://cdn.widde.io/assets/main.utzwjalemu.js:0
[  556501ms] [VERBOSE] [DOM] Input elements should have autocomplete attributes (suggested: "current-password"): (More info: https://goo.gl/9p2vKq) %o @ http://localhost:4360/colecoes/be-m-dita-ghee:0
[  556501ms] [VERBOSE] [DOM] Input elements should have autocomplete attributes (suggested: "current-password"): (More info: https://goo.gl/9p2vKq) %o @ http://localhost:4360/colecoes/be-m-dita-ghee:0
[  564629ms] [VERBOSE] [DOM] Input elements should have autocomplete attributes (suggested: "current-password"): (More info: https://goo.gl/9p2vKq) %o @ http://127.0.0.1:4360/:0
[  564630ms] [VERBOSE] [DOM] Input elements should have autocomplete attributes (suggested: "current-password"): (More info: https://goo.gl/9p2vKq) %o @ http://127.0.0.1:4360/:0
[  568711ms] [VERBOSE] [DOM] Input elements should have autocomplete attributes (suggested: "current-password"): (More info: https://goo.gl/9p2vKq) %o @ http://127.0.0.1:4360/tipos-de-cabelo/liso:0
[  568711ms] [VERBOSE] [DOM] Input elements should have autocomplete attributes (suggested: "current-password"): (More info: https://goo.gl/9p2vKq) %o @ http://127.0.0.1:4360/tipos-de-cabelo/liso:0
[  570403ms] [VERBOSE] [DOM] Input elements should have autocomplete attributes (suggested: "current-password"): (More info: https://goo.gl/9p2vKq) %o @ http://127.0.0.1:4360/:0
[  570403ms] [VERBOSE] [DOM] Input elements should have autocomplete attributes (suggested: "current-password"): (More info: https://goo.gl/9p2vKq) %o @ http://127.0.0.1:4360/:0
[  572927ms] [VERBOSE] [DOM] Input elements should have autocomplete attributes (suggested: "current-password"): (More info: https://goo.gl/9p2vKq) %o @ http://127.0.0.1:4360/volumao-spray-250ml-ps-19629-322-p46391:0
[  572927ms] [VERBOSE] [DOM] Input elements should have autocomplete attributes (suggested: "current-password"): (More info: https://goo.gl/9p2vKq) %o @ http://127.0.0.1:4360/volumao-spray-250ml-ps-19629-322-p46391:0
[ 2033316ms] [VERBOSE] [DOM] Input elements should have autocomplete attributes (suggested: "current-password"): (More info: https://goo.gl/9p2vKq) %o @ http://localhost:4360/volumao-shampoo-250ml-ps-19629-321-p46389:0
[ 2033316ms] [VERBOSE] [DOM] Input elements should have autocomplete attributes (suggested: "current-password"): (More info: https://goo.gl/9p2vKq) %o @ http://localhost:4360/volumao-shampoo-250ml-ps-19629-321-p46389:0
