[     789ms] [WARNING] Error with Feature-Policy header: Some features are specified in both Feature-Policy and Permissions-Policy header: payment, fullscreen, microphone, camera. Values defined in Permissions-Policy header will be used. @ :0
[    1469ms] [ERROR] Failed to load resource: the server responded with a status of 500 () @ https://fonts.cdnfonts.com/css/leelawade:0
[    1831ms] [ERROR] Failed to load resource: the server responded with a status of 404 () @ https://lolacosmetics.admin.linxcommerce.com.br/Custom/Content/Themes/Lola/Styles/Fonts/FontAwesome/all.css:0
[    2108ms] [LOG] Banner não encontrado: banner-233 @ https://d1hjvew1n9ss7u.cloudfront.net/asset.axd?id=PAEAAB-LCAAAAAAAAAOtj0EPwUAQhf-KzLnsKqu64iBu4oSbOKzt0G2qKztTkQi_3abi6Ob43vfem8wDLIMGxjuLytwM2eCuPOvZ0gRCnrd86k8hgSaGNr5llFE40CdTEyZQXKP_EtuuRREhaA5tJLcIJqM8VSqfZlIO1VilWRYT9puwhStAjyZqIKM4fm1HoPeP333qLi5bYn8RS98wNix2JV6QxNrXRizOwRRGrLbi88ygIngm_1k8YzCOusXD8w1y8dfTPAEAAA%3d%3d:754
[    2110ms] [LOG] [Debug Carrinho] Polling ativo @ https://d1hjvew1n9ss7u.cloudfront.net/asset.axd?id=PAEAAB-LCAAAAAAAAAOtj0EPwUAQhf-KzLnsKqu64iBu4oSbOKzt0G2qKztTkQi_3abi6Ob43vfem8wDLIMGxjuLytwM2eCuPOvZ0gRCnrd86k8hgSaGNr5llFE40CdTEyZQXKP_EtuuRREhaA5tJLcIJqM8VSqfZlIO1VilWRYT9puwhStAjyZqIKM4fm1HoPeP333qLi5bYn8RS98wNix2JV6QxNrXRizOwRRGrLbi88ygIngm_1k8YzCOusXD8w1y8dfTPAEAAA%3d%3d:1790
[    2276ms] [WARNING] !! Há erros de scripts de terceiros !!
Por favor, contate a Empresa responsável pelo script.  @ https://d1hjvew1n9ss7u.cloudfront.net/assets/shjs.js?t=639255987001545277:0
[    2277ms] Uncaught Error: You must pass a string or Handlebars AST to Handlebars.compile. You passed null
    at e.compile (https://d1hjvew1n9ss7u.cloudfront.net/asset.axd?id=PAEAAB-LCAAAAAAAAAOtj0EPwUAQhf-KzLnsKqu64iBu4oSbOKzt0G2qKztTkQi_3abi6Ob43vfem8wDLIMGxjuLytwM2eCuPOvZ0gRCnrd86k8hgSaGNr5llFE40CdTEyZQXKP_EtuuRREhaA5tJLcIJqM8VSqfZlIO1VilWRYT9puwhStAjyZqIKM4fm1HoPeP333qLi5bYn8RS98wNix2JV6QxNrXRizOwRRGrLbi88ygIngm_1k8YzCOusXD8w1y8dfTPAEAAA%3d%3d:1794:49302)
    at i.compile (https://d1hjvew1n9ss7u.cloudfront.net/asset.axd?id=PAEAAB-LCAAAAAAAAAOtj0EPwUAQhf-KzLnsKqu64iBu4oSbOKzt0G2qKztTkQi_3abi6Ob43vfem8wDLIMGxjuLytwM2eCuPOvZ0gRCnrd86k8hgSaGNr5llFE40CdTEyZQXKP_EtuuRREhaA5tJLcIJqM8VSqfZlIO1VilWRYT9puwhStAjyZqIKM4fm1HoPeP333qLi5bYn8RS98wNix2JV6QxNrXRizOwRRGrLbi88ygIngm_1k8YzCOusXD8w1y8dfTPAEAAA%3d%3d:1794:343)
    at renderBasket (https://d1hjvew1n9ss7u.cloudfront.net/asset.axd?id=PAEAAB-LCAAAAAAAAAOtj0EPwUAQhf-KzLnsKqu64iBu4oSbOKzt0G2qKztTkQi_3abi6Ob43vfem8wDLIMGxjuLytwM2eCuPOvZ0gRCnrd86k8hgSaGNr5llFE40CdTEyZQXKP_EtuuRREhaA5tJLcIJqM8VSqfZlIO1VilWRYT9puwhStAjyZqIKM4fm1HoPeP333qLi5bYn8RS98wNix2JV6QxNrXRizOwRRGrLbi88ygIngm_1k8YzCOusXD8w1y8dfTPAEAAA%3d%3d:29:27)
    at <anonymous> (https://d1hjvew1n9ss7u.cloudfront.net/asset.axd?id=PAEAAB-LCAAAAAAAAAOtj0EPwUAQhf-KzLnsKqu64iBu4oSbOKzt0G2qKztTkQi_3abi6Ob43vfem8wDLIMGxjuLytwM2eCuPOvZ0gRCnrd86k8hgSaGNr5llFE40CdTEyZQXKP_EtuuRREhaA5tJLcIJqM8VSqfZlIO1VilWRYT9puwhStAjyZqIKM4fm1HoPeP333qLi5bYn8RS98wNix2JV6QxNrXRizOwRRGrLbi88ygIngm_1k8YzCOusXD8w1y8dfTPAEAAA%3d%3d:220:1)
    at f (https://d1hjvew1n9ss7u.cloudfront.net/assets/shjs.js?t=639255987001545277:0:10382)
    at fireWith (https://d1hjvew1n9ss7u.cloudfront.net/assets/shjs.js?t=639255987001545277:0:11137)
    at ready (https://d1hjvew1n9ss7u.cloudfront.net/assets/shjs.js?t=639255987001545277:0:5238)
    at r (https://d1hjvew1n9ss7u.cloudfront.net/assets/shjs.js?t=639255987001545277:0:9748)
[    2299ms] [VERBOSE] [DOM] Input elements should have autocomplete attributes (suggested: "current-password"): (More info: https://goo.gl/9p2vKq) %o @ https://www.lolacosmetics.com.br/:0
[    2299ms] [VERBOSE] [DOM] Input elements should have autocomplete attributes (suggested: "current-password"): (More info: https://goo.gl/9p2vKq) %o @ https://www.lolacosmetics.com.br/:0
[    2419ms] [ERROR] Failed to load resource: the server responded with a status of 404 () @ https://d1hjvew1n9ss7u.cloudfront.net/Custom/Content/Themes/Lola/Agrada/CSS/ajax-loader.gif:0
[    2602ms] [ERROR] Failed to load resource: net::ERR_NAME_NOT_RESOLVED @ https://event.getblue.io/js/blue-tag.min.js:0
[    2758ms] [ERROR] Error: <path> attribute d: Expected number, "…0,0,0-.462-1.117Z". @ https://d1hjvew1n9ss7u.cloudfront.net/assets/shjs.js?t=639255987001545277:0
[    3164ms] [WARNING] [Meta Pixel] - Invalid parameter format for currency. Please refer https://developers.facebook.com/docs/meta-pixel/reference/ for valid parameter specifications. @ https://connect.facebook.net/en_US/fbevents.js:203
[    3579ms] [LOG] AffiseStorage availability: {cookie: true, localStorage: true, sessionStorage: true} @ https://rankmediabrasil.g2afse.com/websdk.js:0
[    3581ms] [LOG] Status RNK Media - ClickId: null UTM: null @ :3
[    4197ms] [INFO] É necessário definir o storeID no Plugin TrustVox @ https://d1hjvew1n9ss7u.cloudfront.net/asset.axd?id=GQsAAB-LCAAAAAAAAAO9lsFymzAQhl-lo7Mr3LiOEzo95RF66KHTwyLWoBgkRrvC8WTSZ69M6glgSGeKpkf0_9K32mUlPQvFIhWMT5w8QguknG74ywdVgiPkr573H-_ESphg-q7zAnkdvrRI91ARrkTeBOFX8q2bRkFCkbLzQWmDcLu5v9lu7-926_Wn7eftzW4XHOriULnORbq53cp1-Mguw5pE-uN5fj51xAdPbOvkwRpGw8lrbJTouvEhMFkjwyWq5JjL_rh8JPGy-ldCYW1RoQQD1Ym1oj5lrC0j0YkYa-lQQcOhILLd9GET8jJe4-xeh_ArW2jTJw2EiAxpwXM5T-rkOLwjVsrWKKm0TYNuijmyLONmzh5Jm0IqYCysO9VofJ86aVi819wrloTg1DitPWUZRZWoDtazzIAOGNb0dQ3uVCLkw7y-a1wWQ1gnrHjOXgbGDLFjLU5OK23CH6KprDTxVGoHhojMGnMNNEt8laPzZAtOA2tr_op-c0aMItwExK19kg7OpZyNYeSLE0HjtMIpZCfEYWT-lHlmOz5nh-J_YFmDqtLqEEyx6jfXIEv74qqzz68W-27vd454-5IqiJDb8f1xbYjIvD7iJuRlvBzCq8gTFOHtohQ2DGbYAZOGWNU0eKQKmefO8Td9GRGdC4X5cw31UQOhY_x8-Q3qjZweGQsAAA%3d%3d:40
[    4205ms] Uncaught TypeError: Cannot read properties of undefined (reading 'replace')
    at validaFreteGratis (https://d1hjvew1n9ss7u.cloudfront.net/asset.axd?id=PAEAAB-LCAAAAAAAAAOtj0EPwUAQhf-KzLnsKqu64iBu4oSbOKzt0G2qKztTkQi_3abi6Ob43vfem8wDLIMGxjuLytwM2eCuPOvZ0gRCnrd86k8hgSaGNr5llFE40CdTEyZQXKP_EtuuRREhaA5tJLcIJqM8VSqfZlIO1VilWRYT9puwhStAjyZqIKM4fm1HoPeP333qLi5bYn8RS98wNix2JV6QxNrXRizOwRRGrLbi88ygIngm_1k8YzCOusXD8w1y8dfTPAEAAA%3d%3d:1:7633)
    at <anonymous> (https://d1hjvew1n9ss7u.cloudfront.net/asset.axd?id=PAEAAB-LCAAAAAAAAAOtj0EPwUAQhf-KzLnsKqu64iBu4oSbOKzt0G2qKztTkQi_3abi6Ob43vfem8wDLIMGxjuLytwM2eCuPOvZ0gRCnrd86k8hgSaGNr5llFE40CdTEyZQXKP_EtuuRREhaA5tJLcIJqM8VSqfZlIO1VilWRYT9puwhStAjyZqIKM4fm1HoPeP333qLi5bYn8RS98wNix2JV6QxNrXRizOwRRGrLbi88ygIngm_1k8YzCOusXD8w1y8dfTPAEAAA%3d%3d:1:49808)
    at dispatch (https://d1hjvew1n9ss7u.cloudfront.net/assets/shjs.js?t=639255987001545277:0:32701)
    at a (https://d1hjvew1n9ss7u.cloudfront.net/assets/shjs.js?t=639255987001545277:0:28480)
[    4205ms] [LOG] Banner não encontrado: banner-233 @ https://d1hjvew1n9ss7u.cloudfront.net/asset.axd?id=PAEAAB-LCAAAAAAAAAOtj0EPwUAQhf-KzLnsKqu64iBu4oSbOKzt0G2qKztTkQi_3abi6Ob43vfem8wDLIMGxjuLytwM2eCuPOvZ0gRCnrd86k8hgSaGNr5llFE40CdTEyZQXKP_EtuuRREhaA5tJLcIJqM8VSqfZlIO1VilWRYT9puwhStAjyZqIKM4fm1HoPeP333qLi5bYn8RS98wNix2JV6QxNrXRizOwRRGrLbi88ygIngm_1k8YzCOusXD8w1y8dfTPAEAAA%3d%3d:754
[    4220ms] [LOG] %c Widde Video Commerce %c v24604ee %c Build: 21/09/2026 20:39 %c border: 1px solid #2567f8; background: #2567f8; color: #fff; font-weight: bold; padding: 4px 8px; border-radius: 3px 0 0 0; border: 1px solid #2567f8; border-left: none; background: #FFF; color: #2567f8; font-weight: bold; padding: 4px 8px; border: 1px solid #2567f8; border-left: none; background: #f0f0f0; color: #333; font-weight: bold; padding: 4px 8px; border-radius: 0 3px 3px 0; background: transparent @ https://cdn.widde.io/assets/main.utzwjalemu.js:0
[    4604ms] [LOG] %c Tryon Widde.io %c %s %c border: 1px solid #2567f8; background: #2567f8; color: #fff; font-weight: bold; padding: 4px 8px; border-radius: 3px 0 0 3px; border: 1px solid #2567f8; background: #FFF; color: #2567f8; font-weight: bold; padding: 4px 8px; border-radius: 0 3px 3px 0; 47bf7c2 background: transparent @ https://cdn-tryon.widde.io/widde-tryon.js:86
[    4645ms] [LOG] [tryon-tracker] initialized {domain: www.lolacosmetics.com.br} @ https://cdn-tryon.widde.io/widde-tryon.js:8
[    4984ms] [WARNING] !! Há erros de scripts no template e/ou scripts personalizados !!
Por favor, contate a Agência responsável pela codificação da loja virtual.  @ https://d1hjvew1n9ss7u.cloudfront.net/assets/shjs.js?t=639255987001545277:0
[   10917ms] [WARNING] The resource https://fonts.cdnfonts.com/css/leelawade was preloaded using link preload but not used within a few seconds from the window's load event. Please make sure it has an appropriate `as` value and it is preloaded intentionally. @ https://www.lolacosmetics.com.br/:0
[   15820ms] [WARNING] The resource https://fonts.cdnfonts.com/css/leelawade was preloaded using link preload but not used within a few seconds from the window's load event. Please make sure it has an appropriate `as` value and it is preloaded intentionally. @ https://www.lolacosmetics.com.br/:0
[   35618ms] [VERBOSE] [DOM] Input elements should have autocomplete attributes (suggested: "current-password"): (More info: https://goo.gl/9p2vKq) %o @ http://127.0.0.1:4352/:0
[   35619ms] [VERBOSE] [DOM] Input elements should have autocomplete attributes (suggested: "current-password"): (More info: https://goo.gl/9p2vKq) %o @ http://127.0.0.1:4352/:0
[   39810ms] [WARNING] Error with Feature-Policy header: Some features are specified in both Feature-Policy and Permissions-Policy header: payment, fullscreen, microphone, camera. Values defined in Permissions-Policy header will be used. @ :0
[   40366ms] [ERROR] Failed to load resource: the server responded with a status of 500 () @ https://fonts.cdnfonts.com/css/leelawade:0
[   40648ms] [ERROR] Failed to load resource: the server responded with a status of 404 () @ https://lolacosmetics.admin.linxcommerce.com.br/Custom/Content/Themes/Lola/Styles/Fonts/FontAwesome/all.css:0
[   41095ms] [LOG] Banner não encontrado: banner-233 @ https://d1hjvew1n9ss7u.cloudfront.net/asset.axd?id=PAEAAB-LCAAAAAAAAAOtj0EPwUAQhf-KzLnsKqu64iBu4oSbOKzt0G2qKztTkQi_3abi6Ob43vfem8wDLIMGxjuLytwM2eCuPOvZ0gRCnrd86k8hgSaGNr5llFE40CdTEyZQXKP_EtuuRREhaA5tJLcIJqM8VSqfZlIO1VilWRYT9puwhStAjyZqIKM4fm1HoPeP333qLi5bYn8RS98wNix2JV6QxNrXRizOwRRGrLbi88ygIngm_1k8YzCOusXD8w1y8dfTPAEAAA%3d%3d:754
[   41097ms] [LOG] [Debug Carrinho] Polling ativo @ https://d1hjvew1n9ss7u.cloudfront.net/asset.axd?id=PAEAAB-LCAAAAAAAAAOtj0EPwUAQhf-KzLnsKqu64iBu4oSbOKzt0G2qKztTkQi_3abi6Ob43vfem8wDLIMGxjuLytwM2eCuPOvZ0gRCnrd86k8hgSaGNr5llFE40CdTEyZQXKP_EtuuRREhaA5tJLcIJqM8VSqfZlIO1VilWRYT9puwhStAjyZqIKM4fm1HoPeP333qLi5bYn8RS98wNix2JV6QxNrXRizOwRRGrLbi88ygIngm_1k8YzCOusXD8w1y8dfTPAEAAA%3d%3d:1790
[   41293ms] [WARNING] !! Há erros de scripts de terceiros !!
Por favor, contate a Empresa responsável pelo script.  @ https://d1hjvew1n9ss7u.cloudfront.net/assets/shjs.js?t=639255987001545277:0
[   41297ms] Uncaught Error: You must pass a string or Handlebars AST to Handlebars.compile. You passed null
    at e.compile (https://d1hjvew1n9ss7u.cloudfront.net/asset.axd?id=PAEAAB-LCAAAAAAAAAOtj0EPwUAQhf-KzLnsKqu64iBu4oSbOKzt0G2qKztTkQi_3abi6Ob43vfem8wDLIMGxjuLytwM2eCuPOvZ0gRCnrd86k8hgSaGNr5llFE40CdTEyZQXKP_EtuuRREhaA5tJLcIJqM8VSqfZlIO1VilWRYT9puwhStAjyZqIKM4fm1HoPeP333qLi5bYn8RS98wNix2JV6QxNrXRizOwRRGrLbi88ygIngm_1k8YzCOusXD8w1y8dfTPAEAAA%3d%3d:1794:49302)
    at i.compile (https://d1hjvew1n9ss7u.cloudfront.net/asset.axd?id=PAEAAB-LCAAAAAAAAAOtj0EPwUAQhf-KzLnsKqu64iBu4oSbOKzt0G2qKztTkQi_3abi6Ob43vfem8wDLIMGxjuLytwM2eCuPOvZ0gRCnrd86k8hgSaGNr5llFE40CdTEyZQXKP_EtuuRREhaA5tJLcIJqM8VSqfZlIO1VilWRYT9puwhStAjyZqIKM4fm1HoPeP333qLi5bYn8RS98wNix2JV6QxNrXRizOwRRGrLbi88ygIngm_1k8YzCOusXD8w1y8dfTPAEAAA%3d%3d:1794:343)
    at renderBasket (https://d1hjvew1n9ss7u.cloudfront.net/asset.axd?id=PAEAAB-LCAAAAAAAAAOtj0EPwUAQhf-KzLnsKqu64iBu4oSbOKzt0G2qKztTkQi_3abi6Ob43vfem8wDLIMGxjuLytwM2eCuPOvZ0gRCnrd86k8hgSaGNr5llFE40CdTEyZQXKP_EtuuRREhaA5tJLcIJqM8VSqfZlIO1VilWRYT9puwhStAjyZqIKM4fm1HoPeP333qLi5bYn8RS98wNix2JV6QxNrXRizOwRRGrLbi88ygIngm_1k8YzCOusXD8w1y8dfTPAEAAA%3d%3d:29:27)
    at <anonymous> (https://d1hjvew1n9ss7u.cloudfront.net/asset.axd?id=PAEAAB-LCAAAAAAAAAOtj0EPwUAQhf-KzLnsKqu64iBu4oSbOKzt0G2qKztTkQi_3abi6Ob43vfem8wDLIMGxjuLytwM2eCuPOvZ0gRCnrd86k8hgSaGNr5llFE40CdTEyZQXKP_EtuuRREhaA5tJLcIJqM8VSqfZlIO1VilWRYT9puwhStAjyZqIKM4fm1HoPeP333qLi5bYn8RS98wNix2JV6QxNrXRizOwRRGrLbi88ygIngm_1k8YzCOusXD8w1y8dfTPAEAAA%3d%3d:220:1)
    at f (https://d1hjvew1n9ss7u.cloudfront.net/assets/shjs.js?t=639255987001545277:0:10382)
    at fireWith (https://d1hjvew1n9ss7u.cloudfront.net/assets/shjs.js?t=639255987001545277:0:11137)
    at ready (https://d1hjvew1n9ss7u.cloudfront.net/assets/shjs.js?t=639255987001545277:0:5238)
    at r (https://d1hjvew1n9ss7u.cloudfront.net/assets/shjs.js?t=639255987001545277:0:9748)
[   41345ms] [VERBOSE] [DOM] Input elements should have autocomplete attributes (suggested: "current-password"): (More info: https://goo.gl/9p2vKq) %o @ https://www.lolacosmetics.com.br/:0
[   41346ms] [VERBOSE] [DOM] Input elements should have autocomplete attributes (suggested: "current-password"): (More info: https://goo.gl/9p2vKq) %o @ https://www.lolacosmetics.com.br/:0
[   41377ms] [ERROR] Failed to load resource: the server responded with a status of 404 () @ https://d1hjvew1n9ss7u.cloudfront.net/Custom/Content/Themes/Lola/Agrada/CSS/ajax-loader.gif:0
[   41516ms] [ERROR] Error: <path> attribute d: Expected number, "…0,0,0-.462-1.117Z". @ https://d1hjvew1n9ss7u.cloudfront.net/assets/shjs.js?t=639255987001545277:0
[   41813ms] [ERROR] Failed to load resource: net::ERR_NAME_NOT_RESOLVED @ https://event.getblue.io/js/blue-tag.min.js:0
[   41947ms] [LOG] AffiseStorage availability: {cookie: true, localStorage: true, sessionStorage: true} @ https://rankmediabrasil.g2afse.com/websdk.js:0
[   41949ms] [LOG] Status RNK Media - ClickId: null UTM: null @ :3
[   42778ms] [WARNING] [Meta Pixel] - Invalid parameter format for currency. Please refer https://developers.facebook.com/docs/meta-pixel/reference/ for valid parameter specifications. @ https://connect.facebook.net/en_US/fbevents.js:203
[   43168ms] [INFO] É necessário definir o storeID no Plugin TrustVox @ https://d1hjvew1n9ss7u.cloudfront.net/asset.axd?id=GQsAAB-LCAAAAAAAAAO9lsFymzAQhl-lo7Mr3LiOEzo95RF66KHTwyLWoBgkRrvC8WTSZ69M6glgSGeKpkf0_9K32mUlPQvFIhWMT5w8QguknG74ywdVgiPkr573H-_ESphg-q7zAnkdvrRI91ARrkTeBOFX8q2bRkFCkbLzQWmDcLu5v9lu7-926_Wn7eftzW4XHOriULnORbq53cp1-Mguw5pE-uN5fj51xAdPbOvkwRpGw8lrbJTouvEhMFkjwyWq5JjL_rh8JPGy-ldCYW1RoQQD1Ym1oj5lrC0j0YkYa-lQQcOhILLd9GET8jJe4-xeh_ArW2jTJw2EiAxpwXM5T-rkOLwjVsrWKKm0TYNuijmyLONmzh5Jm0IqYCysO9VofJ86aVi819wrloTg1DitPWUZRZWoDtazzIAOGNb0dQ3uVCLkw7y-a1wWQ1gnrHjOXgbGDLFjLU5OK23CH6KprDTxVGoHhojMGnMNNEt8laPzZAtOA2tr_op-c0aMItwExK19kg7OpZyNYeSLE0HjtMIpZCfEYWT-lHlmOz5nh-J_YFmDqtLqEEyx6jfXIEv74qqzz68W-27vd454-5IqiJDb8f1xbYjIvD7iJuRlvBzCq8gTFOHtohQ2DGbYAZOGWNU0eKQKmefO8Td9GRGdC4X5cw31UQOhY_x8-Q3qjZweGQsAAA%3d%3d:40
[   43732ms] Uncaught TypeError: Cannot read properties of undefined (reading 'replace')
    at validaFreteGratis (https://d1hjvew1n9ss7u.cloudfront.net/asset.axd?id=PAEAAB-LCAAAAAAAAAOtj0EPwUAQhf-KzLnsKqu64iBu4oSbOKzt0G2qKztTkQi_3abi6Ob43vfem8wDLIMGxjuLytwM2eCuPOvZ0gRCnrd86k8hgSaGNr5llFE40CdTEyZQXKP_EtuuRREhaA5tJLcIJqM8VSqfZlIO1VilWRYT9puwhStAjyZqIKM4fm1HoPeP333qLi5bYn8RS98wNix2JV6QxNrXRizOwRRGrLbi88ygIngm_1k8YzCOusXD8w1y8dfTPAEAAA%3d%3d:1:7633)
    at <anonymous> (https://d1hjvew1n9ss7u.cloudfront.net/asset.axd?id=PAEAAB-LCAAAAAAAAAOtj0EPwUAQhf-KzLnsKqu64iBu4oSbOKzt0G2qKztTkQi_3abi6Ob43vfem8wDLIMGxjuLytwM2eCuPOvZ0gRCnrd86k8hgSaGNr5llFE40CdTEyZQXKP_EtuuRREhaA5tJLcIJqM8VSqfZlIO1VilWRYT9puwhStAjyZqIKM4fm1HoPeP333qLi5bYn8RS98wNix2JV6QxNrXRizOwRRGrLbi88ygIngm_1k8YzCOusXD8w1y8dfTPAEAAA%3d%3d:1:49808)
    at dispatch (https://d1hjvew1n9ss7u.cloudfront.net/assets/shjs.js?t=639255987001545277:0:32701)
    at a (https://d1hjvew1n9ss7u.cloudfront.net/assets/shjs.js?t=639255987001545277:0:28480)
[   43184ms] [LOG] Banner não encontrado: banner-233 @ https://d1hjvew1n9ss7u.cloudfront.net/asset.axd?id=PAEAAB-LCAAAAAAAAAOtj0EPwUAQhf-KzLnsKqu64iBu4oSbOKzt0G2qKztTkQi_3abi6Ob43vfem8wDLIMGxjuLytwM2eCuPOvZ0gRCnrd86k8hgSaGNr5llFE40CdTEyZQXKP_EtuuRREhaA5tJLcIJqM8VSqfZlIO1VilWRYT9puwhStAjyZqIKM4fm1HoPeP333qLi5bYn8RS98wNix2JV6QxNrXRizOwRRGrLbi88ygIngm_1k8YzCOusXD8w1y8dfTPAEAAA%3d%3d:754
[   43469ms] [LOG] %c Widde Video Commerce %c v24604ee %c Build: 21/09/2026 20:39 %c border: 1px solid #2567f8; background: #2567f8; color: #fff; font-weight: bold; padding: 4px 8px; border-radius: 3px 0 0 0; border: 1px solid #2567f8; border-left: none; background: #FFF; color: #2567f8; font-weight: bold; padding: 4px 8px; border: 1px solid #2567f8; border-left: none; background: #f0f0f0; color: #333; font-weight: bold; padding: 4px 8px; border-radius: 0 3px 3px 0; background: transparent @ https://cdn.widde.io/assets/main.utzwjalemu.js:0
[   43729ms] [LOG] %c Tryon Widde.io %c %s %c border: 1px solid #2567f8; background: #2567f8; color: #fff; font-weight: bold; padding: 4px 8px; border-radius: 3px 0 0 3px; border: 1px solid #2567f8; background: #FFF; color: #2567f8; font-weight: bold; padding: 4px 8px; border-radius: 0 3px 3px 0; 47bf7c2 background: transparent @ https://cdn-tryon.widde.io/widde-tryon.js:86
[   43776ms] [LOG] [tryon-tracker] initialized {domain: www.lolacosmetics.com.br} @ https://cdn-tryon.widde.io/widde-tryon.js:8
[   43919ms] [WARNING] !! Há erros de scripts no template e/ou scripts personalizados !!
Por favor, contate a Agência responsável pela codificação da loja virtual.  @ https://d1hjvew1n9ss7u.cloudfront.net/assets/shjs.js?t=639255987001545277:0
[   50731ms] [WARNING] The resource https://fonts.cdnfonts.com/css/leelawade was preloaded using link preload but not used within a few seconds from the window's load event. Please make sure it has an appropriate `as` value and it is preloaded intentionally. @ https://www.lolacosmetics.com.br/:0
[   56076ms] [WARNING] The resource https://fonts.cdnfonts.com/css/leelawade was preloaded using link preload but not used within a few seconds from the window's load event. Please make sure it has an appropriate `as` value and it is preloaded intentionally. @ https://www.lolacosmetics.com.br/:0
[   82607ms] [WARNING] Error with Feature-Policy header: Some features are specified in both Feature-Policy and Permissions-Policy header: payment, fullscreen, microphone, camera. Values defined in Permissions-Policy header will be used. @ :0
[   83031ms] [ERROR] Failed to load resource: the server responded with a status of 500 () @ https://fonts.cdnfonts.com/css/leelawade:0
[   83266ms] [ERROR] Failed to load resource: the server responded with a status of 404 () @ https://lolacosmetics.admin.linxcommerce.com.br/Custom/Content/Themes/Lola/Styles/Fonts/FontAwesome/all.css:0
[   83557ms] [LOG] Banner não encontrado: banner-233 @ https://d1hjvew1n9ss7u.cloudfront.net/asset.axd?id=PAEAAB-LCAAAAAAAAAOtj0EPwUAQhf-KzLnsKqu64iBu4oSbOKzt0G2qKztTkQi_3abi6Ob43vfem8wDLIMGxjuLytwM2eCuPOvZ0gRCnrd86k8hgSaGNr5llFE40CdTEyZQXKP_EtuuRREhaA5tJLcIJqM8VSqfZlIO1VilWRYT9puwhStAjyZqIKM4fm1HoPeP333qLi5bYn8RS98wNix2JV6QxNrXRizOwRRGrLbi88ygIngm_1k8YzCOusXD8w1y8dfTPAEAAA%3d%3d:754
[   83564ms] [LOG] [Debug Carrinho] Polling ativo @ https://d1hjvew1n9ss7u.cloudfront.net/asset.axd?id=PAEAAB-LCAAAAAAAAAOtj0EPwUAQhf-KzLnsKqu64iBu4oSbOKzt0G2qKztTkQi_3abi6Ob43vfem8wDLIMGxjuLytwM2eCuPOvZ0gRCnrd86k8hgSaGNr5llFE40CdTEyZQXKP_EtuuRREhaA5tJLcIJqM8VSqfZlIO1VilWRYT9puwhStAjyZqIKM4fm1HoPeP333qLi5bYn8RS98wNix2JV6QxNrXRizOwRRGrLbi88ygIngm_1k8YzCOusXD8w1y8dfTPAEAAA%3d%3d:1790
[   83778ms] [WARNING] !! Há erros de scripts de terceiros !!
Por favor, contate a Empresa responsável pelo script.  @ https://d1hjvew1n9ss7u.cloudfront.net/assets/shjs.js?t=639255987001545277:0
[   83782ms] Uncaught Error: You must pass a string or Handlebars AST to Handlebars.compile. You passed null
    at e.compile (https://d1hjvew1n9ss7u.cloudfront.net/asset.axd?id=PAEAAB-LCAAAAAAAAAOtj0EPwUAQhf-KzLnsKqu64iBu4oSbOKzt0G2qKztTkQi_3abi6Ob43vfem8wDLIMGxjuLytwM2eCuPOvZ0gRCnrd86k8hgSaGNr5llFE40CdTEyZQXKP_EtuuRREhaA5tJLcIJqM8VSqfZlIO1VilWRYT9puwhStAjyZqIKM4fm1HoPeP333qLi5bYn8RS98wNix2JV6QxNrXRizOwRRGrLbi88ygIngm_1k8YzCOusXD8w1y8dfTPAEAAA%3d%3d:1794:49302)
    at i.compile (https://d1hjvew1n9ss7u.cloudfront.net/asset.axd?id=PAEAAB-LCAAAAAAAAAOtj0EPwUAQhf-KzLnsKqu64iBu4oSbOKzt0G2qKztTkQi_3abi6Ob43vfem8wDLIMGxjuLytwM2eCuPOvZ0gRCnrd86k8hgSaGNr5llFE40CdTEyZQXKP_EtuuRREhaA5tJLcIJqM8VSqfZlIO1VilWRYT9puwhStAjyZqIKM4fm1HoPeP333qLi5bYn8RS98wNix2JV6QxNrXRizOwRRGrLbi88ygIngm_1k8YzCOusXD8w1y8dfTPAEAAA%3d%3d:1794:343)
    at renderBasket (https://d1hjvew1n9ss7u.cloudfront.net/asset.axd?id=PAEAAB-LCAAAAAAAAAOtj0EPwUAQhf-KzLnsKqu64iBu4oSbOKzt0G2qKztTkQi_3abi6Ob43vfem8wDLIMGxjuLytwM2eCuPOvZ0gRCnrd86k8hgSaGNr5llFE40CdTEyZQXKP_EtuuRREhaA5tJLcIJqM8VSqfZlIO1VilWRYT9puwhStAjyZqIKM4fm1HoPeP333qLi5bYn8RS98wNix2JV6QxNrXRizOwRRGrLbi88ygIngm_1k8YzCOusXD8w1y8dfTPAEAAA%3d%3d:29:27)
    at <anonymous> (https://d1hjvew1n9ss7u.cloudfront.net/asset.axd?id=PAEAAB-LCAAAAAAAAAOtj0EPwUAQhf-KzLnsKqu64iBu4oSbOKzt0G2qKztTkQi_3abi6Ob43vfem8wDLIMGxjuLytwM2eCuPOvZ0gRCnrd86k8hgSaGNr5llFE40CdTEyZQXKP_EtuuRREhaA5tJLcIJqM8VSqfZlIO1VilWRYT9puwhStAjyZqIKM4fm1HoPeP333qLi5bYn8RS98wNix2JV6QxNrXRizOwRRGrLbi88ygIngm_1k8YzCOusXD8w1y8dfTPAEAAA%3d%3d:220:1)
    at f (https://d1hjvew1n9ss7u.cloudfront.net/assets/shjs.js?t=639255987001545277:0:10382)
    at fireWith (https://d1hjvew1n9ss7u.cloudfront.net/assets/shjs.js?t=639255987001545277:0:11137)
    at ready (https://d1hjvew1n9ss7u.cloudfront.net/assets/shjs.js?t=639255987001545277:0:5238)
    at r (https://d1hjvew1n9ss7u.cloudfront.net/assets/shjs.js?t=639255987001545277:0:9748)
[   83808ms] [VERBOSE] [DOM] Input elements should have autocomplete attributes (suggested: "current-password"): (More info: https://goo.gl/9p2vKq) %o @ https://www.lolacosmetics.com.br/:0
[   83809ms] [VERBOSE] [DOM] Input elements should have autocomplete attributes (suggested: "current-password"): (More info: https://goo.gl/9p2vKq) %o @ https://www.lolacosmetics.com.br/:0
[   83955ms] [ERROR] Failed to load resource: the server responded with a status of 404 () @ https://d1hjvew1n9ss7u.cloudfront.net/Custom/Content/Themes/Lola/Agrada/CSS/ajax-loader.gif:0
[   83958ms] [ERROR] Failed to load resource: net::ERR_NAME_NOT_RESOLVED @ https://event.getblue.io/js/blue-tag.min.js:0
[   83982ms] [LOG] AffiseStorage availability: {cookie: true, localStorage: true, sessionStorage: true} @ https://rankmediabrasil.g2afse.com/websdk.js:0
[   83984ms] [LOG] Status RNK Media - ClickId: null UTM: null @ :3
[   83991ms] [ERROR] Error: <path> attribute d: Expected number, "…0,0,0-.462-1.117Z". @ https://d1hjvew1n9ss7u.cloudfront.net/assets/shjs.js?t=639255987001545277:0
[   84652ms] [INFO] É necessário definir o storeID no Plugin TrustVox @ https://d1hjvew1n9ss7u.cloudfront.net/asset.axd?id=GQsAAB-LCAAAAAAAAAO9lsFymzAQhl-lo7Mr3LiOEzo95RF66KHTwyLWoBgkRrvC8WTSZ69M6glgSGeKpkf0_9K32mUlPQvFIhWMT5w8QguknG74ywdVgiPkr573H-_ESphg-q7zAnkdvrRI91ARrkTeBOFX8q2bRkFCkbLzQWmDcLu5v9lu7-926_Wn7eftzW4XHOriULnORbq53cp1-Mguw5pE-uN5fj51xAdPbOvkwRpGw8lrbJTouvEhMFkjwyWq5JjL_rh8JPGy-ldCYW1RoQQD1Ym1oj5lrC0j0YkYa-lQQcOhILLd9GET8jJe4-xeh_ArW2jTJw2EiAxpwXM5T-rkOLwjVsrWKKm0TYNuijmyLONmzh5Jm0IqYCysO9VofJ86aVi819wrloTg1DitPWUZRZWoDtazzIAOGNb0dQ3uVCLkw7y-a1wWQ1gnrHjOXgbGDLFjLU5OK23CH6KprDTxVGoHhojMGnMNNEt8laPzZAtOA2tr_op-c0aMItwExK19kg7OpZyNYeSLE0HjtMIpZCfEYWT-lHlmOz5nh-J_YFmDqtLqEEyx6jfXIEv74qqzz68W-27vd454-5IqiJDb8f1xbYjIvD7iJuRlvBzCq8gTFOHtohQ2DGbYAZOGWNU0eKQKmefO8Td9GRGdC4X5cw31UQOhY_x8-Q3qjZweGQsAAA%3d%3d:40
[   84660ms] Uncaught TypeError: Cannot read properties of undefined (reading 'replace')
    at validaFreteGratis (https://d1hjvew1n9ss7u.cloudfront.net/asset.axd?id=PAEAAB-LCAAAAAAAAAOtj0EPwUAQhf-KzLnsKqu64iBu4oSbOKzt0G2qKztTkQi_3abi6Ob43vfem8wDLIMGxjuLytwM2eCuPOvZ0gRCnrd86k8hgSaGNr5llFE40CdTEyZQXKP_EtuuRREhaA5tJLcIJqM8VSqfZlIO1VilWRYT9puwhStAjyZqIKM4fm1HoPeP333qLi5bYn8RS98wNix2JV6QxNrXRizOwRRGrLbi88ygIngm_1k8YzCOusXD8w1y8dfTPAEAAA%3d%3d:1:7633)
    at <anonymous> (https://d1hjvew1n9ss7u.cloudfront.net/asset.axd?id=PAEAAB-LCAAAAAAAAAOtj0EPwUAQhf-KzLnsKqu64iBu4oSbOKzt0G2qKztTkQi_3abi6Ob43vfem8wDLIMGxjuLytwM2eCuPOvZ0gRCnrd86k8hgSaGNr5llFE40CdTEyZQXKP_EtuuRREhaA5tJLcIJqM8VSqfZlIO1VilWRYT9puwhStAjyZqIKM4fm1HoPeP333qLi5bYn8RS98wNix2JV6QxNrXRizOwRRGrLbi88ygIngm_1k8YzCOusXD8w1y8dfTPAEAAA%3d%3d:1:49808)
    at dispatch (https://d1hjvew1n9ss7u.cloudfront.net/assets/shjs.js?t=639255987001545277:0:32701)
    at a (https://d1hjvew1n9ss7u.cloudfront.net/assets/shjs.js?t=639255987001545277:0:28480)
[   84658ms] [LOG] Banner não encontrado: banner-233 @ https://d1hjvew1n9ss7u.cloudfront.net/asset.axd?id=PAEAAB-LCAAAAAAAAAOtj0EPwUAQhf-KzLnsKqu64iBu4oSbOKzt0G2qKztTkQi_3abi6Ob43vfem8wDLIMGxjuLytwM2eCuPOvZ0gRCnrd86k8hgSaGNr5llFE40CdTEyZQXKP_EtuuRREhaA5tJLcIJqM8VSqfZlIO1VilWRYT9puwhStAjyZqIKM4fm1HoPeP333qLi5bYn8RS98wNix2JV6QxNrXRizOwRRGrLbi88ygIngm_1k8YzCOusXD8w1y8dfTPAEAAA%3d%3d:754
[   84715ms] [LOG] %c Widde Video Commerce %c v24604ee %c Build: 21/09/2026 20:39 %c border: 1px solid #2567f8; background: #2567f8; color: #fff; font-weight: bold; padding: 4px 8px; border-radius: 3px 0 0 0; border: 1px solid #2567f8; border-left: none; background: #FFF; color: #2567f8; font-weight: bold; padding: 4px 8px; border: 1px solid #2567f8; border-left: none; background: #f0f0f0; color: #333; font-weight: bold; padding: 4px 8px; border-radius: 0 3px 3px 0; background: transparent @ https://cdn.widde.io/assets/main.utzwjalemu.js:0
[   84718ms] [ERROR] Failed to load resource: the server responded with a status of 401 () @ https://www.google.com/recaptcha/api2/pat?k=6Le-9YsqAAAAAGtUGlQe-ufOhiiB353S9VAWaHgt:0
[   84828ms] [LOG] %c Tryon Widde.io %c %s %c border: 1px solid #2567f8; background: #2567f8; color: #fff; font-weight: bold; padding: 4px 8px; border-radius: 3px 0 0 3px; border: 1px solid #2567f8; background: #FFF; color: #2567f8; font-weight: bold; padding: 4px 8px; border-radius: 0 3px 3px 0; 47bf7c2 background: transparent @ https://cdn-tryon.widde.io/widde-tryon.js:86
[   84855ms] [LOG] [tryon-tracker] initialized {domain: www.lolacosmetics.com.br} @ https://cdn-tryon.widde.io/widde-tryon.js:8
[   88189ms] [WARNING] The resource https://fonts.cdnfonts.com/css/leelawade was preloaded using link preload but not used within a few seconds from the window's load event. Please make sure it has an appropriate `as` value and it is preloaded intentionally. @ https://www.lolacosmetics.com.br/:0
[   92339ms] [WARNING] The resource https://fonts.cdnfonts.com/css/leelawade was preloaded using link preload but not used within a few seconds from the window's load event. Please make sure it has an appropriate `as` value and it is preloaded intentionally. @ https://www.lolacosmetics.com.br/:0
[   97512ms] [WARNING] The resource https://fonts.cdnfonts.com/css/leelawade was preloaded using link preload but not used within a few seconds from the window's load event. Please make sure it has an appropriate `as` value and it is preloaded intentionally. @ https://www.lolacosmetics.com.br/:0
[  109791ms] [VERBOSE] [DOM] Input elements should have autocomplete attributes (suggested: "current-password"): (More info: https://goo.gl/9p2vKq) %o @ http://127.0.0.1:4352/:0
[  109793ms] [VERBOSE] [DOM] Input elements should have autocomplete attributes (suggested: "current-password"): (More info: https://goo.gl/9p2vKq) %o @ http://127.0.0.1:4352/:0
[  122055ms] [VERBOSE] [DOM] Input elements should have autocomplete attributes (suggested: "current-password"): (More info: https://goo.gl/9p2vKq) %o @ http://127.0.0.1:4352/login:0
[  122056ms] [VERBOSE] [DOM] Input elements should have autocomplete attributes (suggested: "current-password"): (More info: https://goo.gl/9p2vKq) %o @ http://127.0.0.1:4352/login:0
[  122056ms] [VERBOSE] [DOM] Input elements should have autocomplete attributes (suggested: "current-password"): (More info: https://goo.gl/9p2vKq) %o @ http://127.0.0.1:4352/login:0
[  123969ms] [VERBOSE] [DOM] Input elements should have autocomplete attributes (suggested: "current-password"): (More info: https://goo.gl/9p2vKq) %o @ http://127.0.0.1:4352/:0
[  123970ms] [VERBOSE] [DOM] Input elements should have autocomplete attributes (suggested: "current-password"): (More info: https://goo.gl/9p2vKq) %o @ http://127.0.0.1:4352/:0
[  126659ms] [VERBOSE] [DOM] Input elements should have autocomplete attributes (suggested: "current-password"): (More info: https://goo.gl/9p2vKq) %o @ http://127.0.0.1:4352/volumao-spray-250ml-ps-19629-322-p46391:0
[  126659ms] [VERBOSE] [DOM] Input elements should have autocomplete attributes (suggested: "current-password"): (More info: https://goo.gl/9p2vKq) %o @ http://127.0.0.1:4352/volumao-spray-250ml-ps-19629-322-p46391:0
[  146906ms] [VERBOSE] [DOM] Input elements should have autocomplete attributes (suggested: "current-password"): (More info: https://goo.gl/9p2vKq) %o @ http://127.0.0.1:4352/:0
[  146906ms] [VERBOSE] [DOM] Input elements should have autocomplete attributes (suggested: "current-password"): (More info: https://goo.gl/9p2vKq) %o @ http://127.0.0.1:4352/:0
[  154892ms] [VERBOSE] [DOM] Input elements should have autocomplete attributes (suggested: "current-password"): (More info: https://goo.gl/9p2vKq) %o @ http://127.0.0.1:4352/tipos-de-cabelo/liso:0
[  154892ms] [VERBOSE] [DOM] Input elements should have autocomplete attributes (suggested: "current-password"): (More info: https://goo.gl/9p2vKq) %o @ http://127.0.0.1:4352/tipos-de-cabelo/liso:0
[  174757ms] [WARNING] Error with Feature-Policy header: Some features are specified in both Feature-Policy and Permissions-Policy header: payment, fullscreen, microphone, camera. Values defined in Permissions-Policy header will be used. @ :0
[  175444ms] [ERROR] Failed to load resource: the server responded with a status of 500 () @ https://fonts.cdnfonts.com/css/leelawade:0
[  175793ms] [ERROR] Failed to load resource: the server responded with a status of 404 () @ https://lolacosmetics.admin.linxcommerce.com.br/Custom/Content/Themes/Lola/Styles/Fonts/FontAwesome/all.css:0
[  176074ms] [LOG] Banner não encontrado: banner-232 @ https://d1hjvew1n9ss7u.cloudfront.net/asset.axd?id=PAEAAB-LCAAAAAAAAAOtj0EPwUAQhf-KzLnsKqu64iBu4oSbOKzt0G2qKztTkQi_3abi6Ob43vfem8wDLIMGxjuLytwM2eCuPOvZ0gRCnrd86k8hgSaGNr5llFE40CdTEyZQXKP_EtuuRREhaA5tJLcIJqM8VSqfZlIO1VilWRYT9puwhStAjyZqIKM4fm1HoPeP333qLi5bYn8RS98wNix2JV6QxNrXRizOwRRGrLbi88ygIngm_1k8YzCOusXD8w1y8dfTPAEAAA%3d%3d:754
[  176076ms] [LOG] [Debug Carrinho] Polling ativo @ https://d1hjvew1n9ss7u.cloudfront.net/asset.axd?id=PAEAAB-LCAAAAAAAAAOtj0EPwUAQhf-KzLnsKqu64iBu4oSbOKzt0G2qKztTkQi_3abi6Ob43vfem8wDLIMGxjuLytwM2eCuPOvZ0gRCnrd86k8hgSaGNr5llFE40CdTEyZQXKP_EtuuRREhaA5tJLcIJqM8VSqfZlIO1VilWRYT9puwhStAjyZqIKM4fm1HoPeP333qLi5bYn8RS98wNix2JV6QxNrXRizOwRRGrLbi88ygIngm_1k8YzCOusXD8w1y8dfTPAEAAA%3d%3d:1790
[  176193ms] [WARNING] !! Há erros de scripts de terceiros !!
Por favor, contate a Empresa responsável pelo script.  @ https://d1hjvew1n9ss7u.cloudfront.net/assets/shjs.js?t=639255987001545277:0
[  176195ms] Uncaught Error: You must pass a string or Handlebars AST to Handlebars.compile. You passed null
    at e.compile (https://d1hjvew1n9ss7u.cloudfront.net/asset.axd?id=PAEAAB-LCAAAAAAAAAOtj0EPwUAQhf-KzLnsKqu64iBu4oSbOKzt0G2qKztTkQi_3abi6Ob43vfem8wDLIMGxjuLytwM2eCuPOvZ0gRCnrd86k8hgSaGNr5llFE40CdTEyZQXKP_EtuuRREhaA5tJLcIJqM8VSqfZlIO1VilWRYT9puwhStAjyZqIKM4fm1HoPeP333qLi5bYn8RS98wNix2JV6QxNrXRizOwRRGrLbi88ygIngm_1k8YzCOusXD8w1y8dfTPAEAAA%3d%3d:1794:49302)
    at i.compile (https://d1hjvew1n9ss7u.cloudfront.net/asset.axd?id=PAEAAB-LCAAAAAAAAAOtj0EPwUAQhf-KzLnsKqu64iBu4oSbOKzt0G2qKztTkQi_3abi6Ob43vfem8wDLIMGxjuLytwM2eCuPOvZ0gRCnrd86k8hgSaGNr5llFE40CdTEyZQXKP_EtuuRREhaA5tJLcIJqM8VSqfZlIO1VilWRYT9puwhStAjyZqIKM4fm1HoPeP333qLi5bYn8RS98wNix2JV6QxNrXRizOwRRGrLbi88ygIngm_1k8YzCOusXD8w1y8dfTPAEAAA%3d%3d:1794:343)
    at renderBasket (https://d1hjvew1n9ss7u.cloudfront.net/asset.axd?id=PAEAAB-LCAAAAAAAAAOtj0EPwUAQhf-KzLnsKqu64iBu4oSbOKzt0G2qKztTkQi_3abi6Ob43vfem8wDLIMGxjuLytwM2eCuPOvZ0gRCnrd86k8hgSaGNr5llFE40CdTEyZQXKP_EtuuRREhaA5tJLcIJqM8VSqfZlIO1VilWRYT9puwhStAjyZqIKM4fm1HoPeP333qLi5bYn8RS98wNix2JV6QxNrXRizOwRRGrLbi88ygIngm_1k8YzCOusXD8w1y8dfTPAEAAA%3d%3d:29:27)
    at <anonymous> (https://d1hjvew1n9ss7u.cloudfront.net/asset.axd?id=PAEAAB-LCAAAAAAAAAOtj0EPwUAQhf-KzLnsKqu64iBu4oSbOKzt0G2qKztTkQi_3abi6Ob43vfem8wDLIMGxjuLytwM2eCuPOvZ0gRCnrd86k8hgSaGNr5llFE40CdTEyZQXKP_EtuuRREhaA5tJLcIJqM8VSqfZlIO1VilWRYT9puwhStAjyZqIKM4fm1HoPeP333qLi5bYn8RS98wNix2JV6QxNrXRizOwRRGrLbi88ygIngm_1k8YzCOusXD8w1y8dfTPAEAAA%3d%3d:220:1)
    at f (https://d1hjvew1n9ss7u.cloudfront.net/assets/shjs.js?t=639255987001545277:0:10382)
    at fireWith (https://d1hjvew1n9ss7u.cloudfront.net/assets/shjs.js?t=639255987001545277:0:11137)
    at ready (https://d1hjvew1n9ss7u.cloudfront.net/assets/shjs.js?t=639255987001545277:0:5238)
    at r (https://d1hjvew1n9ss7u.cloudfront.net/assets/shjs.js?t=639255987001545277:0:9748)
[  176211ms] [VERBOSE] [DOM] Input elements should have autocomplete attributes (suggested: "new-password"): (More info: https://goo.gl/9p2vKq) %o @ https://www.lolacosmetics.com.br/cadastro:0
[  176211ms] [VERBOSE] [DOM] Input elements should have autocomplete attributes (suggested: "new-password"): (More info: https://goo.gl/9p2vKq) %o @ https://www.lolacosmetics.com.br/cadastro:0
[  176211ms] [VERBOSE] [DOM] Input elements should have autocomplete attributes (suggested: "current-password"): (More info: https://goo.gl/9p2vKq) %o @ https://www.lolacosmetics.com.br/cadastro:0
[  176211ms] [VERBOSE] [DOM] Input elements should have autocomplete attributes (suggested: "current-password"): (More info: https://goo.gl/9p2vKq) %o @ https://www.lolacosmetics.com.br/cadastro:0
[  176487ms] [ERROR] Failed to load resource: net::ERR_NAME_NOT_RESOLVED @ https://event.getblue.io/js/blue-tag.min.js:0
[  176822ms] [WARNING] [Meta Pixel] - Invalid parameter format for currency. Please refer https://developers.facebook.com/docs/meta-pixel/reference/ for valid parameter specifications. @ https://connect.facebook.net/en_US/fbevents.js:203
[  177270ms] [LOG] AffiseStorage availability: {cookie: true, localStorage: true, sessionStorage: true} @ https://rankmediabrasil.g2afse.com/websdk.js:0
[  177271ms] [LOG] Status RNK Media - ClickId: null UTM: null @ :3
[  177458ms] Uncaught TypeError: Cannot read properties of undefined (reading 'replace')
    at validaFreteGratis (https://d1hjvew1n9ss7u.cloudfront.net/asset.axd?id=PAEAAB-LCAAAAAAAAAOtj0EPwUAQhf-KzLnsKqu64iBu4oSbOKzt0G2qKztTkQi_3abi6Ob43vfem8wDLIMGxjuLytwM2eCuPOvZ0gRCnrd86k8hgSaGNr5llFE40CdTEyZQXKP_EtuuRREhaA5tJLcIJqM8VSqfZlIO1VilWRYT9puwhStAjyZqIKM4fm1HoPeP333qLi5bYn8RS98wNix2JV6QxNrXRizOwRRGrLbi88ygIngm_1k8YzCOusXD8w1y8dfTPAEAAA%3d%3d:1:7633)
    at <anonymous> (https://d1hjvew1n9ss7u.cloudfront.net/asset.axd?id=PAEAAB-LCAAAAAAAAAOtj0EPwUAQhf-KzLnsKqu64iBu4oSbOKzt0G2qKztTkQi_3abi6Ob43vfem8wDLIMGxjuLytwM2eCuPOvZ0gRCnrd86k8hgSaGNr5llFE40CdTEyZQXKP_EtuuRREhaA5tJLcIJqM8VSqfZlIO1VilWRYT9puwhStAjyZqIKM4fm1HoPeP333qLi5bYn8RS98wNix2JV6QxNrXRizOwRRGrLbi88ygIngm_1k8YzCOusXD8w1y8dfTPAEAAA%3d%3d:1:49808)
    at dispatch (https://d1hjvew1n9ss7u.cloudfront.net/assets/shjs.js?t=639255987001545277:0:32701)
    at a (https://d1hjvew1n9ss7u.cloudfront.net/assets/shjs.js?t=639255987001545277:0:28480)
[  177456ms] [LOG] Banner não encontrado: banner-232 @ https://d1hjvew1n9ss7u.cloudfront.net/asset.axd?id=PAEAAB-LCAAAAAAAAAOtj0EPwUAQhf-KzLnsKqu64iBu4oSbOKzt0G2qKztTkQi_3abi6Ob43vfem8wDLIMGxjuLytwM2eCuPOvZ0gRCnrd86k8hgSaGNr5llFE40CdTEyZQXKP_EtuuRREhaA5tJLcIJqM8VSqfZlIO1VilWRYT9puwhStAjyZqIKM4fm1HoPeP333qLi5bYn8RS98wNix2JV6QxNrXRizOwRRGrLbi88ygIngm_1k8YzCOusXD8w1y8dfTPAEAAA%3d%3d:754
[  177591ms] [LOG] %c Widde Video Commerce %c v24604ee %c Build: 21/09/2026 20:39 %c border: 1px solid #2567f8; background: #2567f8; color: #fff; font-weight: bold; padding: 4px 8px; border-radius: 3px 0 0 0; border: 1px solid #2567f8; border-left: none; background: #FFF; color: #2567f8; font-weight: bold; padding: 4px 8px; border: 1px solid #2567f8; border-left: none; background: #f0f0f0; color: #333; font-weight: bold; padding: 4px 8px; border-radius: 0 3px 3px 0; background: transparent @ https://cdn.widde.io/assets/main.utzwjalemu.js:0
[  177705ms] [LOG] %c Tryon Widde.io %c %s %c border: 1px solid #2567f8; background: #2567f8; color: #fff; font-weight: bold; padding: 4px 8px; border-radius: 3px 0 0 3px; border: 1px solid #2567f8; background: #FFF; color: #2567f8; font-weight: bold; padding: 4px 8px; border-radius: 0 3px 3px 0; 47bf7c2 background: transparent @ https://cdn-tryon.widde.io/widde-tryon.js:86
[  177714ms] [LOG] [tryon-tracker] initialized {domain: www.lolacosmetics.com.br} @ https://cdn-tryon.widde.io/widde-tryon.js:8
[  183677ms] [WARNING] Error with Feature-Policy header: Some features are specified in both Feature-Policy and Permissions-Policy header: payment, fullscreen, microphone, camera. Values defined in Permissions-Policy header will be used. @ :0
[  183969ms] [ERROR] Failed to load resource: the server responded with a status of 500 () @ https://fonts.cdnfonts.com/css/leelawade:0
[  184370ms] [ERROR] Failed to load resource: the server responded with a status of 404 () @ https://lolacosmetics.admin.linxcommerce.com.br/Custom/Content/Themes/Lola/Styles/Fonts/FontAwesome/all.css:0
[  184593ms] [LOG] Banner não encontrado: banner-232 @ https://d1hjvew1n9ss7u.cloudfront.net/asset.axd?id=PAEAAB-LCAAAAAAAAAOtj0EPwUAQhf-KzLnsKqu64iBu4oSbOKzt0G2qKztTkQi_3abi6Ob43vfem8wDLIMGxjuLytwM2eCuPOvZ0gRCnrd86k8hgSaGNr5llFE40CdTEyZQXKP_EtuuRREhaA5tJLcIJqM8VSqfZlIO1VilWRYT9puwhStAjyZqIKM4fm1HoPeP333qLi5bYn8RS98wNix2JV6QxNrXRizOwRRGrLbi88ygIngm_1k8YzCOusXD8w1y8dfTPAEAAA%3d%3d:754
[  184594ms] [LOG] [Debug Carrinho] Polling ativo @ https://d1hjvew1n9ss7u.cloudfront.net/asset.axd?id=PAEAAB-LCAAAAAAAAAOtj0EPwUAQhf-KzLnsKqu64iBu4oSbOKzt0G2qKztTkQi_3abi6Ob43vfem8wDLIMGxjuLytwM2eCuPOvZ0gRCnrd86k8hgSaGNr5llFE40CdTEyZQXKP_EtuuRREhaA5tJLcIJqM8VSqfZlIO1VilWRYT9puwhStAjyZqIKM4fm1HoPeP333qLi5bYn8RS98wNix2JV6QxNrXRizOwRRGrLbi88ygIngm_1k8YzCOusXD8w1y8dfTPAEAAA%3d%3d:1790
[  184630ms] [LOG] categoria @ https://d1hjvew1n9ss7u.cloudfront.net/asset.axd?id=PAEAAB-LCAAAAAAAAAOtj0EPwUAQhf-KzLnsKqu64iBu4oSbOKzt0G2qKztTkQi_3abi6Ob43vfem8wDLIMGxjuLytwM2eCuPOvZ0gRCnrd86k8hgSaGNr5llFE40CdTEyZQXKP_EtuuRREhaA5tJLcIJqM8VSqfZlIO1VilWRYT9puwhStAjyZqIKM4fm1HoPeP333qLi5bYn8RS98wNix2JV6QxNrXRizOwRRGrLbi88ygIngm_1k8YzCOusXD8w1y8dfTPAEAAA%3d%3d:1
[  184631ms] [WARNING] !! Há erros de scripts de terceiros !!
Por favor, contate a Empresa responsável pelo script.  @ https://d1hjvew1n9ss7u.cloudfront.net/assets/shjs.js?t=639255987001545277:0
[  184632ms] Uncaught Error: You must pass a string or Handlebars AST to Handlebars.compile. You passed null
    at e.compile (https://d1hjvew1n9ss7u.cloudfront.net/asset.axd?id=PAEAAB-LCAAAAAAAAAOtj0EPwUAQhf-KzLnsKqu64iBu4oSbOKzt0G2qKztTkQi_3abi6Ob43vfem8wDLIMGxjuLytwM2eCuPOvZ0gRCnrd86k8hgSaGNr5llFE40CdTEyZQXKP_EtuuRREhaA5tJLcIJqM8VSqfZlIO1VilWRYT9puwhStAjyZqIKM4fm1HoPeP333qLi5bYn8RS98wNix2JV6QxNrXRizOwRRGrLbi88ygIngm_1k8YzCOusXD8w1y8dfTPAEAAA%3d%3d:1794:49302)
    at i.compile (https://d1hjvew1n9ss7u.cloudfront.net/asset.axd?id=PAEAAB-LCAAAAAAAAAOtj0EPwUAQhf-KzLnsKqu64iBu4oSbOKzt0G2qKztTkQi_3abi6Ob43vfem8wDLIMGxjuLytwM2eCuPOvZ0gRCnrd86k8hgSaGNr5llFE40CdTEyZQXKP_EtuuRREhaA5tJLcIJqM8VSqfZlIO1VilWRYT9puwhStAjyZqIKM4fm1HoPeP333qLi5bYn8RS98wNix2JV6QxNrXRizOwRRGrLbi88ygIngm_1k8YzCOusXD8w1y8dfTPAEAAA%3d%3d:1794:343)
    at renderBasket (https://d1hjvew1n9ss7u.cloudfront.net/asset.axd?id=PAEAAB-LCAAAAAAAAAOtj0EPwUAQhf-KzLnsKqu64iBu4oSbOKzt0G2qKztTkQi_3abi6Ob43vfem8wDLIMGxjuLytwM2eCuPOvZ0gRCnrd86k8hgSaGNr5llFE40CdTEyZQXKP_EtuuRREhaA5tJLcIJqM8VSqfZlIO1VilWRYT9puwhStAjyZqIKM4fm1HoPeP333qLi5bYn8RS98wNix2JV6QxNrXRizOwRRGrLbi88ygIngm_1k8YzCOusXD8w1y8dfTPAEAAA%3d%3d:29:27)
    at <anonymous> (https://d1hjvew1n9ss7u.cloudfront.net/asset.axd?id=PAEAAB-LCAAAAAAAAAOtj0EPwUAQhf-KzLnsKqu64iBu4oSbOKzt0G2qKztTkQi_3abi6Ob43vfem8wDLIMGxjuLytwM2eCuPOvZ0gRCnrd86k8hgSaGNr5llFE40CdTEyZQXKP_EtuuRREhaA5tJLcIJqM8VSqfZlIO1VilWRYT9puwhStAjyZqIKM4fm1HoPeP333qLi5bYn8RS98wNix2JV6QxNrXRizOwRRGrLbi88ygIngm_1k8YzCOusXD8w1y8dfTPAEAAA%3d%3d:220:1)
    at f (https://d1hjvew1n9ss7u.cloudfront.net/assets/shjs.js?t=639255987001545277:0:10382)
    at fireWith (https://d1hjvew1n9ss7u.cloudfront.net/assets/shjs.js?t=639255987001545277:0:11137)
    at ready (https://d1hjvew1n9ss7u.cloudfront.net/assets/shjs.js?t=639255987001545277:0:5238)
    at r (https://d1hjvew1n9ss7u.cloudfront.net/assets/shjs.js?t=639255987001545277:0:9748)
[  184634ms] [VERBOSE] [DOM] Input elements should have autocomplete attributes (suggested: "current-password"): (More info: https://goo.gl/9p2vKq) %o @ https://www.lolacosmetics.com.br/colecoes/a-formula:0
[  184634ms] [VERBOSE] [DOM] Input elements should have autocomplete attributes (suggested: "current-password"): (More info: https://goo.gl/9p2vKq) %o @ https://www.lolacosmetics.com.br/colecoes/a-formula:0
[  184639ms] [ERROR] Failed to load resource: net::ERR_NAME_NOT_RESOLVED @ https://event.getblue.io/js/blue-tag.min.js:0
[  184685ms] [LOG] AffiseStorage availability: {cookie: true, localStorage: true, sessionStorage: true} @ https://rankmediabrasil.g2afse.com/websdk.js:0
[  184686ms] [LOG] Status RNK Media - ClickId: null UTM: null @ :3
[  184741ms] [WARNING] [Meta Pixel] - Invalid parameter format for currency. Please refer https://developers.facebook.com/docs/meta-pixel/reference/ for valid parameter specifications. @ https://connect.facebook.net/en_US/fbevents.js:203
[  185098ms] [INFO] É necessário definir o storeID no Plugin TrustVox @ https://d1hjvew1n9ss7u.cloudfront.net/asset.axd?id=_woAAB-LCAAAAAAAAAO9lsFunDAQhl-l4rw122w3m1D1lEfooYeqh8HMgrNgW_aYDYrSZ--EaFVgIZWK1aP9__b3Y3uwnxNJSZYQPlH6CC146ZSlLx9kBc4jfQ10_HiXbBLNpu-qKJG23FJJdoTa4yYpLAu_0m_9MM8SJhm5wErLwu3u_ma_v787bLef9p_3N4cDO-TFIQtVJNnudi-23Mgv3con2Y_n5fG-Jz4ET6ZJH4wm1JS-ZfOpamzgYKJBgkuq9FyIYb949MnL5l8JpTFljQI01B0p6YeUqbaO5DtP2AiHEizxhoh2N4TNyOt41pmj4vi1KZUekkZCRIYwEKhaJvVyHN4Za2kaFL4y1qKbY04s67i5M2evdCkkEJbGdQ3qMKTOGlZ_axEkCY_g5HRZB8o6iqxQnkwgkYM_Ic8ZmgZcVyEU43V917guA8_DM76uXg5aj7FTbR3pCJKjU2f5TGKL9ajcr8R4LOVpicRSDE7pTLDXjL470tkvneLflHE03qE5Pc7Jr5XmOla-mq7frCEis8FCgV8kvsnReaIFp4CU0X9F_3FGTMH3tafWPAkHrwW3mGHii5PAOiVxDtkLcRh56PJAZKa34Vj8DyyjUdZKntgUszanZXKtRqQtg1YxCuAXXfBQ8rtLSrQEenwuZg098-fLbwJGClv_CgAA:52
[  185116ms] Uncaught TypeError: Cannot read properties of undefined (reading 'replace')
    at validaFreteGratis (https://d1hjvew1n9ss7u.cloudfront.net/asset.axd?id=PAEAAB-LCAAAAAAAAAOtj0EPwUAQhf-KzLnsKqu64iBu4oSbOKzt0G2qKztTkQi_3abi6Ob43vfem8wDLIMGxjuLytwM2eCuPOvZ0gRCnrd86k8hgSaGNr5llFE40CdTEyZQXKP_EtuuRREhaA5tJLcIJqM8VSqfZlIO1VilWRYT9puwhStAjyZqIKM4fm1HoPeP333qLi5bYn8RS98wNix2JV6QxNrXRizOwRRGrLbi88ygIngm_1k8YzCOusXD8w1y8dfTPAEAAA%3d%3d:1:7633)
    at <anonymous> (https://d1hjvew1n9ss7u.cloudfront.net/asset.axd?id=PAEAAB-LCAAAAAAAAAOtj0EPwUAQhf-KzLnsKqu64iBu4oSbOKzt0G2qKztTkQi_3abi6Ob43vfem8wDLIMGxjuLytwM2eCuPOvZ0gRCnrd86k8hgSaGNr5llFE40CdTEyZQXKP_EtuuRREhaA5tJLcIJqM8VSqfZlIO1VilWRYT9puwhStAjyZqIKM4fm1HoPeP333qLi5bYn8RS98wNix2JV6QxNrXRizOwRRGrLbi88ygIngm_1k8YzCOusXD8w1y8dfTPAEAAA%3d%3d:1:49808)
    at dispatch (https://d1hjvew1n9ss7u.cloudfront.net/assets/shjs.js?t=639255987001545277:0:32701)
    at a (https://d1hjvew1n9ss7u.cloudfront.net/assets/shjs.js?t=639255987001545277:0:28480)
[  185106ms] [LOG] Banner não encontrado: banner-232 @ https://d1hjvew1n9ss7u.cloudfront.net/asset.axd?id=PAEAAB-LCAAAAAAAAAOtj0EPwUAQhf-KzLnsKqu64iBu4oSbOKzt0G2qKztTkQi_3abi6Ob43vfem8wDLIMGxjuLytwM2eCuPOvZ0gRCnrd86k8hgSaGNr5llFE40CdTEyZQXKP_EtuuRREhaA5tJLcIJqM8VSqfZlIO1VilWRYT9puwhStAjyZqIKM4fm1HoPeP333qLi5bYn8RS98wNix2JV6QxNrXRizOwRRGrLbi88ygIngm_1k8YzCOusXD8w1y8dfTPAEAAA%3d%3d:754
[  185139ms] [LOG] %c Widde Video Commerce %c v24604ee %c Build: 21/09/2026 20:39 %c border: 1px solid #2567f8; background: #2567f8; color: #fff; font-weight: bold; padding: 4px 8px; border-radius: 3px 0 0 0; border: 1px solid #2567f8; border-left: none; background: #FFF; color: #2567f8; font-weight: bold; padding: 4px 8px; border: 1px solid #2567f8; border-left: none; background: #f0f0f0; color: #333; font-weight: bold; padding: 4px 8px; border-radius: 0 3px 3px 0; background: transparent @ https://cdn.widde.io/assets/main.utzwjalemu.js:0
[  185239ms] [LOG] %c Tryon Widde.io %c %s %c border: 1px solid #2567f8; background: #2567f8; color: #fff; font-weight: bold; padding: 4px 8px; border-radius: 3px 0 0 3px; border: 1px solid #2567f8; background: #FFF; color: #2567f8; font-weight: bold; padding: 4px 8px; border-radius: 0 3px 3px 0; 47bf7c2 background: transparent @ https://cdn-tryon.widde.io/widde-tryon.js:86
[  185263ms] [LOG] [tryon-tracker] initialized {domain: www.lolacosmetics.com.br} @ https://cdn-tryon.widde.io/widde-tryon.js:8
[  191539ms] [WARNING] Error with Feature-Policy header: Some features are specified in both Feature-Policy and Permissions-Policy header: payment, fullscreen, microphone, camera. Values defined in Permissions-Policy header will be used. @ :0
[  191833ms] [ERROR] Failed to load resource: the server responded with a status of 500 () @ https://fonts.cdnfonts.com/css/leelawade:0
[  192230ms] [ERROR] Failed to load resource: the server responded with a status of 404 () @ https://lolacosmetics.admin.linxcommerce.com.br/Custom/Content/Themes/Lola/Styles/Fonts/FontAwesome/all.css:0
[  192287ms] [LOG] Banner não encontrado: banner-232 @ https://d1hjvew1n9ss7u.cloudfront.net/asset.axd?id=PAEAAB-LCAAAAAAAAAOtj0EPwUAQhf-KzLnsKqu64iBu4oSbOKzt0G2qKztTkQi_3abi6Ob43vfem8wDLIMGxjuLytwM2eCuPOvZ0gRCnrd86k8hgSaGNr5llFE40CdTEyZQXKP_EtuuRREhaA5tJLcIJqM8VSqfZlIO1VilWRYT9puwhStAjyZqIKM4fm1HoPeP333qLi5bYn8RS98wNix2JV6QxNrXRizOwRRGrLbi88ygIngm_1k8YzCOusXD8w1y8dfTPAEAAA%3d%3d:754
[  192288ms] [LOG] [Debug Carrinho] Polling ativo @ https://d1hjvew1n9ss7u.cloudfront.net/asset.axd?id=PAEAAB-LCAAAAAAAAAOtj0EPwUAQhf-KzLnsKqu64iBu4oSbOKzt0G2qKztTkQi_3abi6Ob43vfem8wDLIMGxjuLytwM2eCuPOvZ0gRCnrd86k8hgSaGNr5llFE40CdTEyZQXKP_EtuuRREhaA5tJLcIJqM8VSqfZlIO1VilWRYT9puwhStAjyZqIKM4fm1HoPeP333qLi5bYn8RS98wNix2JV6QxNrXRizOwRRGrLbi88ygIngm_1k8YzCOusXD8w1y8dfTPAEAAA%3d%3d:1790
[  192315ms] [LOG] categoria @ https://d1hjvew1n9ss7u.cloudfront.net/asset.axd?id=PAEAAB-LCAAAAAAAAAOtj0EPwUAQhf-KzLnsKqu64iBu4oSbOKzt0G2qKztTkQi_3abi6Ob43vfem8wDLIMGxjuLytwM2eCuPOvZ0gRCnrd86k8hgSaGNr5llFE40CdTEyZQXKP_EtuuRREhaA5tJLcIJqM8VSqfZlIO1VilWRYT9puwhStAjyZqIKM4fm1HoPeP333qLi5bYn8RS98wNix2JV6QxNrXRizOwRRGrLbi88ygIngm_1k8YzCOusXD8w1y8dfTPAEAAA%3d%3d:1
[  192316ms] [WARNING] !! Há erros de scripts de terceiros !!
Por favor, contate a Empresa responsável pelo script.  @ https://d1hjvew1n9ss7u.cloudfront.net/assets/shjs.js?t=639255987001545277:0
[  192317ms] Uncaught Error: You must pass a string or Handlebars AST to Handlebars.compile. You passed null
    at e.compile (https://d1hjvew1n9ss7u.cloudfront.net/asset.axd?id=PAEAAB-LCAAAAAAAAAOtj0EPwUAQhf-KzLnsKqu64iBu4oSbOKzt0G2qKztTkQi_3abi6Ob43vfem8wDLIMGxjuLytwM2eCuPOvZ0gRCnrd86k8hgSaGNr5llFE40CdTEyZQXKP_EtuuRREhaA5tJLcIJqM8VSqfZlIO1VilWRYT9puwhStAjyZqIKM4fm1HoPeP333qLi5bYn8RS98wNix2JV6QxNrXRizOwRRGrLbi88ygIngm_1k8YzCOusXD8w1y8dfTPAEAAA%3d%3d:1794:49302)
    at i.compile (https://d1hjvew1n9ss7u.cloudfront.net/asset.axd?id=PAEAAB-LCAAAAAAAAAOtj0EPwUAQhf-KzLnsKqu64iBu4oSbOKzt0G2qKztTkQi_3abi6Ob43vfem8wDLIMGxjuLytwM2eCuPOvZ0gRCnrd86k8hgSaGNr5llFE40CdTEyZQXKP_EtuuRREhaA5tJLcIJqM8VSqfZlIO1VilWRYT9puwhStAjyZqIKM4fm1HoPeP333qLi5bYn8RS98wNix2JV6QxNrXRizOwRRGrLbi88ygIngm_1k8YzCOusXD8w1y8dfTPAEAAA%3d%3d:1794:343)
    at renderBasket (https://d1hjvew1n9ss7u.cloudfront.net/asset.axd?id=PAEAAB-LCAAAAAAAAAOtj0EPwUAQhf-KzLnsKqu64iBu4oSbOKzt0G2qKztTkQi_3abi6Ob43vfem8wDLIMGxjuLytwM2eCuPOvZ0gRCnrd86k8hgSaGNr5llFE40CdTEyZQXKP_EtuuRREhaA5tJLcIJqM8VSqfZlIO1VilWRYT9puwhStAjyZqIKM4fm1HoPeP333qLi5bYn8RS98wNix2JV6QxNrXRizOwRRGrLbi88ygIngm_1k8YzCOusXD8w1y8dfTPAEAAA%3d%3d:29:27)
    at <anonymous> (https://d1hjvew1n9ss7u.cloudfront.net/asset.axd?id=PAEAAB-LCAAAAAAAAAOtj0EPwUAQhf-KzLnsKqu64iBu4oSbOKzt0G2qKztTkQi_3abi6Ob43vfem8wDLIMGxjuLytwM2eCuPOvZ0gRCnrd86k8hgSaGNr5llFE40CdTEyZQXKP_EtuuRREhaA5tJLcIJqM8VSqfZlIO1VilWRYT9puwhStAjyZqIKM4fm1HoPeP333qLi5bYn8RS98wNix2JV6QxNrXRizOwRRGrLbi88ygIngm_1k8YzCOusXD8w1y8dfTPAEAAA%3d%3d:220:1)
    at f (https://d1hjvew1n9ss7u.cloudfront.net/assets/shjs.js?t=639255987001545277:0:10382)
    at fireWith (https://d1hjvew1n9ss7u.cloudfront.net/assets/shjs.js?t=639255987001545277:0:11137)
    at ready (https://d1hjvew1n9ss7u.cloudfront.net/assets/shjs.js?t=639255987001545277:0:5238)
    at r (https://d1hjvew1n9ss7u.cloudfront.net/assets/shjs.js?t=639255987001545277:0:9748)
[  192318ms] [VERBOSE] [DOM] Input elements should have autocomplete attributes (suggested: "current-password"): (More info: https://goo.gl/9p2vKq) %o @ https://www.lolacosmetics.com.br/colecoes/argan-oil:0
[  192318ms] [VERBOSE] [DOM] Input elements should have autocomplete attributes (suggested: "current-password"): (More info: https://goo.gl/9p2vKq) %o @ https://www.lolacosmetics.com.br/colecoes/argan-oil:0
[  192363ms] [ERROR] Failed to load resource: net::ERR_NAME_NOT_RESOLVED @ https://event.getblue.io/js/blue-tag.min.js:0
[  192502ms] [LOG] AffiseStorage availability: {cookie: true, localStorage: true, sessionStorage: true} @ https://rankmediabrasil.g2afse.com/websdk.js:0
[  192503ms] [LOG] Status RNK Media - ClickId: null UTM: null @ :3
[  192531ms] [WARNING] [Meta Pixel] - Invalid parameter format for currency. Please refer https://developers.facebook.com/docs/meta-pixel/reference/ for valid parameter specifications. @ https://connect.facebook.net/en_US/fbevents.js:203
[  192843ms] [INFO] É necessário definir o storeID no Plugin TrustVox @ https://d1hjvew1n9ss7u.cloudfront.net/asset.axd?id=_woAAB-LCAAAAAAAAAO9lsFunDAQhl-l4rw122w3m1D1lEfooYeqh8HMgrNgW_aYDYrSZ--EaFVgIZWK1aP9__b3Y3uwnxNJSZYQPlH6CC146ZSlLx9kBc4jfQ10_HiXbBLNpu-qKJG23FJJdoTa4yYpLAu_0m_9MM8SJhm5wErLwu3u_ma_v787bLef9p_3N4cDO-TFIQtVJNnudi-23Mgv3con2Y_n5fG-Jz4ET6ZJH4wm1JS-ZfOpamzgYKJBgkuq9FyIYb949MnL5l8JpTFljQI01B0p6YeUqbaO5DtP2AiHEizxhoh2N4TNyOt41pmj4vi1KZUekkZCRIYwEKhaJvVyHN4Za2kaFL4y1qKbY04s67i5M2evdCkkEJbGdQ3qMKTOGlZ_axEkCY_g5HRZB8o6iqxQnkwgkYM_Ic8ZmgZcVyEU43V917guA8_DM76uXg5aj7FTbR3pCJKjU2f5TGKL9ajcr8R4LOVpicRSDE7pTLDXjL470tkvneLflHE03qE5Pc7Jr5XmOla-mq7frCEis8FCgV8kvsnReaIFp4CU0X9F_3FGTMH3tafWPAkHrwW3mGHii5PAOiVxDtkLcRh56PJAZKa34Vj8DyyjUdZKntgUszanZXKtRqQtg1YxCuAXXfBQ8rtLSrQEenwuZg098-fLbwJGClv_CgAA:52
[  192848ms] Uncaught TypeError: Cannot read properties of undefined (reading 'replace')
    at validaFreteGratis (https://d1hjvew1n9ss7u.cloudfront.net/asset.axd?id=PAEAAB-LCAAAAAAAAAOtj0EPwUAQhf-KzLnsKqu64iBu4oSbOKzt0G2qKztTkQi_3abi6Ob43vfem8wDLIMGxjuLytwM2eCuPOvZ0gRCnrd86k8hgSaGNr5llFE40CdTEyZQXKP_EtuuRREhaA5tJLcIJqM8VSqfZlIO1VilWRYT9puwhStAjyZqIKM4fm1HoPeP333qLi5bYn8RS98wNix2JV6QxNrXRizOwRRGrLbi88ygIngm_1k8YzCOusXD8w1y8dfTPAEAAA%3d%3d:1:7633)
    at <anonymous> (https://d1hjvew1n9ss7u.cloudfront.net/asset.axd?id=PAEAAB-LCAAAAAAAAAOtj0EPwUAQhf-KzLnsKqu64iBu4oSbOKzt0G2qKztTkQi_3abi6Ob43vfem8wDLIMGxjuLytwM2eCuPOvZ0gRCnrd86k8hgSaGNr5llFE40CdTEyZQXKP_EtuuRREhaA5tJLcIJqM8VSqfZlIO1VilWRYT9puwhStAjyZqIKM4fm1HoPeP333qLi5bYn8RS98wNix2JV6QxNrXRizOwRRGrLbi88ygIngm_1k8YzCOusXD8w1y8dfTPAEAAA%3d%3d:1:49808)
    at dispatch (https://d1hjvew1n9ss7u.cloudfront.net/assets/shjs.js?t=639255987001545277:0:32701)
    at a (https://d1hjvew1n9ss7u.cloudfront.net/assets/shjs.js?t=639255987001545277:0:28480)
[  192846ms] [LOG] Banner não encontrado: banner-232 @ https://d1hjvew1n9ss7u.cloudfront.net/asset.axd?id=PAEAAB-LCAAAAAAAAAOtj0EPwUAQhf-KzLnsKqu64iBu4oSbOKzt0G2qKztTkQi_3abi6Ob43vfem8wDLIMGxjuLytwM2eCuPOvZ0gRCnrd86k8hgSaGNr5llFE40CdTEyZQXKP_EtuuRREhaA5tJLcIJqM8VSqfZlIO1VilWRYT9puwhStAjyZqIKM4fm1HoPeP333qLi5bYn8RS98wNix2JV6QxNrXRizOwRRGrLbi88ygIngm_1k8YzCOusXD8w1y8dfTPAEAAA%3d%3d:754
[  192873ms] [LOG] %c Widde Video Commerce %c v24604ee %c Build: 21/09/2026 20:39 %c border: 1px solid #2567f8; background: #2567f8; color: #fff; font-weight: bold; padding: 4px 8px; border-radius: 3px 0 0 0; border: 1px solid #2567f8; border-left: none; background: #FFF; color: #2567f8; font-weight: bold; padding: 4px 8px; border: 1px solid #2567f8; border-left: none; background: #f0f0f0; color: #333; font-weight: bold; padding: 4px 8px; border-radius: 0 3px 3px 0; background: transparent @ https://cdn.widde.io/assets/main.utzwjalemu.js:0
[  192943ms] [LOG] %c Tryon Widde.io %c %s %c border: 1px solid #2567f8; background: #2567f8; color: #fff; font-weight: bold; padding: 4px 8px; border-radius: 3px 0 0 3px; border: 1px solid #2567f8; background: #FFF; color: #2567f8; font-weight: bold; padding: 4px 8px; border-radius: 0 3px 3px 0; 47bf7c2 background: transparent @ https://cdn-tryon.widde.io/widde-tryon.js:86
[  192954ms] [LOG] [tryon-tracker] initialized {domain: www.lolacosmetics.com.br} @ https://cdn-tryon.widde.io/widde-tryon.js:8
[  199560ms] [WARNING] Error with Feature-Policy header: Some features are specified in both Feature-Policy and Permissions-Policy header: payment, fullscreen, microphone, camera. Values defined in Permissions-Policy header will be used. @ :0
[  199855ms] [ERROR] Failed to load resource: the server responded with a status of 500 () @ https://fonts.cdnfonts.com/css/leelawade:0
[  200110ms] [ERROR] Failed to load resource: the server responded with a status of 404 () @ https://lolacosmetics.admin.linxcommerce.com.br/Custom/Content/Themes/Lola/Styles/Fonts/FontAwesome/all.css:0
[  200253ms] [ERROR] Failed to load resource: net::ERR_NAME_NOT_RESOLVED @ https://event.getblue.io/js/blue-tag.min.js:0
[  200273ms] [LOG] Banner não encontrado: banner-232 @ https://d1hjvew1n9ss7u.cloudfront.net/asset.axd?id=PAEAAB-LCAAAAAAAAAOtj0EPwUAQhf-KzLnsKqu64iBu4oSbOKzt0G2qKztTkQi_3abi6Ob43vfem8wDLIMGxjuLytwM2eCuPOvZ0gRCnrd86k8hgSaGNr5llFE40CdTEyZQXKP_EtuuRREhaA5tJLcIJqM8VSqfZlIO1VilWRYT9puwhStAjyZqIKM4fm1HoPeP333qLi5bYn8RS98wNix2JV6QxNrXRizOwRRGrLbi88ygIngm_1k8YzCOusXD8w1y8dfTPAEAAA%3d%3d:754
[  200274ms] [LOG] [Debug Carrinho] Polling ativo @ https://d1hjvew1n9ss7u.cloudfront.net/asset.axd?id=PAEAAB-LCAAAAAAAAAOtj0EPwUAQhf-KzLnsKqu64iBu4oSbOKzt0G2qKztTkQi_3abi6Ob43vfem8wDLIMGxjuLytwM2eCuPOvZ0gRCnrd86k8hgSaGNr5llFE40CdTEyZQXKP_EtuuRREhaA5tJLcIJqM8VSqfZlIO1VilWRYT9puwhStAjyZqIKM4fm1HoPeP333qLi5bYn8RS98wNix2JV6QxNrXRizOwRRGrLbi88ygIngm_1k8YzCOusXD8w1y8dfTPAEAAA%3d%3d:1790
[  200303ms] [LOG] categoria @ https://d1hjvew1n9ss7u.cloudfront.net/asset.axd?id=PAEAAB-LCAAAAAAAAAOtj0EPwUAQhf-KzLnsKqu64iBu4oSbOKzt0G2qKztTkQi_3abi6Ob43vfem8wDLIMGxjuLytwM2eCuPOvZ0gRCnrd86k8hgSaGNr5llFE40CdTEyZQXKP_EtuuRREhaA5tJLcIJqM8VSqfZlIO1VilWRYT9puwhStAjyZqIKM4fm1HoPeP333qLi5bYn8RS98wNix2JV6QxNrXRizOwRRGrLbi88ygIngm_1k8YzCOusXD8w1y8dfTPAEAAA%3d%3d:1
[  200304ms] [WARNING] !! Há erros de scripts de terceiros !!
Por favor, contate a Empresa responsável pelo script.  @ https://d1hjvew1n9ss7u.cloudfront.net/assets/shjs.js?t=639255987001545277:0
[  200305ms] Uncaught Error: You must pass a string or Handlebars AST to Handlebars.compile. You passed null
    at e.compile (https://d1hjvew1n9ss7u.cloudfront.net/asset.axd?id=PAEAAB-LCAAAAAAAAAOtj0EPwUAQhf-KzLnsKqu64iBu4oSbOKzt0G2qKztTkQi_3abi6Ob43vfem8wDLIMGxjuLytwM2eCuPOvZ0gRCnrd86k8hgSaGNr5llFE40CdTEyZQXKP_EtuuRREhaA5tJLcIJqM8VSqfZlIO1VilWRYT9puwhStAjyZqIKM4fm1HoPeP333qLi5bYn8RS98wNix2JV6QxNrXRizOwRRGrLbi88ygIngm_1k8YzCOusXD8w1y8dfTPAEAAA%3d%3d:1794:49302)
    at i.compile (https://d1hjvew1n9ss7u.cloudfront.net/asset.axd?id=PAEAAB-LCAAAAAAAAAOtj0EPwUAQhf-KzLnsKqu64iBu4oSbOKzt0G2qKztTkQi_3abi6Ob43vfem8wDLIMGxjuLytwM2eCuPOvZ0gRCnrd86k8hgSaGNr5llFE40CdTEyZQXKP_EtuuRREhaA5tJLcIJqM8VSqfZlIO1VilWRYT9puwhStAjyZqIKM4fm1HoPeP333qLi5bYn8RS98wNix2JV6QxNrXRizOwRRGrLbi88ygIngm_1k8YzCOusXD8w1y8dfTPAEAAA%3d%3d:1794:343)
    at renderBasket (https://d1hjvew1n9ss7u.cloudfront.net/asset.axd?id=PAEAAB-LCAAAAAAAAAOtj0EPwUAQhf-KzLnsKqu64iBu4oSbOKzt0G2qKztTkQi_3abi6Ob43vfem8wDLIMGxjuLytwM2eCuPOvZ0gRCnrd86k8hgSaGNr5llFE40CdTEyZQXKP_EtuuRREhaA5tJLcIJqM8VSqfZlIO1VilWRYT9puwhStAjyZqIKM4fm1HoPeP333qLi5bYn8RS98wNix2JV6QxNrXRizOwRRGrLbi88ygIngm_1k8YzCOusXD8w1y8dfTPAEAAA%3d%3d:29:27)
    at <anonymous> (https://d1hjvew1n9ss7u.cloudfront.net/asset.axd?id=PAEAAB-LCAAAAAAAAAOtj0EPwUAQhf-KzLnsKqu64iBu4oSbOKzt0G2qKztTkQi_3abi6Ob43vfem8wDLIMGxjuLytwM2eCuPOvZ0gRCnrd86k8hgSaGNr5llFE40CdTEyZQXKP_EtuuRREhaA5tJLcIJqM8VSqfZlIO1VilWRYT9puwhStAjyZqIKM4fm1HoPeP333qLi5bYn8RS98wNix2JV6QxNrXRizOwRRGrLbi88ygIngm_1k8YzCOusXD8w1y8dfTPAEAAA%3d%3d:220:1)
    at f (https://d1hjvew1n9ss7u.cloudfront.net/assets/shjs.js?t=639255987001545277:0:10382)
    at fireWith (https://d1hjvew1n9ss7u.cloudfront.net/assets/shjs.js?t=639255987001545277:0:11137)
    at ready (https://d1hjvew1n9ss7u.cloudfront.net/assets/shjs.js?t=639255987001545277:0:5238)
    at r (https://d1hjvew1n9ss7u.cloudfront.net/assets/shjs.js?t=639255987001545277:0:9748)
[  200307ms] [VERBOSE] [DOM] Input elements should have autocomplete attributes (suggested: "current-password"): (More info: https://goo.gl/9p2vKq) %o @ https://www.lolacosmetics.com.br/colecoes/babados-da-lola/lola-book:0
[  200307ms] [VERBOSE] [DOM] Input elements should have autocomplete attributes (suggested: "current-password"): (More info: https://goo.gl/9p2vKq) %o @ https://www.lolacosmetics.com.br/colecoes/babados-da-lola/lola-book:0
[  200388ms] [LOG] AffiseStorage availability: {cookie: true, localStorage: true, sessionStorage: true} @ https://rankmediabrasil.g2afse.com/websdk.js:0
[  200389ms] [LOG] Status RNK Media - ClickId: null UTM: null @ :3
[  200416ms] [WARNING] [Meta Pixel] - Invalid parameter format for currency. Please refer https://developers.facebook.com/docs/meta-pixel/reference/ for valid parameter specifications. @ https://connect.facebook.net/en_US/fbevents.js:203
[  200694ms] [INFO] É necessário definir o storeID no Plugin TrustVox @ https://d1hjvew1n9ss7u.cloudfront.net/asset.axd?id=CQsAAB-LCAAAAAAAAAO9lsFunDAQhl-l4rw122zJJlv1lEfooYeqh8HMgrNgW54xGxSlz16HaBVgoZWK1SP-f_v7MTPYz4nk5JAwPnH6CC2QdMrylw-yAkfIXz0fP94lm0QH03dVlMjb8KSSwxFqwk1S2CD8Sr_10yhImBzY-aC0Qbjd3d9k2f3dfrv9lH3Obvb74JAXhyxUkRx2t5nYhof8MqwoOfx4Xp5PPfHBE5smfTCaUXP6lo1S1VgfgokGGS6p0nMhhuPikZKXzb8SSmPKGgVoqDtWkoaUqbaORB0xNsKhBMvhg4h2N4TNyOt41pmjCvFrUyo9JI2EiAxhwHO1TOrlOLwz1tI0KKgy1qKbY04s67i5M2dSuhQSGEvjuga1H1JnDavftfCSBSE4Od3WgbKOIiuUJ-NZ5EAnDGv6pgHXVQjFeF__aFyXIawTVnzdvRy0HmOn2jrSEWSIzp0NNYkt1qN2vxJjsEpnvL2m9MORarJ0Kvw-jOPxzs3pcSqyVjr0l6KqVsRzhTkyRGQ2WCigReKbHJ0nWnAKWBn9V_S7M2KKcI4St-ZJOHhthMUME1-cBNYpiXPIXojDyH2Xe2YzPaXG4n9gGY2yVvIUTDF7c9om12pE2jJoFaOAcNPyBGW4D0mJlkGP62LWEOtc0HimGpmXzoZ3vSf-fPkNwB1u7QkLAAA%3d:49
[  200699ms] Uncaught TypeError: Cannot read properties of undefined (reading 'replace')
    at validaFreteGratis (https://d1hjvew1n9ss7u.cloudfront.net/asset.axd?id=PAEAAB-LCAAAAAAAAAOtj0EPwUAQhf-KzLnsKqu64iBu4oSbOKzt0G2qKztTkQi_3abi6Ob43vfem8wDLIMGxjuLytwM2eCuPOvZ0gRCnrd86k8hgSaGNr5llFE40CdTEyZQXKP_EtuuRREhaA5tJLcIJqM8VSqfZlIO1VilWRYT9puwhStAjyZqIKM4fm1HoPeP333qLi5bYn8RS98wNix2JV6QxNrXRizOwRRGrLbi88ygIngm_1k8YzCOusXD8w1y8dfTPAEAAA%3d%3d:1:7633)
    at <anonymous> (https://d1hjvew1n9ss7u.cloudfront.net/asset.axd?id=PAEAAB-LCAAAAAAAAAOtj0EPwUAQhf-KzLnsKqu64iBu4oSbOKzt0G2qKztTkQi_3abi6Ob43vfem8wDLIMGxjuLytwM2eCuPOvZ0gRCnrd86k8hgSaGNr5llFE40CdTEyZQXKP_EtuuRREhaA5tJLcIJqM8VSqfZlIO1VilWRYT9puwhStAjyZqIKM4fm1HoPeP333qLi5bYn8RS98wNix2JV6QxNrXRizOwRRGrLbi88ygIngm_1k8YzCOusXD8w1y8dfTPAEAAA%3d%3d:1:49808)
    at dispatch (https://d1hjvew1n9ss7u.cloudfront.net/assets/shjs.js?t=639255987001545277:0:32701)
    at a (https://d1hjvew1n9ss7u.cloudfront.net/assets/shjs.js?t=639255987001545277:0:28480)
[  200698ms] [LOG] Banner não encontrado: banner-232 @ https://d1hjvew1n9ss7u.cloudfront.net/asset.axd?id=PAEAAB-LCAAAAAAAAAOtj0EPwUAQhf-KzLnsKqu64iBu4oSbOKzt0G2qKztTkQi_3abi6Ob43vfem8wDLIMGxjuLytwM2eCuPOvZ0gRCnrd86k8hgSaGNr5llFE40CdTEyZQXKP_EtuuRREhaA5tJLcIJqM8VSqfZlIO1VilWRYT9puwhStAjyZqIKM4fm1HoPeP333qLi5bYn8RS98wNix2JV6QxNrXRizOwRRGrLbi88ygIngm_1k8YzCOusXD8w1y8dfTPAEAAA%3d%3d:754
[  200712ms] [LOG] %c Widde Video Commerce %c v24604ee %c Build: 21/09/2026 20:39 %c border: 1px solid #2567f8; background: #2567f8; color: #fff; font-weight: bold; padding: 4px 8px; border-radius: 3px 0 0 0; border: 1px solid #2567f8; border-left: none; background: #FFF; color: #2567f8; font-weight: bold; padding: 4px 8px; border: 1px solid #2567f8; border-left: none; background: #f0f0f0; color: #333; font-weight: bold; padding: 4px 8px; border-radius: 0 3px 3px 0; background: transparent @ https://cdn.widde.io/assets/main.utzwjalemu.js:0
[  200785ms] [LOG] %c Tryon Widde.io %c %s %c border: 1px solid #2567f8; background: #2567f8; color: #fff; font-weight: bold; padding: 4px 8px; border-radius: 3px 0 0 3px; border: 1px solid #2567f8; background: #FFF; color: #2567f8; font-weight: bold; padding: 4px 8px; border-radius: 0 3px 3px 0; 47bf7c2 background: transparent @ https://cdn-tryon.widde.io/widde-tryon.js:86
[  200797ms] [LOG] [tryon-tracker] initialized {domain: www.lolacosmetics.com.br} @ https://cdn-tryon.widde.io/widde-tryon.js:8
[  207023ms] [WARNING] Error with Feature-Policy header: Some features are specified in both Feature-Policy and Permissions-Policy header: payment, fullscreen, microphone, camera. Values defined in Permissions-Policy header will be used. @ :0
[  207323ms] [ERROR] Failed to load resource: the server responded with a status of 500 () @ https://fonts.cdnfonts.com/css/leelawade:0
[  207724ms] [ERROR] Failed to load resource: the server responded with a status of 404 () @ https://lolacosmetics.admin.linxcommerce.com.br/Custom/Content/Themes/Lola/Styles/Fonts/FontAwesome/all.css:0
[  207778ms] [LOG] Banner não encontrado: banner-232 @ https://d1hjvew1n9ss7u.cloudfront.net/asset.axd?id=PAEAAB-LCAAAAAAAAAOtj0EPwUAQhf-KzLnsKqu64iBu4oSbOKzt0G2qKztTkQi_3abi6Ob43vfem8wDLIMGxjuLytwM2eCuPOvZ0gRCnrd86k8hgSaGNr5llFE40CdTEyZQXKP_EtuuRREhaA5tJLcIJqM8VSqfZlIO1VilWRYT9puwhStAjyZqIKM4fm1HoPeP333qLi5bYn8RS98wNix2JV6QxNrXRizOwRRGrLbi88ygIngm_1k8YzCOusXD8w1y8dfTPAEAAA%3d%3d:754
[  207779ms] [LOG] [Debug Carrinho] Polling ativo @ https://d1hjvew1n9ss7u.cloudfront.net/asset.axd?id=PAEAAB-LCAAAAAAAAAOtj0EPwUAQhf-KzLnsKqu64iBu4oSbOKzt0G2qKztTkQi_3abi6Ob43vfem8wDLIMGxjuLytwM2eCuPOvZ0gRCnrd86k8hgSaGNr5llFE40CdTEyZQXKP_EtuuRREhaA5tJLcIJqM8VSqfZlIO1VilWRYT9puwhStAjyZqIKM4fm1HoPeP333qLi5bYn8RS98wNix2JV6QxNrXRizOwRRGrLbi88ygIngm_1k8YzCOusXD8w1y8dfTPAEAAA%3d%3d:1790
[  207816ms] [LOG] categoria @ https://d1hjvew1n9ss7u.cloudfront.net/asset.axd?id=PAEAAB-LCAAAAAAAAAOtj0EPwUAQhf-KzLnsKqu64iBu4oSbOKzt0G2qKztTkQi_3abi6Ob43vfem8wDLIMGxjuLytwM2eCuPOvZ0gRCnrd86k8hgSaGNr5llFE40CdTEyZQXKP_EtuuRREhaA5tJLcIJqM8VSqfZlIO1VilWRYT9puwhStAjyZqIKM4fm1HoPeP333qLi5bYn8RS98wNix2JV6QxNrXRizOwRRGrLbi88ygIngm_1k8YzCOusXD8w1y8dfTPAEAAA%3d%3d:1
[  207817ms] [WARNING] !! Há erros de scripts de terceiros !!
Por favor, contate a Empresa responsável pelo script.  @ https://d1hjvew1n9ss7u.cloudfront.net/assets/shjs.js?t=639255987001545277:0
[  207819ms] Uncaught Error: You must pass a string or Handlebars AST to Handlebars.compile. You passed null
    at e.compile (https://d1hjvew1n9ss7u.cloudfront.net/asset.axd?id=PAEAAB-LCAAAAAAAAAOtj0EPwUAQhf-KzLnsKqu64iBu4oSbOKzt0G2qKztTkQi_3abi6Ob43vfem8wDLIMGxjuLytwM2eCuPOvZ0gRCnrd86k8hgSaGNr5llFE40CdTEyZQXKP_EtuuRREhaA5tJLcIJqM8VSqfZlIO1VilWRYT9puwhStAjyZqIKM4fm1HoPeP333qLi5bYn8RS98wNix2JV6QxNrXRizOwRRGrLbi88ygIngm_1k8YzCOusXD8w1y8dfTPAEAAA%3d%3d:1794:49302)
    at i.compile (https://d1hjvew1n9ss7u.cloudfront.net/asset.axd?id=PAEAAB-LCAAAAAAAAAOtj0EPwUAQhf-KzLnsKqu64iBu4oSbOKzt0G2qKztTkQi_3abi6Ob43vfem8wDLIMGxjuLytwM2eCuPOvZ0gRCnrd86k8hgSaGNr5llFE40CdTEyZQXKP_EtuuRREhaA5tJLcIJqM8VSqfZlIO1VilWRYT9puwhStAjyZqIKM4fm1HoPeP333qLi5bYn8RS98wNix2JV6QxNrXRizOwRRGrLbi88ygIngm_1k8YzCOusXD8w1y8dfTPAEAAA%3d%3d:1794:343)
    at renderBasket (https://d1hjvew1n9ss7u.cloudfront.net/asset.axd?id=PAEAAB-LCAAAAAAAAAOtj0EPwUAQhf-KzLnsKqu64iBu4oSbOKzt0G2qKztTkQi_3abi6Ob43vfem8wDLIMGxjuLytwM2eCuPOvZ0gRCnrd86k8hgSaGNr5llFE40CdTEyZQXKP_EtuuRREhaA5tJLcIJqM8VSqfZlIO1VilWRYT9puwhStAjyZqIKM4fm1HoPeP333qLi5bYn8RS98wNix2JV6QxNrXRizOwRRGrLbi88ygIngm_1k8YzCOusXD8w1y8dfTPAEAAA%3d%3d:29:27)
    at <anonymous> (https://d1hjvew1n9ss7u.cloudfront.net/asset.axd?id=PAEAAB-LCAAAAAAAAAOtj0EPwUAQhf-KzLnsKqu64iBu4oSbOKzt0G2qKztTkQi_3abi6Ob43vfem8wDLIMGxjuLytwM2eCuPOvZ0gRCnrd86k8hgSaGNr5llFE40CdTEyZQXKP_EtuuRREhaA5tJLcIJqM8VSqfZlIO1VilWRYT9puwhStAjyZqIKM4fm1HoPeP333qLi5bYn8RS98wNix2JV6QxNrXRizOwRRGrLbi88ygIngm_1k8YzCOusXD8w1y8dfTPAEAAA%3d%3d:220:1)
    at f (https://d1hjvew1n9ss7u.cloudfront.net/assets/shjs.js?t=639255987001545277:0:10382)
    at fireWith (https://d1hjvew1n9ss7u.cloudfront.net/assets/shjs.js?t=639255987001545277:0:11137)
    at ready (https://d1hjvew1n9ss7u.cloudfront.net/assets/shjs.js?t=639255987001545277:0:5238)
    at r (https://d1hjvew1n9ss7u.cloudfront.net/assets/shjs.js?t=639255987001545277:0:9748)
[  207820ms] [VERBOSE] [DOM] Input elements should have autocomplete attributes (suggested: "current-password"): (More info: https://goo.gl/9p2vKq) %o @ https://www.lolacosmetics.com.br/colecoes/babados-da-lola/necessaire:0
[  207820ms] [VERBOSE] [DOM] Input elements should have autocomplete attributes (suggested: "current-password"): (More info: https://goo.gl/9p2vKq) %o @ https://www.lolacosmetics.com.br/colecoes/babados-da-lola/necessaire:0
[  207857ms] [ERROR] Failed to load resource: net::ERR_NAME_NOT_RESOLVED @ https://event.getblue.io/js/blue-tag.min.js:0
[  208013ms] [LOG] AffiseStorage availability: {cookie: true, localStorage: true, sessionStorage: true} @ https://rankmediabrasil.g2afse.com/websdk.js:0
[  208014ms] [LOG] Status RNK Media - ClickId: null UTM: null @ :3
[  208061ms] [WARNING] [Meta Pixel] - Invalid parameter format for currency. Please refer https://developers.facebook.com/docs/meta-pixel/reference/ for valid parameter specifications. @ https://connect.facebook.net/en_US/fbevents.js:203
[  208427ms] [INFO] É necessário definir o storeID no Plugin TrustVox @ https://d1hjvew1n9ss7u.cloudfront.net/asset.axd?id=CQsAAB-LCAAAAAAAAAO9lsFunDAQhl-l4rw122zJJlv1lEfooYeqh8HMgrNgW54xGxSlz16HaBVgoZWK1SP-f_v7MTPYz4nk5JAwPnH6CC2QdMrylw-yAkfIXz0fP94lm0QH03dVlMjb8KSSwxFqwk1S2CD8Sr_10yhImBzY-aC0Qbjd3d9k2f3dfrv9lH3Obvb74JAXhyxUkRx2t5nYhof8MqwoOfx4Xp5PPfHBE5smfTCaUXP6lo1S1VgfgokGGS6p0nMhhuPikZKXzb8SSmPKGgVoqDtWkoaUqbaORB0xNsKhBMvhg4h2N4TNyOt41pmjCvFrUyo9JI2EiAxhwHO1TOrlOLwz1tI0KKgy1qKbY04s67i5M2dSuhQSGEvjuga1H1JnDavftfCSBSE4Od3WgbKOIiuUJ-NZ5EAnDGv6pgHXVQjFeF__aFyXIawTVnzdvRy0HmOn2jrSEWSIzp0NNYkt1qN2vxJjsEpnvL2m9MORarJ0Kvw-jOPxzs3pcSqyVjr0l6KqVsRzhTkyRGQ2WCigReKbHJ0nWnAKWBn9V_S7M2KKcI4St-ZJOHhthMUME1-cBNYpiXPIXojDyH2Xe2YzPaXG4n9gGY2yVvIUTDF7c9om12pE2jJoFaOAcNPyBGW4D0mJlkGP62LWEOtc0HimGpmXzoZ3vSf-fPkNwB1u7QkLAAA%3d:49
[  208436ms] Uncaught TypeError: Cannot read properties of undefined (reading 'replace')
    at validaFreteGratis (https://d1hjvew1n9ss7u.cloudfront.net/asset.axd?id=PAEAAB-LCAAAAAAAAAOtj0EPwUAQhf-KzLnsKqu64iBu4oSbOKzt0G2qKztTkQi_3abi6Ob43vfem8wDLIMGxjuLytwM2eCuPOvZ0gRCnrd86k8hgSaGNr5llFE40CdTEyZQXKP_EtuuRREhaA5tJLcIJqM8VSqfZlIO1VilWRYT9puwhStAjyZqIKM4fm1HoPeP333qLi5bYn8RS98wNix2JV6QxNrXRizOwRRGrLbi88ygIngm_1k8YzCOusXD8w1y8dfTPAEAAA%3d%3d:1:7633)
    at <anonymous> (https://d1hjvew1n9ss7u.cloudfront.net/asset.axd?id=PAEAAB-LCAAAAAAAAAOtj0EPwUAQhf-KzLnsKqu64iBu4oSbOKzt0G2qKztTkQi_3abi6Ob43vfem8wDLIMGxjuLytwM2eCuPOvZ0gRCnrd86k8hgSaGNr5llFE40CdTEyZQXKP_EtuuRREhaA5tJLcIJqM8VSqfZlIO1VilWRYT9puwhStAjyZqIKM4fm1HoPeP333qLi5bYn8RS98wNix2JV6QxNrXRizOwRRGrLbi88ygIngm_1k8YzCOusXD8w1y8dfTPAEAAA%3d%3d:1:49808)
    at dispatch (https://d1hjvew1n9ss7u.cloudfront.net/assets/shjs.js?t=639255987001545277:0:32701)
    at a (https://d1hjvew1n9ss7u.cloudfront.net/assets/shjs.js?t=639255987001545277:0:28480)
[  208433ms] [LOG] Banner não encontrado: banner-232 @ https://d1hjvew1n9ss7u.cloudfront.net/asset.axd?id=PAEAAB-LCAAAAAAAAAOtj0EPwUAQhf-KzLnsKqu64iBu4oSbOKzt0G2qKztTkQi_3abi6Ob43vfem8wDLIMGxjuLytwM2eCuPOvZ0gRCnrd86k8hgSaGNr5llFE40CdTEyZQXKP_EtuuRREhaA5tJLcIJqM8VSqfZlIO1VilWRYT9puwhStAjyZqIKM4fm1HoPeP333qLi5bYn8RS98wNix2JV6QxNrXRizOwRRGrLbi88ygIngm_1k8YzCOusXD8w1y8dfTPAEAAA%3d%3d:754
[  208461ms] [LOG] %c Widde Video Commerce %c v24604ee %c Build: 21/09/2026 20:39 %c border: 1px solid #2567f8; background: #2567f8; color: #fff; font-weight: bold; padding: 4px 8px; border-radius: 3px 0 0 0; border: 1px solid #2567f8; border-left: none; background: #FFF; color: #2567f8; font-weight: bold; padding: 4px 8px; border: 1px solid #2567f8; border-left: none; background: #f0f0f0; color: #333; font-weight: bold; padding: 4px 8px; border-radius: 0 3px 3px 0; background: transparent @ https://cdn.widde.io/assets/main.utzwjalemu.js:0
[  208489ms] [LOG] %c Tryon Widde.io %c %s %c border: 1px solid #2567f8; background: #2567f8; color: #fff; font-weight: bold; padding: 4px 8px; border-radius: 3px 0 0 3px; border: 1px solid #2567f8; background: #FFF; color: #2567f8; font-weight: bold; padding: 4px 8px; border-radius: 0 3px 3px 0; 47bf7c2 background: transparent @ https://cdn-tryon.widde.io/widde-tryon.js:86
[  208502ms] [LOG] [tryon-tracker] initialized {domain: www.lolacosmetics.com.br} @ https://cdn-tryon.widde.io/widde-tryon.js:8
[  214746ms] [WARNING] Error with Feature-Policy header: Some features are specified in both Feature-Policy and Permissions-Policy header: payment, fullscreen, microphone, camera. Values defined in Permissions-Policy header will be used. @ :0
[  215037ms] [ERROR] Failed to load resource: the server responded with a status of 500 () @ https://fonts.cdnfonts.com/css/leelawade:0
[  215286ms] [ERROR] Failed to load resource: the server responded with a status of 404 () @ https://lolacosmetics.admin.linxcommerce.com.br/Custom/Content/Themes/Lola/Styles/Fonts/FontAwesome/all.css:0
[  215324ms] [LOG] Banner não encontrado: banner-232 @ https://d1hjvew1n9ss7u.cloudfront.net/asset.axd?id=PAEAAB-LCAAAAAAAAAOtj0EPwUAQhf-KzLnsKqu64iBu4oSbOKzt0G2qKztTkQi_3abi6Ob43vfem8wDLIMGxjuLytwM2eCuPOvZ0gRCnrd86k8hgSaGNr5llFE40CdTEyZQXKP_EtuuRREhaA5tJLcIJqM8VSqfZlIO1VilWRYT9puwhStAjyZqIKM4fm1HoPeP333qLi5bYn8RS98wNix2JV6QxNrXRizOwRRGrLbi88ygIngm_1k8YzCOusXD8w1y8dfTPAEAAA%3d%3d:754
[  215325ms] [LOG] [Debug Carrinho] Polling ativo @ https://d1hjvew1n9ss7u.cloudfront.net/asset.axd?id=PAEAAB-LCAAAAAAAAAOtj0EPwUAQhf-KzLnsKqu64iBu4oSbOKzt0G2qKztTkQi_3abi6Ob43vfem8wDLIMGxjuLytwM2eCuPOvZ0gRCnrd86k8hgSaGNr5llFE40CdTEyZQXKP_EtuuRREhaA5tJLcIJqM8VSqfZlIO1VilWRYT9puwhStAjyZqIKM4fm1HoPeP333qLi5bYn8RS98wNix2JV6QxNrXRizOwRRGrLbi88ygIngm_1k8YzCOusXD8w1y8dfTPAEAAA%3d%3d:1790
[  215353ms] [LOG] categoria @ https://d1hjvew1n9ss7u.cloudfront.net/asset.axd?id=PAEAAB-LCAAAAAAAAAOtj0EPwUAQhf-KzLnsKqu64iBu4oSbOKzt0G2qKztTkQi_3abi6Ob43vfem8wDLIMGxjuLytwM2eCuPOvZ0gRCnrd86k8hgSaGNr5llFE40CdTEyZQXKP_EtuuRREhaA5tJLcIJqM8VSqfZlIO1VilWRYT9puwhStAjyZqIKM4fm1HoPeP333qLi5bYn8RS98wNix2JV6QxNrXRizOwRRGrLbi88ygIngm_1k8YzCOusXD8w1y8dfTPAEAAA%3d%3d:1
[  215353ms] [WARNING] !! Há erros de scripts de terceiros !!
Por favor, contate a Empresa responsável pelo script.  @ https://d1hjvew1n9ss7u.cloudfront.net/assets/shjs.js?t=639255987001545277:0
[  215354ms] Uncaught Error: You must pass a string or Handlebars AST to Handlebars.compile. You passed null
    at e.compile (https://d1hjvew1n9ss7u.cloudfront.net/asset.axd?id=PAEAAB-LCAAAAAAAAAOtj0EPwUAQhf-KzLnsKqu64iBu4oSbOKzt0G2qKztTkQi_3abi6Ob43vfem8wDLIMGxjuLytwM2eCuPOvZ0gRCnrd86k8hgSaGNr5llFE40CdTEyZQXKP_EtuuRREhaA5tJLcIJqM8VSqfZlIO1VilWRYT9puwhStAjyZqIKM4fm1HoPeP333qLi5bYn8RS98wNix2JV6QxNrXRizOwRRGrLbi88ygIngm_1k8YzCOusXD8w1y8dfTPAEAAA%3d%3d:1794:49302)
    at i.compile (https://d1hjvew1n9ss7u.cloudfront.net/asset.axd?id=PAEAAB-LCAAAAAAAAAOtj0EPwUAQhf-KzLnsKqu64iBu4oSbOKzt0G2qKztTkQi_3abi6Ob43vfem8wDLIMGxjuLytwM2eCuPOvZ0gRCnrd86k8hgSaGNr5llFE40CdTEyZQXKP_EtuuRREhaA5tJLcIJqM8VSqfZlIO1VilWRYT9puwhStAjyZqIKM4fm1HoPeP333qLi5bYn8RS98wNix2JV6QxNrXRizOwRRGrLbi88ygIngm_1k8YzCOusXD8w1y8dfTPAEAAA%3d%3d:1794:343)
    at renderBasket (https://d1hjvew1n9ss7u.cloudfront.net/asset.axd?id=PAEAAB-LCAAAAAAAAAOtj0EPwUAQhf-KzLnsKqu64iBu4oSbOKzt0G2qKztTkQi_3abi6Ob43vfem8wDLIMGxjuLytwM2eCuPOvZ0gRCnrd86k8hgSaGNr5llFE40CdTEyZQXKP_EtuuRREhaA5tJLcIJqM8VSqfZlIO1VilWRYT9puwhStAjyZqIKM4fm1HoPeP333qLi5bYn8RS98wNix2JV6QxNrXRizOwRRGrLbi88ygIngm_1k8YzCOusXD8w1y8dfTPAEAAA%3d%3d:29:27)
    at <anonymous> (https://d1hjvew1n9ss7u.cloudfront.net/asset.axd?id=PAEAAB-LCAAAAAAAAAOtj0EPwUAQhf-KzLnsKqu64iBu4oSbOKzt0G2qKztTkQi_3abi6Ob43vfem8wDLIMGxjuLytwM2eCuPOvZ0gRCnrd86k8hgSaGNr5llFE40CdTEyZQXKP_EtuuRREhaA5tJLcIJqM8VSqfZlIO1VilWRYT9puwhStAjyZqIKM4fm1HoPeP333qLi5bYn8RS98wNix2JV6QxNrXRizOwRRGrLbi88ygIngm_1k8YzCOusXD8w1y8dfTPAEAAA%3d%3d:220:1)
    at f (https://d1hjvew1n9ss7u.cloudfront.net/assets/shjs.js?t=639255987001545277:0:10382)
    at fireWith (https://d1hjvew1n9ss7u.cloudfront.net/assets/shjs.js?t=639255987001545277:0:11137)
    at ready (https://d1hjvew1n9ss7u.cloudfront.net/assets/shjs.js?t=639255987001545277:0:5238)
    at r (https://d1hjvew1n9ss7u.cloudfront.net/assets/shjs.js?t=639255987001545277:0:9748)
[  215356ms] [VERBOSE] [DOM] Input elements should have autocomplete attributes (suggested: "current-password"): (More info: https://goo.gl/9p2vKq) %o @ https://www.lolacosmetics.com.br/colecoes/babados-da-lola/sacola-de-rafia:0
[  215356ms] [VERBOSE] [DOM] Input elements should have autocomplete attributes (suggested: "current-password"): (More info: https://goo.gl/9p2vKq) %o @ https://www.lolacosmetics.com.br/colecoes/babados-da-lola/sacola-de-rafia:0
[  215471ms] [ERROR] Failed to load resource: net::ERR_NAME_NOT_RESOLVED @ https://event.getblue.io/js/blue-tag.min.js:0
[  215550ms] [LOG] AffiseStorage availability: {cookie: true, localStorage: true, sessionStorage: true} @ https://rankmediabrasil.g2afse.com/websdk.js:0
[  215550ms] [LOG] Status RNK Media - ClickId: null UTM: null @ :3
[  215578ms] [WARNING] [Meta Pixel] - Invalid parameter format for currency. Please refer https://developers.facebook.com/docs/meta-pixel/reference/ for valid parameter specifications. @ https://connect.facebook.net/en_US/fbevents.js:203
[  215841ms] [INFO] É necessário definir o storeID no Plugin TrustVox @ https://d1hjvew1n9ss7u.cloudfront.net/asset.axd?id=CQsAAB-LCAAAAAAAAAO9lsFunDAQhl-l4rw122zJJlv1lEfooYeqh8HMgrNgW54xGxSlz16HaBVgoZWK1SP-f_v7MTPYz4nk5JAwPnH6CC2QdMrylw-yAkfIXz0fP94lm0QH03dVlMjb8KSSwxFqwk1S2CD8Sr_10yhImBzY-aC0Qbjd3d9k2f3dfrv9lH3Obvb74JAXhyxUkRx2t5nYhof8MqwoOfx4Xp5PPfHBE5smfTCaUXP6lo1S1VgfgokGGS6p0nMhhuPikZKXzb8SSmPKGgVoqDtWkoaUqbaORB0xNsKhBMvhg4h2N4TNyOt41pmjCvFrUyo9JI2EiAxhwHO1TOrlOLwz1tI0KKgy1qKbY04s67i5M2dSuhQSGEvjuga1H1JnDavftfCSBSE4Od3WgbKOIiuUJ-NZ5EAnDGv6pgHXVQjFeF__aFyXIawTVnzdvRy0HmOn2jrSEWSIzp0NNYkt1qN2vxJjsEpnvL2m9MORarJ0Kvw-jOPxzs3pcSqyVjr0l6KqVsRzhTkyRGQ2WCigReKbHJ0nWnAKWBn9V_S7M2KKcI4St-ZJOHhthMUME1-cBNYpiXPIXojDyH2Xe2YzPaXG4n9gGY2yVvIUTDF7c9om12pE2jJoFaOAcNPyBGW4D0mJlkGP62LWEOtc0HimGpmXzoZ3vSf-fPkNwB1u7QkLAAA%3d:49
[  215849ms] Uncaught TypeError: Cannot read properties of undefined (reading 'replace')
    at validaFreteGratis (https://d1hjvew1n9ss7u.cloudfront.net/asset.axd?id=PAEAAB-LCAAAAAAAAAOtj0EPwUAQhf-KzLnsKqu64iBu4oSbOKzt0G2qKztTkQi_3abi6Ob43vfem8wDLIMGxjuLytwM2eCuPOvZ0gRCnrd86k8hgSaGNr5llFE40CdTEyZQXKP_EtuuRREhaA5tJLcIJqM8VSqfZlIO1VilWRYT9puwhStAjyZqIKM4fm1HoPeP333qLi5bYn8RS98wNix2JV6QxNrXRizOwRRGrLbi88ygIngm_1k8YzCOusXD8w1y8dfTPAEAAA%3d%3d:1:7633)
    at <anonymous> (https://d1hjvew1n9ss7u.cloudfront.net/asset.axd?id=PAEAAB-LCAAAAAAAAAOtj0EPwUAQhf-KzLnsKqu64iBu4oSbOKzt0G2qKztTkQi_3abi6Ob43vfem8wDLIMGxjuLytwM2eCuPOvZ0gRCnrd86k8hgSaGNr5llFE40CdTEyZQXKP_EtuuRREhaA5tJLcIJqM8VSqfZlIO1VilWRYT9puwhStAjyZqIKM4fm1HoPeP333qLi5bYn8RS98wNix2JV6QxNrXRizOwRRGrLbi88ygIngm_1k8YzCOusXD8w1y8dfTPAEAAA%3d%3d:1:49808)
    at dispatch (https://d1hjvew1n9ss7u.cloudfront.net/assets/shjs.js?t=639255987001545277:0:32701)
    at a (https://d1hjvew1n9ss7u.cloudfront.net/assets/shjs.js?t=639255987001545277:0:28480)
[  215846ms] [LOG] Banner não encontrado: banner-232 @ https://d1hjvew1n9ss7u.cloudfront.net/asset.axd?id=PAEAAB-LCAAAAAAAAAOtj0EPwUAQhf-KzLnsKqu64iBu4oSbOKzt0G2qKztTkQi_3abi6Ob43vfem8wDLIMGxjuLytwM2eCuPOvZ0gRCnrd86k8hgSaGNr5llFE40CdTEyZQXKP_EtuuRREhaA5tJLcIJqM8VSqfZlIO1VilWRYT9puwhStAjyZqIKM4fm1HoPeP333qLi5bYn8RS98wNix2JV6QxNrXRizOwRRGrLbi88ygIngm_1k8YzCOusXD8w1y8dfTPAEAAA%3d%3d:754
[  215862ms] [LOG] %c Widde Video Commerce %c v24604ee %c Build: 21/09/2026 20:39 %c border: 1px solid #2567f8; background: #2567f8; color: #fff; font-weight: bold; padding: 4px 8px; border-radius: 3px 0 0 0; border: 1px solid #2567f8; border-left: none; background: #FFF; color: #2567f8; font-weight: bold; padding: 4px 8px; border: 1px solid #2567f8; border-left: none; background: #f0f0f0; color: #333; font-weight: bold; padding: 4px 8px; border-radius: 0 3px 3px 0; background: transparent @ https://cdn.widde.io/assets/main.utzwjalemu.js:0
[  215956ms] [LOG] %c Tryon Widde.io %c %s %c border: 1px solid #2567f8; background: #2567f8; color: #fff; font-weight: bold; padding: 4px 8px; border-radius: 3px 0 0 3px; border: 1px solid #2567f8; background: #FFF; color: #2567f8; font-weight: bold; padding: 4px 8px; border-radius: 0 3px 3px 0; 47bf7c2 background: transparent @ https://cdn-tryon.widde.io/widde-tryon.js:86
[  215969ms] [LOG] [tryon-tracker] initialized {domain: www.lolacosmetics.com.br} @ https://cdn-tryon.widde.io/widde-tryon.js:8
[  222132ms] [WARNING] Error with Feature-Policy header: Some features are specified in both Feature-Policy and Permissions-Policy header: payment, fullscreen, microphone, camera. Values defined in Permissions-Policy header will be used. @ :0
[  222422ms] [ERROR] Failed to load resource: the server responded with a status of 500 () @ https://fonts.cdnfonts.com/css/leelawade:0
[  222683ms] [ERROR] Failed to load resource: the server responded with a status of 404 () @ https://lolacosmetics.admin.linxcommerce.com.br/Custom/Content/Themes/Lola/Styles/Fonts/FontAwesome/all.css:0
[  222757ms] [LOG] Banner não encontrado: banner-232 @ https://d1hjvew1n9ss7u.cloudfront.net/asset.axd?id=PAEAAB-LCAAAAAAAAAOtj0EPwUAQhf-KzLnsKqu64iBu4oSbOKzt0G2qKztTkQi_3abi6Ob43vfem8wDLIMGxjuLytwM2eCuPOvZ0gRCnrd86k8hgSaGNr5llFE40CdTEyZQXKP_EtuuRREhaA5tJLcIJqM8VSqfZlIO1VilWRYT9puwhStAjyZqIKM4fm1HoPeP333qLi5bYn8RS98wNix2JV6QxNrXRizOwRRGrLbi88ygIngm_1k8YzCOusXD8w1y8dfTPAEAAA%3d%3d:754
[  222760ms] [LOG] [Debug Carrinho] Polling ativo @ https://d1hjvew1n9ss7u.cloudfront.net/asset.axd?id=PAEAAB-LCAAAAAAAAAOtj0EPwUAQhf-KzLnsKqu64iBu4oSbOKzt0G2qKztTkQi_3abi6Ob43vfem8wDLIMGxjuLytwM2eCuPOvZ0gRCnrd86k8hgSaGNr5llFE40CdTEyZQXKP_EtuuRREhaA5tJLcIJqM8VSqfZlIO1VilWRYT9puwhStAjyZqIKM4fm1HoPeP333qLi5bYn8RS98wNix2JV6QxNrXRizOwRRGrLbi88ygIngm_1k8YzCOusXD8w1y8dfTPAEAAA%3d%3d:1790
[  222804ms] [LOG] categoria @ https://d1hjvew1n9ss7u.cloudfront.net/asset.axd?id=PAEAAB-LCAAAAAAAAAOtj0EPwUAQhf-KzLnsKqu64iBu4oSbOKzt0G2qKztTkQi_3abi6Ob43vfem8wDLIMGxjuLytwM2eCuPOvZ0gRCnrd86k8hgSaGNr5llFE40CdTEyZQXKP_EtuuRREhaA5tJLcIJqM8VSqfZlIO1VilWRYT9puwhStAjyZqIKM4fm1HoPeP333qLi5bYn8RS98wNix2JV6QxNrXRizOwRRGrLbi88ygIngm_1k8YzCOusXD8w1y8dfTPAEAAA%3d%3d:1
[  222804ms] [WARNING] !! Há erros de scripts de terceiros !!
Por favor, contate a Empresa responsável pelo script.  @ https://d1hjvew1n9ss7u.cloudfront.net/assets/shjs.js?t=639255987001545277:0
[  222809ms] Uncaught Error: You must pass a string or Handlebars AST to Handlebars.compile. You passed null
    at e.compile (https://d1hjvew1n9ss7u.cloudfront.net/asset.axd?id=PAEAAB-LCAAAAAAAAAOtj0EPwUAQhf-KzLnsKqu64iBu4oSbOKzt0G2qKztTkQi_3abi6Ob43vfem8wDLIMGxjuLytwM2eCuPOvZ0gRCnrd86k8hgSaGNr5llFE40CdTEyZQXKP_EtuuRREhaA5tJLcIJqM8VSqfZlIO1VilWRYT9puwhStAjyZqIKM4fm1HoPeP333qLi5bYn8RS98wNix2JV6QxNrXRizOwRRGrLbi88ygIngm_1k8YzCOusXD8w1y8dfTPAEAAA%3d%3d:1794:49302)
    at i.compile (https://d1hjvew1n9ss7u.cloudfront.net/asset.axd?id=PAEAAB-LCAAAAAAAAAOtj0EPwUAQhf-KzLnsKqu64iBu4oSbOKzt0G2qKztTkQi_3abi6Ob43vfem8wDLIMGxjuLytwM2eCuPOvZ0gRCnrd86k8hgSaGNr5llFE40CdTEyZQXKP_EtuuRREhaA5tJLcIJqM8VSqfZlIO1VilWRYT9puwhStAjyZqIKM4fm1HoPeP333qLi5bYn8RS98wNix2JV6QxNrXRizOwRRGrLbi88ygIngm_1k8YzCOusXD8w1y8dfTPAEAAA%3d%3d:1794:343)
    at renderBasket (https://d1hjvew1n9ss7u.cloudfront.net/asset.axd?id=PAEAAB-LCAAAAAAAAAOtj0EPwUAQhf-KzLnsKqu64iBu4oSbOKzt0G2qKztTkQi_3abi6Ob43vfem8wDLIMGxjuLytwM2eCuPOvZ0gRCnrd86k8hgSaGNr5llFE40CdTEyZQXKP_EtuuRREhaA5tJLcIJqM8VSqfZlIO1VilWRYT9puwhStAjyZqIKM4fm1HoPeP333qLi5bYn8RS98wNix2JV6QxNrXRizOwRRGrLbi88ygIngm_1k8YzCOusXD8w1y8dfTPAEAAA%3d%3d:29:27)
    at <anonymous> (https://d1hjvew1n9ss7u.cloudfront.net/asset.axd?id=PAEAAB-LCAAAAAAAAAOtj0EPwUAQhf-KzLnsKqu64iBu4oSbOKzt0G2qKztTkQi_3abi6Ob43vfem8wDLIMGxjuLytwM2eCuPOvZ0gRCnrd86k8hgSaGNr5llFE40CdTEyZQXKP_EtuuRREhaA5tJLcIJqM8VSqfZlIO1VilWRYT9puwhStAjyZqIKM4fm1HoPeP333qLi5bYn8RS98wNix2JV6QxNrXRizOwRRGrLbi88ygIngm_1k8YzCOusXD8w1y8dfTPAEAAA%3d%3d:220:1)
    at f (https://d1hjvew1n9ss7u.cloudfront.net/assets/shjs.js?t=639255987001545277:0:10382)
    at fireWith (https://d1hjvew1n9ss7u.cloudfront.net/assets/shjs.js?t=639255987001545277:0:11137)
    at ready (https://d1hjvew1n9ss7u.cloudfront.net/assets/shjs.js?t=639255987001545277:0:5238)
    at r (https://d1hjvew1n9ss7u.cloudfront.net/assets/shjs.js?t=639255987001545277:0:9748)
[  222808ms] [VERBOSE] [DOM] Input elements should have autocomplete attributes (suggested: "current-password"): (More info: https://goo.gl/9p2vKq) %o @ https://www.lolacosmetics.com.br/colecoes/babados-do-brasil:0
[  222808ms] [VERBOSE] [DOM] Input elements should have autocomplete attributes (suggested: "current-password"): (More info: https://goo.gl/9p2vKq) %o @ https://www.lolacosmetics.com.br/colecoes/babados-do-brasil:0
[  222839ms] [ERROR] Failed to load resource: net::ERR_NAME_NOT_RESOLVED @ https://event.getblue.io/js/blue-tag.min.js:0
[  223006ms] [LOG] AffiseStorage availability: {cookie: true, localStorage: true, sessionStorage: true} @ https://rankmediabrasil.g2afse.com/websdk.js:0
[  223008ms] [LOG] Status RNK Media - ClickId: null UTM: null @ :3
[  223215ms] [WARNING] [Meta Pixel] - Invalid parameter format for currency. Please refer https://developers.facebook.com/docs/meta-pixel/reference/ for valid parameter specifications. @ https://connect.facebook.net/en_US/fbevents.js:203
[  223586ms] [INFO] É necessário definir o storeID no Plugin TrustVox @ https://d1hjvew1n9ss7u.cloudfront.net/asset.axd?id=_woAAB-LCAAAAAAAAAO9lsFunDAQhl-l4rw122w3m1D1lEfooYeqh8HMgrNgW_aYDYrSZ--EaFVgIZWK1aP9__b3Y3uwnxNJSZYQPlH6CC146ZSlLx9kBc4jfQ10_HiXbBLNpu-qKJG23FJJdoTa4yYpLAu_0m_9MM8SJhm5wErLwu3u_ma_v787bLef9p_3N4cDO-TFIQtVJNnudi-23Mgv3con2Y_n5fG-Jz4ET6ZJH4wm1JS-ZfOpamzgYKJBgkuq9FyIYb949MnL5l8JpTFljQI01B0p6YeUqbaO5DtP2AiHEizxhoh2N4TNyOt41pmj4vi1KZUekkZCRIYwEKhaJvVyHN4Za2kaFL4y1qKbY04s67i5M2evdCkkEJbGdQ3qMKTOGlZ_axEkCY_g5HRZB8o6iqxQnkwgkYM_Ic8ZmgZcVyEU43V917guA8_DM76uXg5aj7FTbR3pCJKjU2f5TGKL9ajcr8R4LOVpicRSDE7pTLDXjL470tkvneLflHE03qE5Pc7Jr5XmOla-mq7frCEis8FCgV8kvsnReaIFp4CU0X9F_3FGTMH3tafWPAkHrwW3mGHii5PAOiVxDtkLcRh56PJAZKa34Vj8DyyjUdZKntgUszanZXKtRqQtg1YxCuAXXfBQ8rtLSrQEenwuZg098-fLbwJGClv_CgAA:52
[  223606ms] Uncaught TypeError: Cannot read properties of undefined (reading 'replace')
    at validaFreteGratis (https://d1hjvew1n9ss7u.cloudfront.net/asset.axd?id=PAEAAB-LCAAAAAAAAAOtj0EPwUAQhf-KzLnsKqu64iBu4oSbOKzt0G2qKztTkQi_3abi6Ob43vfem8wDLIMGxjuLytwM2eCuPOvZ0gRCnrd86k8hgSaGNr5llFE40CdTEyZQXKP_EtuuRREhaA5tJLcIJqM8VSqfZlIO1VilWRYT9puwhStAjyZqIKM4fm1HoPeP333qLi5bYn8RS98wNix2JV6QxNrXRizOwRRGrLbi88ygIngm_1k8YzCOusXD8w1y8dfTPAEAAA%3d%3d:1:7633)
    at <anonymous> (https://d1hjvew1n9ss7u.cloudfront.net/asset.axd?id=PAEAAB-LCAAAAAAAAAOtj0EPwUAQhf-KzLnsKqu64iBu4oSbOKzt0G2qKztTkQi_3abi6Ob43vfem8wDLIMGxjuLytwM2eCuPOvZ0gRCnrd86k8hgSaGNr5llFE40CdTEyZQXKP_EtuuRREhaA5tJLcIJqM8VSqfZlIO1VilWRYT9puwhStAjyZqIKM4fm1HoPeP333qLi5bYn8RS98wNix2JV6QxNrXRizOwRRGrLbi88ygIngm_1k8YzCOusXD8w1y8dfTPAEAAA%3d%3d:1:49808)
    at dispatch (https://d1hjvew1n9ss7u.cloudfront.net/assets/shjs.js?t=639255987001545277:0:32701)
    at a (https://d1hjvew1n9ss7u.cloudfront.net/assets/shjs.js?t=639255987001545277:0:28480)
[  223594ms] [LOG] Banner não encontrado: banner-232 @ https://d1hjvew1n9ss7u.cloudfront.net/asset.axd?id=PAEAAB-LCAAAAAAAAAOtj0EPwUAQhf-KzLnsKqu64iBu4oSbOKzt0G2qKztTkQi_3abi6Ob43vfem8wDLIMGxjuLytwM2eCuPOvZ0gRCnrd86k8hgSaGNr5llFE40CdTEyZQXKP_EtuuRREhaA5tJLcIJqM8VSqfZlIO1VilWRYT9puwhStAjyZqIKM4fm1HoPeP333qLi5bYn8RS98wNix2JV6QxNrXRizOwRRGrLbi88ygIngm_1k8YzCOusXD8w1y8dfTPAEAAA%3d%3d:754
[  223624ms] [LOG] %c Widde Video Commerce %c v24604ee %c Build: 21/09/2026 20:39 %c border: 1px solid #2567f8; background: #2567f8; color: #fff; font-weight: bold; padding: 4px 8px; border-radius: 3px 0 0 0; border: 1px solid #2567f8; border-left: none; background: #FFF; color: #2567f8; font-weight: bold; padding: 4px 8px; border: 1px solid #2567f8; border-left: none; background: #f0f0f0; color: #333; font-weight: bold; padding: 4px 8px; border-radius: 0 3px 3px 0; background: transparent @ https://cdn.widde.io/assets/main.utzwjalemu.js:0
[  223631ms] [ERROR] Error decoding JWT: Error: Invalid JWT format
    at u0 (https://cdn.widde.io/assets/shared-utils.58MPgxdv.js:99:89838)
    at e (https://cdn.widde.io/assets/shared-utils.58MPgxdv.js:99:90502)
    at d0.startNativation (https://cdn.widde.io/assets/shared-utils.58MPgxdv.js:99:90616)
    at d0.registerNavigation (https://cdn.widde.io/assets/shared-utils.58MPgxdv.js:99:91609)
    at e (https://cdn.widde.io/assets/main.utzwjalemu.js:1:21655) @ https://cdn.widde.io/assets/shared-utils.58MPgxdv.js:98
[  223716ms] [LOG] %c Tryon Widde.io %c %s %c border: 1px solid #2567f8; background: #2567f8; color: #fff; font-weight: bold; padding: 4px 8px; border-radius: 3px 0 0 3px; border: 1px solid #2567f8; background: #FFF; color: #2567f8; font-weight: bold; padding: 4px 8px; border-radius: 0 3px 3px 0; 47bf7c2 background: transparent @ https://cdn-tryon.widde.io/widde-tryon.js:86
[  223742ms] [LOG] [tryon-tracker] initialized {domain: www.lolacosmetics.com.br} @ https://cdn-tryon.widde.io/widde-tryon.js:8
[  229996ms] [WARNING] Error with Feature-Policy header: Some features are specified in both Feature-Policy and Permissions-Policy header: payment, fullscreen, microphone, camera. Values defined in Permissions-Policy header will be used. @ :0
[  230288ms] [ERROR] Failed to load resource: the server responded with a status of 500 () @ https://fonts.cdnfonts.com/css/leelawade:0
[  230540ms] [ERROR] Failed to load resource: the server responded with a status of 404 () @ https://lolacosmetics.admin.linxcommerce.com.br/Custom/Content/Themes/Lola/Styles/Fonts/FontAwesome/all.css:0
[  230621ms] [LOG] Banner não encontrado: banner-232 @ https://d1hjvew1n9ss7u.cloudfront.net/asset.axd?id=PAEAAB-LCAAAAAAAAAOtj0EPwUAQhf-KzLnsKqu64iBu4oSbOKzt0G2qKztTkQi_3abi6Ob43vfem8wDLIMGxjuLytwM2eCuPOvZ0gRCnrd86k8hgSaGNr5llFE40CdTEyZQXKP_EtuuRREhaA5tJLcIJqM8VSqfZlIO1VilWRYT9puwhStAjyZqIKM4fm1HoPeP333qLi5bYn8RS98wNix2JV6QxNrXRizOwRRGrLbi88ygIngm_1k8YzCOusXD8w1y8dfTPAEAAA%3d%3d:754
[  230623ms] [LOG] [Debug Carrinho] Polling ativo @ https://d1hjvew1n9ss7u.cloudfront.net/asset.axd?id=PAEAAB-LCAAAAAAAAAOtj0EPwUAQhf-KzLnsKqu64iBu4oSbOKzt0G2qKztTkQi_3abi6Ob43vfem8wDLIMGxjuLytwM2eCuPOvZ0gRCnrd86k8hgSaGNr5llFE40CdTEyZQXKP_EtuuRREhaA5tJLcIJqM8VSqfZlIO1VilWRYT9puwhStAjyZqIKM4fm1HoPeP333qLi5bYn8RS98wNix2JV6QxNrXRizOwRRGrLbi88ygIngm_1k8YzCOusXD8w1y8dfTPAEAAA%3d%3d:1790
[  230660ms] [LOG] categoria @ https://d1hjvew1n9ss7u.cloudfront.net/asset.axd?id=PAEAAB-LCAAAAAAAAAOtj0EPwUAQhf-KzLnsKqu64iBu4oSbOKzt0G2qKztTkQi_3abi6Ob43vfem8wDLIMGxjuLytwM2eCuPOvZ0gRCnrd86k8hgSaGNr5llFE40CdTEyZQXKP_EtuuRREhaA5tJLcIJqM8VSqfZlIO1VilWRYT9puwhStAjyZqIKM4fm1HoPeP333qLi5bYn8RS98wNix2JV6QxNrXRizOwRRGrLbi88ygIngm_1k8YzCOusXD8w1y8dfTPAEAAA%3d%3d:1
[  230661ms] [WARNING] !! Há erros de scripts de terceiros !!
Por favor, contate a Empresa responsável pelo script.  @ https://d1hjvew1n9ss7u.cloudfront.net/assets/shjs.js?t=639255987001545277:0
[  230663ms] Uncaught Error: You must pass a string or Handlebars AST to Handlebars.compile. You passed null
    at e.compile (https://d1hjvew1n9ss7u.cloudfront.net/asset.axd?id=PAEAAB-LCAAAAAAAAAOtj0EPwUAQhf-KzLnsKqu64iBu4oSbOKzt0G2qKztTkQi_3abi6Ob43vfem8wDLIMGxjuLytwM2eCuPOvZ0gRCnrd86k8hgSaGNr5llFE40CdTEyZQXKP_EtuuRREhaA5tJLcIJqM8VSqfZlIO1VilWRYT9puwhStAjyZqIKM4fm1HoPeP333qLi5bYn8RS98wNix2JV6QxNrXRizOwRRGrLbi88ygIngm_1k8YzCOusXD8w1y8dfTPAEAAA%3d%3d:1794:49302)
    at i.compile (https://d1hjvew1n9ss7u.cloudfront.net/asset.axd?id=PAEAAB-LCAAAAAAAAAOtj0EPwUAQhf-KzLnsKqu64iBu4oSbOKzt0G2qKztTkQi_3abi6Ob43vfem8wDLIMGxjuLytwM2eCuPOvZ0gRCnrd86k8hgSaGNr5llFE40CdTEyZQXKP_EtuuRREhaA5tJLcIJqM8VSqfZlIO1VilWRYT9puwhStAjyZqIKM4fm1HoPeP333qLi5bYn8RS98wNix2JV6QxNrXRizOwRRGrLbi88ygIngm_1k8YzCOusXD8w1y8dfTPAEAAA%3d%3d:1794:343)
    at renderBasket (https://d1hjvew1n9ss7u.cloudfront.net/asset.axd?id=PAEAAB-LCAAAAAAAAAOtj0EPwUAQhf-KzLnsKqu64iBu4oSbOKzt0G2qKztTkQi_3abi6Ob43vfem8wDLIMGxjuLytwM2eCuPOvZ0gRCnrd86k8hgSaGNr5llFE40CdTEyZQXKP_EtuuRREhaA5tJLcIJqM8VSqfZlIO1VilWRYT9puwhStAjyZqIKM4fm1HoPeP333qLi5bYn8RS98wNix2JV6QxNrXRizOwRRGrLbi88ygIngm_1k8YzCOusXD8w1y8dfTPAEAAA%3d%3d:29:27)
    at <anonymous> (https://d1hjvew1n9ss7u.cloudfront.net/asset.axd?id=PAEAAB-LCAAAAAAAAAOtj0EPwUAQhf-KzLnsKqu64iBu4oSbOKzt0G2qKztTkQi_3abi6Ob43vfem8wDLIMGxjuLytwM2eCuPOvZ0gRCnrd86k8hgSaGNr5llFE40CdTEyZQXKP_EtuuRREhaA5tJLcIJqM8VSqfZlIO1VilWRYT9puwhStAjyZqIKM4fm1HoPeP333qLi5bYn8RS98wNix2JV6QxNrXRizOwRRGrLbi88ygIngm_1k8YzCOusXD8w1y8dfTPAEAAA%3d%3d:220:1)
    at f (https://d1hjvew1n9ss7u.cloudfront.net/assets/shjs.js?t=639255987001545277:0:10382)
    at fireWith (https://d1hjvew1n9ss7u.cloudfront.net/assets/shjs.js?t=639255987001545277:0:11137)
    at ready (https://d1hjvew1n9ss7u.cloudfront.net/assets/shjs.js?t=639255987001545277:0:5238)
    at r (https://d1hjvew1n9ss7u.cloudfront.net/assets/shjs.js?t=639255987001545277:0:9748)
[  230665ms] [VERBOSE] [DOM] Input elements should have autocomplete attributes (suggested: "current-password"): (More info: https://goo.gl/9p2vKq) %o @ https://www.lolacosmetics.com.br/colecoes/banana-tropicana:0
[  230665ms] [VERBOSE] [DOM] Input elements should have autocomplete attributes (suggested: "current-password"): (More info: https://goo.gl/9p2vKq) %o @ https://www.lolacosmetics.com.br/colecoes/banana-tropicana:0
[  230703ms] [ERROR] Failed to load resource: net::ERR_NAME_NOT_RESOLVED @ https://event.getblue.io/js/blue-tag.min.js:0
[  230810ms] [LOG] AffiseStorage availability: {cookie: true, localStorage: true, sessionStorage: true} @ https://rankmediabrasil.g2afse.com/websdk.js:0
[  230811ms] [LOG] Status RNK Media - ClickId: null UTM: null @ :3
[  230923ms] [WARNING] [Meta Pixel] - Invalid parameter format for currency. Please refer https://developers.facebook.com/docs/meta-pixel/reference/ for valid parameter specifications. @ https://connect.facebook.net/en_US/fbevents.js:203
[  231217ms] [INFO] É necessário definir o storeID no Plugin TrustVox @ https://d1hjvew1n9ss7u.cloudfront.net/asset.axd?id=_woAAB-LCAAAAAAAAAO9lsFunDAQhl-l4rw122w3m1D1lEfooYeqh8HMgrNgW_aYDYrSZ--EaFVgIZWK1aP9__b3Y3uwnxNJSZYQPlH6CC146ZSlLx9kBc4jfQ10_HiXbBLNpu-qKJG23FJJdoTa4yYpLAu_0m_9MM8SJhm5wErLwu3u_ma_v787bLef9p_3N4cDO-TFIQtVJNnudi-23Mgv3con2Y_n5fG-Jz4ET6ZJH4wm1JS-ZfOpamzgYKJBgkuq9FyIYb949MnL5l8JpTFljQI01B0p6YeUqbaO5DtP2AiHEizxhoh2N4TNyOt41pmj4vi1KZUekkZCRIYwEKhaJvVyHN4Za2kaFL4y1qKbY04s67i5M2evdCkkEJbGdQ3qMKTOGlZ_axEkCY_g5HRZB8o6iqxQnkwgkYM_Ic8ZmgZcVyEU43V917guA8_DM76uXg5aj7FTbR3pCJKjU2f5TGKL9ajcr8R4LOVpicRSDE7pTLDXjL470tkvneLflHE03qE5Pc7Jr5XmOla-mq7frCEis8FCgV8kvsnReaIFp4CU0X9F_3FGTMH3tafWPAkHrwW3mGHii5PAOiVxDtkLcRh56PJAZKa34Vj8DyyjUdZKntgUszanZXKtRqQtg1YxCuAXXfBQ8rtLSrQEenwuZg098-fLbwJGClv_CgAA:52
[  231237ms] Uncaught TypeError: Cannot read properties of undefined (reading 'replace')
    at validaFreteGratis (https://d1hjvew1n9ss7u.cloudfront.net/asset.axd?id=PAEAAB-LCAAAAAAAAAOtj0EPwUAQhf-KzLnsKqu64iBu4oSbOKzt0G2qKztTkQi_3abi6Ob43vfem8wDLIMGxjuLytwM2eCuPOvZ0gRCnrd86k8hgSaGNr5llFE40CdTEyZQXKP_EtuuRREhaA5tJLcIJqM8VSqfZlIO1VilWRYT9puwhStAjyZqIKM4fm1HoPeP333qLi5bYn8RS98wNix2JV6QxNrXRizOwRRGrLbi88ygIngm_1k8YzCOusXD8w1y8dfTPAEAAA%3d%3d:1:7633)
    at <anonymous> (https://d1hjvew1n9ss7u.cloudfront.net/asset.axd?id=PAEAAB-LCAAAAAAAAAOtj0EPwUAQhf-KzLnsKqu64iBu4oSbOKzt0G2qKztTkQi_3abi6Ob43vfem8wDLIMGxjuLytwM2eCuPOvZ0gRCnrd86k8hgSaGNr5llFE40CdTEyZQXKP_EtuuRREhaA5tJLcIJqM8VSqfZlIO1VilWRYT9puwhStAjyZqIKM4fm1HoPeP333qLi5bYn8RS98wNix2JV6QxNrXRizOwRRGrLbi88ygIngm_1k8YzCOusXD8w1y8dfTPAEAAA%3d%3d:1:49808)
    at dispatch (https://d1hjvew1n9ss7u.cloudfront.net/assets/shjs.js?t=639255987001545277:0:32701)
    at a (https://d1hjvew1n9ss7u.cloudfront.net/assets/shjs.js?t=639255987001545277:0:28480)
[  231227ms] [LOG] Banner não encontrado: banner-232 @ https://d1hjvew1n9ss7u.cloudfront.net/asset.axd?id=PAEAAB-LCAAAAAAAAAOtj0EPwUAQhf-KzLnsKqu64iBu4oSbOKzt0G2qKztTkQi_3abi6Ob43vfem8wDLIMGxjuLytwM2eCuPOvZ0gRCnrd86k8hgSaGNr5llFE40CdTEyZQXKP_EtuuRREhaA5tJLcIJqM8VSqfZlIO1VilWRYT9puwhStAjyZqIKM4fm1HoPeP333qLi5bYn8RS98wNix2JV6QxNrXRizOwRRGrLbi88ygIngm_1k8YzCOusXD8w1y8dfTPAEAAA%3d%3d:754
[  231266ms] [LOG] %c Widde Video Commerce %c v24604ee %c Build: 21/09/2026 20:39 %c border: 1px solid #2567f8; background: #2567f8; color: #fff; font-weight: bold; padding: 4px 8px; border-radius: 3px 0 0 0; border: 1px solid #2567f8; border-left: none; background: #FFF; color: #2567f8; font-weight: bold; padding: 4px 8px; border: 1px solid #2567f8; border-left: none; background: #f0f0f0; color: #333; font-weight: bold; padding: 4px 8px; border-radius: 0 3px 3px 0; background: transparent @ https://cdn.widde.io/assets/main.utzwjalemu.js:0
[  231334ms] [LOG] %c Tryon Widde.io %c %s %c border: 1px solid #2567f8; background: #2567f8; color: #fff; font-weight: bold; padding: 4px 8px; border-radius: 3px 0 0 3px; border: 1px solid #2567f8; background: #FFF; color: #2567f8; font-weight: bold; padding: 4px 8px; border-radius: 0 3px 3px 0; 47bf7c2 background: transparent @ https://cdn-tryon.widde.io/widde-tryon.js:86
[  231353ms] [LOG] [tryon-tracker] initialized {domain: www.lolacosmetics.com.br} @ https://cdn-tryon.widde.io/widde-tryon.js:8
[  237581ms] [WARNING] Error with Feature-Policy header: Some features are specified in both Feature-Policy and Permissions-Policy header: payment, fullscreen, microphone, camera. Values defined in Permissions-Policy header will be used. @ :0
[  237876ms] [ERROR] Failed to load resource: the server responded with a status of 500 () @ https://fonts.cdnfonts.com/css/leelawade:0
[  238125ms] [ERROR] Failed to load resource: the server responded with a status of 404 () @ https://lolacosmetics.admin.linxcommerce.com.br/Custom/Content/Themes/Lola/Styles/Fonts/FontAwesome/all.css:0
[  238173ms] [LOG] Banner não encontrado: banner-232 @ https://d1hjvew1n9ss7u.cloudfront.net/asset.axd?id=PAEAAB-LCAAAAAAAAAOtj0EPwUAQhf-KzLnsKqu64iBu4oSbOKzt0G2qKztTkQi_3abi6Ob43vfem8wDLIMGxjuLytwM2eCuPOvZ0gRCnrd86k8hgSaGNr5llFE40CdTEyZQXKP_EtuuRREhaA5tJLcIJqM8VSqfZlIO1VilWRYT9puwhStAjyZqIKM4fm1HoPeP333qLi5bYn8RS98wNix2JV6QxNrXRizOwRRGrLbi88ygIngm_1k8YzCOusXD8w1y8dfTPAEAAA%3d%3d:754
[  238176ms] [LOG] [Debug Carrinho] Polling ativo @ https://d1hjvew1n9ss7u.cloudfront.net/asset.axd?id=PAEAAB-LCAAAAAAAAAOtj0EPwUAQhf-KzLnsKqu64iBu4oSbOKzt0G2qKztTkQi_3abi6Ob43vfem8wDLIMGxjuLytwM2eCuPOvZ0gRCnrd86k8hgSaGNr5llFE40CdTEyZQXKP_EtuuRREhaA5tJLcIJqM8VSqfZlIO1VilWRYT9puwhStAjyZqIKM4fm1HoPeP333qLi5bYn8RS98wNix2JV6QxNrXRizOwRRGrLbi88ygIngm_1k8YzCOusXD8w1y8dfTPAEAAA%3d%3d:1790
[  238212ms] [LOG] categoria @ https://d1hjvew1n9ss7u.cloudfront.net/asset.axd?id=PAEAAB-LCAAAAAAAAAOtj0EPwUAQhf-KzLnsKqu64iBu4oSbOKzt0G2qKztTkQi_3abi6Ob43vfem8wDLIMGxjuLytwM2eCuPOvZ0gRCnrd86k8hgSaGNr5llFE40CdTEyZQXKP_EtuuRREhaA5tJLcIJqM8VSqfZlIO1VilWRYT9puwhStAjyZqIKM4fm1HoPeP333qLi5bYn8RS98wNix2JV6QxNrXRizOwRRGrLbi88ygIngm_1k8YzCOusXD8w1y8dfTPAEAAA%3d%3d:1
[  238213ms] [WARNING] !! Há erros de scripts de terceiros !!
Por favor, contate a Empresa responsável pelo script.  @ https://d1hjvew1n9ss7u.cloudfront.net/assets/shjs.js?t=639255987001545277:0
[  238214ms] Uncaught Error: You must pass a string or Handlebars AST to Handlebars.compile. You passed null
    at e.compile (https://d1hjvew1n9ss7u.cloudfront.net/asset.axd?id=PAEAAB-LCAAAAAAAAAOtj0EPwUAQhf-KzLnsKqu64iBu4oSbOKzt0G2qKztTkQi_3abi6Ob43vfem8wDLIMGxjuLytwM2eCuPOvZ0gRCnrd86k8hgSaGNr5llFE40CdTEyZQXKP_EtuuRREhaA5tJLcIJqM8VSqfZlIO1VilWRYT9puwhStAjyZqIKM4fm1HoPeP333qLi5bYn8RS98wNix2JV6QxNrXRizOwRRGrLbi88ygIngm_1k8YzCOusXD8w1y8dfTPAEAAA%3d%3d:1794:49302)
    at i.compile (https://d1hjvew1n9ss7u.cloudfront.net/asset.axd?id=PAEAAB-LCAAAAAAAAAOtj0EPwUAQhf-KzLnsKqu64iBu4oSbOKzt0G2qKztTkQi_3abi6Ob43vfem8wDLIMGxjuLytwM2eCuPOvZ0gRCnrd86k8hgSaGNr5llFE40CdTEyZQXKP_EtuuRREhaA5tJLcIJqM8VSqfZlIO1VilWRYT9puwhStAjyZqIKM4fm1HoPeP333qLi5bYn8RS98wNix2JV6QxNrXRizOwRRGrLbi88ygIngm_1k8YzCOusXD8w1y8dfTPAEAAA%3d%3d:1794:343)
    at renderBasket (https://d1hjvew1n9ss7u.cloudfront.net/asset.axd?id=PAEAAB-LCAAAAAAAAAOtj0EPwUAQhf-KzLnsKqu64iBu4oSbOKzt0G2qKztTkQi_3abi6Ob43vfem8wDLIMGxjuLytwM2eCuPOvZ0gRCnrd86k8hgSaGNr5llFE40CdTEyZQXKP_EtuuRREhaA5tJLcIJqM8VSqfZlIO1VilWRYT9puwhStAjyZqIKM4fm1HoPeP333qLi5bYn8RS98wNix2JV6QxNrXRizOwRRGrLbi88ygIngm_1k8YzCOusXD8w1y8dfTPAEAAA%3d%3d:29:27)
    at <anonymous> (https://d1hjvew1n9ss7u.cloudfront.net/asset.axd?id=PAEAAB-LCAAAAAAAAAOtj0EPwUAQhf-KzLnsKqu64iBu4oSbOKzt0G2qKztTkQi_3abi6Ob43vfem8wDLIMGxjuLytwM2eCuPOvZ0gRCnrd86k8hgSaGNr5llFE40CdTEyZQXKP_EtuuRREhaA5tJLcIJqM8VSqfZlIO1VilWRYT9puwhStAjyZqIKM4fm1HoPeP333qLi5bYn8RS98wNix2JV6QxNrXRizOwRRGrLbi88ygIngm_1k8YzCOusXD8w1y8dfTPAEAAA%3d%3d:220:1)
    at f (https://d1hjvew1n9ss7u.cloudfront.net/assets/shjs.js?t=639255987001545277:0:10382)
    at fireWith (https://d1hjvew1n9ss7u.cloudfront.net/assets/shjs.js?t=639255987001545277:0:11137)
    at ready (https://d1hjvew1n9ss7u.cloudfront.net/assets/shjs.js?t=639255987001545277:0:5238)
    at r (https://d1hjvew1n9ss7u.cloudfront.net/assets/shjs.js?t=639255987001545277:0:9748)
[  238216ms] [VERBOSE] [DOM] Input elements should have autocomplete attributes (suggested: "current-password"): (More info: https://goo.gl/9p2vKq) %o @ https://www.lolacosmetics.com.br/colecoes/basicao:0
[  238216ms] [VERBOSE] [DOM] Input elements should have autocomplete attributes (suggested: "current-password"): (More info: https://goo.gl/9p2vKq) %o @ https://www.lolacosmetics.com.br/colecoes/basicao:0
[  238269ms] [ERROR] Failed to load resource: net::ERR_NAME_NOT_RESOLVED @ https://event.getblue.io/js/blue-tag.min.js:0
[  238418ms] [LOG] AffiseStorage availability: {cookie: true, localStorage: true, sessionStorage: true} @ https://rankmediabrasil.g2afse.com/websdk.js:0
[  238419ms] [LOG] Status RNK Media - ClickId: null UTM: null @ :3
[  238468ms] [WARNING] [Meta Pixel] - Invalid parameter format for currency. Please refer https://developers.facebook.com/docs/meta-pixel/reference/ for valid parameter specifications. @ https://connect.facebook.net/en_US/fbevents.js:203
[  238764ms] [INFO] É necessário definir o storeID no Plugin TrustVox @ https://d1hjvew1n9ss7u.cloudfront.net/asset.axd?id=_woAAB-LCAAAAAAAAAO9lsFunDAQhl-l4rw122w3m1D1lEfooYeqh8HMgrNgW_aYDYrSZ--EaFVgIZWK1aP9__b3Y3uwnxNJSZYQPlH6CC146ZSlLx9kBc4jfQ10_HiXbBLNpu-qKJG23FJJdoTa4yYpLAu_0m_9MM8SJhm5wErLwu3u_ma_v787bLef9p_3N4cDO-TFIQtVJNnudi-23Mgv3con2Y_n5fG-Jz4ET6ZJH4wm1JS-ZfOpamzgYKJBgkuq9FyIYb949MnL5l8JpTFljQI01B0p6YeUqbaO5DtP2AiHEizxhoh2N4TNyOt41pmj4vi1KZUekkZCRIYwEKhaJvVyHN4Za2kaFL4y1qKbY04s67i5M2evdCkkEJbGdQ3qMKTOGlZ_axEkCY_g5HRZB8o6iqxQnkwgkYM_Ic8ZmgZcVyEU43V917guA8_DM76uXg5aj7FTbR3pCJKjU2f5TGKL9ajcr8R4LOVpicRSDE7pTLDXjL470tkvneLflHE03qE5Pc7Jr5XmOla-mq7frCEis8FCgV8kvsnReaIFp4CU0X9F_3FGTMH3tafWPAkHrwW3mGHii5PAOiVxDtkLcRh56PJAZKa34Vj8DyyjUdZKntgUszanZXKtRqQtg1YxCuAXXfBQ8rtLSrQEenwuZg098-fLbwJGClv_CgAA:52
[  238774ms] Uncaught TypeError: Cannot read properties of undefined (reading 'replace')
    at validaFreteGratis (https://d1hjvew1n9ss7u.cloudfront.net/asset.axd?id=PAEAAB-LCAAAAAAAAAOtj0EPwUAQhf-KzLnsKqu64iBu4oSbOKzt0G2qKztTkQi_3abi6Ob43vfem8wDLIMGxjuLytwM2eCuPOvZ0gRCnrd86k8hgSaGNr5llFE40CdTEyZQXKP_EtuuRREhaA5tJLcIJqM8VSqfZlIO1VilWRYT9puwhStAjyZqIKM4fm1HoPeP333qLi5bYn8RS98wNix2JV6QxNrXRizOwRRGrLbi88ygIngm_1k8YzCOusXD8w1y8dfTPAEAAA%3d%3d:1:7633)
    at <anonymous> (https://d1hjvew1n9ss7u.cloudfront.net/asset.axd?id=PAEAAB-LCAAAAAAAAAOtj0EPwUAQhf-KzLnsKqu64iBu4oSbOKzt0G2qKztTkQi_3abi6Ob43vfem8wDLIMGxjuLytwM2eCuPOvZ0gRCnrd86k8hgSaGNr5llFE40CdTEyZQXKP_EtuuRREhaA5tJLcIJqM8VSqfZlIO1VilWRYT9puwhStAjyZqIKM4fm1HoPeP333qLi5bYn8RS98wNix2JV6QxNrXRizOwRRGrLbi88ygIngm_1k8YzCOusXD8w1y8dfTPAEAAA%3d%3d:1:49808)
    at dispatch (https://d1hjvew1n9ss7u.cloudfront.net/assets/shjs.js?t=639255987001545277:0:32701)
    at a (https://d1hjvew1n9ss7u.cloudfront.net/assets/shjs.js?t=639255987001545277:0:28480)
[  238771ms] [LOG] Banner não encontrado: banner-232 @ https://d1hjvew1n9ss7u.cloudfront.net/asset.axd?id=PAEAAB-LCAAAAAAAAAOtj0EPwUAQhf-KzLnsKqu64iBu4oSbOKzt0G2qKztTkQi_3abi6Ob43vfem8wDLIMGxjuLytwM2eCuPOvZ0gRCnrd86k8hgSaGNr5llFE40CdTEyZQXKP_EtuuRREhaA5tJLcIJqM8VSqfZlIO1VilWRYT9puwhStAjyZqIKM4fm1HoPeP333qLi5bYn8RS98wNix2JV6QxNrXRizOwRRGrLbi88ygIngm_1k8YzCOusXD8w1y8dfTPAEAAA%3d%3d:754
[  238791ms] [LOG] %c Widde Video Commerce %c v24604ee %c Build: 21/09/2026 20:39 %c border: 1px solid #2567f8; background: #2567f8; color: #fff; font-weight: bold; padding: 4px 8px; border-radius: 3px 0 0 0; border: 1px solid #2567f8; border-left: none; background: #FFF; color: #2567f8; font-weight: bold; padding: 4px 8px; border: 1px solid #2567f8; border-left: none; background: #f0f0f0; color: #333; font-weight: bold; padding: 4px 8px; border-radius: 0 3px 3px 0; background: transparent @ https://cdn.widde.io/assets/main.utzwjalemu.js:0
[  238845ms] [LOG] %c Tryon Widde.io %c %s %c border: 1px solid #2567f8; background: #2567f8; color: #fff; font-weight: bold; padding: 4px 8px; border-radius: 3px 0 0 3px; border: 1px solid #2567f8; background: #FFF; color: #2567f8; font-weight: bold; padding: 4px 8px; border-radius: 0 3px 3px 0; 47bf7c2 background: transparent @ https://cdn-tryon.widde.io/widde-tryon.js:86
[  238860ms] [LOG] [tryon-tracker] initialized {domain: www.lolacosmetics.com.br} @ https://cdn-tryon.widde.io/widde-tryon.js:8
[  245390ms] [WARNING] Error with Feature-Policy header: Some features are specified in both Feature-Policy and Permissions-Policy header: payment, fullscreen, microphone, camera. Values defined in Permissions-Policy header will be used. @ :0
[  245769ms] [ERROR] Failed to load resource: the server responded with a status of 500 () @ https://fonts.cdnfonts.com/css/leelawade:0
[  246058ms] [ERROR] Failed to load resource: the server responded with a status of 404 () @ https://lolacosmetics.admin.linxcommerce.com.br/Custom/Content/Themes/Lola/Styles/Fonts/FontAwesome/all.css:0
[  246239ms] [LOG] Banner não encontrado: banner-232 @ https://d1hjvew1n9ss7u.cloudfront.net/asset.axd?id=PAEAAB-LCAAAAAAAAAOtj0EPwUAQhf-KzLnsKqu64iBu4oSbOKzt0G2qKztTkQi_3abi6Ob43vfem8wDLIMGxjuLytwM2eCuPOvZ0gRCnrd86k8hgSaGNr5llFE40CdTEyZQXKP_EtuuRREhaA5tJLcIJqM8VSqfZlIO1VilWRYT9puwhStAjyZqIKM4fm1HoPeP333qLi5bYn8RS98wNix2JV6QxNrXRizOwRRGrLbi88ygIngm_1k8YzCOusXD8w1y8dfTPAEAAA%3d%3d:754
[  246241ms] [LOG] [Debug Carrinho] Polling ativo @ https://d1hjvew1n9ss7u.cloudfront.net/asset.axd?id=PAEAAB-LCAAAAAAAAAOtj0EPwUAQhf-KzLnsKqu64iBu4oSbOKzt0G2qKztTkQi_3abi6Ob43vfem8wDLIMGxjuLytwM2eCuPOvZ0gRCnrd86k8hgSaGNr5llFE40CdTEyZQXKP_EtuuRREhaA5tJLcIJqM8VSqfZlIO1VilWRYT9puwhStAjyZqIKM4fm1HoPeP333qLi5bYn8RS98wNix2JV6QxNrXRizOwRRGrLbi88ygIngm_1k8YzCOusXD8w1y8dfTPAEAAA%3d%3d:1790
[  246350ms] [WARNING] !! Há erros de scripts de terceiros !!
Por favor, contate a Empresa responsável pelo script.  @ https://d1hjvew1n9ss7u.cloudfront.net/assets/shjs.js?t=639255987001545277:0
[  246353ms] Uncaught Error: You must pass a string or Handlebars AST to Handlebars.compile. You passed null
    at e.compile (https://d1hjvew1n9ss7u.cloudfront.net/asset.axd?id=PAEAAB-LCAAAAAAAAAOtj0EPwUAQhf-KzLnsKqu64iBu4oSbOKzt0G2qKztTkQi_3abi6Ob43vfem8wDLIMGxjuLytwM2eCuPOvZ0gRCnrd86k8hgSaGNr5llFE40CdTEyZQXKP_EtuuRREhaA5tJLcIJqM8VSqfZlIO1VilWRYT9puwhStAjyZqIKM4fm1HoPeP333qLi5bYn8RS98wNix2JV6QxNrXRizOwRRGrLbi88ygIngm_1k8YzCOusXD8w1y8dfTPAEAAA%3d%3d:1794:49302)
    at i.compile (https://d1hjvew1n9ss7u.cloudfront.net/asset.axd?id=PAEAAB-LCAAAAAAAAAOtj0EPwUAQhf-KzLnsKqu64iBu4oSbOKzt0G2qKztTkQi_3abi6Ob43vfem8wDLIMGxjuLytwM2eCuPOvZ0gRCnrd86k8hgSaGNr5llFE40CdTEyZQXKP_EtuuRREhaA5tJLcIJqM8VSqfZlIO1VilWRYT9puwhStAjyZqIKM4fm1HoPeP333qLi5bYn8RS98wNix2JV6QxNrXRizOwRRGrLbi88ygIngm_1k8YzCOusXD8w1y8dfTPAEAAA%3d%3d:1794:343)
    at renderBasket (https://d1hjvew1n9ss7u.cloudfront.net/asset.axd?id=PAEAAB-LCAAAAAAAAAOtj0EPwUAQhf-KzLnsKqu64iBu4oSbOKzt0G2qKztTkQi_3abi6Ob43vfem8wDLIMGxjuLytwM2eCuPOvZ0gRCnrd86k8hgSaGNr5llFE40CdTEyZQXKP_EtuuRREhaA5tJLcIJqM8VSqfZlIO1VilWRYT9puwhStAjyZqIKM4fm1HoPeP333qLi5bYn8RS98wNix2JV6QxNrXRizOwRRGrLbi88ygIngm_1k8YzCOusXD8w1y8dfTPAEAAA%3d%3d:29:27)
    at <anonymous> (https://d1hjvew1n9ss7u.cloudfront.net/asset.axd?id=PAEAAB-LCAAAAAAAAAOtj0EPwUAQhf-KzLnsKqu64iBu4oSbOKzt0G2qKztTkQi_3abi6Ob43vfem8wDLIMGxjuLytwM2eCuPOvZ0gRCnrd86k8hgSaGNr5llFE40CdTEyZQXKP_EtuuRREhaA5tJLcIJqM8VSqfZlIO1VilWRYT9puwhStAjyZqIKM4fm1HoPeP333qLi5bYn8RS98wNix2JV6QxNrXRizOwRRGrLbi88ygIngm_1k8YzCOusXD8w1y8dfTPAEAAA%3d%3d:220:1)
    at f (https://d1hjvew1n9ss7u.cloudfront.net/assets/shjs.js?t=639255987001545277:0:10382)
    at fireWith (https://d1hjvew1n9ss7u.cloudfront.net/assets/shjs.js?t=639255987001545277:0:11137)
    at ready (https://d1hjvew1n9ss7u.cloudfront.net/assets/shjs.js?t=639255987001545277:0:5238)
    at r (https://d1hjvew1n9ss7u.cloudfront.net/assets/shjs.js?t=639255987001545277:0:9748)
[  246365ms] [VERBOSE] [DOM] Input elements should have autocomplete attributes (suggested: "current-password"): (More info: https://goo.gl/9p2vKq) %o @ https://www.lolacosmetics.com.br/kit-cronolola-lp:0
[  246365ms] [VERBOSE] [DOM] Input elements should have autocomplete attributes (suggested: "current-password"): (More info: https://goo.gl/9p2vKq) %o @ https://www.lolacosmetics.com.br/kit-cronolola-lp:0
[  246378ms] [ERROR] Failed to load resource: net::ERR_NAME_NOT_RESOLVED @ https://event.getblue.io/js/blue-tag.min.js:0
[  246411ms] [LOG] AffiseStorage availability: {cookie: true, localStorage: true, sessionStorage: true} @ https://rankmediabrasil.g2afse.com/websdk.js:0
[  246412ms] [LOG] Status RNK Media - ClickId: null UTM: null @ :3
[  246462ms] [ERROR] Failed to load resource: the server responded with a status of 404 () @ https://d1hjvew1n9ss7u.cloudfront.net/Custom/Content/Themes/Lola/Agrada/CSS/ajax-loader.gif:0
[  246618ms] [WARNING] [Meta Pixel] - Invalid parameter format for currency. Please refer https://developers.facebook.com/docs/meta-pixel/reference/ for valid parameter specifications. @ https://connect.facebook.net/en_US/fbevents.js:203
[  246822ms] [ERROR] Failed to load resource: the server responded with a status of 404 () @ https://www.lolacosmetics.com.br/Custom/Content/Themes/Lola/Templates/CronoLola%20LP/assets/etapa-02/stage-nutricao-texture.svg:0
[  249416ms] [LOG] %c Widde Video Commerce %c v24604ee %c Build: 21/09/2026 20:39 %c border: 1px solid #2567f8; background: #2567f8; color: #fff; font-weight: bold; padding: 4px 8px; border-radius: 3px 0 0 0; border: 1px solid #2567f8; border-left: none; background: #FFF; color: #2567f8; font-weight: bold; padding: 4px 8px; border: 1px solid #2567f8; border-left: none; background: #f0f0f0; color: #333; font-weight: bold; padding: 4px 8px; border-radius: 0 3px 3px 0; background: transparent @ https://cdn.widde.io/assets/main.utzwjalemu.js:0
[  249474ms] [LOG] %c Tryon Widde.io %c %s %c border: 1px solid #2567f8; background: #2567f8; color: #fff; font-weight: bold; padding: 4px 8px; border-radius: 3px 0 0 3px; border: 1px solid #2567f8; background: #FFF; color: #2567f8; font-weight: bold; padding: 4px 8px; border-radius: 0 3px 3px 0; 47bf7c2 background: transparent @ https://cdn-tryon.widde.io/widde-tryon.js:86
[  249494ms] [LOG] [tryon-tracker] initialized {domain: www.lolacosmetics.com.br} @ https://cdn-tryon.widde.io/widde-tryon.js:8
[  252336ms] [INFO] É necessário definir o storeID no Plugin TrustVox @ https://d1hjvew1n9ss7u.cloudfront.net/asset.axd?id=EwsAAB-LCAAAAAAAAAO9ls9u2zAMxl9l8DmTs2Zp2hQ99RF22GHYgZYZW40tGSLlNCi6Zx_rLqht2B0wCztK3yf9KOoP9ZxoTvYJ4xOnj9ACaW8avvukS_CEfB_48PkmWSVWTN9NXiCvpWWS_QEqwlWSNyL8Sr91w0gkTPbsgyitCNeb26vt9vZmt15_2X7dXu124tAXh85Nnuw311u1lkZ26TaU7H88z4-njvgQiF2dPjjLaDl9i41SUzdBAlM1MlyiSk-56verR0peVv9KKJwrKlRgoTqz0dSnjLVlJDoTY608amhYNkS1mz5sQl7Ga7w7GAm_coWxfdJAiMhQDgKX86ROjsM7YaVdjYpK1zTop5gjyzJu5t2JjC2UBsbC-XONNvSpk4bFa82DZkUIXo_T2lOWUXSJ-ugCqwzoiDJnqGvw5xIhH-b1Q-OyGGQemfE1exlYO8SOtTg5rYyVE2KorAzxVGoHhojMGnMDNEt8k6PzVAveABtn_4p-d0aMQioBceuelIfXrZyNYeSLE0HjjcYpZCfEYWThnAVmN35nh-J_YDmLujL6KKZY-zd3QZbeixykdgeCQiqs1tgw2OE-TRpivTQWT1Qh89xr864vI6L3zl8eyz5qIESqTrXLoZosS50S5afEILPJl6iQzEiSWvRkhmfxQ-PClf6pPWhzrMEM1zrSOtLPl98Yqd5PEwsAAA%3d%3d:40
[  252357ms] Uncaught TypeError: Cannot read properties of undefined (reading 'replace')
    at validaFreteGratis (https://d1hjvew1n9ss7u.cloudfront.net/asset.axd?id=PAEAAB-LCAAAAAAAAAOtj0EPwUAQhf-KzLnsKqu64iBu4oSbOKzt0G2qKztTkQi_3abi6Ob43vfem8wDLIMGxjuLytwM2eCuPOvZ0gRCnrd86k8hgSaGNr5llFE40CdTEyZQXKP_EtuuRREhaA5tJLcIJqM8VSqfZlIO1VilWRYT9puwhStAjyZqIKM4fm1HoPeP333qLi5bYn8RS98wNix2JV6QxNrXRizOwRRGrLbi88ygIngm_1k8YzCOusXD8w1y8dfTPAEAAA%3d%3d:1:7633)
    at <anonymous> (https://d1hjvew1n9ss7u.cloudfront.net/asset.axd?id=PAEAAB-LCAAAAAAAAAOtj0EPwUAQhf-KzLnsKqu64iBu4oSbOKzt0G2qKztTkQi_3abi6Ob43vfem8wDLIMGxjuLytwM2eCuPOvZ0gRCnrd86k8hgSaGNr5llFE40CdTEyZQXKP_EtuuRREhaA5tJLcIJqM8VSqfZlIO1VilWRYT9puwhStAjyZqIKM4fm1HoPeP333qLi5bYn8RS98wNix2JV6QxNrXRizOwRRGrLbi88ygIngm_1k8YzCOusXD8w1y8dfTPAEAAA%3d%3d:1:49808)
    at dispatch (https://d1hjvew1n9ss7u.cloudfront.net/assets/shjs.js?t=639255987001545277:0:32701)
    at a (https://d1hjvew1n9ss7u.cloudfront.net/assets/shjs.js?t=639255987001545277:0:28480)
[  252349ms] [LOG] Banner não encontrado: banner-232 @ https://d1hjvew1n9ss7u.cloudfront.net/asset.axd?id=PAEAAB-LCAAAAAAAAAOtj0EPwUAQhf-KzLnsKqu64iBu4oSbOKzt0G2qKztTkQi_3abi6Ob43vfem8wDLIMGxjuLytwM2eCuPOvZ0gRCnrd86k8hgSaGNr5llFE40CdTEyZQXKP_EtuuRREhaA5tJLcIJqM8VSqfZlIO1VilWRYT9puwhStAjyZqIKM4fm1HoPeP333qLi5bYn8RS98wNix2JV6QxNrXRizOwRRGrLbi88ygIngm_1k8YzCOusXD8w1y8dfTPAEAAA%3d%3d:754
[  259783ms] [WARNING] Error with Feature-Policy header: Some features are specified in both Feature-Policy and Permissions-Policy header: payment, fullscreen, microphone, camera. Values defined in Permissions-Policy header will be used. @ :0
[  260076ms] [ERROR] Failed to load resource: the server responded with a status of 500 () @ https://fonts.cdnfonts.com/css/leelawade:0
[  260330ms] [ERROR] Failed to load resource: the server responded with a status of 404 () @ https://lolacosmetics.admin.linxcommerce.com.br/Custom/Content/Themes/Lola/Styles/Fonts/FontAwesome/all.css:0
[  260391ms] [LOG] Banner não encontrado: banner-232 @ https://d1hjvew1n9ss7u.cloudfront.net/asset.axd?id=PAEAAB-LCAAAAAAAAAOtj0EPwUAQhf-KzLnsKqu64iBu4oSbOKzt0G2qKztTkQi_3abi6Ob43vfem8wDLIMGxjuLytwM2eCuPOvZ0gRCnrd86k8hgSaGNr5llFE40CdTEyZQXKP_EtuuRREhaA5tJLcIJqM8VSqfZlIO1VilWRYT9puwhStAjyZqIKM4fm1HoPeP333qLi5bYn8RS98wNix2JV6QxNrXRizOwRRGrLbi88ygIngm_1k8YzCOusXD8w1y8dfTPAEAAA%3d%3d:754
[  260392ms] [LOG] [Debug Carrinho] Polling ativo @ https://d1hjvew1n9ss7u.cloudfront.net/asset.axd?id=PAEAAB-LCAAAAAAAAAOtj0EPwUAQhf-KzLnsKqu64iBu4oSbOKzt0G2qKztTkQi_3abi6Ob43vfem8wDLIMGxjuLytwM2eCuPOvZ0gRCnrd86k8hgSaGNr5llFE40CdTEyZQXKP_EtuuRREhaA5tJLcIJqM8VSqfZlIO1VilWRYT9puwhStAjyZqIKM4fm1HoPeP333qLi5bYn8RS98wNix2JV6QxNrXRizOwRRGrLbi88ygIngm_1k8YzCOusXD8w1y8dfTPAEAAA%3d%3d:1790
[  260427ms] [LOG] categoria @ https://d1hjvew1n9ss7u.cloudfront.net/asset.axd?id=PAEAAB-LCAAAAAAAAAOtj0EPwUAQhf-KzLnsKqu64iBu4oSbOKzt0G2qKztTkQi_3abi6Ob43vfem8wDLIMGxjuLytwM2eCuPOvZ0gRCnrd86k8hgSaGNr5llFE40CdTEyZQXKP_EtuuRREhaA5tJLcIJqM8VSqfZlIO1VilWRYT9puwhStAjyZqIKM4fm1HoPeP333qLi5bYn8RS98wNix2JV6QxNrXRizOwRRGrLbi88ygIngm_1k8YzCOusXD8w1y8dfTPAEAAA%3d%3d:1
[  260429ms] [WARNING] !! Há erros de scripts de terceiros !!
Por favor, contate a Empresa responsável pelo script.  @ https://d1hjvew1n9ss7u.cloudfront.net/assets/shjs.js?t=639255987001545277:0
[  260433ms] Uncaught Error: You must pass a string or Handlebars AST to Handlebars.compile. You passed null
    at e.compile (https://d1hjvew1n9ss7u.cloudfront.net/asset.axd?id=PAEAAB-LCAAAAAAAAAOtj0EPwUAQhf-KzLnsKqu64iBu4oSbOKzt0G2qKztTkQi_3abi6Ob43vfem8wDLIMGxjuLytwM2eCuPOvZ0gRCnrd86k8hgSaGNr5llFE40CdTEyZQXKP_EtuuRREhaA5tJLcIJqM8VSqfZlIO1VilWRYT9puwhStAjyZqIKM4fm1HoPeP333qLi5bYn8RS98wNix2JV6QxNrXRizOwRRGrLbi88ygIngm_1k8YzCOusXD8w1y8dfTPAEAAA%3d%3d:1794:49302)
    at i.compile (https://d1hjvew1n9ss7u.cloudfront.net/asset.axd?id=PAEAAB-LCAAAAAAAAAOtj0EPwUAQhf-KzLnsKqu64iBu4oSbOKzt0G2qKztTkQi_3abi6Ob43vfem8wDLIMGxjuLytwM2eCuPOvZ0gRCnrd86k8hgSaGNr5llFE40CdTEyZQXKP_EtuuRREhaA5tJLcIJqM8VSqfZlIO1VilWRYT9puwhStAjyZqIKM4fm1HoPeP333qLi5bYn8RS98wNix2JV6QxNrXRizOwRRGrLbi88ygIngm_1k8YzCOusXD8w1y8dfTPAEAAA%3d%3d:1794:343)
    at renderBasket (https://d1hjvew1n9ss7u.cloudfront.net/asset.axd?id=PAEAAB-LCAAAAAAAAAOtj0EPwUAQhf-KzLnsKqu64iBu4oSbOKzt0G2qKztTkQi_3abi6Ob43vfem8wDLIMGxjuLytwM2eCuPOvZ0gRCnrd86k8hgSaGNr5llFE40CdTEyZQXKP_EtuuRREhaA5tJLcIJqM8VSqfZlIO1VilWRYT9puwhStAjyZqIKM4fm1HoPeP333qLi5bYn8RS98wNix2JV6QxNrXRizOwRRGrLbi88ygIngm_1k8YzCOusXD8w1y8dfTPAEAAA%3d%3d:29:27)
    at <anonymous> (https://d1hjvew1n9ss7u.cloudfront.net/asset.axd?id=PAEAAB-LCAAAAAAAAAOtj0EPwUAQhf-KzLnsKqu64iBu4oSbOKzt0G2qKztTkQi_3abi6Ob43vfem8wDLIMGxjuLytwM2eCuPOvZ0gRCnrd86k8hgSaGNr5llFE40CdTEyZQXKP_EtuuRREhaA5tJLcIJqM8VSqfZlIO1VilWRYT9puwhStAjyZqIKM4fm1HoPeP333qLi5bYn8RS98wNix2JV6QxNrXRizOwRRGrLbi88ygIngm_1k8YzCOusXD8w1y8dfTPAEAAA%3d%3d:220:1)
    at f (https://d1hjvew1n9ss7u.cloudfront.net/assets/shjs.js?t=639255987001545277:0:10382)
    at fireWith (https://d1hjvew1n9ss7u.cloudfront.net/assets/shjs.js?t=639255987001545277:0:11137)
    at ready (https://d1hjvew1n9ss7u.cloudfront.net/assets/shjs.js?t=639255987001545277:0:5238)
    at r (https://d1hjvew1n9ss7u.cloudfront.net/assets/shjs.js?t=639255987001545277:0:9748)
[  260433ms] [VERBOSE] [DOM] Input elements should have autocomplete attributes (suggested: "current-password"): (More info: https://goo.gl/9p2vKq) %o @ https://www.lolacosmetics.com.br/colecoes/be-m-dita-praia:0
[  260433ms] [VERBOSE] [DOM] Input elements should have autocomplete attributes (suggested: "current-password"): (More info: https://goo.gl/9p2vKq) %o @ https://www.lolacosmetics.com.br/colecoes/be-m-dita-praia:0
[  260622ms] [LOG] AffiseStorage availability: {cookie: true, localStorage: true, sessionStorage: true} @ https://rankmediabrasil.g2afse.com/websdk.js:0
[  260624ms] [LOG] Status RNK Media - ClickId: null UTM: null @ :3
[  260658ms] [WARNING] [Meta Pixel] - Invalid parameter format for currency. Please refer https://developers.facebook.com/docs/meta-pixel/reference/ for valid parameter specifications. @ https://connect.facebook.net/en_US/fbevents.js:203
[  261052ms] [INFO] É necessário definir o storeID no Plugin TrustVox @ https://d1hjvew1n9ss7u.cloudfront.net/asset.axd?id=_woAAB-LCAAAAAAAAAO9lsFunDAQhl-l4rw122w3m1D1lEfooYeqh8HMgrNgW_aYDYrSZ--EaFVgIZWK1aP9__b3Y3uwnxNJSZYQPlH6CC146ZSlLx9kBc4jfQ10_HiXbBLNpu-qKJG23FJJdoTa4yYpLAu_0m_9MM8SJhm5wErLwu3u_ma_v787bLef9p_3N4cDO-TFIQtVJNnudi-23Mgv3con2Y_n5fG-Jz4ET6ZJH4wm1JS-ZfOpamzgYKJBgkuq9FyIYb949MnL5l8JpTFljQI01B0p6YeUqbaO5DtP2AiHEizxhoh2N4TNyOt41pmj4vi1KZUekkZCRIYwEKhaJvVyHN4Za2kaFL4y1qKbY04s67i5M2evdCkkEJbGdQ3qMKTOGlZ_axEkCY_g5HRZB8o6iqxQnkwgkYM_Ic8ZmgZcVyEU43V917guA8_DM76uXg5aj7FTbR3pCJKjU2f5TGKL9ajcr8R4LOVpicRSDE7pTLDXjL470tkvneLflHE03qE5Pc7Jr5XmOla-mq7frCEis8FCgV8kvsnReaIFp4CU0X9F_3FGTMH3tafWPAkHrwW3mGHii5PAOiVxDtkLcRh56PJAZKa34Vj8DyyjUdZKntgUszanZXKtRqQtg1YxCuAXXfBQ8rtLSrQEenwuZg098-fLbwJGClv_CgAA:52
[  261058ms] Uncaught TypeError: Cannot read properties of undefined (reading 'replace')
    at validaFreteGratis (https://d1hjvew1n9ss7u.cloudfront.net/asset.axd?id=PAEAAB-LCAAAAAAAAAOtj0EPwUAQhf-KzLnsKqu64iBu4oSbOKzt0G2qKztTkQi_3abi6Ob43vfem8wDLIMGxjuLytwM2eCuPOvZ0gRCnrd86k8hgSaGNr5llFE40CdTEyZQXKP_EtuuRREhaA5tJLcIJqM8VSqfZlIO1VilWRYT9puwhStAjyZqIKM4fm1HoPeP333qLi5bYn8RS98wNix2JV6QxNrXRizOwRRGrLbi88ygIngm_1k8YzCOusXD8w1y8dfTPAEAAA%3d%3d:1:7633)
    at <anonymous> (https://d1hjvew1n9ss7u.cloudfront.net/asset.axd?id=PAEAAB-LCAAAAAAAAAOtj0EPwUAQhf-KzLnsKqu64iBu4oSbOKzt0G2qKztTkQi_3abi6Ob43vfem8wDLIMGxjuLytwM2eCuPOvZ0gRCnrd86k8hgSaGNr5llFE40CdTEyZQXKP_EtuuRREhaA5tJLcIJqM8VSqfZlIO1VilWRYT9puwhStAjyZqIKM4fm1HoPeP333qLi5bYn8RS98wNix2JV6QxNrXRizOwRRGrLbi88ygIngm_1k8YzCOusXD8w1y8dfTPAEAAA%3d%3d:1:49808)
    at dispatch (https://d1hjvew1n9ss7u.cloudfront.net/assets/shjs.js?t=639255987001545277:0:32701)
    at a (https://d1hjvew1n9ss7u.cloudfront.net/assets/shjs.js?t=639255987001545277:0:28480)
[  261056ms] [LOG] Banner não encontrado: banner-232 @ https://d1hjvew1n9ss7u.cloudfront.net/asset.axd?id=PAEAAB-LCAAAAAAAAAOtj0EPwUAQhf-KzLnsKqu64iBu4oSbOKzt0G2qKztTkQi_3abi6Ob43vfem8wDLIMGxjuLytwM2eCuPOvZ0gRCnrd86k8hgSaGNr5llFE40CdTEyZQXKP_EtuuRREhaA5tJLcIJqM8VSqfZlIO1VilWRYT9puwhStAjyZqIKM4fm1HoPeP333qLi5bYn8RS98wNix2JV6QxNrXRizOwRRGrLbi88ygIngm_1k8YzCOusXD8w1y8dfTPAEAAA%3d%3d:754
[  261069ms] [LOG] %c Widde Video Commerce %c v24604ee %c Build: 21/09/2026 20:39 %c border: 1px solid #2567f8; background: #2567f8; color: #fff; font-weight: bold; padding: 4px 8px; border-radius: 3px 0 0 0; border: 1px solid #2567f8; border-left: none; background: #FFF; color: #2567f8; font-weight: bold; padding: 4px 8px; border: 1px solid #2567f8; border-left: none; background: #f0f0f0; color: #333; font-weight: bold; padding: 4px 8px; border-radius: 0 3px 3px 0; background: transparent @ https://cdn.widde.io/assets/main.utzwjalemu.js:0
[  261169ms] [LOG] %c Tryon Widde.io %c %s %c border: 1px solid #2567f8; background: #2567f8; color: #fff; font-weight: bold; padding: 4px 8px; border-radius: 3px 0 0 3px; border: 1px solid #2567f8; background: #FFF; color: #2567f8; font-weight: bold; padding: 4px 8px; border-radius: 0 3px 3px 0; 47bf7c2 background: transparent @ https://cdn-tryon.widde.io/widde-tryon.js:86
[  261185ms] [LOG] [tryon-tracker] initialized {domain: www.lolacosmetics.com.br} @ https://cdn-tryon.widde.io/widde-tryon.js:8
[  267857ms] [WARNING] Error with Feature-Policy header: Some features are specified in both Feature-Policy and Permissions-Policy header: payment, fullscreen, microphone, camera. Values defined in Permissions-Policy header will be used. @ :0
[  268151ms] [ERROR] Failed to load resource: the server responded with a status of 500 () @ https://fonts.cdnfonts.com/css/leelawade:0
[  268562ms] [ERROR] Failed to load resource: the server responded with a status of 404 () @ https://lolacosmetics.admin.linxcommerce.com.br/Custom/Content/Themes/Lola/Styles/Fonts/FontAwesome/all.css:0
[  268625ms] [LOG] Banner não encontrado: banner-232 @ https://d1hjvew1n9ss7u.cloudfront.net/asset.axd?id=PAEAAB-LCAAAAAAAAAOtj0EPwUAQhf-KzLnsKqu64iBu4oSbOKzt0G2qKztTkQi_3abi6Ob43vfem8wDLIMGxjuLytwM2eCuPOvZ0gRCnrd86k8hgSaGNr5llFE40CdTEyZQXKP_EtuuRREhaA5tJLcIJqM8VSqfZlIO1VilWRYT9puwhStAjyZqIKM4fm1HoPeP333qLi5bYn8RS98wNix2JV6QxNrXRizOwRRGrLbi88ygIngm_1k8YzCOusXD8w1y8dfTPAEAAA%3d%3d:754
[  268627ms] [LOG] [Debug Carrinho] Polling ativo @ https://d1hjvew1n9ss7u.cloudfront.net/asset.axd?id=PAEAAB-LCAAAAAAAAAOtj0EPwUAQhf-KzLnsKqu64iBu4oSbOKzt0G2qKztTkQi_3abi6Ob43vfem8wDLIMGxjuLytwM2eCuPOvZ0gRCnrd86k8hgSaGNr5llFE40CdTEyZQXKP_EtuuRREhaA5tJLcIJqM8VSqfZlIO1VilWRYT9puwhStAjyZqIKM4fm1HoPeP333qLi5bYn8RS98wNix2JV6QxNrXRizOwRRGrLbi88ygIngm_1k8YzCOusXD8w1y8dfTPAEAAA%3d%3d:1790
[  268678ms] [LOG] categoria @ https://d1hjvew1n9ss7u.cloudfront.net/asset.axd?id=PAEAAB-LCAAAAAAAAAOtj0EPwUAQhf-KzLnsKqu64iBu4oSbOKzt0G2qKztTkQi_3abi6Ob43vfem8wDLIMGxjuLytwM2eCuPOvZ0gRCnrd86k8hgSaGNr5llFE40CdTEyZQXKP_EtuuRREhaA5tJLcIJqM8VSqfZlIO1VilWRYT9puwhStAjyZqIKM4fm1HoPeP333qLi5bYn8RS98wNix2JV6QxNrXRizOwRRGrLbi88ygIngm_1k8YzCOusXD8w1y8dfTPAEAAA%3d%3d:1
[  268679ms] [WARNING] !! Há erros de scripts de terceiros !!
Por favor, contate a Empresa responsável pelo script.  @ https://d1hjvew1n9ss7u.cloudfront.net/assets/shjs.js?t=639255987001545277:0
[  268680ms] Uncaught Error: You must pass a string or Handlebars AST to Handlebars.compile. You passed null
    at e.compile (https://d1hjvew1n9ss7u.cloudfront.net/asset.axd?id=PAEAAB-LCAAAAAAAAAOtj0EPwUAQhf-KzLnsKqu64iBu4oSbOKzt0G2qKztTkQi_3abi6Ob43vfem8wDLIMGxjuLytwM2eCuPOvZ0gRCnrd86k8hgSaGNr5llFE40CdTEyZQXKP_EtuuRREhaA5tJLcIJqM8VSqfZlIO1VilWRYT9puwhStAjyZqIKM4fm1HoPeP333qLi5bYn8RS98wNix2JV6QxNrXRizOwRRGrLbi88ygIngm_1k8YzCOusXD8w1y8dfTPAEAAA%3d%3d:1794:49302)
    at i.compile (https://d1hjvew1n9ss7u.cloudfront.net/asset.axd?id=PAEAAB-LCAAAAAAAAAOtj0EPwUAQhf-KzLnsKqu64iBu4oSbOKzt0G2qKztTkQi_3abi6Ob43vfem8wDLIMGxjuLytwM2eCuPOvZ0gRCnrd86k8hgSaGNr5llFE40CdTEyZQXKP_EtuuRREhaA5tJLcIJqM8VSqfZlIO1VilWRYT9puwhStAjyZqIKM4fm1HoPeP333qLi5bYn8RS98wNix2JV6QxNrXRizOwRRGrLbi88ygIngm_1k8YzCOusXD8w1y8dfTPAEAAA%3d%3d:1794:343)
    at renderBasket (https://d1hjvew1n9ss7u.cloudfront.net/asset.axd?id=PAEAAB-LCAAAAAAAAAOtj0EPwUAQhf-KzLnsKqu64iBu4oSbOKzt0G2qKztTkQi_3abi6Ob43vfem8wDLIMGxjuLytwM2eCuPOvZ0gRCnrd86k8hgSaGNr5llFE40CdTEyZQXKP_EtuuRREhaA5tJLcIJqM8VSqfZlIO1VilWRYT9puwhStAjyZqIKM4fm1HoPeP333qLi5bYn8RS98wNix2JV6QxNrXRizOwRRGrLbi88ygIngm_1k8YzCOusXD8w1y8dfTPAEAAA%3d%3d:29:27)
    at <anonymous> (https://d1hjvew1n9ss7u.cloudfront.net/asset.axd?id=PAEAAB-LCAAAAAAAAAOtj0EPwUAQhf-KzLnsKqu64iBu4oSbOKzt0G2qKztTkQi_3abi6Ob43vfem8wDLIMGxjuLytwM2eCuPOvZ0gRCnrd86k8hgSaGNr5llFE40CdTEyZQXKP_EtuuRREhaA5tJLcIJqM8VSqfZlIO1VilWRYT9puwhStAjyZqIKM4fm1HoPeP333qLi5bYn8RS98wNix2JV6QxNrXRizOwRRGrLbi88ygIngm_1k8YzCOusXD8w1y8dfTPAEAAA%3d%3d:220:1)
    at f (https://d1hjvew1n9ss7u.cloudfront.net/assets/shjs.js?t=639255987001545277:0:10382)
    at fireWith (https://d1hjvew1n9ss7u.cloudfront.net/assets/shjs.js?t=639255987001545277:0:11137)
    at ready (https://d1hjvew1n9ss7u.cloudfront.net/assets/shjs.js?t=639255987001545277:0:5238)
    at r (https://d1hjvew1n9ss7u.cloudfront.net/assets/shjs.js?t=639255987001545277:0:9748)
[  268683ms] [VERBOSE] [DOM] Input elements should have autocomplete attributes (suggested: "current-password"): (More info: https://goo.gl/9p2vKq) %o @ https://www.lolacosmetics.com.br/colecoes/bossa:0
[  268683ms] [VERBOSE] [DOM] Input elements should have autocomplete attributes (suggested: "current-password"): (More info: https://goo.gl/9p2vKq) %o @ https://www.lolacosmetics.com.br/colecoes/bossa:0
[  268726ms] [ERROR] Failed to load resource: net::ERR_NAME_NOT_RESOLVED @ https://event.getblue.io/js/blue-tag.min.js:0
[  268875ms] [LOG] AffiseStorage availability: {cookie: true, localStorage: true, sessionStorage: true} @ https://rankmediabrasil.g2afse.com/websdk.js:0
[  268876ms] [LOG] Status RNK Media - ClickId: null UTM: null @ :3
[  269021ms] [WARNING] [Meta Pixel] - Invalid parameter format for currency. Please refer https://developers.facebook.com/docs/meta-pixel/reference/ for valid parameter specifications. @ https://connect.facebook.net/en_US/fbevents.js:203
[  269748ms] [INFO] É necessário definir o storeID no Plugin TrustVox @ https://d1hjvew1n9ss7u.cloudfront.net/asset.axd?id=_woAAB-LCAAAAAAAAAO9lsFunDAQhl-l4rw122w3m1D1lEfooYeqh8HMgrNgW_aYDYrSZ--EaFVgIZWK1aP9__b3Y3uwnxNJSZYQPlH6CC146ZSlLx9kBc4jfQ10_HiXbBLNpu-qKJG23FJJdoTa4yYpLAu_0m_9MM8SJhm5wErLwu3u_ma_v787bLef9p_3N4cDO-TFIQtVJNnudi-23Mgv3con2Y_n5fG-Jz4ET6ZJH4wm1JS-ZfOpamzgYKJBgkuq9FyIYb949MnL5l8JpTFljQI01B0p6YeUqbaO5DtP2AiHEizxhoh2N4TNyOt41pmj4vi1KZUekkZCRIYwEKhaJvVyHN4Za2kaFL4y1qKbY04s67i5M2evdCkkEJbGdQ3qMKTOGlZ_axEkCY_g5HRZB8o6iqxQnkwgkYM_Ic8ZmgZcVyEU43V917guA8_DM76uXg5aj7FTbR3pCJKjU2f5TGKL9ajcr8R4LOVpicRSDE7pTLDXjL470tkvneLflHE03qE5Pc7Jr5XmOla-mq7frCEis8FCgV8kvsnReaIFp4CU0X9F_3FGTMH3tafWPAkHrwW3mGHii5PAOiVxDtkLcRh56PJAZKa34Vj8DyyjUdZKntgUszanZXKtRqQtg1YxCuAXXfBQ8rtLSrQEenwuZg098-fLbwJGClv_CgAA:52
[  270345ms] Uncaught TypeError: Cannot read properties of undefined (reading 'replace')
    at validaFreteGratis (https://d1hjvew1n9ss7u.cloudfront.net/asset.axd?id=PAEAAB-LCAAAAAAAAAOtj0EPwUAQhf-KzLnsKqu64iBu4oSbOKzt0G2qKztTkQi_3abi6Ob43vfem8wDLIMGxjuLytwM2eCuPOvZ0gRCnrd86k8hgSaGNr5llFE40CdTEyZQXKP_EtuuRREhaA5tJLcIJqM8VSqfZlIO1VilWRYT9puwhStAjyZqIKM4fm1HoPeP333qLi5bYn8RS98wNix2JV6QxNrXRizOwRRGrLbi88ygIngm_1k8YzCOusXD8w1y8dfTPAEAAA%3d%3d:1:7633)
    at <anonymous> (https://d1hjvew1n9ss7u.cloudfront.net/asset.axd?id=PAEAAB-LCAAAAAAAAAOtj0EPwUAQhf-KzLnsKqu64iBu4oSbOKzt0G2qKztTkQi_3abi6Ob43vfem8wDLIMGxjuLytwM2eCuPOvZ0gRCnrd86k8hgSaGNr5llFE40CdTEyZQXKP_EtuuRREhaA5tJLcIJqM8VSqfZlIO1VilWRYT9puwhStAjyZqIKM4fm1HoPeP333qLi5bYn8RS98wNix2JV6QxNrXRizOwRRGrLbi88ygIngm_1k8YzCOusXD8w1y8dfTPAEAAA%3d%3d:1:49808)
    at dispatch (https://d1hjvew1n9ss7u.cloudfront.net/assets/shjs.js?t=639255987001545277:0:32701)
    at a (https://d1hjvew1n9ss7u.cloudfront.net/assets/shjs.js?t=639255987001545277:0:28480)
[  269771ms] [LOG] Banner não encontrado: banner-232 @ https://d1hjvew1n9ss7u.cloudfront.net/asset.axd?id=PAEAAB-LCAAAAAAAAAOtj0EPwUAQhf-KzLnsKqu64iBu4oSbOKzt0G2qKztTkQi_3abi6Ob43vfem8wDLIMGxjuLytwM2eCuPOvZ0gRCnrd86k8hgSaGNr5llFE40CdTEyZQXKP_EtuuRREhaA5tJLcIJqM8VSqfZlIO1VilWRYT9puwhStAjyZqIKM4fm1HoPeP333qLi5bYn8RS98wNix2JV6QxNrXRizOwRRGrLbi88ygIngm_1k8YzCOusXD8w1y8dfTPAEAAA%3d%3d:754
[  269861ms] [LOG] %c Widde Video Commerce %c v24604ee %c Build: 21/09/2026 20:39 %c border: 1px solid #2567f8; background: #2567f8; color: #fff; font-weight: bold; padding: 4px 8px; border-radius: 3px 0 0 0; border: 1px solid #2567f8; border-left: none; background: #FFF; color: #2567f8; font-weight: bold; padding: 4px 8px; border: 1px solid #2567f8; border-left: none; background: #f0f0f0; color: #333; font-weight: bold; padding: 4px 8px; border-radius: 0 3px 3px 0; background: transparent @ https://cdn.widde.io/assets/main.utzwjalemu.js:0
[  269948ms] [LOG] %c Tryon Widde.io %c %s %c border: 1px solid #2567f8; background: #2567f8; color: #fff; font-weight: bold; padding: 4px 8px; border-radius: 3px 0 0 3px; border: 1px solid #2567f8; background: #FFF; color: #2567f8; font-weight: bold; padding: 4px 8px; border-radius: 0 3px 3px 0; 47bf7c2 background: transparent @ https://cdn-tryon.widde.io/widde-tryon.js:86
[  270017ms] [LOG] [tryon-tracker] initialized {domain: www.lolacosmetics.com.br} @ https://cdn-tryon.widde.io/widde-tryon.js:8
[  276928ms] [WARNING] Error with Feature-Policy header: Some features are specified in both Feature-Policy and Permissions-Policy header: payment, fullscreen, microphone, camera. Values defined in Permissions-Policy header will be used. @ :0
[  277250ms] [ERROR] Failed to load resource: the server responded with a status of 500 () @ https://fonts.cdnfonts.com/css/leelawade:0
[  277635ms] [ERROR] Failed to load resource: the server responded with a status of 404 () @ https://lolacosmetics.admin.linxcommerce.com.br/Custom/Content/Themes/Lola/Styles/Fonts/FontAwesome/all.css:0
[  277703ms] [LOG] Banner não encontrado: banner-232 @ https://d1hjvew1n9ss7u.cloudfront.net/asset.axd?id=PAEAAB-LCAAAAAAAAAOtj0EPwUAQhf-KzLnsKqu64iBu4oSbOKzt0G2qKztTkQi_3abi6Ob43vfem8wDLIMGxjuLytwM2eCuPOvZ0gRCnrd86k8hgSaGNr5llFE40CdTEyZQXKP_EtuuRREhaA5tJLcIJqM8VSqfZlIO1VilWRYT9puwhStAjyZqIKM4fm1HoPeP333qLi5bYn8RS98wNix2JV6QxNrXRizOwRRGrLbi88ygIngm_1k8YzCOusXD8w1y8dfTPAEAAA%3d%3d:754
[  277706ms] [LOG] [Debug Carrinho] Polling ativo @ https://d1hjvew1n9ss7u.cloudfront.net/asset.axd?id=PAEAAB-LCAAAAAAAAAOtj0EPwUAQhf-KzLnsKqu64iBu4oSbOKzt0G2qKztTkQi_3abi6Ob43vfem8wDLIMGxjuLytwM2eCuPOvZ0gRCnrd86k8hgSaGNr5llFE40CdTEyZQXKP_EtuuRREhaA5tJLcIJqM8VSqfZlIO1VilWRYT9puwhStAjyZqIKM4fm1HoPeP333qLi5bYn8RS98wNix2JV6QxNrXRizOwRRGrLbi88ygIngm_1k8YzCOusXD8w1y8dfTPAEAAA%3d%3d:1790
[  277743ms] [LOG] categoria @ https://d1hjvew1n9ss7u.cloudfront.net/asset.axd?id=PAEAAB-LCAAAAAAAAAOtj0EPwUAQhf-KzLnsKqu64iBu4oSbOKzt0G2qKztTkQi_3abi6Ob43vfem8wDLIMGxjuLytwM2eCuPOvZ0gRCnrd86k8hgSaGNr5llFE40CdTEyZQXKP_EtuuRREhaA5tJLcIJqM8VSqfZlIO1VilWRYT9puwhStAjyZqIKM4fm1HoPeP333qLi5bYn8RS98wNix2JV6QxNrXRizOwRRGrLbi88ygIngm_1k8YzCOusXD8w1y8dfTPAEAAA%3d%3d:1
[  277744ms] [WARNING] !! Há erros de scripts de terceiros !!
Por favor, contate a Empresa responsável pelo script.  @ https://d1hjvew1n9ss7u.cloudfront.net/assets/shjs.js?t=639255987001545277:0
[  277746ms] Uncaught Error: You must pass a string or Handlebars AST to Handlebars.compile. You passed null
    at e.compile (https://d1hjvew1n9ss7u.cloudfront.net/asset.axd?id=PAEAAB-LCAAAAAAAAAOtj0EPwUAQhf-KzLnsKqu64iBu4oSbOKzt0G2qKztTkQi_3abi6Ob43vfem8wDLIMGxjuLytwM2eCuPOvZ0gRCnrd86k8hgSaGNr5llFE40CdTEyZQXKP_EtuuRREhaA5tJLcIJqM8VSqfZlIO1VilWRYT9puwhStAjyZqIKM4fm1HoPeP333qLi5bYn8RS98wNix2JV6QxNrXRizOwRRGrLbi88ygIngm_1k8YzCOusXD8w1y8dfTPAEAAA%3d%3d:1794:49302)
    at i.compile (https://d1hjvew1n9ss7u.cloudfront.net/asset.axd?id=PAEAAB-LCAAAAAAAAAOtj0EPwUAQhf-KzLnsKqu64iBu4oSbOKzt0G2qKztTkQi_3abi6Ob43vfem8wDLIMGxjuLytwM2eCuPOvZ0gRCnrd86k8hgSaGNr5llFE40CdTEyZQXKP_EtuuRREhaA5tJLcIJqM8VSqfZlIO1VilWRYT9puwhStAjyZqIKM4fm1HoPeP333qLi5bYn8RS98wNix2JV6QxNrXRizOwRRGrLbi88ygIngm_1k8YzCOusXD8w1y8dfTPAEAAA%3d%3d:1794:343)
    at renderBasket (https://d1hjvew1n9ss7u.cloudfront.net/asset.axd?id=PAEAAB-LCAAAAAAAAAOtj0EPwUAQhf-KzLnsKqu64iBu4oSbOKzt0G2qKztTkQi_3abi6Ob43vfem8wDLIMGxjuLytwM2eCuPOvZ0gRCnrd86k8hgSaGNr5llFE40CdTEyZQXKP_EtuuRREhaA5tJLcIJqM8VSqfZlIO1VilWRYT9puwhStAjyZqIKM4fm1HoPeP333qLi5bYn8RS98wNix2JV6QxNrXRizOwRRGrLbi88ygIngm_1k8YzCOusXD8w1y8dfTPAEAAA%3d%3d:29:27)
    at <anonymous> (https://d1hjvew1n9ss7u.cloudfront.net/asset.axd?id=PAEAAB-LCAAAAAAAAAOtj0EPwUAQhf-KzLnsKqu64iBu4oSbOKzt0G2qKztTkQi_3abi6Ob43vfem8wDLIMGxjuLytwM2eCuPOvZ0gRCnrd86k8hgSaGNr5llFE40CdTEyZQXKP_EtuuRREhaA5tJLcIJqM8VSqfZlIO1VilWRYT9puwhStAjyZqIKM4fm1HoPeP333qLi5bYn8RS98wNix2JV6QxNrXRizOwRRGrLbi88ygIngm_1k8YzCOusXD8w1y8dfTPAEAAA%3d%3d:220:1)
    at f (https://d1hjvew1n9ss7u.cloudfront.net/assets/shjs.js?t=639255987001545277:0:10382)
    at fireWith (https://d1hjvew1n9ss7u.cloudfront.net/assets/shjs.js?t=639255987001545277:0:11137)
    at ready (https://d1hjvew1n9ss7u.cloudfront.net/assets/shjs.js?t=639255987001545277:0:5238)
    at r (https://d1hjvew1n9ss7u.cloudfront.net/assets/shjs.js?t=639255987001545277:0:9748)
[  277748ms] [VERBOSE] [DOM] Input elements should have autocomplete attributes (suggested: "current-password"): (More info: https://goo.gl/9p2vKq) %o @ https://www.lolacosmetics.com.br/colecoes/brancos-e-grisalhos:0
[  277748ms] [VERBOSE] [DOM] Input elements should have autocomplete attributes (suggested: "current-password"): (More info: https://goo.gl/9p2vKq) %o @ https://www.lolacosmetics.com.br/colecoes/brancos-e-grisalhos:0
[  277783ms] [ERROR] Failed to load resource: net::ERR_NAME_NOT_RESOLVED @ https://event.getblue.io/js/blue-tag.min.js:0
[  277980ms] [LOG] AffiseStorage availability: {cookie: true, localStorage: true, sessionStorage: true} @ https://rankmediabrasil.g2afse.com/websdk.js:0
[  277981ms] [LOG] Status RNK Media - ClickId: null UTM: null @ :3
[  278014ms] [WARNING] [Meta Pixel] - Invalid parameter format for currency. Please refer https://developers.facebook.com/docs/meta-pixel/reference/ for valid parameter specifications. @ https://connect.facebook.net/en_US/fbevents.js:203
[  278463ms] [INFO] É necessário definir o storeID no Plugin TrustVox @ https://d1hjvew1n9ss7u.cloudfront.net/asset.axd?id=_woAAB-LCAAAAAAAAAO9lsFunDAQhl-l4rw122w3m1D1lEfooYeqh8HMgrNgW_aYDYrSZ--EaFVgIZWK1aP9__b3Y3uwnxNJSZYQPlH6CC146ZSlLx9kBc4jfQ10_HiXbBLNpu-qKJG23FJJdoTa4yYpLAu_0m_9MM8SJhm5wErLwu3u_ma_v787bLef9p_3N4cDO-TFIQtVJNnudi-23Mgv3con2Y_n5fG-Jz4ET6ZJH4wm1JS-ZfOpamzgYKJBgkuq9FyIYb949MnL5l8JpTFljQI01B0p6YeUqbaO5DtP2AiHEizxhoh2N4TNyOt41pmj4vi1KZUekkZCRIYwEKhaJvVyHN4Za2kaFL4y1qKbY04s67i5M2evdCkkEJbGdQ3qMKTOGlZ_axEkCY_g5HRZB8o6iqxQnkwgkYM_Ic8ZmgZcVyEU43V917guA8_DM76uXg5aj7FTbR3pCJKjU2f5TGKL9ajcr8R4LOVpicRSDE7pTLDXjL470tkvneLflHE03qE5Pc7Jr5XmOla-mq7frCEis8FCgV8kvsnReaIFp4CU0X9F_3FGTMH3tafWPAkHrwW3mGHii5PAOiVxDtkLcRh56PJAZKa34Vj8DyyjUdZKntgUszanZXKtRqQtg1YxCuAXXfBQ8rtLSrQEenwuZg098-fLbwJGClv_CgAA:52
[  278477ms] Uncaught TypeError: Cannot read properties of undefined (reading 'replace')
    at validaFreteGratis (https://d1hjvew1n9ss7u.cloudfront.net/asset.axd?id=PAEAAB-LCAAAAAAAAAOtj0EPwUAQhf-KzLnsKqu64iBu4oSbOKzt0G2qKztTkQi_3abi6Ob43vfem8wDLIMGxjuLytwM2eCuPOvZ0gRCnrd86k8hgSaGNr5llFE40CdTEyZQXKP_EtuuRREhaA5tJLcIJqM8VSqfZlIO1VilWRYT9puwhStAjyZqIKM4fm1HoPeP333qLi5bYn8RS98wNix2JV6QxNrXRizOwRRGrLbi88ygIngm_1k8YzCOusXD8w1y8dfTPAEAAA%3d%3d:1:7633)
    at <anonymous> (https://d1hjvew1n9ss7u.cloudfront.net/asset.axd?id=PAEAAB-LCAAAAAAAAAOtj0EPwUAQhf-KzLnsKqu64iBu4oSbOKzt0G2qKztTkQi_3abi6Ob43vfem8wDLIMGxjuLytwM2eCuPOvZ0gRCnrd86k8hgSaGNr5llFE40CdTEyZQXKP_EtuuRREhaA5tJLcIJqM8VSqfZlIO1VilWRYT9puwhStAjyZqIKM4fm1HoPeP333qLi5bYn8RS98wNix2JV6QxNrXRizOwRRGrLbi88ygIngm_1k8YzCOusXD8w1y8dfTPAEAAA%3d%3d:1:49808)
    at dispatch (https://d1hjvew1n9ss7u.cloudfront.net/assets/shjs.js?t=639255987001545277:0:32701)
    at a (https://d1hjvew1n9ss7u.cloudfront.net/assets/shjs.js?t=639255987001545277:0:28480)
[  278469ms] [LOG] Banner não encontrado: banner-232 @ https://d1hjvew1n9ss7u.cloudfront.net/asset.axd?id=PAEAAB-LCAAAAAAAAAOtj0EPwUAQhf-KzLnsKqu64iBu4oSbOKzt0G2qKztTkQi_3abi6Ob43vfem8wDLIMGxjuLytwM2eCuPOvZ0gRCnrd86k8hgSaGNr5llFE40CdTEyZQXKP_EtuuRREhaA5tJLcIJqM8VSqfZlIO1VilWRYT9puwhStAjyZqIKM4fm1HoPeP333qLi5bYn8RS98wNix2JV6QxNrXRizOwRRGrLbi88ygIngm_1k8YzCOusXD8w1y8dfTPAEAAA%3d%3d:754
[  278495ms] [LOG] %c Widde Video Commerce %c v24604ee %c Build: 21/09/2026 20:39 %c border: 1px solid #2567f8; background: #2567f8; color: #fff; font-weight: bold; padding: 4px 8px; border-radius: 3px 0 0 0; border: 1px solid #2567f8; border-left: none; background: #FFF; color: #2567f8; font-weight: bold; padding: 4px 8px; border: 1px solid #2567f8; border-left: none; background: #f0f0f0; color: #333; font-weight: bold; padding: 4px 8px; border-radius: 0 3px 3px 0; background: transparent @ https://cdn.widde.io/assets/main.utzwjalemu.js:0
[  278512ms] [LOG] %c Tryon Widde.io %c %s %c border: 1px solid #2567f8; background: #2567f8; color: #fff; font-weight: bold; padding: 4px 8px; border-radius: 3px 0 0 3px; border: 1px solid #2567f8; background: #FFF; color: #2567f8; font-weight: bold; padding: 4px 8px; border-radius: 0 3px 3px 0; 47bf7c2 background: transparent @ https://cdn-tryon.widde.io/widde-tryon.js:86
[  278532ms] [LOG] [tryon-tracker] initialized {domain: www.lolacosmetics.com.br} @ https://cdn-tryon.widde.io/widde-tryon.js:8
[  285288ms] [WARNING] Error with Feature-Policy header: Some features are specified in both Feature-Policy and Permissions-Policy header: payment, fullscreen, microphone, camera. Values defined in Permissions-Policy header will be used. @ :0
[  285581ms] [ERROR] Failed to load resource: the server responded with a status of 500 () @ https://fonts.cdnfonts.com/css/leelawade:0
[  285828ms] [ERROR] Failed to load resource: the server responded with a status of 404 () @ https://lolacosmetics.admin.linxcommerce.com.br/Custom/Content/Themes/Lola/Styles/Fonts/FontAwesome/all.css:0
[  285905ms] [LOG] Banner não encontrado: banner-232 @ https://d1hjvew1n9ss7u.cloudfront.net/asset.axd?id=PAEAAB-LCAAAAAAAAAOtj0EPwUAQhf-KzLnsKqu64iBu4oSbOKzt0G2qKztTkQi_3abi6Ob43vfem8wDLIMGxjuLytwM2eCuPOvZ0gRCnrd86k8hgSaGNr5llFE40CdTEyZQXKP_EtuuRREhaA5tJLcIJqM8VSqfZlIO1VilWRYT9puwhStAjyZqIKM4fm1HoPeP333qLi5bYn8RS98wNix2JV6QxNrXRizOwRRGrLbi88ygIngm_1k8YzCOusXD8w1y8dfTPAEAAA%3d%3d:754
[  285907ms] [LOG] [Debug Carrinho] Polling ativo @ https://d1hjvew1n9ss7u.cloudfront.net/asset.axd?id=PAEAAB-LCAAAAAAAAAOtj0EPwUAQhf-KzLnsKqu64iBu4oSbOKzt0G2qKztTkQi_3abi6Ob43vfem8wDLIMGxjuLytwM2eCuPOvZ0gRCnrd86k8hgSaGNr5llFE40CdTEyZQXKP_EtuuRREhaA5tJLcIJqM8VSqfZlIO1VilWRYT9puwhStAjyZqIKM4fm1HoPeP333qLi5bYn8RS98wNix2JV6QxNrXRizOwRRGrLbi88ygIngm_1k8YzCOusXD8w1y8dfTPAEAAA%3d%3d:1790
[  285940ms] [LOG] categoria @ https://d1hjvew1n9ss7u.cloudfront.net/asset.axd?id=PAEAAB-LCAAAAAAAAAOtj0EPwUAQhf-KzLnsKqu64iBu4oSbOKzt0G2qKztTkQi_3abi6Ob43vfem8wDLIMGxjuLytwM2eCuPOvZ0gRCnrd86k8hgSaGNr5llFE40CdTEyZQXKP_EtuuRREhaA5tJLcIJqM8VSqfZlIO1VilWRYT9puwhStAjyZqIKM4fm1HoPeP333qLi5bYn8RS98wNix2JV6QxNrXRizOwRRGrLbi88ygIngm_1k8YzCOusXD8w1y8dfTPAEAAA%3d%3d:1
[  285941ms] [WARNING] !! Há erros de scripts de terceiros !!
Por favor, contate a Empresa responsável pelo script.  @ https://d1hjvew1n9ss7u.cloudfront.net/assets/shjs.js?t=639255987001545277:0
[  285942ms] Uncaught Error: You must pass a string or Handlebars AST to Handlebars.compile. You passed null
    at e.compile (https://d1hjvew1n9ss7u.cloudfront.net/asset.axd?id=PAEAAB-LCAAAAAAAAAOtj0EPwUAQhf-KzLnsKqu64iBu4oSbOKzt0G2qKztTkQi_3abi6Ob43vfem8wDLIMGxjuLytwM2eCuPOvZ0gRCnrd86k8hgSaGNr5llFE40CdTEyZQXKP_EtuuRREhaA5tJLcIJqM8VSqfZlIO1VilWRYT9puwhStAjyZqIKM4fm1HoPeP333qLi5bYn8RS98wNix2JV6QxNrXRizOwRRGrLbi88ygIngm_1k8YzCOusXD8w1y8dfTPAEAAA%3d%3d:1794:49302)
    at i.compile (https://d1hjvew1n9ss7u.cloudfront.net/asset.axd?id=PAEAAB-LCAAAAAAAAAOtj0EPwUAQhf-KzLnsKqu64iBu4oSbOKzt0G2qKztTkQi_3abi6Ob43vfem8wDLIMGxjuLytwM2eCuPOvZ0gRCnrd86k8hgSaGNr5llFE40CdTEyZQXKP_EtuuRREhaA5tJLcIJqM8VSqfZlIO1VilWRYT9puwhStAjyZqIKM4fm1HoPeP333qLi5bYn8RS98wNix2JV6QxNrXRizOwRRGrLbi88ygIngm_1k8YzCOusXD8w1y8dfTPAEAAA%3d%3d:1794:343)
    at renderBasket (https://d1hjvew1n9ss7u.cloudfront.net/asset.axd?id=PAEAAB-LCAAAAAAAAAOtj0EPwUAQhf-KzLnsKqu64iBu4oSbOKzt0G2qKztTkQi_3abi6Ob43vfem8wDLIMGxjuLytwM2eCuPOvZ0gRCnrd86k8hgSaGNr5llFE40CdTEyZQXKP_EtuuRREhaA5tJLcIJqM8VSqfZlIO1VilWRYT9puwhStAjyZqIKM4fm1HoPeP333qLi5bYn8RS98wNix2JV6QxNrXRizOwRRGrLbi88ygIngm_1k8YzCOusXD8w1y8dfTPAEAAA%3d%3d:29:27)
    at <anonymous> (https://d1hjvew1n9ss7u.cloudfront.net/asset.axd?id=PAEAAB-LCAAAAAAAAAOtj0EPwUAQhf-KzLnsKqu64iBu4oSbOKzt0G2qKztTkQi_3abi6Ob43vfem8wDLIMGxjuLytwM2eCuPOvZ0gRCnrd86k8hgSaGNr5llFE40CdTEyZQXKP_EtuuRREhaA5tJLcIJqM8VSqfZlIO1VilWRYT9puwhStAjyZqIKM4fm1HoPeP333qLi5bYn8RS98wNix2JV6QxNrXRizOwRRGrLbi88ygIngm_1k8YzCOusXD8w1y8dfTPAEAAA%3d%3d:220:1)
    at f (https://d1hjvew1n9ss7u.cloudfront.net/assets/shjs.js?t=639255987001545277:0:10382)
    at fireWith (https://d1hjvew1n9ss7u.cloudfront.net/assets/shjs.js?t=639255987001545277:0:11137)
    at ready (https://d1hjvew1n9ss7u.cloudfront.net/assets/shjs.js?t=639255987001545277:0:5238)
    at r (https://d1hjvew1n9ss7u.cloudfront.net/assets/shjs.js?t=639255987001545277:0:9748)
[  285944ms] [VERBOSE] [DOM] Input elements should have autocomplete attributes (suggested: "current-password"): (More info: https://goo.gl/9p2vKq) %o @ https://www.lolacosmetics.com.br/colecoes/camomila:0
[  285944ms] [VERBOSE] [DOM] Input elements should have autocomplete attributes (suggested: "current-password"): (More info: https://goo.gl/9p2vKq) %o @ https://www.lolacosmetics.com.br/colecoes/camomila:0
[  285977ms] [ERROR] Failed to load resource: net::ERR_NAME_NOT_RESOLVED @ https://event.getblue.io/js/blue-tag.min.js:0
[  286103ms] [LOG] AffiseStorage availability: {cookie: true, localStorage: true, sessionStorage: true} @ https://rankmediabrasil.g2afse.com/websdk.js:0
[  286105ms] [LOG] Status RNK Media - ClickId: null UTM: null @ :3
[  286261ms] [WARNING] [Meta Pixel] - Invalid parameter format for currency. Please refer https://developers.facebook.com/docs/meta-pixel/reference/ for valid parameter specifications. @ https://connect.facebook.net/en_US/fbevents.js:203
[  286550ms] [INFO] É necessário definir o storeID no Plugin TrustVox @ https://d1hjvew1n9ss7u.cloudfront.net/asset.axd?id=_woAAB-LCAAAAAAAAAO9lsFunDAQhl-l4rw122w3m1D1lEfooYeqh8HMgrNgW_aYDYrSZ--EaFVgIZWK1aP9__b3Y3uwnxNJSZYQPlH6CC146ZSlLx9kBc4jfQ10_HiXbBLNpu-qKJG23FJJdoTa4yYpLAu_0m_9MM8SJhm5wErLwu3u_ma_v787bLef9p_3N4cDO-TFIQtVJNnudi-23Mgv3con2Y_n5fG-Jz4ET6ZJH4wm1JS-ZfOpamzgYKJBgkuq9FyIYb949MnL5l8JpTFljQI01B0p6YeUqbaO5DtP2AiHEizxhoh2N4TNyOt41pmj4vi1KZUekkZCRIYwEKhaJvVyHN4Za2kaFL4y1qKbY04s67i5M2evdCkkEJbGdQ3qMKTOGlZ_axEkCY_g5HRZB8o6iqxQnkwgkYM_Ic8ZmgZcVyEU43V917guA8_DM76uXg5aj7FTbR3pCJKjU2f5TGKL9ajcr8R4LOVpicRSDE7pTLDXjL470tkvneLflHE03qE5Pc7Jr5XmOla-mq7frCEis8FCgV8kvsnReaIFp4CU0X9F_3FGTMH3tafWPAkHrwW3mGHii5PAOiVxDtkLcRh56PJAZKa34Vj8DyyjUdZKntgUszanZXKtRqQtg1YxCuAXXfBQ8rtLSrQEenwuZg098-fLbwJGClv_CgAA:52
[  286559ms] Uncaught TypeError: Cannot read properties of undefined (reading 'replace')
    at validaFreteGratis (https://d1hjvew1n9ss7u.cloudfront.net/asset.axd?id=PAEAAB-LCAAAAAAAAAOtj0EPwUAQhf-KzLnsKqu64iBu4oSbOKzt0G2qKztTkQi_3abi6Ob43vfem8wDLIMGxjuLytwM2eCuPOvZ0gRCnrd86k8hgSaGNr5llFE40CdTEyZQXKP_EtuuRREhaA5tJLcIJqM8VSqfZlIO1VilWRYT9puwhStAjyZqIKM4fm1HoPeP333qLi5bYn8RS98wNix2JV6QxNrXRizOwRRGrLbi88ygIngm_1k8YzCOusXD8w1y8dfTPAEAAA%3d%3d:1:7633)
    at <anonymous> (https://d1hjvew1n9ss7u.cloudfront.net/asset.axd?id=PAEAAB-LCAAAAAAAAAOtj0EPwUAQhf-KzLnsKqu64iBu4oSbOKzt0G2qKztTkQi_3abi6Ob43vfem8wDLIMGxjuLytwM2eCuPOvZ0gRCnrd86k8hgSaGNr5llFE40CdTEyZQXKP_EtuuRREhaA5tJLcIJqM8VSqfZlIO1VilWRYT9puwhStAjyZqIKM4fm1HoPeP333qLi5bYn8RS98wNix2JV6QxNrXRizOwRRGrLbi88ygIngm_1k8YzCOusXD8w1y8dfTPAEAAA%3d%3d:1:49808)
    at dispatch (https://d1hjvew1n9ss7u.cloudfront.net/assets/shjs.js?t=639255987001545277:0:32701)
    at a (https://d1hjvew1n9ss7u.cloudfront.net/assets/shjs.js?t=639255987001545277:0:28480)
[  286557ms] [LOG] Banner não encontrado: banner-232 @ https://d1hjvew1n9ss7u.cloudfront.net/asset.axd?id=PAEAAB-LCAAAAAAAAAOtj0EPwUAQhf-KzLnsKqu64iBu4oSbOKzt0G2qKztTkQi_3abi6Ob43vfem8wDLIMGxjuLytwM2eCuPOvZ0gRCnrd86k8hgSaGNr5llFE40CdTEyZQXKP_EtuuRREhaA5tJLcIJqM8VSqfZlIO1VilWRYT9puwhStAjyZqIKM4fm1HoPeP333qLi5bYn8RS98wNix2JV6QxNrXRizOwRRGrLbi88ygIngm_1k8YzCOusXD8w1y8dfTPAEAAA%3d%3d:754
[  286584ms] [LOG] %c Widde Video Commerce %c v24604ee %c Build: 21/09/2026 20:39 %c border: 1px solid #2567f8; background: #2567f8; color: #fff; font-weight: bold; padding: 4px 8px; border-radius: 3px 0 0 0; border: 1px solid #2567f8; border-left: none; background: #FFF; color: #2567f8; font-weight: bold; padding: 4px 8px; border: 1px solid #2567f8; border-left: none; background: #f0f0f0; color: #333; font-weight: bold; padding: 4px 8px; border-radius: 0 3px 3px 0; background: transparent @ https://cdn.widde.io/assets/main.utzwjalemu.js:0
[  286676ms] [LOG] %c Tryon Widde.io %c %s %c border: 1px solid #2567f8; background: #2567f8; color: #fff; font-weight: bold; padding: 4px 8px; border-radius: 3px 0 0 3px; border: 1px solid #2567f8; background: #FFF; color: #2567f8; font-weight: bold; padding: 4px 8px; border-radius: 0 3px 3px 0; 47bf7c2 background: transparent @ https://cdn-tryon.widde.io/widde-tryon.js:86
[  286692ms] [LOG] [tryon-tracker] initialized {domain: www.lolacosmetics.com.br} @ https://cdn-tryon.widde.io/widde-tryon.js:8
[  292938ms] [WARNING] Error with Feature-Policy header: Some features are specified in both Feature-Policy and Permissions-Policy header: payment, fullscreen, microphone, camera. Values defined in Permissions-Policy header will be used. @ :0
[  293239ms] [ERROR] Failed to load resource: the server responded with a status of 500 () @ https://fonts.cdnfonts.com/css/leelawade:0
[  293652ms] [ERROR] Failed to load resource: the server responded with a status of 404 () @ https://lolacosmetics.admin.linxcommerce.com.br/Custom/Content/Themes/Lola/Styles/Fonts/FontAwesome/all.css:0
[  293716ms] [LOG] Banner não encontrado: banner-232 @ https://d1hjvew1n9ss7u.cloudfront.net/asset.axd?id=PAEAAB-LCAAAAAAAAAOtj0EPwUAQhf-KzLnsKqu64iBu4oSbOKzt0G2qKztTkQi_3abi6Ob43vfem8wDLIMGxjuLytwM2eCuPOvZ0gRCnrd86k8hgSaGNr5llFE40CdTEyZQXKP_EtuuRREhaA5tJLcIJqM8VSqfZlIO1VilWRYT9puwhStAjyZqIKM4fm1HoPeP333qLi5bYn8RS98wNix2JV6QxNrXRizOwRRGrLbi88ygIngm_1k8YzCOusXD8w1y8dfTPAEAAA%3d%3d:754
[  293718ms] [LOG] [Debug Carrinho] Polling ativo @ https://d1hjvew1n9ss7u.cloudfront.net/asset.axd?id=PAEAAB-LCAAAAAAAAAOtj0EPwUAQhf-KzLnsKqu64iBu4oSbOKzt0G2qKztTkQi_3abi6Ob43vfem8wDLIMGxjuLytwM2eCuPOvZ0gRCnrd86k8hgSaGNr5llFE40CdTEyZQXKP_EtuuRREhaA5tJLcIJqM8VSqfZlIO1VilWRYT9puwhStAjyZqIKM4fm1HoPeP333qLi5bYn8RS98wNix2JV6QxNrXRizOwRRGrLbi88ygIngm_1k8YzCOusXD8w1y8dfTPAEAAA%3d%3d:1790
[  293752ms] [LOG] categoria @ https://d1hjvew1n9ss7u.cloudfront.net/asset.axd?id=PAEAAB-LCAAAAAAAAAOtj0EPwUAQhf-KzLnsKqu64iBu4oSbOKzt0G2qKztTkQi_3abi6Ob43vfem8wDLIMGxjuLytwM2eCuPOvZ0gRCnrd86k8hgSaGNr5llFE40CdTEyZQXKP_EtuuRREhaA5tJLcIJqM8VSqfZlIO1VilWRYT9puwhStAjyZqIKM4fm1HoPeP333qLi5bYn8RS98wNix2JV6QxNrXRizOwRRGrLbi88ygIngm_1k8YzCOusXD8w1y8dfTPAEAAA%3d%3d:1
[  293753ms] [WARNING] !! Há erros de scripts de terceiros !!
Por favor, contate a Empresa responsável pelo script.  @ https://d1hjvew1n9ss7u.cloudfront.net/assets/shjs.js?t=639255987001545277:0
[  293756ms] Uncaught Error: You must pass a string or Handlebars AST to Handlebars.compile. You passed null
    at e.compile (https://d1hjvew1n9ss7u.cloudfront.net/asset.axd?id=PAEAAB-LCAAAAAAAAAOtj0EPwUAQhf-KzLnsKqu64iBu4oSbOKzt0G2qKztTkQi_3abi6Ob43vfem8wDLIMGxjuLytwM2eCuPOvZ0gRCnrd86k8hgSaGNr5llFE40CdTEyZQXKP_EtuuRREhaA5tJLcIJqM8VSqfZlIO1VilWRYT9puwhStAjyZqIKM4fm1HoPeP333qLi5bYn8RS98wNix2JV6QxNrXRizOwRRGrLbi88ygIngm_1k8YzCOusXD8w1y8dfTPAEAAA%3d%3d:1794:49302)
    at i.compile (https://d1hjvew1n9ss7u.cloudfront.net/asset.axd?id=PAEAAB-LCAAAAAAAAAOtj0EPwUAQhf-KzLnsKqu64iBu4oSbOKzt0G2qKztTkQi_3abi6Ob43vfem8wDLIMGxjuLytwM2eCuPOvZ0gRCnrd86k8hgSaGNr5llFE40CdTEyZQXKP_EtuuRREhaA5tJLcIJqM8VSqfZlIO1VilWRYT9puwhStAjyZqIKM4fm1HoPeP333qLi5bYn8RS98wNix2JV6QxNrXRizOwRRGrLbi88ygIngm_1k8YzCOusXD8w1y8dfTPAEAAA%3d%3d:1794:343)
    at renderBasket (https://d1hjvew1n9ss7u.cloudfront.net/asset.axd?id=PAEAAB-LCAAAAAAAAAOtj0EPwUAQhf-KzLnsKqu64iBu4oSbOKzt0G2qKztTkQi_3abi6Ob43vfem8wDLIMGxjuLytwM2eCuPOvZ0gRCnrd86k8hgSaGNr5llFE40CdTEyZQXKP_EtuuRREhaA5tJLcIJqM8VSqfZlIO1VilWRYT9puwhStAjyZqIKM4fm1HoPeP333qLi5bYn8RS98wNix2JV6QxNrXRizOwRRGrLbi88ygIngm_1k8YzCOusXD8w1y8dfTPAEAAA%3d%3d:29:27)
    at <anonymous> (https://d1hjvew1n9ss7u.cloudfront.net/asset.axd?id=PAEAAB-LCAAAAAAAAAOtj0EPwUAQhf-KzLnsKqu64iBu4oSbOKzt0G2qKztTkQi_3abi6Ob43vfem8wDLIMGxjuLytwM2eCuPOvZ0gRCnrd86k8hgSaGNr5llFE40CdTEyZQXKP_EtuuRREhaA5tJLcIJqM8VSqfZlIO1VilWRYT9puwhStAjyZqIKM4fm1HoPeP333qLi5bYn8RS98wNix2JV6QxNrXRizOwRRGrLbi88ygIngm_1k8YzCOusXD8w1y8dfTPAEAAA%3d%3d:220:1)
    at f (https://d1hjvew1n9ss7u.cloudfront.net/assets/shjs.js?t=639255987001545277:0:10382)
    at fireWith (https://d1hjvew1n9ss7u.cloudfront.net/assets/shjs.js?t=639255987001545277:0:11137)
    at ready (https://d1hjvew1n9ss7u.cloudfront.net/assets/shjs.js?t=639255987001545277:0:5238)
    at r (https://d1hjvew1n9ss7u.cloudfront.net/assets/shjs.js?t=639255987001545277:0:9748)
[  293755ms] [VERBOSE] [DOM] Input elements should have autocomplete attributes (suggested: "current-password"): (More info: https://goo.gl/9p2vKq) %o @ https://www.lolacosmetics.com.br/colecoes/cereal-killer:0
[  293756ms] [VERBOSE] [DOM] Input elements should have autocomplete attributes (suggested: "current-password"): (More info: https://goo.gl/9p2vKq) %o @ https://www.lolacosmetics.com.br/colecoes/cereal-killer:0
[  293840ms] [ERROR] Failed to load resource: net::ERR_NAME_NOT_RESOLVED @ https://event.getblue.io/js/blue-tag.min.js:0
[  293964ms] [LOG] AffiseStorage availability: {cookie: true, localStorage: true, sessionStorage: true} @ https://rankmediabrasil.g2afse.com/websdk.js:0
[  293965ms] [LOG] Status RNK Media - ClickId: null UTM: null @ :3
[  293995ms] [WARNING] [Meta Pixel] - Invalid parameter format for currency. Please refer https://developers.facebook.com/docs/meta-pixel/reference/ for valid parameter specifications. @ https://connect.facebook.net/en_US/fbevents.js:203
[  294280ms] [INFO] É necessário definir o storeID no Plugin TrustVox @ https://d1hjvew1n9ss7u.cloudfront.net/asset.axd?id=CQsAAB-LCAAAAAAAAAO9lsFunDAQhl-l4rw122zJJlv1lEfooYeqh8HMgrNgW54xGxSlz16HaBVgoZWK1SP-f_v7MTPYz4nk5JAwPnH6CC2QdMrylw-yAkfIXz0fP94lm0QH03dVlMjb8KSSwxFqwk1S2CD8Sr_10yhImBzY-aC0Qbjd3d9k2f3dfrv9lH3Obvb74JAXhyxUkRx2t5nYhof8MqwoOfx4Xp5PPfHBE5smfTCaUXP6lo1S1VgfgokGGS6p0nMhhuPikZKXzb8SSmPKGgVoqDtWkoaUqbaORB0xNsKhBMvhg4h2N4TNyOt41pmjCvFrUyo9JI2EiAxhwHO1TOrlOLwz1tI0KKgy1qKbY04s67i5M2dSuhQSGEvjuga1H1JnDavftfCSBSE4Od3WgbKOIiuUJ-NZ5EAnDGv6pgHXVQjFeF__aFyXIawTVnzdvRy0HmOn2jrSEWSIzp0NNYkt1qN2vxJjsEpnvL2m9MORarJ0Kvw-jOPxzs3pcSqyVjr0l6KqVsRzhTkyRGQ2WCigReKbHJ0nWnAKWBn9V_S7M2KKcI4St-ZJOHhthMUME1-cBNYpiXPIXojDyH2Xe2YzPaXG4n9gGY2yVvIUTDF7c9om12pE2jJoFaOAcNPyBGW4D0mJlkGP62LWEOtc0HimGpmXzoZ3vSf-fPkNwB1u7QkLAAA%3d:49
[  294286ms] Uncaught TypeError: Cannot read properties of undefined (reading 'replace')
    at validaFreteGratis (https://d1hjvew1n9ss7u.cloudfront.net/asset.axd?id=PAEAAB-LCAAAAAAAAAOtj0EPwUAQhf-KzLnsKqu64iBu4oSbOKzt0G2qKztTkQi_3abi6Ob43vfem8wDLIMGxjuLytwM2eCuPOvZ0gRCnrd86k8hgSaGNr5llFE40CdTEyZQXKP_EtuuRREhaA5tJLcIJqM8VSqfZlIO1VilWRYT9puwhStAjyZqIKM4fm1HoPeP333qLi5bYn8RS98wNix2JV6QxNrXRizOwRRGrLbi88ygIngm_1k8YzCOusXD8w1y8dfTPAEAAA%3d%3d:1:7633)
    at <anonymous> (https://d1hjvew1n9ss7u.cloudfront.net/asset.axd?id=PAEAAB-LCAAAAAAAAAOtj0EPwUAQhf-KzLnsKqu64iBu4oSbOKzt0G2qKztTkQi_3abi6Ob43vfem8wDLIMGxjuLytwM2eCuPOvZ0gRCnrd86k8hgSaGNr5llFE40CdTEyZQXKP_EtuuRREhaA5tJLcIJqM8VSqfZlIO1VilWRYT9puwhStAjyZqIKM4fm1HoPeP333qLi5bYn8RS98wNix2JV6QxNrXRizOwRRGrLbi88ygIngm_1k8YzCOusXD8w1y8dfTPAEAAA%3d%3d:1:49808)
    at dispatch (https://d1hjvew1n9ss7u.cloudfront.net/assets/shjs.js?t=639255987001545277:0:32701)
    at a (https://d1hjvew1n9ss7u.cloudfront.net/assets/shjs.js?t=639255987001545277:0:28480)
[  294284ms] [LOG] Banner não encontrado: banner-232 @ https://d1hjvew1n9ss7u.cloudfront.net/asset.axd?id=PAEAAB-LCAAAAAAAAAOtj0EPwUAQhf-KzLnsKqu64iBu4oSbOKzt0G2qKztTkQi_3abi6Ob43vfem8wDLIMGxjuLytwM2eCuPOvZ0gRCnrd86k8hgSaGNr5llFE40CdTEyZQXKP_EtuuRREhaA5tJLcIJqM8VSqfZlIO1VilWRYT9puwhStAjyZqIKM4fm1HoPeP333qLi5bYn8RS98wNix2JV6QxNrXRizOwRRGrLbi88ygIngm_1k8YzCOusXD8w1y8dfTPAEAAA%3d%3d:754
[  294309ms] [LOG] %c Widde Video Commerce %c v24604ee %c Build: 21/09/2026 20:39 %c border: 1px solid #2567f8; background: #2567f8; color: #fff; font-weight: bold; padding: 4px 8px; border-radius: 3px 0 0 0; border: 1px solid #2567f8; border-left: none; background: #FFF; color: #2567f8; font-weight: bold; padding: 4px 8px; border: 1px solid #2567f8; border-left: none; background: #f0f0f0; color: #333; font-weight: bold; padding: 4px 8px; border-radius: 0 3px 3px 0; background: transparent @ https://cdn.widde.io/assets/main.utzwjalemu.js:0
[  294324ms] [LOG] %c Tryon Widde.io %c %s %c border: 1px solid #2567f8; background: #2567f8; color: #fff; font-weight: bold; padding: 4px 8px; border-radius: 3px 0 0 3px; border: 1px solid #2567f8; background: #FFF; color: #2567f8; font-weight: bold; padding: 4px 8px; border-radius: 0 3px 3px 0; 47bf7c2 background: transparent @ https://cdn-tryon.widde.io/widde-tryon.js:86
[  294338ms] [LOG] [tryon-tracker] initialized {domain: www.lolacosmetics.com.br} @ https://cdn-tryon.widde.io/widde-tryon.js:8
[  300929ms] [WARNING] Error with Feature-Policy header: Some features are specified in both Feature-Policy and Permissions-Policy header: payment, fullscreen, microphone, camera. Values defined in Permissions-Policy header will be used. @ :0
[  301252ms] [ERROR] Failed to load resource: the server responded with a status of 500 () @ https://fonts.cdnfonts.com/css/leelawade:0
[  301529ms] [ERROR] Failed to load resource: the server responded with a status of 404 () @ https://lolacosmetics.admin.linxcommerce.com.br/Custom/Content/Themes/Lola/Styles/Fonts/FontAwesome/all.css:0
[  301656ms] [LOG] Banner não encontrado: banner-232 @ https://d1hjvew1n9ss7u.cloudfront.net/asset.axd?id=PAEAAB-LCAAAAAAAAAOtj0EPwUAQhf-KzLnsKqu64iBu4oSbOKzt0G2qKztTkQi_3abi6Ob43vfem8wDLIMGxjuLytwM2eCuPOvZ0gRCnrd86k8hgSaGNr5llFE40CdTEyZQXKP_EtuuRREhaA5tJLcIJqM8VSqfZlIO1VilWRYT9puwhStAjyZqIKM4fm1HoPeP333qLi5bYn8RS98wNix2JV6QxNrXRizOwRRGrLbi88ygIngm_1k8YzCOusXD8w1y8dfTPAEAAA%3d%3d:754
[  301660ms] [LOG] [Debug Carrinho] Polling ativo @ https://d1hjvew1n9ss7u.cloudfront.net/asset.axd?id=PAEAAB-LCAAAAAAAAAOtj0EPwUAQhf-KzLnsKqu64iBu4oSbOKzt0G2qKztTkQi_3abi6Ob43vfem8wDLIMGxjuLytwM2eCuPOvZ0gRCnrd86k8hgSaGNr5llFE40CdTEyZQXKP_EtuuRREhaA5tJLcIJqM8VSqfZlIO1VilWRYT9puwhStAjyZqIKM4fm1HoPeP333qLi5bYn8RS98wNix2JV6QxNrXRizOwRRGrLbi88ygIngm_1k8YzCOusXD8w1y8dfTPAEAAA%3d%3d:1790
[  301719ms] [LOG] categoria @ https://d1hjvew1n9ss7u.cloudfront.net/asset.axd?id=PAEAAB-LCAAAAAAAAAOtj0EPwUAQhf-KzLnsKqu64iBu4oSbOKzt0G2qKztTkQi_3abi6Ob43vfem8wDLIMGxjuLytwM2eCuPOvZ0gRCnrd86k8hgSaGNr5llFE40CdTEyZQXKP_EtuuRREhaA5tJLcIJqM8VSqfZlIO1VilWRYT9puwhStAjyZqIKM4fm1HoPeP333qLi5bYn8RS98wNix2JV6QxNrXRizOwRRGrLbi88ygIngm_1k8YzCOusXD8w1y8dfTPAEAAA%3d%3d:1
[  301719ms] [WARNING] !! Há erros de scripts de terceiros !!
Por favor, contate a Empresa responsável pelo script.  @ https://d1hjvew1n9ss7u.cloudfront.net/assets/shjs.js?t=639255987001545277:0
[  301729ms] Uncaught Error: You must pass a string or Handlebars AST to Handlebars.compile. You passed null
    at e.compile (https://d1hjvew1n9ss7u.cloudfront.net/asset.axd?id=PAEAAB-LCAAAAAAAAAOtj0EPwUAQhf-KzLnsKqu64iBu4oSbOKzt0G2qKztTkQi_3abi6Ob43vfem8wDLIMGxjuLytwM2eCuPOvZ0gRCnrd86k8hgSaGNr5llFE40CdTEyZQXKP_EtuuRREhaA5tJLcIJqM8VSqfZlIO1VilWRYT9puwhStAjyZqIKM4fm1HoPeP333qLi5bYn8RS98wNix2JV6QxNrXRizOwRRGrLbi88ygIngm_1k8YzCOusXD8w1y8dfTPAEAAA%3d%3d:1794:49302)
    at i.compile (https://d1hjvew1n9ss7u.cloudfront.net/asset.axd?id=PAEAAB-LCAAAAAAAAAOtj0EPwUAQhf-KzLnsKqu64iBu4oSbOKzt0G2qKztTkQi_3abi6Ob43vfem8wDLIMGxjuLytwM2eCuPOvZ0gRCnrd86k8hgSaGNr5llFE40CdTEyZQXKP_EtuuRREhaA5tJLcIJqM8VSqfZlIO1VilWRYT9puwhStAjyZqIKM4fm1HoPeP333qLi5bYn8RS98wNix2JV6QxNrXRizOwRRGrLbi88ygIngm_1k8YzCOusXD8w1y8dfTPAEAAA%3d%3d:1794:343)
    at renderBasket (https://d1hjvew1n9ss7u.cloudfront.net/asset.axd?id=PAEAAB-LCAAAAAAAAAOtj0EPwUAQhf-KzLnsKqu64iBu4oSbOKzt0G2qKztTkQi_3abi6Ob43vfem8wDLIMGxjuLytwM2eCuPOvZ0gRCnrd86k8hgSaGNr5llFE40CdTEyZQXKP_EtuuRREhaA5tJLcIJqM8VSqfZlIO1VilWRYT9puwhStAjyZqIKM4fm1HoPeP333qLi5bYn8RS98wNix2JV6QxNrXRizOwRRGrLbi88ygIngm_1k8YzCOusXD8w1y8dfTPAEAAA%3d%3d:29:27)
    at <anonymous> (https://d1hjvew1n9ss7u.cloudfront.net/asset.axd?id=PAEAAB-LCAAAAAAAAAOtj0EPwUAQhf-KzLnsKqu64iBu4oSbOKzt0G2qKztTkQi_3abi6Ob43vfem8wDLIMGxjuLytwM2eCuPOvZ0gRCnrd86k8hgSaGNr5llFE40CdTEyZQXKP_EtuuRREhaA5tJLcIJqM8VSqfZlIO1VilWRYT9puwhStAjyZqIKM4fm1HoPeP333qLi5bYn8RS98wNix2JV6QxNrXRizOwRRGrLbi88ygIngm_1k8YzCOusXD8w1y8dfTPAEAAA%3d%3d:220:1)
    at f (https://d1hjvew1n9ss7u.cloudfront.net/assets/shjs.js?t=639255987001545277:0:10382)
    at fireWith (https://d1hjvew1n9ss7u.cloudfront.net/assets/shjs.js?t=639255987001545277:0:11137)
    at ready (https://d1hjvew1n9ss7u.cloudfront.net/assets/shjs.js?t=639255987001545277:0:5238)
    at r (https://d1hjvew1n9ss7u.cloudfront.net/assets/shjs.js?t=639255987001545277:0:9748)
[  301723ms] [VERBOSE] [DOM] Input elements should have autocomplete attributes (suggested: "current-password"): (More info: https://goo.gl/9p2vKq) %o @ https://www.lolacosmetics.com.br/colecoes/comigo-ninguem-pode:0
[  301723ms] [VERBOSE] [DOM] Input elements should have autocomplete attributes (suggested: "current-password"): (More info: https://goo.gl/9p2vKq) %o @ https://www.lolacosmetics.com.br/colecoes/comigo-ninguem-pode:0
[  301820ms] [LOG] AffiseStorage availability: {cookie: true, localStorage: true, sessionStorage: true} @ https://rankmediabrasil.g2afse.com/websdk.js:0
[  301821ms] [LOG] Status RNK Media - ClickId: null UTM: null @ :3
[  303116ms] [INFO] É necessário definir o storeID no Plugin TrustVox @ https://d1hjvew1n9ss7u.cloudfront.net/asset.axd?id=_woAAB-LCAAAAAAAAAO9lsFunDAQhl-l4rw122w3m1D1lEfooYeqh8HMgrNgW_aYDYrSZ--EaFVgIZWK1aP9__b3Y3uwnxNJSZYQPlH6CC146ZSlLx9kBc4jfQ10_HiXbBLNpu-qKJG23FJJdoTa4yYpLAu_0m_9MM8SJhm5wErLwu3u_ma_v787bLef9p_3N4cDO-TFIQtVJNnudi-23Mgv3con2Y_n5fG-Jz4ET6ZJH4wm1JS-ZfOpamzgYKJBgkuq9FyIYb949MnL5l8JpTFljQI01B0p6YeUqbaO5DtP2AiHEizxhoh2N4TNyOt41pmj4vi1KZUekkZCRIYwEKhaJvVyHN4Za2kaFL4y1qKbY04s67i5M2evdCkkEJbGdQ3qMKTOGlZ_axEkCY_g5HRZB8o6iqxQnkwgkYM_Ic8ZmgZcVyEU43V917guA8_DM76uXg5aj7FTbR3pCJKjU2f5TGKL9ajcr8R4LOVpicRSDE7pTLDXjL470tkvneLflHE03qE5Pc7Jr5XmOla-mq7frCEis8FCgV8kvsnReaIFp4CU0X9F_3FGTMH3tafWPAkHrwW3mGHii5PAOiVxDtkLcRh56PJAZKa34Vj8DyyjUdZKntgUszanZXKtRqQtg1YxCuAXXfBQ8rtLSrQEenwuZg098-fLbwJGClv_CgAA:52
[  304008ms] Uncaught TypeError: Cannot read properties of undefined (reading 'replace')
    at validaFreteGratis (https://d1hjvew1n9ss7u.cloudfront.net/asset.axd?id=PAEAAB-LCAAAAAAAAAOtj0EPwUAQhf-KzLnsKqu64iBu4oSbOKzt0G2qKztTkQi_3abi6Ob43vfem8wDLIMGxjuLytwM2eCuPOvZ0gRCnrd86k8hgSaGNr5llFE40CdTEyZQXKP_EtuuRREhaA5tJLcIJqM8VSqfZlIO1VilWRYT9puwhStAjyZqIKM4fm1HoPeP333qLi5bYn8RS98wNix2JV6QxNrXRizOwRRGrLbi88ygIngm_1k8YzCOusXD8w1y8dfTPAEAAA%3d%3d:1:7633)
    at <anonymous> (https://d1hjvew1n9ss7u.cloudfront.net/asset.axd?id=PAEAAB-LCAAAAAAAAAOtj0EPwUAQhf-KzLnsKqu64iBu4oSbOKzt0G2qKztTkQi_3abi6Ob43vfem8wDLIMGxjuLytwM2eCuPOvZ0gRCnrd86k8hgSaGNr5llFE40CdTEyZQXKP_EtuuRREhaA5tJLcIJqM8VSqfZlIO1VilWRYT9puwhStAjyZqIKM4fm1HoPeP333qLi5bYn8RS98wNix2JV6QxNrXRizOwRRGrLbi88ygIngm_1k8YzCOusXD8w1y8dfTPAEAAA%3d%3d:1:49808)
    at dispatch (https://d1hjvew1n9ss7u.cloudfront.net/assets/shjs.js?t=639255987001545277:0:32701)
    at a (https://d1hjvew1n9ss7u.cloudfront.net/assets/shjs.js?t=639255987001545277:0:28480)
[  303154ms] [LOG] Banner não encontrado: banner-232 @ https://d1hjvew1n9ss7u.cloudfront.net/asset.axd?id=PAEAAB-LCAAAAAAAAAOtj0EPwUAQhf-KzLnsKqu64iBu4oSbOKzt0G2qKztTkQi_3abi6Ob43vfem8wDLIMGxjuLytwM2eCuPOvZ0gRCnrd86k8hgSaGNr5llFE40CdTEyZQXKP_EtuuRREhaA5tJLcIJqM8VSqfZlIO1VilWRYT9puwhStAjyZqIKM4fm1HoPeP333qLi5bYn8RS98wNix2JV6QxNrXRizOwRRGrLbi88ygIngm_1k8YzCOusXD8w1y8dfTPAEAAA%3d%3d:754
[  303255ms] [LOG] %c Widde Video Commerce %c v24604ee %c Build: 21/09/2026 20:39 %c border: 1px solid #2567f8; background: #2567f8; color: #fff; font-weight: bold; padding: 4px 8px; border-radius: 3px 0 0 0; border: 1px solid #2567f8; border-left: none; background: #FFF; color: #2567f8; font-weight: bold; padding: 4px 8px; border: 1px solid #2567f8; border-left: none; background: #f0f0f0; color: #333; font-weight: bold; padding: 4px 8px; border-radius: 0 3px 3px 0; background: transparent @ https://cdn.widde.io/assets/main.utzwjalemu.js:0
[  303417ms] [LOG] %c Tryon Widde.io %c %s %c border: 1px solid #2567f8; background: #2567f8; color: #fff; font-weight: bold; padding: 4px 8px; border-radius: 3px 0 0 3px; border: 1px solid #2567f8; background: #FFF; color: #2567f8; font-weight: bold; padding: 4px 8px; border-radius: 0 3px 3px 0; 47bf7c2 background: transparent @ https://cdn-tryon.widde.io/widde-tryon.js:86
[  303638ms] [LOG] [tryon-tracker] initialized {domain: www.lolacosmetics.com.br} @ https://cdn-tryon.widde.io/widde-tryon.js:8
[  310489ms] [WARNING] Error with Feature-Policy header: Some features are specified in both Feature-Policy and Permissions-Policy header: payment, fullscreen, microphone, camera. Values defined in Permissions-Policy header will be used. @ :0
[  310805ms] [ERROR] Failed to load resource: the server responded with a status of 500 () @ https://fonts.cdnfonts.com/css/leelawade:0
[  311078ms] [ERROR] Failed to load resource: the server responded with a status of 404 () @ https://lolacosmetics.admin.linxcommerce.com.br/Custom/Content/Themes/Lola/Styles/Fonts/FontAwesome/all.css:0
[  311174ms] [LOG] Banner não encontrado: banner-232 @ https://d1hjvew1n9ss7u.cloudfront.net/asset.axd?id=PAEAAB-LCAAAAAAAAAOtj0EPwUAQhf-KzLnsKqu64iBu4oSbOKzt0G2qKztTkQi_3abi6Ob43vfem8wDLIMGxjuLytwM2eCuPOvZ0gRCnrd86k8hgSaGNr5llFE40CdTEyZQXKP_EtuuRREhaA5tJLcIJqM8VSqfZlIO1VilWRYT9puwhStAjyZqIKM4fm1HoPeP333qLi5bYn8RS98wNix2JV6QxNrXRizOwRRGrLbi88ygIngm_1k8YzCOusXD8w1y8dfTPAEAAA%3d%3d:754
[  311176ms] [LOG] [Debug Carrinho] Polling ativo @ https://d1hjvew1n9ss7u.cloudfront.net/asset.axd?id=PAEAAB-LCAAAAAAAAAOtj0EPwUAQhf-KzLnsKqu64iBu4oSbOKzt0G2qKztTkQi_3abi6Ob43vfem8wDLIMGxjuLytwM2eCuPOvZ0gRCnrd86k8hgSaGNr5llFE40CdTEyZQXKP_EtuuRREhaA5tJLcIJqM8VSqfZlIO1VilWRYT9puwhStAjyZqIKM4fm1HoPeP333qLi5bYn8RS98wNix2JV6QxNrXRizOwRRGrLbi88ygIngm_1k8YzCOusXD8w1y8dfTPAEAAA%3d%3d:1790
[  311219ms] [LOG] categoria @ https://d1hjvew1n9ss7u.cloudfront.net/asset.axd?id=PAEAAB-LCAAAAAAAAAOtj0EPwUAQhf-KzLnsKqu64iBu4oSbOKzt0G2qKztTkQi_3abi6Ob43vfem8wDLIMGxjuLytwM2eCuPOvZ0gRCnrd86k8hgSaGNr5llFE40CdTEyZQXKP_EtuuRREhaA5tJLcIJqM8VSqfZlIO1VilWRYT9puwhStAjyZqIKM4fm1HoPeP333qLi5bYn8RS98wNix2JV6QxNrXRizOwRRGrLbi88ygIngm_1k8YzCOusXD8w1y8dfTPAEAAA%3d%3d:1
[  311220ms] [WARNING] !! Há erros de scripts de terceiros !!
Por favor, contate a Empresa responsável pelo script.  @ https://d1hjvew1n9ss7u.cloudfront.net/assets/shjs.js?t=639255987001545277:0
[  311233ms] Uncaught Error: You must pass a string or Handlebars AST to Handlebars.compile. You passed null
    at e.compile (https://d1hjvew1n9ss7u.cloudfront.net/asset.axd?id=PAEAAB-LCAAAAAAAAAOtj0EPwUAQhf-KzLnsKqu64iBu4oSbOKzt0G2qKztTkQi_3abi6Ob43vfem8wDLIMGxjuLytwM2eCuPOvZ0gRCnrd86k8hgSaGNr5llFE40CdTEyZQXKP_EtuuRREhaA5tJLcIJqM8VSqfZlIO1VilWRYT9puwhStAjyZqIKM4fm1HoPeP333qLi5bYn8RS98wNix2JV6QxNrXRizOwRRGrLbi88ygIngm_1k8YzCOusXD8w1y8dfTPAEAAA%3d%3d:1794:49302)
    at i.compile (https://d1hjvew1n9ss7u.cloudfront.net/asset.axd?id=PAEAAB-LCAAAAAAAAAOtj0EPwUAQhf-KzLnsKqu64iBu4oSbOKzt0G2qKztTkQi_3abi6Ob43vfem8wDLIMGxjuLytwM2eCuPOvZ0gRCnrd86k8hgSaGNr5llFE40CdTEyZQXKP_EtuuRREhaA5tJLcIJqM8VSqfZlIO1VilWRYT9puwhStAjyZqIKM4fm1HoPeP333qLi5bYn8RS98wNix2JV6QxNrXRizOwRRGrLbi88ygIngm_1k8YzCOusXD8w1y8dfTPAEAAA%3d%3d:1794:343)
    at renderBasket (https://d1hjvew1n9ss7u.cloudfront.net/asset.axd?id=PAEAAB-LCAAAAAAAAAOtj0EPwUAQhf-KzLnsKqu64iBu4oSbOKzt0G2qKztTkQi_3abi6Ob43vfem8wDLIMGxjuLytwM2eCuPOvZ0gRCnrd86k8hgSaGNr5llFE40CdTEyZQXKP_EtuuRREhaA5tJLcIJqM8VSqfZlIO1VilWRYT9puwhStAjyZqIKM4fm1HoPeP333qLi5bYn8RS98wNix2JV6QxNrXRizOwRRGrLbi88ygIngm_1k8YzCOusXD8w1y8dfTPAEAAA%3d%3d:29:27)
    at <anonymous> (https://d1hjvew1n9ss7u.cloudfront.net/asset.axd?id=PAEAAB-LCAAAAAAAAAOtj0EPwUAQhf-KzLnsKqu64iBu4oSbOKzt0G2qKztTkQi_3abi6Ob43vfem8wDLIMGxjuLytwM2eCuPOvZ0gRCnrd86k8hgSaGNr5llFE40CdTEyZQXKP_EtuuRREhaA5tJLcIJqM8VSqfZlIO1VilWRYT9puwhStAjyZqIKM4fm1HoPeP333qLi5bYn8RS98wNix2JV6QxNrXRizOwRRGrLbi88ygIngm_1k8YzCOusXD8w1y8dfTPAEAAA%3d%3d:220:1)
    at f (https://d1hjvew1n9ss7u.cloudfront.net/assets/shjs.js?t=639255987001545277:0:10382)
    at fireWith (https://d1hjvew1n9ss7u.cloudfront.net/assets/shjs.js?t=639255987001545277:0:11137)
    at ready (https://d1hjvew1n9ss7u.cloudfront.net/assets/shjs.js?t=639255987001545277:0:5238)
    at r (https://d1hjvew1n9ss7u.cloudfront.net/assets/shjs.js?t=639255987001545277:0:9748)
[  311224ms] [VERBOSE] [DOM] Input elements should have autocomplete attributes (suggested: "current-password"): (More info: https://goo.gl/9p2vKq) %o @ https://www.lolacosmetics.com.br/colecoes/cuca-fresca:0
[  311225ms] [VERBOSE] [DOM] Input elements should have autocomplete attributes (suggested: "current-password"): (More info: https://goo.gl/9p2vKq) %o @ https://www.lolacosmetics.com.br/colecoes/cuca-fresca:0
[  311269ms] [ERROR] Failed to load resource: net::ERR_NAME_NOT_RESOLVED @ https://event.getblue.io/js/blue-tag.min.js:0
[  311358ms] [LOG] AffiseStorage availability: {cookie: true, localStorage: true, sessionStorage: true} @ https://rankmediabrasil.g2afse.com/websdk.js:0
[  311362ms] [LOG] Status RNK Media - ClickId: null UTM: null @ :3
[  311836ms] [INFO] É necessário definir o storeID no Plugin TrustVox @ https://d1hjvew1n9ss7u.cloudfront.net/asset.axd?id=_woAAB-LCAAAAAAAAAO9lsFunDAQhl-l4rw122w3m1D1lEfooYeqh8HMgrNgW_aYDYrSZ--EaFVgIZWK1aP9__b3Y3uwnxNJSZYQPlH6CC146ZSlLx9kBc4jfQ10_HiXbBLNpu-qKJG23FJJdoTa4yYpLAu_0m_9MM8SJhm5wErLwu3u_ma_v787bLef9p_3N4cDO-TFIQtVJNnudi-23Mgv3con2Y_n5fG-Jz4ET6ZJH4wm1JS-ZfOpamzgYKJBgkuq9FyIYb949MnL5l8JpTFljQI01B0p6YeUqbaO5DtP2AiHEizxhoh2N4TNyOt41pmj4vi1KZUekkZCRIYwEKhaJvVyHN4Za2kaFL4y1qKbY04s67i5M2evdCkkEJbGdQ3qMKTOGlZ_axEkCY_g5HRZB8o6iqxQnkwgkYM_Ic8ZmgZcVyEU43V917guA8_DM76uXg5aj7FTbR3pCJKjU2f5TGKL9ajcr8R4LOVpicRSDE7pTLDXjL470tkvneLflHE03qE5Pc7Jr5XmOla-mq7frCEis8FCgV8kvsnReaIFp4CU0X9F_3FGTMH3tafWPAkHrwW3mGHii5PAOiVxDtkLcRh56PJAZKa34Vj8DyyjUdZKntgUszanZXKtRqQtg1YxCuAXXfBQ8rtLSrQEenwuZg098-fLbwJGClv_CgAA:52
[  311851ms] Uncaught TypeError: Cannot read properties of undefined (reading 'replace')
    at validaFreteGratis (https://d1hjvew1n9ss7u.cloudfront.net/asset.axd?id=PAEAAB-LCAAAAAAAAAOtj0EPwUAQhf-KzLnsKqu64iBu4oSbOKzt0G2qKztTkQi_3abi6Ob43vfem8wDLIMGxjuLytwM2eCuPOvZ0gRCnrd86k8hgSaGNr5llFE40CdTEyZQXKP_EtuuRREhaA5tJLcIJqM8VSqfZlIO1VilWRYT9puwhStAjyZqIKM4fm1HoPeP333qLi5bYn8RS98wNix2JV6QxNrXRizOwRRGrLbi88ygIngm_1k8YzCOusXD8w1y8dfTPAEAAA%3d%3d:1:7633)
    at <anonymous> (https://d1hjvew1n9ss7u.cloudfront.net/asset.axd?id=PAEAAB-LCAAAAAAAAAOtj0EPwUAQhf-KzLnsKqu64iBu4oSbOKzt0G2qKztTkQi_3abi6Ob43vfem8wDLIMGxjuLytwM2eCuPOvZ0gRCnrd86k8hgSaGNr5llFE40CdTEyZQXKP_EtuuRREhaA5tJLcIJqM8VSqfZlIO1VilWRYT9puwhStAjyZqIKM4fm1HoPeP333qLi5bYn8RS98wNix2JV6QxNrXRizOwRRGrLbi88ygIngm_1k8YzCOusXD8w1y8dfTPAEAAA%3d%3d:1:49808)
    at dispatch (https://d1hjvew1n9ss7u.cloudfront.net/assets/shjs.js?t=639255987001545277:0:32701)
    at a (https://d1hjvew1n9ss7u.cloudfront.net/assets/shjs.js?t=639255987001545277:0:28480)
[  311844ms] [LOG] Banner não encontrado: banner-232 @ https://d1hjvew1n9ss7u.cloudfront.net/asset.axd?id=PAEAAB-LCAAAAAAAAAOtj0EPwUAQhf-KzLnsKqu64iBu4oSbOKzt0G2qKztTkQi_3abi6Ob43vfem8wDLIMGxjuLytwM2eCuPOvZ0gRCnrd86k8hgSaGNr5llFE40CdTEyZQXKP_EtuuRREhaA5tJLcIJqM8VSqfZlIO1VilWRYT9puwhStAjyZqIKM4fm1HoPeP333qLi5bYn8RS98wNix2JV6QxNrXRizOwRRGrLbi88ygIngm_1k8YzCOusXD8w1y8dfTPAEAAA%3d%3d:754
[  311876ms] [LOG] %c Widde Video Commerce %c v24604ee %c Build: 21/09/2026 20:39 %c border: 1px solid #2567f8; background: #2567f8; color: #fff; font-weight: bold; padding: 4px 8px; border-radius: 3px 0 0 0; border: 1px solid #2567f8; border-left: none; background: #FFF; color: #2567f8; font-weight: bold; padding: 4px 8px; border: 1px solid #2567f8; border-left: none; background: #f0f0f0; color: #333; font-weight: bold; padding: 4px 8px; border-radius: 0 3px 3px 0; background: transparent @ https://cdn.widde.io/assets/main.utzwjalemu.js:0
[  311960ms] [LOG] %c Tryon Widde.io %c %s %c border: 1px solid #2567f8; background: #2567f8; color: #fff; font-weight: bold; padding: 4px 8px; border-radius: 3px 0 0 3px; border: 1px solid #2567f8; background: #FFF; color: #2567f8; font-weight: bold; padding: 4px 8px; border-radius: 0 3px 3px 0; 47bf7c2 background: transparent @ https://cdn-tryon.widde.io/widde-tryon.js:86
[  311985ms] [LOG] [tryon-tracker] initialized {domain: www.lolacosmetics.com.br} @ https://cdn-tryon.widde.io/widde-tryon.js:8
[  319057ms] [WARNING] Error with Feature-Policy header: Some features are specified in both Feature-Policy and Permissions-Policy header: payment, fullscreen, microphone, camera. Values defined in Permissions-Policy header will be used. @ :0
[  319446ms] [ERROR] Failed to load resource: the server responded with a status of 500 () @ https://fonts.cdnfonts.com/css/leelawade:0
[  319713ms] [ERROR] Failed to load resource: the server responded with a status of 404 () @ https://lolacosmetics.admin.linxcommerce.com.br/Custom/Content/Themes/Lola/Styles/Fonts/FontAwesome/all.css:0
[  319784ms] [LOG] Banner não encontrado: banner-232 @ https://d1hjvew1n9ss7u.cloudfront.net/asset.axd?id=PAEAAB-LCAAAAAAAAAOtj0EPwUAQhf-KzLnsKqu64iBu4oSbOKzt0G2qKztTkQi_3abi6Ob43vfem8wDLIMGxjuLytwM2eCuPOvZ0gRCnrd86k8hgSaGNr5llFE40CdTEyZQXKP_EtuuRREhaA5tJLcIJqM8VSqfZlIO1VilWRYT9puwhStAjyZqIKM4fm1HoPeP333qLi5bYn8RS98wNix2JV6QxNrXRizOwRRGrLbi88ygIngm_1k8YzCOusXD8w1y8dfTPAEAAA%3d%3d:754
[  319786ms] [LOG] [Debug Carrinho] Polling ativo @ https://d1hjvew1n9ss7u.cloudfront.net/asset.axd?id=PAEAAB-LCAAAAAAAAAOtj0EPwUAQhf-KzLnsKqu64iBu4oSbOKzt0G2qKztTkQi_3abi6Ob43vfem8wDLIMGxjuLytwM2eCuPOvZ0gRCnrd86k8hgSaGNr5llFE40CdTEyZQXKP_EtuuRREhaA5tJLcIJqM8VSqfZlIO1VilWRYT9puwhStAjyZqIKM4fm1HoPeP333qLi5bYn8RS98wNix2JV6QxNrXRizOwRRGrLbi88ygIngm_1k8YzCOusXD8w1y8dfTPAEAAA%3d%3d:1790
[  319827ms] [LOG] categoria @ https://d1hjvew1n9ss7u.cloudfront.net/asset.axd?id=PAEAAB-LCAAAAAAAAAOtj0EPwUAQhf-KzLnsKqu64iBu4oSbOKzt0G2qKztTkQi_3abi6Ob43vfem8wDLIMGxjuLytwM2eCuPOvZ0gRCnrd86k8hgSaGNr5llFE40CdTEyZQXKP_EtuuRREhaA5tJLcIJqM8VSqfZlIO1VilWRYT9puwhStAjyZqIKM4fm1HoPeP333qLi5bYn8RS98wNix2JV6QxNrXRizOwRRGrLbi88ygIngm_1k8YzCOusXD8w1y8dfTPAEAAA%3d%3d:1
[  319828ms] [WARNING] !! Há erros de scripts de terceiros !!
Por favor, contate a Empresa responsável pelo script.  @ https://d1hjvew1n9ss7u.cloudfront.net/assets/shjs.js?t=639255987001545277:0
[  319832ms] Uncaught Error: You must pass a string or Handlebars AST to Handlebars.compile. You passed null
    at e.compile (https://d1hjvew1n9ss7u.cloudfront.net/asset.axd?id=PAEAAB-LCAAAAAAAAAOtj0EPwUAQhf-KzLnsKqu64iBu4oSbOKzt0G2qKztTkQi_3abi6Ob43vfem8wDLIMGxjuLytwM2eCuPOvZ0gRCnrd86k8hgSaGNr5llFE40CdTEyZQXKP_EtuuRREhaA5tJLcIJqM8VSqfZlIO1VilWRYT9puwhStAjyZqIKM4fm1HoPeP333qLi5bYn8RS98wNix2JV6QxNrXRizOwRRGrLbi88ygIngm_1k8YzCOusXD8w1y8dfTPAEAAA%3d%3d:1794:49302)
    at i.compile (https://d1hjvew1n9ss7u.cloudfront.net/asset.axd?id=PAEAAB-LCAAAAAAAAAOtj0EPwUAQhf-KzLnsKqu64iBu4oSbOKzt0G2qKztTkQi_3abi6Ob43vfem8wDLIMGxjuLytwM2eCuPOvZ0gRCnrd86k8hgSaGNr5llFE40CdTEyZQXKP_EtuuRREhaA5tJLcIJqM8VSqfZlIO1VilWRYT9puwhStAjyZqIKM4fm1HoPeP333qLi5bYn8RS98wNix2JV6QxNrXRizOwRRGrLbi88ygIngm_1k8YzCOusXD8w1y8dfTPAEAAA%3d%3d:1794:343)
    at renderBasket (https://d1hjvew1n9ss7u.cloudfront.net/asset.axd?id=PAEAAB-LCAAAAAAAAAOtj0EPwUAQhf-KzLnsKqu64iBu4oSbOKzt0G2qKztTkQi_3abi6Ob43vfem8wDLIMGxjuLytwM2eCuPOvZ0gRCnrd86k8hgSaGNr5llFE40CdTEyZQXKP_EtuuRREhaA5tJLcIJqM8VSqfZlIO1VilWRYT9puwhStAjyZqIKM4fm1HoPeP333qLi5bYn8RS98wNix2JV6QxNrXRizOwRRGrLbi88ygIngm_1k8YzCOusXD8w1y8dfTPAEAAA%3d%3d:29:27)
    at <anonymous> (https://d1hjvew1n9ss7u.cloudfront.net/asset.axd?id=PAEAAB-LCAAAAAAAAAOtj0EPwUAQhf-KzLnsKqu64iBu4oSbOKzt0G2qKztTkQi_3abi6Ob43vfem8wDLIMGxjuLytwM2eCuPOvZ0gRCnrd86k8hgSaGNr5llFE40CdTEyZQXKP_EtuuRREhaA5tJLcIJqM8VSqfZlIO1VilWRYT9puwhStAjyZqIKM4fm1HoPeP333qLi5bYn8RS98wNix2JV6QxNrXRizOwRRGrLbi88ygIngm_1k8YzCOusXD8w1y8dfTPAEAAA%3d%3d:220:1)
    at f (https://d1hjvew1n9ss7u.cloudfront.net/assets/shjs.js?t=639255987001545277:0:10382)
    at fireWith (https://d1hjvew1n9ss7u.cloudfront.net/assets/shjs.js?t=639255987001545277:0:11137)
    at ready (https://d1hjvew1n9ss7u.cloudfront.net/assets/shjs.js?t=639255987001545277:0:5238)
    at r (https://d1hjvew1n9ss7u.cloudfront.net/assets/shjs.js?t=639255987001545277:0:9748)
[  319831ms] [VERBOSE] [DOM] Input elements should have autocomplete attributes (suggested: "current-password"): (More info: https://goo.gl/9p2vKq) %o @ https://www.lolacosmetics.com.br/colecoes/danos-vorazes:0
[  319831ms] [VERBOSE] [DOM] Input elements should have autocomplete attributes (suggested: "current-password"): (More info: https://goo.gl/9p2vKq) %o @ https://www.lolacosmetics.com.br/colecoes/danos-vorazes:0
[  319881ms] [ERROR] Failed to load resource: net::ERR_NAME_NOT_RESOLVED @ https://event.getblue.io/js/blue-tag.min.js:0
[  320016ms] [LOG] AffiseStorage availability: {cookie: true, localStorage: true, sessionStorage: true} @ https://rankmediabrasil.g2afse.com/websdk.js:0
[  320029ms] [LOG] Status RNK Media - ClickId: null UTM: null @ :3
[  320402ms] [WARNING] [Meta Pixel] - Invalid parameter format for currency. Please refer https://developers.facebook.com/docs/meta-pixel/reference/ for valid parameter specifications. @ https://connect.facebook.net/en_US/fbevents.js:203
[  320734ms] [INFO] É necessário definir o storeID no Plugin TrustVox @ https://d1hjvew1n9ss7u.cloudfront.net/asset.axd?id=_woAAB-LCAAAAAAAAAO9lsFunDAQhl-l4rw122w3m1D1lEfooYeqh8HMgrNgW_aYDYrSZ--EaFVgIZWK1aP9__b3Y3uwnxNJSZYQPlH6CC146ZSlLx9kBc4jfQ10_HiXbBLNpu-qKJG23FJJdoTa4yYpLAu_0m_9MM8SJhm5wErLwu3u_ma_v787bLef9p_3N4cDO-TFIQtVJNnudi-23Mgv3con2Y_n5fG-Jz4ET6ZJH4wm1JS-ZfOpamzgYKJBgkuq9FyIYb949MnL5l8JpTFljQI01B0p6YeUqbaO5DtP2AiHEizxhoh2N4TNyOt41pmj4vi1KZUekkZCRIYwEKhaJvVyHN4Za2kaFL4y1qKbY04s67i5M2evdCkkEJbGdQ3qMKTOGlZ_axEkCY_g5HRZB8o6iqxQnkwgkYM_Ic8ZmgZcVyEU43V917guA8_DM76uXg5aj7FTbR3pCJKjU2f5TGKL9ajcr8R4LOVpicRSDE7pTLDXjL470tkvneLflHE03qE5Pc7Jr5XmOla-mq7frCEis8FCgV8kvsnReaIFp4CU0X9F_3FGTMH3tafWPAkHrwW3mGHii5PAOiVxDtkLcRh56PJAZKa34Vj8DyyjUdZKntgUszanZXKtRqQtg1YxCuAXXfBQ8rtLSrQEenwuZg098-fLbwJGClv_CgAA:52
[  320742ms] Uncaught TypeError: Cannot read properties of undefined (reading 'replace')
    at validaFreteGratis (https://d1hjvew1n9ss7u.cloudfront.net/asset.axd?id=PAEAAB-LCAAAAAAAAAOtj0EPwUAQhf-KzLnsKqu64iBu4oSbOKzt0G2qKztTkQi_3abi6Ob43vfem8wDLIMGxjuLytwM2eCuPOvZ0gRCnrd86k8hgSaGNr5llFE40CdTEyZQXKP_EtuuRREhaA5tJLcIJqM8VSqfZlIO1VilWRYT9puwhStAjyZqIKM4fm1HoPeP333qLi5bYn8RS98wNix2JV6QxNrXRizOwRRGrLbi88ygIngm_1k8YzCOusXD8w1y8dfTPAEAAA%3d%3d:1:7633)
    at <anonymous> (https://d1hjvew1n9ss7u.cloudfront.net/asset.axd?id=PAEAAB-LCAAAAAAAAAOtj0EPwUAQhf-KzLnsKqu64iBu4oSbOKzt0G2qKztTkQi_3abi6Ob43vfem8wDLIMGxjuLytwM2eCuPOvZ0gRCnrd86k8hgSaGNr5llFE40CdTEyZQXKP_EtuuRREhaA5tJLcIJqM8VSqfZlIO1VilWRYT9puwhStAjyZqIKM4fm1HoPeP333qLi5bYn8RS98wNix2JV6QxNrXRizOwRRGrLbi88ygIngm_1k8YzCOusXD8w1y8dfTPAEAAA%3d%3d:1:49808)
    at dispatch (https://d1hjvew1n9ss7u.cloudfront.net/assets/shjs.js?t=639255987001545277:0:32701)
    at a (https://d1hjvew1n9ss7u.cloudfront.net/assets/shjs.js?t=639255987001545277:0:28480)
[  320738ms] [LOG] Banner não encontrado: banner-232 @ https://d1hjvew1n9ss7u.cloudfront.net/asset.axd?id=PAEAAB-LCAAAAAAAAAOtj0EPwUAQhf-KzLnsKqu64iBu4oSbOKzt0G2qKztTkQi_3abi6Ob43vfem8wDLIMGxjuLytwM2eCuPOvZ0gRCnrd86k8hgSaGNr5llFE40CdTEyZQXKP_EtuuRREhaA5tJLcIJqM8VSqfZlIO1VilWRYT9puwhStAjyZqIKM4fm1HoPeP333qLi5bYn8RS98wNix2JV6QxNrXRizOwRRGrLbi88ygIngm_1k8YzCOusXD8w1y8dfTPAEAAA%3d%3d:754
[  320751ms] [LOG] %c Widde Video Commerce %c v24604ee %c Build: 21/09/2026 20:39 %c border: 1px solid #2567f8; background: #2567f8; color: #fff; font-weight: bold; padding: 4px 8px; border-radius: 3px 0 0 0; border: 1px solid #2567f8; border-left: none; background: #FFF; color: #2567f8; font-weight: bold; padding: 4px 8px; border: 1px solid #2567f8; border-left: none; background: #f0f0f0; color: #333; font-weight: bold; padding: 4px 8px; border-radius: 0 3px 3px 0; background: transparent @ https://cdn.widde.io/assets/main.utzwjalemu.js:0
[  320782ms] [LOG] %c Tryon Widde.io %c %s %c border: 1px solid #2567f8; background: #2567f8; color: #fff; font-weight: bold; padding: 4px 8px; border-radius: 3px 0 0 3px; border: 1px solid #2567f8; background: #FFF; color: #2567f8; font-weight: bold; padding: 4px 8px; border-radius: 0 3px 3px 0; 47bf7c2 background: transparent @ https://cdn-tryon.widde.io/widde-tryon.js:86
[  320800ms] [LOG] [tryon-tracker] initialized {domain: www.lolacosmetics.com.br} @ https://cdn-tryon.widde.io/widde-tryon.js:8
[  327664ms] [WARNING] Error with Feature-Policy header: Some features are specified in both Feature-Policy and Permissions-Policy header: payment, fullscreen, microphone, camera. Values defined in Permissions-Policy header will be used. @ :0
[  328101ms] [ERROR] Failed to load resource: the server responded with a status of 500 () @ https://fonts.cdnfonts.com/css/leelawade:0
[  328330ms] [ERROR] Failed to load resource: the server responded with a status of 404 () @ https://lolacosmetics.admin.linxcommerce.com.br/Custom/Content/Themes/Lola/Styles/Fonts/FontAwesome/all.css:0
[  328393ms] [LOG] Banner não encontrado: banner-232 @ https://d1hjvew1n9ss7u.cloudfront.net/asset.axd?id=PAEAAB-LCAAAAAAAAAOtj0EPwUAQhf-KzLnsKqu64iBu4oSbOKzt0G2qKztTkQi_3abi6Ob43vfem8wDLIMGxjuLytwM2eCuPOvZ0gRCnrd86k8hgSaGNr5llFE40CdTEyZQXKP_EtuuRREhaA5tJLcIJqM8VSqfZlIO1VilWRYT9puwhStAjyZqIKM4fm1HoPeP333qLi5bYn8RS98wNix2JV6QxNrXRizOwRRGrLbi88ygIngm_1k8YzCOusXD8w1y8dfTPAEAAA%3d%3d:754
[  328394ms] [LOG] [Debug Carrinho] Polling ativo @ https://d1hjvew1n9ss7u.cloudfront.net/asset.axd?id=PAEAAB-LCAAAAAAAAAOtj0EPwUAQhf-KzLnsKqu64iBu4oSbOKzt0G2qKztTkQi_3abi6Ob43vfem8wDLIMGxjuLytwM2eCuPOvZ0gRCnrd86k8hgSaGNr5llFE40CdTEyZQXKP_EtuuRREhaA5tJLcIJqM8VSqfZlIO1VilWRYT9puwhStAjyZqIKM4fm1HoPeP333qLi5bYn8RS98wNix2JV6QxNrXRizOwRRGrLbi88ygIngm_1k8YzCOusXD8w1y8dfTPAEAAA%3d%3d:1790
[  328434ms] [LOG] categoria @ https://d1hjvew1n9ss7u.cloudfront.net/asset.axd?id=PAEAAB-LCAAAAAAAAAOtj0EPwUAQhf-KzLnsKqu64iBu4oSbOKzt0G2qKztTkQi_3abi6Ob43vfem8wDLIMGxjuLytwM2eCuPOvZ0gRCnrd86k8hgSaGNr5llFE40CdTEyZQXKP_EtuuRREhaA5tJLcIJqM8VSqfZlIO1VilWRYT9puwhStAjyZqIKM4fm1HoPeP333qLi5bYn8RS98wNix2JV6QxNrXRizOwRRGrLbi88ygIngm_1k8YzCOusXD8w1y8dfTPAEAAA%3d%3d:1
[  328435ms] [WARNING] !! Há erros de scripts de terceiros !!
Por favor, contate a Empresa responsável pelo script.  @ https://d1hjvew1n9ss7u.cloudfront.net/assets/shjs.js?t=639255987001545277:0
[  328436ms] Uncaught Error: You must pass a string or Handlebars AST to Handlebars.compile. You passed null
    at e.compile (https://d1hjvew1n9ss7u.cloudfront.net/asset.axd?id=PAEAAB-LCAAAAAAAAAOtj0EPwUAQhf-KzLnsKqu64iBu4oSbOKzt0G2qKztTkQi_3abi6Ob43vfem8wDLIMGxjuLytwM2eCuPOvZ0gRCnrd86k8hgSaGNr5llFE40CdTEyZQXKP_EtuuRREhaA5tJLcIJqM8VSqfZlIO1VilWRYT9puwhStAjyZqIKM4fm1HoPeP333qLi5bYn8RS98wNix2JV6QxNrXRizOwRRGrLbi88ygIngm_1k8YzCOusXD8w1y8dfTPAEAAA%3d%3d:1794:49302)
    at i.compile (https://d1hjvew1n9ss7u.cloudfront.net/asset.axd?id=PAEAAB-LCAAAAAAAAAOtj0EPwUAQhf-KzLnsKqu64iBu4oSbOKzt0G2qKztTkQi_3abi6Ob43vfem8wDLIMGxjuLytwM2eCuPOvZ0gRCnrd86k8hgSaGNr5llFE40CdTEyZQXKP_EtuuRREhaA5tJLcIJqM8VSqfZlIO1VilWRYT9puwhStAjyZqIKM4fm1HoPeP333qLi5bYn8RS98wNix2JV6QxNrXRizOwRRGrLbi88ygIngm_1k8YzCOusXD8w1y8dfTPAEAAA%3d%3d:1794:343)
    at renderBasket (https://d1hjvew1n9ss7u.cloudfront.net/asset.axd?id=PAEAAB-LCAAAAAAAAAOtj0EPwUAQhf-KzLnsKqu64iBu4oSbOKzt0G2qKztTkQi_3abi6Ob43vfem8wDLIMGxjuLytwM2eCuPOvZ0gRCnrd86k8hgSaGNr5llFE40CdTEyZQXKP_EtuuRREhaA5tJLcIJqM8VSqfZlIO1VilWRYT9puwhStAjyZqIKM4fm1HoPeP333qLi5bYn8RS98wNix2JV6QxNrXRizOwRRGrLbi88ygIngm_1k8YzCOusXD8w1y8dfTPAEAAA%3d%3d:29:27)
    at <anonymous> (https://d1hjvew1n9ss7u.cloudfront.net/asset.axd?id=PAEAAB-LCAAAAAAAAAOtj0EPwUAQhf-KzLnsKqu64iBu4oSbOKzt0G2qKztTkQi_3abi6Ob43vfem8wDLIMGxjuLytwM2eCuPOvZ0gRCnrd86k8hgSaGNr5llFE40CdTEyZQXKP_EtuuRREhaA5tJLcIJqM8VSqfZlIO1VilWRYT9puwhStAjyZqIKM4fm1HoPeP333qLi5bYn8RS98wNix2JV6QxNrXRizOwRRGrLbi88ygIngm_1k8YzCOusXD8w1y8dfTPAEAAA%3d%3d:220:1)
    at f (https://d1hjvew1n9ss7u.cloudfront.net/assets/shjs.js?t=639255987001545277:0:10382)
    at fireWith (https://d1hjvew1n9ss7u.cloudfront.net/assets/shjs.js?t=639255987001545277:0:11137)
    at ready (https://d1hjvew1n9ss7u.cloudfront.net/assets/shjs.js?t=639255987001545277:0:5238)
    at r (https://d1hjvew1n9ss7u.cloudfront.net/assets/shjs.js?t=639255987001545277:0:9748)
[  328438ms] [VERBOSE] [DOM] Input elements should have autocomplete attributes (suggested: "current-password"): (More info: https://goo.gl/9p2vKq) %o @ https://www.lolacosmetics.com.br/colecoes/densidade:0
[  328438ms] [VERBOSE] [DOM] Input elements should have autocomplete attributes (suggested: "current-password"): (More info: https://goo.gl/9p2vKq) %o @ https://www.lolacosmetics.com.br/colecoes/densidade:0
[  328481ms] [ERROR] Failed to load resource: net::ERR_NAME_NOT_RESOLVED @ https://event.getblue.io/js/blue-tag.min.js:0
[  328625ms] [LOG] AffiseStorage availability: {cookie: true, localStorage: true, sessionStorage: true} @ https://rankmediabrasil.g2afse.com/websdk.js:0
[  328627ms] [LOG] Status RNK Media - ClickId: null UTM: null @ :3
[  328930ms] [INFO] É necessário definir o storeID no Plugin TrustVox @ https://d1hjvew1n9ss7u.cloudfront.net/asset.axd?id=_woAAB-LCAAAAAAAAAO9lsFunDAQhl-l4rw122w3m1D1lEfooYeqh8HMgrNgW_aYDYrSZ--EaFVgIZWK1aP9__b3Y3uwnxNJSZYQPlH6CC146ZSlLx9kBc4jfQ10_HiXbBLNpu-qKJG23FJJdoTa4yYpLAu_0m_9MM8SJhm5wErLwu3u_ma_v787bLef9p_3N4cDO-TFIQtVJNnudi-23Mgv3con2Y_n5fG-Jz4ET6ZJH4wm1JS-ZfOpamzgYKJBgkuq9FyIYb949MnL5l8JpTFljQI01B0p6YeUqbaO5DtP2AiHEizxhoh2N4TNyOt41pmj4vi1KZUekkZCRIYwEKhaJvVyHN4Za2kaFL4y1qKbY04s67i5M2evdCkkEJbGdQ3qMKTOGlZ_axEkCY_g5HRZB8o6iqxQnkwgkYM_Ic8ZmgZcVyEU43V917guA8_DM76uXg5aj7FTbR3pCJKjU2f5TGKL9ajcr8R4LOVpicRSDE7pTLDXjL470tkvneLflHE03qE5Pc7Jr5XmOla-mq7frCEis8FCgV8kvsnReaIFp4CU0X9F_3FGTMH3tafWPAkHrwW3mGHii5PAOiVxDtkLcRh56PJAZKa34Vj8DyyjUdZKntgUszanZXKtRqQtg1YxCuAXXfBQ8rtLSrQEenwuZg098-fLbwJGClv_CgAA:52
[  328935ms] Uncaught TypeError: Cannot read properties of undefined (reading 'replace')
    at validaFreteGratis (https://d1hjvew1n9ss7u.cloudfront.net/asset.axd?id=PAEAAB-LCAAAAAAAAAOtj0EPwUAQhf-KzLnsKqu64iBu4oSbOKzt0G2qKztTkQi_3abi6Ob43vfem8wDLIMGxjuLytwM2eCuPOvZ0gRCnrd86k8hgSaGNr5llFE40CdTEyZQXKP_EtuuRREhaA5tJLcIJqM8VSqfZlIO1VilWRYT9puwhStAjyZqIKM4fm1HoPeP333qLi5bYn8RS98wNix2JV6QxNrXRizOwRRGrLbi88ygIngm_1k8YzCOusXD8w1y8dfTPAEAAA%3d%3d:1:7633)
    at <anonymous> (https://d1hjvew1n9ss7u.cloudfront.net/asset.axd?id=PAEAAB-LCAAAAAAAAAOtj0EPwUAQhf-KzLnsKqu64iBu4oSbOKzt0G2qKztTkQi_3abi6Ob43vfem8wDLIMGxjuLytwM2eCuPOvZ0gRCnrd86k8hgSaGNr5llFE40CdTEyZQXKP_EtuuRREhaA5tJLcIJqM8VSqfZlIO1VilWRYT9puwhStAjyZqIKM4fm1HoPeP333qLi5bYn8RS98wNix2JV6QxNrXRizOwRRGrLbi88ygIngm_1k8YzCOusXD8w1y8dfTPAEAAA%3d%3d:1:49808)
    at dispatch (https://d1hjvew1n9ss7u.cloudfront.net/assets/shjs.js?t=639255987001545277:0:32701)
    at a (https://d1hjvew1n9ss7u.cloudfront.net/assets/shjs.js?t=639255987001545277:0:28480)
[  328934ms] [LOG] Banner não encontrado: banner-232 @ https://d1hjvew1n9ss7u.cloudfront.net/asset.axd?id=PAEAAB-LCAAAAAAAAAOtj0EPwUAQhf-KzLnsKqu64iBu4oSbOKzt0G2qKztTkQi_3abi6Ob43vfem8wDLIMGxjuLytwM2eCuPOvZ0gRCnrd86k8hgSaGNr5llFE40CdTEyZQXKP_EtuuRREhaA5tJLcIJqM8VSqfZlIO1VilWRYT9puwhStAjyZqIKM4fm1HoPeP333qLi5bYn8RS98wNix2JV6QxNrXRizOwRRGrLbi88ygIngm_1k8YzCOusXD8w1y8dfTPAEAAA%3d%3d:754
[  328951ms] [LOG] %c Widde Video Commerce %c v24604ee %c Build: 21/09/2026 20:39 %c border: 1px solid #2567f8; background: #2567f8; color: #fff; font-weight: bold; padding: 4px 8px; border-radius: 3px 0 0 0; border: 1px solid #2567f8; border-left: none; background: #FFF; color: #2567f8; font-weight: bold; padding: 4px 8px; border: 1px solid #2567f8; border-left: none; background: #f0f0f0; color: #333; font-weight: bold; padding: 4px 8px; border-radius: 0 3px 3px 0; background: transparent @ https://cdn.widde.io/assets/main.utzwjalemu.js:0
[  329047ms] [LOG] %c Tryon Widde.io %c %s %c border: 1px solid #2567f8; background: #2567f8; color: #fff; font-weight: bold; padding: 4px 8px; border-radius: 3px 0 0 3px; border: 1px solid #2567f8; background: #FFF; color: #2567f8; font-weight: bold; padding: 4px 8px; border-radius: 0 3px 3px 0; 47bf7c2 background: transparent @ https://cdn-tryon.widde.io/widde-tryon.js:86
[  329062ms] [LOG] [tryon-tracker] initialized {domain: www.lolacosmetics.com.br} @ https://cdn-tryon.widde.io/widde-tryon.js:8
[  335600ms] [WARNING] Error with Feature-Policy header: Some features are specified in both Feature-Policy and Permissions-Policy header: payment, fullscreen, microphone, camera. Values defined in Permissions-Policy header will be used. @ :0
[  335951ms] [ERROR] Failed to load resource: the server responded with a status of 500 () @ https://fonts.cdnfonts.com/css/leelawade:0
[  336236ms] [ERROR] Failed to load resource: the server responded with a status of 404 () @ https://lolacosmetics.admin.linxcommerce.com.br/Custom/Content/Themes/Lola/Styles/Fonts/FontAwesome/all.css:0
[  336341ms] [LOG] Banner não encontrado: banner-232 @ https://d1hjvew1n9ss7u.cloudfront.net/asset.axd?id=PAEAAB-LCAAAAAAAAAOtj0EPwUAQhf-KzLnsKqu64iBu4oSbOKzt0G2qKztTkQi_3abi6Ob43vfem8wDLIMGxjuLytwM2eCuPOvZ0gRCnrd86k8hgSaGNr5llFE40CdTEyZQXKP_EtuuRREhaA5tJLcIJqM8VSqfZlIO1VilWRYT9puwhStAjyZqIKM4fm1HoPeP333qLi5bYn8RS98wNix2JV6QxNrXRizOwRRGrLbi88ygIngm_1k8YzCOusXD8w1y8dfTPAEAAA%3d%3d:754
[  336344ms] [LOG] [Debug Carrinho] Polling ativo @ https://d1hjvew1n9ss7u.cloudfront.net/asset.axd?id=PAEAAB-LCAAAAAAAAAOtj0EPwUAQhf-KzLnsKqu64iBu4oSbOKzt0G2qKztTkQi_3abi6Ob43vfem8wDLIMGxjuLytwM2eCuPOvZ0gRCnrd86k8hgSaGNr5llFE40CdTEyZQXKP_EtuuRREhaA5tJLcIJqM8VSqfZlIO1VilWRYT9puwhStAjyZqIKM4fm1HoPeP333qLi5bYn8RS98wNix2JV6QxNrXRizOwRRGrLbi88ygIngm_1k8YzCOusXD8w1y8dfTPAEAAA%3d%3d:1790
[  336401ms] [LOG] categoria @ https://d1hjvew1n9ss7u.cloudfront.net/asset.axd?id=PAEAAB-LCAAAAAAAAAOtj0EPwUAQhf-KzLnsKqu64iBu4oSbOKzt0G2qKztTkQi_3abi6Ob43vfem8wDLIMGxjuLytwM2eCuPOvZ0gRCnrd86k8hgSaGNr5llFE40CdTEyZQXKP_EtuuRREhaA5tJLcIJqM8VSqfZlIO1VilWRYT9puwhStAjyZqIKM4fm1HoPeP333qLi5bYn8RS98wNix2JV6QxNrXRizOwRRGrLbi88ygIngm_1k8YzCOusXD8w1y8dfTPAEAAA%3d%3d:1
[  336402ms] [WARNING] !! Há erros de scripts de terceiros !!
Por favor, contate a Empresa responsável pelo script.  @ https://d1hjvew1n9ss7u.cloudfront.net/assets/shjs.js?t=639255987001545277:0
[  336445ms] Uncaught Error: You must pass a string or Handlebars AST to Handlebars.compile. You passed null
    at e.compile (https://d1hjvew1n9ss7u.cloudfront.net/asset.axd?id=PAEAAB-LCAAAAAAAAAOtj0EPwUAQhf-KzLnsKqu64iBu4oSbOKzt0G2qKztTkQi_3abi6Ob43vfem8wDLIMGxjuLytwM2eCuPOvZ0gRCnrd86k8hgSaGNr5llFE40CdTEyZQXKP_EtuuRREhaA5tJLcIJqM8VSqfZlIO1VilWRYT9puwhStAjyZqIKM4fm1HoPeP333qLi5bYn8RS98wNix2JV6QxNrXRizOwRRGrLbi88ygIngm_1k8YzCOusXD8w1y8dfTPAEAAA%3d%3d:1794:49302)
    at i.compile (https://d1hjvew1n9ss7u.cloudfront.net/asset.axd?id=PAEAAB-LCAAAAAAAAAOtj0EPwUAQhf-KzLnsKqu64iBu4oSbOKzt0G2qKztTkQi_3abi6Ob43vfem8wDLIMGxjuLytwM2eCuPOvZ0gRCnrd86k8hgSaGNr5llFE40CdTEyZQXKP_EtuuRREhaA5tJLcIJqM8VSqfZlIO1VilWRYT9puwhStAjyZqIKM4fm1HoPeP333qLi5bYn8RS98wNix2JV6QxNrXRizOwRRGrLbi88ygIngm_1k8YzCOusXD8w1y8dfTPAEAAA%3d%3d:1794:343)
    at renderBasket (https://d1hjvew1n9ss7u.cloudfront.net/asset.axd?id=PAEAAB-LCAAAAAAAAAOtj0EPwUAQhf-KzLnsKqu64iBu4oSbOKzt0G2qKztTkQi_3abi6Ob43vfem8wDLIMGxjuLytwM2eCuPOvZ0gRCnrd86k8hgSaGNr5llFE40CdTEyZQXKP_EtuuRREhaA5tJLcIJqM8VSqfZlIO1VilWRYT9puwhStAjyZqIKM4fm1HoPeP333qLi5bYn8RS98wNix2JV6QxNrXRizOwRRGrLbi88ygIngm_1k8YzCOusXD8w1y8dfTPAEAAA%3d%3d:29:27)
    at <anonymous> (https://d1hjvew1n9ss7u.cloudfront.net/asset.axd?id=PAEAAB-LCAAAAAAAAAOtj0EPwUAQhf-KzLnsKqu64iBu4oSbOKzt0G2qKztTkQi_3abi6Ob43vfem8wDLIMGxjuLytwM2eCuPOvZ0gRCnrd86k8hgSaGNr5llFE40CdTEyZQXKP_EtuuRREhaA5tJLcIJqM8VSqfZlIO1VilWRYT9puwhStAjyZqIKM4fm1HoPeP333qLi5bYn8RS98wNix2JV6QxNrXRizOwRRGrLbi88ygIngm_1k8YzCOusXD8w1y8dfTPAEAAA%3d%3d:220:1)
    at f (https://d1hjvew1n9ss7u.cloudfront.net/assets/shjs.js?t=639255987001545277:0:10382)
    at fireWith (https://d1hjvew1n9ss7u.cloudfront.net/assets/shjs.js?t=639255987001545277:0:11137)
    at ready (https://d1hjvew1n9ss7u.cloudfront.net/assets/shjs.js?t=639255987001545277:0:5238)
    at r (https://d1hjvew1n9ss7u.cloudfront.net/assets/shjs.js?t=639255987001545277:0:9748)
[  336409ms] [VERBOSE] [DOM] Input elements should have autocomplete attributes (suggested: "current-password"): (More info: https://goo.gl/9p2vKq) %o @ https://www.lolacosmetics.com.br/colecoes/drama-queen:0
[  336409ms] [VERBOSE] [DOM] Input elements should have autocomplete attributes (suggested: "current-password"): (More info: https://goo.gl/9p2vKq) %o @ https://www.lolacosmetics.com.br/colecoes/drama-queen:0
[  336436ms] [ERROR] Failed to load resource: net::ERR_NAME_NOT_RESOLVED @ https://event.getblue.io/js/blue-tag.min.js:0
[  336655ms] [LOG] AffiseStorage availability: {cookie: true, localStorage: true, sessionStorage: true} @ https://rankmediabrasil.g2afse.com/websdk.js:0
[  336660ms] [LOG] Status RNK Media - ClickId: null UTM: null @ :3
[  336871ms] [WARNING] [Meta Pixel] - Invalid parameter format for currency. Please refer https://developers.facebook.com/docs/meta-pixel/reference/ for valid parameter specifications. @ https://connect.facebook.net/en_US/fbevents.js:203
[  337578ms] [INFO] É necessário definir o storeID no Plugin TrustVox @ https://d1hjvew1n9ss7u.cloudfront.net/asset.axd?id=_woAAB-LCAAAAAAAAAO9lsFunDAQhl-l4rw122w3m1D1lEfooYeqh8HMgrNgW_aYDYrSZ--EaFVgIZWK1aP9__b3Y3uwnxNJSZYQPlH6CC146ZSlLx9kBc4jfQ10_HiXbBLNpu-qKJG23FJJdoTa4yYpLAu_0m_9MM8SJhm5wErLwu3u_ma_v787bLef9p_3N4cDO-TFIQtVJNnudi-23Mgv3con2Y_n5fG-Jz4ET6ZJH4wm1JS-ZfOpamzgYKJBgkuq9FyIYb949MnL5l8JpTFljQI01B0p6YeUqbaO5DtP2AiHEizxhoh2N4TNyOt41pmj4vi1KZUekkZCRIYwEKhaJvVyHN4Za2kaFL4y1qKbY04s67i5M2evdCkkEJbGdQ3qMKTOGlZ_axEkCY_g5HRZB8o6iqxQnkwgkYM_Ic8ZmgZcVyEU43V917guA8_DM76uXg5aj7FTbR3pCJKjU2f5TGKL9ajcr8R4LOVpicRSDE7pTLDXjL470tkvneLflHE03qE5Pc7Jr5XmOla-mq7frCEis8FCgV8kvsnReaIFp4CU0X9F_3FGTMH3tafWPAkHrwW3mGHii5PAOiVxDtkLcRh56PJAZKa34Vj8DyyjUdZKntgUszanZXKtRqQtg1YxCuAXXfBQ8rtLSrQEenwuZg098-fLbwJGClv_CgAA:52
[  337820ms] Uncaught TypeError: Cannot read properties of undefined (reading 'replace')
    at validaFreteGratis (https://d1hjvew1n9ss7u.cloudfront.net/asset.axd?id=PAEAAB-LCAAAAAAAAAOtj0EPwUAQhf-KzLnsKqu64iBu4oSbOKzt0G2qKztTkQi_3abi6Ob43vfem8wDLIMGxjuLytwM2eCuPOvZ0gRCnrd86k8hgSaGNr5llFE40CdTEyZQXKP_EtuuRREhaA5tJLcIJqM8VSqfZlIO1VilWRYT9puwhStAjyZqIKM4fm1HoPeP333qLi5bYn8RS98wNix2JV6QxNrXRizOwRRGrLbi88ygIngm_1k8YzCOusXD8w1y8dfTPAEAAA%3d%3d:1:7633)
    at <anonymous> (https://d1hjvew1n9ss7u.cloudfront.net/asset.axd?id=PAEAAB-LCAAAAAAAAAOtj0EPwUAQhf-KzLnsKqu64iBu4oSbOKzt0G2qKztTkQi_3abi6Ob43vfem8wDLIMGxjuLytwM2eCuPOvZ0gRCnrd86k8hgSaGNr5llFE40CdTEyZQXKP_EtuuRREhaA5tJLcIJqM8VSqfZlIO1VilWRYT9puwhStAjyZqIKM4fm1HoPeP333qLi5bYn8RS98wNix2JV6QxNrXRizOwRRGrLbi88ygIngm_1k8YzCOusXD8w1y8dfTPAEAAA%3d%3d:1:49808)
    at dispatch (https://d1hjvew1n9ss7u.cloudfront.net/assets/shjs.js?t=639255987001545277:0:32701)
    at a (https://d1hjvew1n9ss7u.cloudfront.net/assets/shjs.js?t=639255987001545277:0:28480)
[  337594ms] [LOG] Banner não encontrado: banner-232 @ https://d1hjvew1n9ss7u.cloudfront.net/asset.axd?id=PAEAAB-LCAAAAAAAAAOtj0EPwUAQhf-KzLnsKqu64iBu4oSbOKzt0G2qKztTkQi_3abi6Ob43vfem8wDLIMGxjuLytwM2eCuPOvZ0gRCnrd86k8hgSaGNr5llFE40CdTEyZQXKP_EtuuRREhaA5tJLcIJqM8VSqfZlIO1VilWRYT9puwhStAjyZqIKM4fm1HoPeP333qLi5bYn8RS98wNix2JV6QxNrXRizOwRRGrLbi88ygIngm_1k8YzCOusXD8w1y8dfTPAEAAA%3d%3d:754
[  337635ms] [LOG] %c Widde Video Commerce %c v24604ee %c Build: 21/09/2026 20:39 %c border: 1px solid #2567f8; background: #2567f8; color: #fff; font-weight: bold; padding: 4px 8px; border-radius: 3px 0 0 0; border: 1px solid #2567f8; border-left: none; background: #FFF; color: #2567f8; font-weight: bold; padding: 4px 8px; border: 1px solid #2567f8; border-left: none; background: #f0f0f0; color: #333; font-weight: bold; padding: 4px 8px; border-radius: 0 3px 3px 0; background: transparent @ https://cdn.widde.io/assets/main.utzwjalemu.js:0
[  337655ms] [LOG] %c Tryon Widde.io %c %s %c border: 1px solid #2567f8; background: #2567f8; color: #fff; font-weight: bold; padding: 4px 8px; border-radius: 3px 0 0 3px; border: 1px solid #2567f8; background: #FFF; color: #2567f8; font-weight: bold; padding: 4px 8px; border-radius: 0 3px 3px 0; 47bf7c2 background: transparent @ https://cdn-tryon.widde.io/widde-tryon.js:86
[  337702ms] [LOG] [tryon-tracker] initialized {domain: www.lolacosmetics.com.br} @ https://cdn-tryon.widde.io/widde-tryon.js:8
[  345354ms] [WARNING] Error with Feature-Policy header: Some features are specified in both Feature-Policy and Permissions-Policy header: payment, fullscreen, microphone, camera. Values defined in Permissions-Policy header will be used. @ :0
[  345747ms] [ERROR] Failed to load resource: the server responded with a status of 500 () @ https://fonts.cdnfonts.com/css/leelawade:0
[  346170ms] [ERROR] Failed to load resource: the server responded with a status of 404 () @ https://lolacosmetics.admin.linxcommerce.com.br/Custom/Content/Themes/Lola/Styles/Fonts/FontAwesome/all.css:0
[  346278ms] [LOG] Banner não encontrado: banner-232 @ https://d1hjvew1n9ss7u.cloudfront.net/asset.axd?id=PAEAAB-LCAAAAAAAAAOtj0EPwUAQhf-KzLnsKqu64iBu4oSbOKzt0G2qKztTkQi_3abi6Ob43vfem8wDLIMGxjuLytwM2eCuPOvZ0gRCnrd86k8hgSaGNr5llFE40CdTEyZQXKP_EtuuRREhaA5tJLcIJqM8VSqfZlIO1VilWRYT9puwhStAjyZqIKM4fm1HoPeP333qLi5bYn8RS98wNix2JV6QxNrXRizOwRRGrLbi88ygIngm_1k8YzCOusXD8w1y8dfTPAEAAA%3d%3d:754
[  346283ms] [LOG] [Debug Carrinho] Polling ativo @ https://d1hjvew1n9ss7u.cloudfront.net/asset.axd?id=PAEAAB-LCAAAAAAAAAOtj0EPwUAQhf-KzLnsKqu64iBu4oSbOKzt0G2qKztTkQi_3abi6Ob43vfem8wDLIMGxjuLytwM2eCuPOvZ0gRCnrd86k8hgSaGNr5llFE40CdTEyZQXKP_EtuuRREhaA5tJLcIJqM8VSqfZlIO1VilWRYT9puwhStAjyZqIKM4fm1HoPeP333qLi5bYn8RS98wNix2JV6QxNrXRizOwRRGrLbi88ygIngm_1k8YzCOusXD8w1y8dfTPAEAAA%3d%3d:1790
[  346324ms] [LOG] categoria @ https://d1hjvew1n9ss7u.cloudfront.net/asset.axd?id=PAEAAB-LCAAAAAAAAAOtj0EPwUAQhf-KzLnsKqu64iBu4oSbOKzt0G2qKztTkQi_3abi6Ob43vfem8wDLIMGxjuLytwM2eCuPOvZ0gRCnrd86k8hgSaGNr5llFE40CdTEyZQXKP_EtuuRREhaA5tJLcIJqM8VSqfZlIO1VilWRYT9puwhStAjyZqIKM4fm1HoPeP333qLi5bYn8RS98wNix2JV6QxNrXRizOwRRGrLbi88ygIngm_1k8YzCOusXD8w1y8dfTPAEAAA%3d%3d:1
[  346324ms] [WARNING] !! Há erros de scripts de terceiros !!
Por favor, contate a Empresa responsável pelo script.  @ https://d1hjvew1n9ss7u.cloudfront.net/assets/shjs.js?t=639255987001545277:0
[  346328ms] Uncaught Error: You must pass a string or Handlebars AST to Handlebars.compile. You passed null
    at e.compile (https://d1hjvew1n9ss7u.cloudfront.net/asset.axd?id=PAEAAB-LCAAAAAAAAAOtj0EPwUAQhf-KzLnsKqu64iBu4oSbOKzt0G2qKztTkQi_3abi6Ob43vfem8wDLIMGxjuLytwM2eCuPOvZ0gRCnrd86k8hgSaGNr5llFE40CdTEyZQXKP_EtuuRREhaA5tJLcIJqM8VSqfZlIO1VilWRYT9puwhStAjyZqIKM4fm1HoPeP333qLi5bYn8RS98wNix2JV6QxNrXRizOwRRGrLbi88ygIngm_1k8YzCOusXD8w1y8dfTPAEAAA%3d%3d:1794:49302)
    at i.compile (https://d1hjvew1n9ss7u.cloudfront.net/asset.axd?id=PAEAAB-LCAAAAAAAAAOtj0EPwUAQhf-KzLnsKqu64iBu4oSbOKzt0G2qKztTkQi_3abi6Ob43vfem8wDLIMGxjuLytwM2eCuPOvZ0gRCnrd86k8hgSaGNr5llFE40CdTEyZQXKP_EtuuRREhaA5tJLcIJqM8VSqfZlIO1VilWRYT9puwhStAjyZqIKM4fm1HoPeP333qLi5bYn8RS98wNix2JV6QxNrXRizOwRRGrLbi88ygIngm_1k8YzCOusXD8w1y8dfTPAEAAA%3d%3d:1794:343)
    at renderBasket (https://d1hjvew1n9ss7u.cloudfront.net/asset.axd?id=PAEAAB-LCAAAAAAAAAOtj0EPwUAQhf-KzLnsKqu64iBu4oSbOKzt0G2qKztTkQi_3abi6Ob43vfem8wDLIMGxjuLytwM2eCuPOvZ0gRCnrd86k8hgSaGNr5llFE40CdTEyZQXKP_EtuuRREhaA5tJLcIJqM8VSqfZlIO1VilWRYT9puwhStAjyZqIKM4fm1HoPeP333qLi5bYn8RS98wNix2JV6QxNrXRizOwRRGrLbi88ygIngm_1k8YzCOusXD8w1y8dfTPAEAAA%3d%3d:29:27)
    at <anonymous> (https://d1hjvew1n9ss7u.cloudfront.net/asset.axd?id=PAEAAB-LCAAAAAAAAAOtj0EPwUAQhf-KzLnsKqu64iBu4oSbOKzt0G2qKztTkQi_3abi6Ob43vfem8wDLIMGxjuLytwM2eCuPOvZ0gRCnrd86k8hgSaGNr5llFE40CdTEyZQXKP_EtuuRREhaA5tJLcIJqM8VSqfZlIO1VilWRYT9puwhStAjyZqIKM4fm1HoPeP333qLi5bYn8RS98wNix2JV6QxNrXRizOwRRGrLbi88ygIngm_1k8YzCOusXD8w1y8dfTPAEAAA%3d%3d:220:1)
    at f (https://d1hjvew1n9ss7u.cloudfront.net/assets/shjs.js?t=639255987001545277:0:10382)
    at fireWith (https://d1hjvew1n9ss7u.cloudfront.net/assets/shjs.js?t=639255987001545277:0:11137)
    at ready (https://d1hjvew1n9ss7u.cloudfront.net/assets/shjs.js?t=639255987001545277:0:5238)
    at r (https://d1hjvew1n9ss7u.cloudfront.net/assets/shjs.js?t=639255987001545277:0:9748)
[  346330ms] [VERBOSE] [DOM] Input elements should have autocomplete attributes (suggested: "current-password"): (More info: https://goo.gl/9p2vKq) %o @ https://www.lolacosmetics.com.br/colecoes/dream-cream:0
[  346330ms] [VERBOSE] [DOM] Input elements should have autocomplete attributes (suggested: "current-password"): (More info: https://goo.gl/9p2vKq) %o @ https://www.lolacosmetics.com.br/colecoes/dream-cream:0
[  346354ms] [ERROR] Failed to load resource: net::ERR_NAME_NOT_RESOLVED @ https://event.getblue.io/js/blue-tag.min.js:0
[  346491ms] [LOG] AffiseStorage availability: {cookie: true, localStorage: true, sessionStorage: true} @ https://rankmediabrasil.g2afse.com/websdk.js:0
[  346492ms] [LOG] Status RNK Media - ClickId: null UTM: null @ :3
[  346516ms] [ERROR] Framing 'https://accounts.google.com/' violates the following report-only Content Security Policy directive: "frame-ancestors 'self'". The violation has been logged, but no further action has been taken.
 @ :0
[  346951ms] [INFO] É necessário definir o storeID no Plugin TrustVox @ https://d1hjvew1n9ss7u.cloudfront.net/asset.axd?id=_woAAB-LCAAAAAAAAAO9lsFunDAQhl-l4rw122w3m1D1lEfooYeqh8HMgrNgW_aYDYrSZ--EaFVgIZWK1aP9__b3Y3uwnxNJSZYQPlH6CC146ZSlLx9kBc4jfQ10_HiXbBLNpu-qKJG23FJJdoTa4yYpLAu_0m_9MM8SJhm5wErLwu3u_ma_v787bLef9p_3N4cDO-TFIQtVJNnudi-23Mgv3con2Y_n5fG-Jz4ET6ZJH4wm1JS-ZfOpamzgYKJBgkuq9FyIYb949MnL5l8JpTFljQI01B0p6YeUqbaO5DtP2AiHEizxhoh2N4TNyOt41pmj4vi1KZUekkZCRIYwEKhaJvVyHN4Za2kaFL4y1qKbY04s67i5M2evdCkkEJbGdQ3qMKTOGlZ_axEkCY_g5HRZB8o6iqxQnkwgkYM_Ic8ZmgZcVyEU43V917guA8_DM76uXg5aj7FTbR3pCJKjU2f5TGKL9ajcr8R4LOVpicRSDE7pTLDXjL470tkvneLflHE03qE5Pc7Jr5XmOla-mq7frCEis8FCgV8kvsnReaIFp4CU0X9F_3FGTMH3tafWPAkHrwW3mGHii5PAOiVxDtkLcRh56PJAZKa34Vj8DyyjUdZKntgUszanZXKtRqQtg1YxCuAXXfBQ8rtLSrQEenwuZg098-fLbwJGClv_CgAA:52
[  346974ms] Uncaught TypeError: Cannot read properties of undefined (reading 'replace')
    at validaFreteGratis (https://d1hjvew1n9ss7u.cloudfront.net/asset.axd?id=PAEAAB-LCAAAAAAAAAOtj0EPwUAQhf-KzLnsKqu64iBu4oSbOKzt0G2qKztTkQi_3abi6Ob43vfem8wDLIMGxjuLytwM2eCuPOvZ0gRCnrd86k8hgSaGNr5llFE40CdTEyZQXKP_EtuuRREhaA5tJLcIJqM8VSqfZlIO1VilWRYT9puwhStAjyZqIKM4fm1HoPeP333qLi5bYn8RS98wNix2JV6QxNrXRizOwRRGrLbi88ygIngm_1k8YzCOusXD8w1y8dfTPAEAAA%3d%3d:1:7633)
    at <anonymous> (https://d1hjvew1n9ss7u.cloudfront.net/asset.axd?id=PAEAAB-LCAAAAAAAAAOtj0EPwUAQhf-KzLnsKqu64iBu4oSbOKzt0G2qKztTkQi_3abi6Ob43vfem8wDLIMGxjuLytwM2eCuPOvZ0gRCnrd86k8hgSaGNr5llFE40CdTEyZQXKP_EtuuRREhaA5tJLcIJqM8VSqfZlIO1VilWRYT9puwhStAjyZqIKM4fm1HoPeP333qLi5bYn8RS98wNix2JV6QxNrXRizOwRRGrLbi88ygIngm_1k8YzCOusXD8w1y8dfTPAEAAA%3d%3d:1:49808)
    at dispatch (https://d1hjvew1n9ss7u.cloudfront.net/assets/shjs.js?t=639255987001545277:0:32701)
    at a (https://d1hjvew1n9ss7u.cloudfront.net/assets/shjs.js?t=639255987001545277:0:28480)
[  346955ms] [LOG] Banner não encontrado: banner-232 @ https://d1hjvew1n9ss7u.cloudfront.net/asset.axd?id=PAEAAB-LCAAAAAAAAAOtj0EPwUAQhf-KzLnsKqu64iBu4oSbOKzt0G2qKztTkQi_3abi6Ob43vfem8wDLIMGxjuLytwM2eCuPOvZ0gRCnrd86k8hgSaGNr5llFE40CdTEyZQXKP_EtuuRREhaA5tJLcIJqM8VSqfZlIO1VilWRYT9puwhStAjyZqIKM4fm1HoPeP333qLi5bYn8RS98wNix2JV6QxNrXRizOwRRGrLbi88ygIngm_1k8YzCOusXD8w1y8dfTPAEAAA%3d%3d:754
[  346971ms] [LOG] %c Widde Video Commerce %c v24604ee %c Build: 21/09/2026 20:39 %c border: 1px solid #2567f8; background: #2567f8; color: #fff; font-weight: bold; padding: 4px 8px; border-radius: 3px 0 0 0; border: 1px solid #2567f8; border-left: none; background: #FFF; color: #2567f8; font-weight: bold; padding: 4px 8px; border: 1px solid #2567f8; border-left: none; background: #f0f0f0; color: #333; font-weight: bold; padding: 4px 8px; border-radius: 0 3px 3px 0; background: transparent @ https://cdn.widde.io/assets/main.utzwjalemu.js:0
[  347023ms] [LOG] %c Tryon Widde.io %c %s %c border: 1px solid #2567f8; background: #2567f8; color: #fff; font-weight: bold; padding: 4px 8px; border-radius: 3px 0 0 3px; border: 1px solid #2567f8; background: #FFF; color: #2567f8; font-weight: bold; padding: 4px 8px; border-radius: 0 3px 3px 0; 47bf7c2 background: transparent @ https://cdn-tryon.widde.io/widde-tryon.js:86
[  347042ms] [LOG] [tryon-tracker] initialized {domain: www.lolacosmetics.com.br} @ https://cdn-tryon.widde.io/widde-tryon.js:8
[  354647ms] [WARNING] Error with Feature-Policy header: Some features are specified in both Feature-Policy and Permissions-Policy header: payment, fullscreen, microphone, camera. Values defined in Permissions-Policy header will be used. @ :0
[  355200ms] [ERROR] Failed to load resource: the server responded with a status of 500 () @ https://fonts.cdnfonts.com/css/leelawade:0
[  355629ms] [ERROR] Failed to load resource: the server responded with a status of 404 () @ https://lolacosmetics.admin.linxcommerce.com.br/Custom/Content/Themes/Lola/Styles/Fonts/FontAwesome/all.css:0
[  355691ms] [LOG] Banner não encontrado: banner-232 @ https://d1hjvew1n9ss7u.cloudfront.net/asset.axd?id=PAEAAB-LCAAAAAAAAAOtj0EPwUAQhf-KzLnsKqu64iBu4oSbOKzt0G2qKztTkQi_3abi6Ob43vfem8wDLIMGxjuLytwM2eCuPOvZ0gRCnrd86k8hgSaGNr5llFE40CdTEyZQXKP_EtuuRREhaA5tJLcIJqM8VSqfZlIO1VilWRYT9puwhStAjyZqIKM4fm1HoPeP333qLi5bYn8RS98wNix2JV6QxNrXRizOwRRGrLbi88ygIngm_1k8YzCOusXD8w1y8dfTPAEAAA%3d%3d:754
[  355692ms] [LOG] [Debug Carrinho] Polling ativo @ https://d1hjvew1n9ss7u.cloudfront.net/asset.axd?id=PAEAAB-LCAAAAAAAAAOtj0EPwUAQhf-KzLnsKqu64iBu4oSbOKzt0G2qKztTkQi_3abi6Ob43vfem8wDLIMGxjuLytwM2eCuPOvZ0gRCnrd86k8hgSaGNr5llFE40CdTEyZQXKP_EtuuRREhaA5tJLcIJqM8VSqfZlIO1VilWRYT9puwhStAjyZqIKM4fm1HoPeP333qLi5bYn8RS98wNix2JV6QxNrXRizOwRRGrLbi88ygIngm_1k8YzCOusXD8w1y8dfTPAEAAA%3d%3d:1790
[  355731ms] [LOG] categoria @ https://d1hjvew1n9ss7u.cloudfront.net/asset.axd?id=PAEAAB-LCAAAAAAAAAOtj0EPwUAQhf-KzLnsKqu64iBu4oSbOKzt0G2qKztTkQi_3abi6Ob43vfem8wDLIMGxjuLytwM2eCuPOvZ0gRCnrd86k8hgSaGNr5llFE40CdTEyZQXKP_EtuuRREhaA5tJLcIJqM8VSqfZlIO1VilWRYT9puwhStAjyZqIKM4fm1HoPeP333qLi5bYn8RS98wNix2JV6QxNrXRizOwRRGrLbi88ygIngm_1k8YzCOusXD8w1y8dfTPAEAAA%3d%3d:1
[  355732ms] [WARNING] !! Há erros de scripts de terceiros !!
Por favor, contate a Empresa responsável pelo script.  @ https://d1hjvew1n9ss7u.cloudfront.net/assets/shjs.js?t=639255987001545277:0
[  355739ms] Uncaught Error: You must pass a string or Handlebars AST to Handlebars.compile. You passed null
    at e.compile (https://d1hjvew1n9ss7u.cloudfront.net/asset.axd?id=PAEAAB-LCAAAAAAAAAOtj0EPwUAQhf-KzLnsKqu64iBu4oSbOKzt0G2qKztTkQi_3abi6Ob43vfem8wDLIMGxjuLytwM2eCuPOvZ0gRCnrd86k8hgSaGNr5llFE40CdTEyZQXKP_EtuuRREhaA5tJLcIJqM8VSqfZlIO1VilWRYT9puwhStAjyZqIKM4fm1HoPeP333qLi5bYn8RS98wNix2JV6QxNrXRizOwRRGrLbi88ygIngm_1k8YzCOusXD8w1y8dfTPAEAAA%3d%3d:1794:49302)
    at i.compile (https://d1hjvew1n9ss7u.cloudfront.net/asset.axd?id=PAEAAB-LCAAAAAAAAAOtj0EPwUAQhf-KzLnsKqu64iBu4oSbOKzt0G2qKztTkQi_3abi6Ob43vfem8wDLIMGxjuLytwM2eCuPOvZ0gRCnrd86k8hgSaGNr5llFE40CdTEyZQXKP_EtuuRREhaA5tJLcIJqM8VSqfZlIO1VilWRYT9puwhStAjyZqIKM4fm1HoPeP333qLi5bYn8RS98wNix2JV6QxNrXRizOwRRGrLbi88ygIngm_1k8YzCOusXD8w1y8dfTPAEAAA%3d%3d:1794:343)
    at renderBasket (https://d1hjvew1n9ss7u.cloudfront.net/asset.axd?id=PAEAAB-LCAAAAAAAAAOtj0EPwUAQhf-KzLnsKqu64iBu4oSbOKzt0G2qKztTkQi_3abi6Ob43vfem8wDLIMGxjuLytwM2eCuPOvZ0gRCnrd86k8hgSaGNr5llFE40CdTEyZQXKP_EtuuRREhaA5tJLcIJqM8VSqfZlIO1VilWRYT9puwhStAjyZqIKM4fm1HoPeP333qLi5bYn8RS98wNix2JV6QxNrXRizOwRRGrLbi88ygIngm_1k8YzCOusXD8w1y8dfTPAEAAA%3d%3d:29:27)
    at <anonymous> (https://d1hjvew1n9ss7u.cloudfront.net/asset.axd?id=PAEAAB-LCAAAAAAAAAOtj0EPwUAQhf-KzLnsKqu64iBu4oSbOKzt0G2qKztTkQi_3abi6Ob43vfem8wDLIMGxjuLytwM2eCuPOvZ0gRCnrd86k8hgSaGNr5llFE40CdTEyZQXKP_EtuuRREhaA5tJLcIJqM8VSqfZlIO1VilWRYT9puwhStAjyZqIKM4fm1HoPeP333qLi5bYn8RS98wNix2JV6QxNrXRizOwRRGrLbi88ygIngm_1k8YzCOusXD8w1y8dfTPAEAAA%3d%3d:220:1)
    at f (https://d1hjvew1n9ss7u.cloudfront.net/assets/shjs.js?t=639255987001545277:0:10382)
    at fireWith (https://d1hjvew1n9ss7u.cloudfront.net/assets/shjs.js?t=639255987001545277:0:11137)
    at ready (https://d1hjvew1n9ss7u.cloudfront.net/assets/shjs.js?t=639255987001545277:0:5238)
    at r (https://d1hjvew1n9ss7u.cloudfront.net/assets/shjs.js?t=639255987001545277:0:9748)
[  355738ms] [VERBOSE] [DOM] Input elements should have autocomplete attributes (suggested: "current-password"): (More info: https://goo.gl/9p2vKq) %o @ https://www.lolacosmetics.com.br/colecoes/ela-e-carioca:0
[  355738ms] [VERBOSE] [DOM] Input elements should have autocomplete attributes (suggested: "current-password"): (More info: https://goo.gl/9p2vKq) %o @ https://www.lolacosmetics.com.br/colecoes/ela-e-carioca:0
[  355884ms] [ERROR] Failed to load resource: net::ERR_NAME_NOT_RESOLVED @ https://event.getblue.io/js/blue-tag.min.js:0
[  355960ms] [LOG] AffiseStorage availability: {cookie: true, localStorage: true, sessionStorage: true} @ https://rankmediabrasil.g2afse.com/websdk.js:0
[  355964ms] [LOG] Status RNK Media - ClickId: null UTM: null @ :3
[  356088ms] [WARNING] [Meta Pixel] - Invalid parameter format for currency. Please refer https://developers.facebook.com/docs/meta-pixel/reference/ for valid parameter specifications. @ https://connect.facebook.net/en_US/fbevents.js:203
[  356425ms] [INFO] É necessário definir o storeID no Plugin TrustVox @ https://d1hjvew1n9ss7u.cloudfront.net/asset.axd?id=_woAAB-LCAAAAAAAAAO9lsFunDAQhl-l4rw122w3m1D1lEfooYeqh8HMgrNgW_aYDYrSZ--EaFVgIZWK1aP9__b3Y3uwnxNJSZYQPlH6CC146ZSlLx9kBc4jfQ10_HiXbBLNpu-qKJG23FJJdoTa4yYpLAu_0m_9MM8SJhm5wErLwu3u_ma_v787bLef9p_3N4cDO-TFIQtVJNnudi-23Mgv3con2Y_n5fG-Jz4ET6ZJH4wm1JS-ZfOpamzgYKJBgkuq9FyIYb949MnL5l8JpTFljQI01B0p6YeUqbaO5DtP2AiHEizxhoh2N4TNyOt41pmj4vi1KZUekkZCRIYwEKhaJvVyHN4Za2kaFL4y1qKbY04s67i5M2evdCkkEJbGdQ3qMKTOGlZ_axEkCY_g5HRZB8o6iqxQnkwgkYM_Ic8ZmgZcVyEU43V917guA8_DM76uXg5aj7FTbR3pCJKjU2f5TGKL9ajcr8R4LOVpicRSDE7pTLDXjL470tkvneLflHE03qE5Pc7Jr5XmOla-mq7frCEis8FCgV8kvsnReaIFp4CU0X9F_3FGTMH3tafWPAkHrwW3mGHii5PAOiVxDtkLcRh56PJAZKa34Vj8DyyjUdZKntgUszanZXKtRqQtg1YxCuAXXfBQ8rtLSrQEenwuZg098-fLbwJGClv_CgAA:52
[  356437ms] Uncaught TypeError: Cannot read properties of undefined (reading 'replace')
    at validaFreteGratis (https://d1hjvew1n9ss7u.cloudfront.net/asset.axd?id=PAEAAB-LCAAAAAAAAAOtj0EPwUAQhf-KzLnsKqu64iBu4oSbOKzt0G2qKztTkQi_3abi6Ob43vfem8wDLIMGxjuLytwM2eCuPOvZ0gRCnrd86k8hgSaGNr5llFE40CdTEyZQXKP_EtuuRREhaA5tJLcIJqM8VSqfZlIO1VilWRYT9puwhStAjyZqIKM4fm1HoPeP333qLi5bYn8RS98wNix2JV6QxNrXRizOwRRGrLbi88ygIngm_1k8YzCOusXD8w1y8dfTPAEAAA%3d%3d:1:7633)
    at <anonymous> (https://d1hjvew1n9ss7u.cloudfront.net/asset.axd?id=PAEAAB-LCAAAAAAAAAOtj0EPwUAQhf-KzLnsKqu64iBu4oSbOKzt0G2qKztTkQi_3abi6Ob43vfem8wDLIMGxjuLytwM2eCuPOvZ0gRCnrd86k8hgSaGNr5llFE40CdTEyZQXKP_EtuuRREhaA5tJLcIJqM8VSqfZlIO1VilWRYT9puwhStAjyZqIKM4fm1HoPeP333qLi5bYn8RS98wNix2JV6QxNrXRizOwRRGrLbi88ygIngm_1k8YzCOusXD8w1y8dfTPAEAAA%3d%3d:1:49808)
    at dispatch (https://d1hjvew1n9ss7u.cloudfront.net/assets/shjs.js?t=639255987001545277:0:32701)
    at a (https://d1hjvew1n9ss7u.cloudfront.net/assets/shjs.js?t=639255987001545277:0:28480)
[  356433ms] [LOG] Banner não encontrado: banner-232 @ https://d1hjvew1n9ss7u.cloudfront.net/asset.axd?id=PAEAAB-LCAAAAAAAAAOtj0EPwUAQhf-KzLnsKqu64iBu4oSbOKzt0G2qKztTkQi_3abi6Ob43vfem8wDLIMGxjuLytwM2eCuPOvZ0gRCnrd86k8hgSaGNr5llFE40CdTEyZQXKP_EtuuRREhaA5tJLcIJqM8VSqfZlIO1VilWRYT9puwhStAjyZqIKM4fm1HoPeP333qLi5bYn8RS98wNix2JV6QxNrXRizOwRRGrLbi88ygIngm_1k8YzCOusXD8w1y8dfTPAEAAA%3d%3d:754
[  356474ms] [LOG] %c Widde Video Commerce %c v24604ee %c Build: 21/09/2026 20:39 %c border: 1px solid #2567f8; background: #2567f8; color: #fff; font-weight: bold; padding: 4px 8px; border-radius: 3px 0 0 0; border: 1px solid #2567f8; border-left: none; background: #FFF; color: #2567f8; font-weight: bold; padding: 4px 8px; border: 1px solid #2567f8; border-left: none; background: #f0f0f0; color: #333; font-weight: bold; padding: 4px 8px; border-radius: 0 3px 3px 0; background: transparent @ https://cdn.widde.io/assets/main.utzwjalemu.js:0
[  356521ms] [LOG] %c Tryon Widde.io %c %s %c border: 1px solid #2567f8; background: #2567f8; color: #fff; font-weight: bold; padding: 4px 8px; border-radius: 3px 0 0 3px; border: 1px solid #2567f8; background: #FFF; color: #2567f8; font-weight: bold; padding: 4px 8px; border-radius: 0 3px 3px 0; 47bf7c2 background: transparent @ https://cdn-tryon.widde.io/widde-tryon.js:86
[  356545ms] [LOG] [tryon-tracker] initialized {domain: www.lolacosmetics.com.br} @ https://cdn-tryon.widde.io/widde-tryon.js:8
[  363098ms] [WARNING] Error with Feature-Policy header: Some features are specified in both Feature-Policy and Permissions-Policy header: payment, fullscreen, microphone, camera. Values defined in Permissions-Policy header will be used. @ :0
[  363482ms] [ERROR] Failed to load resource: the server responded with a status of 500 () @ https://fonts.cdnfonts.com/css/leelawade:0
[  363766ms] [ERROR] Failed to load resource: the server responded with a status of 404 () @ https://lolacosmetics.admin.linxcommerce.com.br/Custom/Content/Themes/Lola/Styles/Fonts/FontAwesome/all.css:0
[  363827ms] [LOG] Banner não encontrado: banner-232 @ https://d1hjvew1n9ss7u.cloudfront.net/asset.axd?id=PAEAAB-LCAAAAAAAAAOtj0EPwUAQhf-KzLnsKqu64iBu4oSbOKzt0G2qKztTkQi_3abi6Ob43vfem8wDLIMGxjuLytwM2eCuPOvZ0gRCnrd86k8hgSaGNr5llFE40CdTEyZQXKP_EtuuRREhaA5tJLcIJqM8VSqfZlIO1VilWRYT9puwhStAjyZqIKM4fm1HoPeP333qLi5bYn8RS98wNix2JV6QxNrXRizOwRRGrLbi88ygIngm_1k8YzCOusXD8w1y8dfTPAEAAA%3d%3d:754
[  363828ms] [LOG] [Debug Carrinho] Polling ativo @ https://d1hjvew1n9ss7u.cloudfront.net/asset.axd?id=PAEAAB-LCAAAAAAAAAOtj0EPwUAQhf-KzLnsKqu64iBu4oSbOKzt0G2qKztTkQi_3abi6Ob43vfem8wDLIMGxjuLytwM2eCuPOvZ0gRCnrd86k8hgSaGNr5llFE40CdTEyZQXKP_EtuuRREhaA5tJLcIJqM8VSqfZlIO1VilWRYT9puwhStAjyZqIKM4fm1HoPeP333qLi5bYn8RS98wNix2JV6QxNrXRizOwRRGrLbi88ygIngm_1k8YzCOusXD8w1y8dfTPAEAAA%3d%3d:1790
[  363858ms] [LOG] categoria @ https://d1hjvew1n9ss7u.cloudfront.net/asset.axd?id=PAEAAB-LCAAAAAAAAAOtj0EPwUAQhf-KzLnsKqu64iBu4oSbOKzt0G2qKztTkQi_3abi6Ob43vfem8wDLIMGxjuLytwM2eCuPOvZ0gRCnrd86k8hgSaGNr5llFE40CdTEyZQXKP_EtuuRREhaA5tJLcIJqM8VSqfZlIO1VilWRYT9puwhStAjyZqIKM4fm1HoPeP333qLi5bYn8RS98wNix2JV6QxNrXRizOwRRGrLbi88ygIngm_1k8YzCOusXD8w1y8dfTPAEAAA%3d%3d:1
[  363859ms] [WARNING] !! Há erros de scripts de terceiros !!
Por favor, contate a Empresa responsável pelo script.  @ https://d1hjvew1n9ss7u.cloudfront.net/assets/shjs.js?t=639255987001545277:0
[  363860ms] Uncaught Error: You must pass a string or Handlebars AST to Handlebars.compile. You passed null
    at e.compile (https://d1hjvew1n9ss7u.cloudfront.net/asset.axd?id=PAEAAB-LCAAAAAAAAAOtj0EPwUAQhf-KzLnsKqu64iBu4oSbOKzt0G2qKztTkQi_3abi6Ob43vfem8wDLIMGxjuLytwM2eCuPOvZ0gRCnrd86k8hgSaGNr5llFE40CdTEyZQXKP_EtuuRREhaA5tJLcIJqM8VSqfZlIO1VilWRYT9puwhStAjyZqIKM4fm1HoPeP333qLi5bYn8RS98wNix2JV6QxNrXRizOwRRGrLbi88ygIngm_1k8YzCOusXD8w1y8dfTPAEAAA%3d%3d:1794:49302)
    at i.compile (https://d1hjvew1n9ss7u.cloudfront.net/asset.axd?id=PAEAAB-LCAAAAAAAAAOtj0EPwUAQhf-KzLnsKqu64iBu4oSbOKzt0G2qKztTkQi_3abi6Ob43vfem8wDLIMGxjuLytwM2eCuPOvZ0gRCnrd86k8hgSaGNr5llFE40CdTEyZQXKP_EtuuRREhaA5tJLcIJqM8VSqfZlIO1VilWRYT9puwhStAjyZqIKM4fm1HoPeP333qLi5bYn8RS98wNix2JV6QxNrXRizOwRRGrLbi88ygIngm_1k8YzCOusXD8w1y8dfTPAEAAA%3d%3d:1794:343)
    at renderBasket (https://d1hjvew1n9ss7u.cloudfront.net/asset.axd?id=PAEAAB-LCAAAAAAAAAOtj0EPwUAQhf-KzLnsKqu64iBu4oSbOKzt0G2qKztTkQi_3abi6Ob43vfem8wDLIMGxjuLytwM2eCuPOvZ0gRCnrd86k8hgSaGNr5llFE40CdTEyZQXKP_EtuuRREhaA5tJLcIJqM8VSqfZlIO1VilWRYT9puwhStAjyZqIKM4fm1HoPeP333qLi5bYn8RS98wNix2JV6QxNrXRizOwRRGrLbi88ygIngm_1k8YzCOusXD8w1y8dfTPAEAAA%3d%3d:29:27)
    at <anonymous> (https://d1hjvew1n9ss7u.cloudfront.net/asset.axd?id=PAEAAB-LCAAAAAAAAAOtj0EPwUAQhf-KzLnsKqu64iBu4oSbOKzt0G2qKztTkQi_3abi6Ob43vfem8wDLIMGxjuLytwM2eCuPOvZ0gRCnrd86k8hgSaGNr5llFE40CdTEyZQXKP_EtuuRREhaA5tJLcIJqM8VSqfZlIO1VilWRYT9puwhStAjyZqIKM4fm1HoPeP333qLi5bYn8RS98wNix2JV6QxNrXRizOwRRGrLbi88ygIngm_1k8YzCOusXD8w1y8dfTPAEAAA%3d%3d:220:1)
    at f (https://d1hjvew1n9ss7u.cloudfront.net/assets/shjs.js?t=639255987001545277:0:10382)
    at fireWith (https://d1hjvew1n9ss7u.cloudfront.net/assets/shjs.js?t=639255987001545277:0:11137)
    at ready (https://d1hjvew1n9ss7u.cloudfront.net/assets/shjs.js?t=639255987001545277:0:5238)
    at r (https://d1hjvew1n9ss7u.cloudfront.net/assets/shjs.js?t=639255987001545277:0:9748)
[  363862ms] [VERBOSE] [DOM] Input elements should have autocomplete attributes (suggested: "current-password"): (More info: https://goo.gl/9p2vKq) %o @ https://www.lolacosmetics.com.br/colecoes/eu-sei-o-que-voce-fez-na-quimica-passada:0
[  363862ms] [VERBOSE] [DOM] Input elements should have autocomplete attributes (suggested: "current-password"): (More info: https://goo.gl/9p2vKq) %o @ https://www.lolacosmetics.com.br/colecoes/eu-sei-o-que-voce-fez-na-quimica-passada:0
[  364114ms] [LOG] AffiseStorage availability: {cookie: true, localStorage: true, sessionStorage: true} @ https://rankmediabrasil.g2afse.com/websdk.js:0
[  364115ms] [LOG] Status RNK Media - ClickId: null UTM: null @ :3
[  364144ms] [WARNING] [Meta Pixel] - Invalid parameter format for currency. Please refer https://developers.facebook.com/docs/meta-pixel/reference/ for valid parameter specifications. @ https://connect.facebook.net/en_US/fbevents.js:203
[  364462ms] [INFO] É necessário definir o storeID no Plugin TrustVox @ https://d1hjvew1n9ss7u.cloudfront.net/asset.axd?id=_woAAB-LCAAAAAAAAAO9lsFunDAQhl-l4rw122w3m1D1lEfooYeqh8HMgrNgW_aYDYrSZ--EaFVgIZWK1aP9__b3Y3uwnxNJSZYQPlH6CC146ZSlLx9kBc4jfQ10_HiXbBLNpu-qKJG23FJJdoTa4yYpLAu_0m_9MM8SJhm5wErLwu3u_ma_v787bLef9p_3N4cDO-TFIQtVJNnudi-23Mgv3con2Y_n5fG-Jz4ET6ZJH4wm1JS-ZfOpamzgYKJBgkuq9FyIYb949MnL5l8JpTFljQI01B0p6YeUqbaO5DtP2AiHEizxhoh2N4TNyOt41pmj4vi1KZUekkZCRIYwEKhaJvVyHN4Za2kaFL4y1qKbY04s67i5M2evdCkkEJbGdQ3qMKTOGlZ_axEkCY_g5HRZB8o6iqxQnkwgkYM_Ic8ZmgZcVyEU43V917guA8_DM76uXg5aj7FTbR3pCJKjU2f5TGKL9ajcr8R4LOVpicRSDE7pTLDXjL470tkvneLflHE03qE5Pc7Jr5XmOla-mq7frCEis8FCgV8kvsnReaIFp4CU0X9F_3FGTMH3tafWPAkHrwW3mGHii5PAOiVxDtkLcRh56PJAZKa34Vj8DyyjUdZKntgUszanZXKtRqQtg1YxCuAXXfBQ8rtLSrQEenwuZg098-fLbwJGClv_CgAA:52
[  364470ms] Uncaught TypeError: Cannot read properties of undefined (reading 'replace')
    at validaFreteGratis (https://d1hjvew1n9ss7u.cloudfront.net/asset.axd?id=PAEAAB-LCAAAAAAAAAOtj0EPwUAQhf-KzLnsKqu64iBu4oSbOKzt0G2qKztTkQi_3abi6Ob43vfem8wDLIMGxjuLytwM2eCuPOvZ0gRCnrd86k8hgSaGNr5llFE40CdTEyZQXKP_EtuuRREhaA5tJLcIJqM8VSqfZlIO1VilWRYT9puwhStAjyZqIKM4fm1HoPeP333qLi5bYn8RS98wNix2JV6QxNrXRizOwRRGrLbi88ygIngm_1k8YzCOusXD8w1y8dfTPAEAAA%3d%3d:1:7633)
    at <anonymous> (https://d1hjvew1n9ss7u.cloudfront.net/asset.axd?id=PAEAAB-LCAAAAAAAAAOtj0EPwUAQhf-KzLnsKqu64iBu4oSbOKzt0G2qKztTkQi_3abi6Ob43vfem8wDLIMGxjuLytwM2eCuPOvZ0gRCnrd86k8hgSaGNr5llFE40CdTEyZQXKP_EtuuRREhaA5tJLcIJqM8VSqfZlIO1VilWRYT9puwhStAjyZqIKM4fm1HoPeP333qLi5bYn8RS98wNix2JV6QxNrXRizOwRRGrLbi88ygIngm_1k8YzCOusXD8w1y8dfTPAEAAA%3d%3d:1:49808)
    at dispatch (https://d1hjvew1n9ss7u.cloudfront.net/assets/shjs.js?t=639255987001545277:0:32701)
    at a (https://d1hjvew1n9ss7u.cloudfront.net/assets/shjs.js?t=639255987001545277:0:28480)
[  364467ms] [LOG] Banner não encontrado: banner-232 @ https://d1hjvew1n9ss7u.cloudfront.net/asset.axd?id=PAEAAB-LCAAAAAAAAAOtj0EPwUAQhf-KzLnsKqu64iBu4oSbOKzt0G2qKztTkQi_3abi6Ob43vfem8wDLIMGxjuLytwM2eCuPOvZ0gRCnrd86k8hgSaGNr5llFE40CdTEyZQXKP_EtuuRREhaA5tJLcIJqM8VSqfZlIO1VilWRYT9puwhStAjyZqIKM4fm1HoPeP333qLi5bYn8RS98wNix2JV6QxNrXRizOwRRGrLbi88ygIngm_1k8YzCOusXD8w1y8dfTPAEAAA%3d%3d:754
[  364499ms] [LOG] %c Widde Video Commerce %c v24604ee %c Build: 21/09/2026 20:39 %c border: 1px solid #2567f8; background: #2567f8; color: #fff; font-weight: bold; padding: 4px 8px; border-radius: 3px 0 0 0; border: 1px solid #2567f8; border-left: none; background: #FFF; color: #2567f8; font-weight: bold; padding: 4px 8px; border: 1px solid #2567f8; border-left: none; background: #f0f0f0; color: #333; font-weight: bold; padding: 4px 8px; border-radius: 0 3px 3px 0; background: transparent @ https://cdn.widde.io/assets/main.utzwjalemu.js:0
[  364515ms] [LOG] %c Tryon Widde.io %c %s %c border: 1px solid #2567f8; background: #2567f8; color: #fff; font-weight: bold; padding: 4px 8px; border-radius: 3px 0 0 3px; border: 1px solid #2567f8; background: #FFF; color: #2567f8; font-weight: bold; padding: 4px 8px; border-radius: 0 3px 3px 0; 47bf7c2 background: transparent @ https://cdn-tryon.widde.io/widde-tryon.js:86
[  364529ms] [LOG] [tryon-tracker] initialized {domain: www.lolacosmetics.com.br} @ https://cdn-tryon.widde.io/widde-tryon.js:8
[  370823ms] [WARNING] Error with Feature-Policy header: Some features are specified in both Feature-Policy and Permissions-Policy header: payment, fullscreen, microphone, camera. Values defined in Permissions-Policy header will be used. @ :0
[  371117ms] [ERROR] Failed to load resource: the server responded with a status of 500 () @ https://fonts.cdnfonts.com/css/leelawade:0
[  371499ms] [ERROR] Failed to load resource: the server responded with a status of 404 () @ https://lolacosmetics.admin.linxcommerce.com.br/Custom/Content/Themes/Lola/Styles/Fonts/FontAwesome/all.css:0
[  371691ms] [LOG] Banner não encontrado: banner-232 @ https://d1hjvew1n9ss7u.cloudfront.net/asset.axd?id=PAEAAB-LCAAAAAAAAAOtj0EPwUAQhf-KzLnsKqu64iBu4oSbOKzt0G2qKztTkQi_3abi6Ob43vfem8wDLIMGxjuLytwM2eCuPOvZ0gRCnrd86k8hgSaGNr5llFE40CdTEyZQXKP_EtuuRREhaA5tJLcIJqM8VSqfZlIO1VilWRYT9puwhStAjyZqIKM4fm1HoPeP333qLi5bYn8RS98wNix2JV6QxNrXRizOwRRGrLbi88ygIngm_1k8YzCOusXD8w1y8dfTPAEAAA%3d%3d:754
[  371692ms] [LOG] [Debug Carrinho] Polling ativo @ https://d1hjvew1n9ss7u.cloudfront.net/asset.axd?id=PAEAAB-LCAAAAAAAAAOtj0EPwUAQhf-KzLnsKqu64iBu4oSbOKzt0G2qKztTkQi_3abi6Ob43vfem8wDLIMGxjuLytwM2eCuPOvZ0gRCnrd86k8hgSaGNr5llFE40CdTEyZQXKP_EtuuRREhaA5tJLcIJqM8VSqfZlIO1VilWRYT9puwhStAjyZqIKM4fm1HoPeP333qLi5bYn8RS98wNix2JV6QxNrXRizOwRRGrLbi88ygIngm_1k8YzCOusXD8w1y8dfTPAEAAA%3d%3d:1790
[  371719ms] [LOG] categoria @ https://d1hjvew1n9ss7u.cloudfront.net/asset.axd?id=PAEAAB-LCAAAAAAAAAOtj0EPwUAQhf-KzLnsKqu64iBu4oSbOKzt0G2qKztTkQi_3abi6Ob43vfem8wDLIMGxjuLytwM2eCuPOvZ0gRCnrd86k8hgSaGNr5llFE40CdTEyZQXKP_EtuuRREhaA5tJLcIJqM8VSqfZlIO1VilWRYT9puwhStAjyZqIKM4fm1HoPeP333qLi5bYn8RS98wNix2JV6QxNrXRizOwRRGrLbi88ygIngm_1k8YzCOusXD8w1y8dfTPAEAAA%3d%3d:1
[  371719ms] [WARNING] !! Há erros de scripts de terceiros !!
Por favor, contate a Empresa responsável pelo script.  @ https://d1hjvew1n9ss7u.cloudfront.net/assets/shjs.js?t=639255987001545277:0
[  371720ms] Uncaught Error: You must pass a string or Handlebars AST to Handlebars.compile. You passed null
    at e.compile (https://d1hjvew1n9ss7u.cloudfront.net/asset.axd?id=PAEAAB-LCAAAAAAAAAOtj0EPwUAQhf-KzLnsKqu64iBu4oSbOKzt0G2qKztTkQi_3abi6Ob43vfem8wDLIMGxjuLytwM2eCuPOvZ0gRCnrd86k8hgSaGNr5llFE40CdTEyZQXKP_EtuuRREhaA5tJLcIJqM8VSqfZlIO1VilWRYT9puwhStAjyZqIKM4fm1HoPeP333qLi5bYn8RS98wNix2JV6QxNrXRizOwRRGrLbi88ygIngm_1k8YzCOusXD8w1y8dfTPAEAAA%3d%3d:1794:49302)
    at i.compile (https://d1hjvew1n9ss7u.cloudfront.net/asset.axd?id=PAEAAB-LCAAAAAAAAAOtj0EPwUAQhf-KzLnsKqu64iBu4oSbOKzt0G2qKztTkQi_3abi6Ob43vfem8wDLIMGxjuLytwM2eCuPOvZ0gRCnrd86k8hgSaGNr5llFE40CdTEyZQXKP_EtuuRREhaA5tJLcIJqM8VSqfZlIO1VilWRYT9puwhStAjyZqIKM4fm1HoPeP333qLi5bYn8RS98wNix2JV6QxNrXRizOwRRGrLbi88ygIngm_1k8YzCOusXD8w1y8dfTPAEAAA%3d%3d:1794:343)
    at renderBasket (https://d1hjvew1n9ss7u.cloudfront.net/asset.axd?id=PAEAAB-LCAAAAAAAAAOtj0EPwUAQhf-KzLnsKqu64iBu4oSbOKzt0G2qKztTkQi_3abi6Ob43vfem8wDLIMGxjuLytwM2eCuPOvZ0gRCnrd86k8hgSaGNr5llFE40CdTEyZQXKP_EtuuRREhaA5tJLcIJqM8VSqfZlIO1VilWRYT9puwhStAjyZqIKM4fm1HoPeP333qLi5bYn8RS98wNix2JV6QxNrXRizOwRRGrLbi88ygIngm_1k8YzCOusXD8w1y8dfTPAEAAA%3d%3d:29:27)
    at <anonymous> (https://d1hjvew1n9ss7u.cloudfront.net/asset.axd?id=PAEAAB-LCAAAAAAAAAOtj0EPwUAQhf-KzLnsKqu64iBu4oSbOKzt0G2qKztTkQi_3abi6Ob43vfem8wDLIMGxjuLytwM2eCuPOvZ0gRCnrd86k8hgSaGNr5llFE40CdTEyZQXKP_EtuuRREhaA5tJLcIJqM8VSqfZlIO1VilWRYT9puwhStAjyZqIKM4fm1HoPeP333qLi5bYn8RS98wNix2JV6QxNrXRizOwRRGrLbi88ygIngm_1k8YzCOusXD8w1y8dfTPAEAAA%3d%3d:220:1)
    at f (https://d1hjvew1n9ss7u.cloudfront.net/assets/shjs.js?t=639255987001545277:0:10382)
    at fireWith (https://d1hjvew1n9ss7u.cloudfront.net/assets/shjs.js?t=639255987001545277:0:11137)
    at ready (https://d1hjvew1n9ss7u.cloudfront.net/assets/shjs.js?t=639255987001545277:0:5238)
    at r (https://d1hjvew1n9ss7u.cloudfront.net/assets/shjs.js?t=639255987001545277:0:9748)
[  371722ms] [VERBOSE] [DOM] Input elements should have autocomplete attributes (suggested: "current-password"): (More info: https://goo.gl/9p2vKq) %o @ https://www.lolacosmetics.com.br/colecoes/exterminador-de-frizz:0
[  371722ms] [VERBOSE] [DOM] Input elements should have autocomplete attributes (suggested: "current-password"): (More info: https://goo.gl/9p2vKq) %o @ https://www.lolacosmetics.com.br/colecoes/exterminador-de-frizz:0
[  371730ms] [ERROR] Failed to load resource: net::ERR_NAME_NOT_RESOLVED @ https://event.getblue.io/js/blue-tag.min.js:0
[  371778ms] [LOG] AffiseStorage availability: {cookie: true, localStorage: true, sessionStorage: true} @ https://rankmediabrasil.g2afse.com/websdk.js:0
[  371779ms] [LOG] Status RNK Media - ClickId: null UTM: null @ :3
[  371809ms] [WARNING] [Meta Pixel] - Invalid parameter format for currency. Please refer https://developers.facebook.com/docs/meta-pixel/reference/ for valid parameter specifications. @ https://connect.facebook.net/en_US/fbevents.js:203
[  372173ms] Uncaught TypeError: Cannot read properties of undefined (reading 'replace')
    at validaFreteGratis (https://d1hjvew1n9ss7u.cloudfront.net/asset.axd?id=PAEAAB-LCAAAAAAAAAOtj0EPwUAQhf-KzLnsKqu64iBu4oSbOKzt0G2qKztTkQi_3abi6Ob43vfem8wDLIMGxjuLytwM2eCuPOvZ0gRCnrd86k8hgSaGNr5llFE40CdTEyZQXKP_EtuuRREhaA5tJLcIJqM8VSqfZlIO1VilWRYT9puwhStAjyZqIKM4fm1HoPeP333qLi5bYn8RS98wNix2JV6QxNrXRizOwRRGrLbi88ygIngm_1k8YzCOusXD8w1y8dfTPAEAAA%3d%3d:1:7633)
    at <anonymous> (https://d1hjvew1n9ss7u.cloudfront.net/asset.axd?id=PAEAAB-LCAAAAAAAAAOtj0EPwUAQhf-KzLnsKqu64iBu4oSbOKzt0G2qKztTkQi_3abi6Ob43vfem8wDLIMGxjuLytwM2eCuPOvZ0gRCnrd86k8hgSaGNr5llFE40CdTEyZQXKP_EtuuRREhaA5tJLcIJqM8VSqfZlIO1VilWRYT9puwhStAjyZqIKM4fm1HoPeP333qLi5bYn8RS98wNix2JV6QxNrXRizOwRRGrLbi88ygIngm_1k8YzCOusXD8w1y8dfTPAEAAA%3d%3d:1:49808)
    at dispatch (https://d1hjvew1n9ss7u.cloudfront.net/assets/shjs.js?t=639255987001545277:0:32701)
    at a (https://d1hjvew1n9ss7u.cloudfront.net/assets/shjs.js?t=639255987001545277:0:28480)
[  372171ms] [LOG] Banner não encontrado: banner-232 @ https://d1hjvew1n9ss7u.cloudfront.net/asset.axd?id=PAEAAB-LCAAAAAAAAAOtj0EPwUAQhf-KzLnsKqu64iBu4oSbOKzt0G2qKztTkQi_3abi6Ob43vfem8wDLIMGxjuLytwM2eCuPOvZ0gRCnrd86k8hgSaGNr5llFE40CdTEyZQXKP_EtuuRREhaA5tJLcIJqM8VSqfZlIO1VilWRYT9puwhStAjyZqIKM4fm1HoPeP333qLi5bYn8RS98wNix2JV6QxNrXRizOwRRGrLbi88ygIngm_1k8YzCOusXD8w1y8dfTPAEAAA%3d%3d:754
[  372183ms] [LOG] %c Widde Video Commerce %c v24604ee %c Build: 21/09/2026 20:39 %c border: 1px solid #2567f8; background: #2567f8; color: #fff; font-weight: bold; padding: 4px 8px; border-radius: 3px 0 0 0; border: 1px solid #2567f8; border-left: none; background: #FFF; color: #2567f8; font-weight: bold; padding: 4px 8px; border: 1px solid #2567f8; border-left: none; background: #f0f0f0; color: #333; font-weight: bold; padding: 4px 8px; border-radius: 0 3px 3px 0; background: transparent @ https://cdn.widde.io/assets/main.utzwjalemu.js:0
[  372283ms] [LOG] %c Tryon Widde.io %c %s %c border: 1px solid #2567f8; background: #2567f8; color: #fff; font-weight: bold; padding: 4px 8px; border-radius: 3px 0 0 3px; border: 1px solid #2567f8; background: #FFF; color: #2567f8; font-weight: bold; padding: 4px 8px; border-radius: 0 3px 3px 0; 47bf7c2 background: transparent @ https://cdn-tryon.widde.io/widde-tryon.js:86
[  372298ms] [LOG] [tryon-tracker] initialized {domain: www.lolacosmetics.com.br} @ https://cdn-tryon.widde.io/widde-tryon.js:8
[  378438ms] [WARNING] Error with Feature-Policy header: Some features are specified in both Feature-Policy and Permissions-Policy header: payment, fullscreen, microphone, camera. Values defined in Permissions-Policy header will be used. @ :0
[  378749ms] [ERROR] Failed to load resource: the server responded with a status of 500 () @ https://fonts.cdnfonts.com/css/leelawade:0
[  379129ms] [ERROR] Failed to load resource: the server responded with a status of 404 () @ https://lolacosmetics.admin.linxcommerce.com.br/Custom/Content/Themes/Lola/Styles/Fonts/FontAwesome/all.css:0
[  379259ms] [LOG] Banner não encontrado: banner-232 @ https://d1hjvew1n9ss7u.cloudfront.net/asset.axd?id=PAEAAB-LCAAAAAAAAAOtj0EPwUAQhf-KzLnsKqu64iBu4oSbOKzt0G2qKztTkQi_3abi6Ob43vfem8wDLIMGxjuLytwM2eCuPOvZ0gRCnrd86k8hgSaGNr5llFE40CdTEyZQXKP_EtuuRREhaA5tJLcIJqM8VSqfZlIO1VilWRYT9puwhStAjyZqIKM4fm1HoPeP333qLi5bYn8RS98wNix2JV6QxNrXRizOwRRGrLbi88ygIngm_1k8YzCOusXD8w1y8dfTPAEAAA%3d%3d:754
[  379261ms] [LOG] [Debug Carrinho] Polling ativo @ https://d1hjvew1n9ss7u.cloudfront.net/asset.axd?id=PAEAAB-LCAAAAAAAAAOtj0EPwUAQhf-KzLnsKqu64iBu4oSbOKzt0G2qKztTkQi_3abi6Ob43vfem8wDLIMGxjuLytwM2eCuPOvZ0gRCnrd86k8hgSaGNr5llFE40CdTEyZQXKP_EtuuRREhaA5tJLcIJqM8VSqfZlIO1VilWRYT9puwhStAjyZqIKM4fm1HoPeP333qLi5bYn8RS98wNix2JV6QxNrXRizOwRRGrLbi88ygIngm_1k8YzCOusXD8w1y8dfTPAEAAA%3d%3d:1790
[  379306ms] [LOG] categoria @ https://d1hjvew1n9ss7u.cloudfront.net/asset.axd?id=PAEAAB-LCAAAAAAAAAOtj0EPwUAQhf-KzLnsKqu64iBu4oSbOKzt0G2qKztTkQi_3abi6Ob43vfem8wDLIMGxjuLytwM2eCuPOvZ0gRCnrd86k8hgSaGNr5llFE40CdTEyZQXKP_EtuuRREhaA5tJLcIJqM8VSqfZlIO1VilWRYT9puwhStAjyZqIKM4fm1HoPeP333qLi5bYn8RS98wNix2JV6QxNrXRizOwRRGrLbi88ygIngm_1k8YzCOusXD8w1y8dfTPAEAAA%3d%3d:1
[  379307ms] [WARNING] !! Há erros de scripts de terceiros !!
Por favor, contate a Empresa responsável pelo script.  @ https://d1hjvew1n9ss7u.cloudfront.net/assets/shjs.js?t=639255987001545277:0
[  379321ms] Uncaught Error: You must pass a string or Handlebars AST to Handlebars.compile. You passed null
    at e.compile (https://d1hjvew1n9ss7u.cloudfront.net/asset.axd?id=PAEAAB-LCAAAAAAAAAOtj0EPwUAQhf-KzLnsKqu64iBu4oSbOKzt0G2qKztTkQi_3abi6Ob43vfem8wDLIMGxjuLytwM2eCuPOvZ0gRCnrd86k8hgSaGNr5llFE40CdTEyZQXKP_EtuuRREhaA5tJLcIJqM8VSqfZlIO1VilWRYT9puwhStAjyZqIKM4fm1HoPeP333qLi5bYn8RS98wNix2JV6QxNrXRizOwRRGrLbi88ygIngm_1k8YzCOusXD8w1y8dfTPAEAAA%3d%3d:1794:49302)
    at i.compile (https://d1hjvew1n9ss7u.cloudfront.net/asset.axd?id=PAEAAB-LCAAAAAAAAAOtj0EPwUAQhf-KzLnsKqu64iBu4oSbOKzt0G2qKztTkQi_3abi6Ob43vfem8wDLIMGxjuLytwM2eCuPOvZ0gRCnrd86k8hgSaGNr5llFE40CdTEyZQXKP_EtuuRREhaA5tJLcIJqM8VSqfZlIO1VilWRYT9puwhStAjyZqIKM4fm1HoPeP333qLi5bYn8RS98wNix2JV6QxNrXRizOwRRGrLbi88ygIngm_1k8YzCOusXD8w1y8dfTPAEAAA%3d%3d:1794:343)
    at renderBasket (https://d1hjvew1n9ss7u.cloudfront.net/asset.axd?id=PAEAAB-LCAAAAAAAAAOtj0EPwUAQhf-KzLnsKqu64iBu4oSbOKzt0G2qKztTkQi_3abi6Ob43vfem8wDLIMGxjuLytwM2eCuPOvZ0gRCnrd86k8hgSaGNr5llFE40CdTEyZQXKP_EtuuRREhaA5tJLcIJqM8VSqfZlIO1VilWRYT9puwhStAjyZqIKM4fm1HoPeP333qLi5bYn8RS98wNix2JV6QxNrXRizOwRRGrLbi88ygIngm_1k8YzCOusXD8w1y8dfTPAEAAA%3d%3d:29:27)
    at <anonymous> (https://d1hjvew1n9ss7u.cloudfront.net/asset.axd?id=PAEAAB-LCAAAAAAAAAOtj0EPwUAQhf-KzLnsKqu64iBu4oSbOKzt0G2qKztTkQi_3abi6Ob43vfem8wDLIMGxjuLytwM2eCuPOvZ0gRCnrd86k8hgSaGNr5llFE40CdTEyZQXKP_EtuuRREhaA5tJLcIJqM8VSqfZlIO1VilWRYT9puwhStAjyZqIKM4fm1HoPeP333qLi5bYn8RS98wNix2JV6QxNrXRizOwRRGrLbi88ygIngm_1k8YzCOusXD8w1y8dfTPAEAAA%3d%3d:220:1)
    at f (https://d1hjvew1n9ss7u.cloudfront.net/assets/shjs.js?t=639255987001545277:0:10382)
    at fireWith (https://d1hjvew1n9ss7u.cloudfront.net/assets/shjs.js?t=639255987001545277:0:11137)
    at ready (https://d1hjvew1n9ss7u.cloudfront.net/assets/shjs.js?t=639255987001545277:0:5238)
    at r (https://d1hjvew1n9ss7u.cloudfront.net/assets/shjs.js?t=639255987001545277:0:9748)
[  379311ms] [VERBOSE] [DOM] Input elements should have autocomplete attributes (suggested: "current-password"): (More info: https://goo.gl/9p2vKq) %o @ https://www.lolacosmetics.com.br/colecoes/kit-celebridades:0
[  379311ms] [VERBOSE] [DOM] Input elements should have autocomplete attributes (suggested: "current-password"): (More info: https://goo.gl/9p2vKq) %o @ https://www.lolacosmetics.com.br/colecoes/kit-celebridades:0
[  379380ms] [ERROR] Failed to load resource: net::ERR_NAME_NOT_RESOLVED @ https://event.getblue.io/js/blue-tag.min.js:0
[  379507ms] [LOG] AffiseStorage availability: {cookie: true, localStorage: true, sessionStorage: true} @ https://rankmediabrasil.g2afse.com/websdk.js:0
[  379509ms] [LOG] Status RNK Media - ClickId: null UTM: null @ :3
[  380207ms] [INFO] É necessário definir o storeID no Plugin TrustVox @ https://d1hjvew1n9ss7u.cloudfront.net/asset.axd?id=_woAAB-LCAAAAAAAAAO9lsFunDAQhl-l4rw122w3m1D1lEfooYeqh8HMgrNgW_aYDYrSZ--EaFVgIZWK1aP9__b3Y3uwnxNJSZYQPlH6CC146ZSlLx9kBc4jfQ10_HiXbBLNpu-qKJG23FJJdoTa4yYpLAu_0m_9MM8SJhm5wErLwu3u_ma_v787bLef9p_3N4cDO-TFIQtVJNnudi-23Mgv3con2Y_n5fG-Jz4ET6ZJH4wm1JS-ZfOpamzgYKJBgkuq9FyIYb949MnL5l8JpTFljQI01B0p6YeUqbaO5DtP2AiHEizxhoh2N4TNyOt41pmj4vi1KZUekkZCRIYwEKhaJvVyHN4Za2kaFL4y1qKbY04s67i5M2evdCkkEJbGdQ3qMKTOGlZ_axEkCY_g5HRZB8o6iqxQnkwgkYM_Ic8ZmgZcVyEU43V917guA8_DM76uXg5aj7FTbR3pCJKjU2f5TGKL9ajcr8R4LOVpicRSDE7pTLDXjL470tkvneLflHE03qE5Pc7Jr5XmOla-mq7frCEis8FCgV8kvsnReaIFp4CU0X9F_3FGTMH3tafWPAkHrwW3mGHii5PAOiVxDtkLcRh56PJAZKa34Vj8DyyjUdZKntgUszanZXKtRqQtg1YxCuAXXfBQ8rtLSrQEenwuZg098-fLbwJGClv_CgAA:52
[  380233ms] Uncaught TypeError: Cannot read properties of undefined (reading 'replace')
    at validaFreteGratis (https://d1hjvew1n9ss7u.cloudfront.net/asset.axd?id=PAEAAB-LCAAAAAAAAAOtj0EPwUAQhf-KzLnsKqu64iBu4oSbOKzt0G2qKztTkQi_3abi6Ob43vfem8wDLIMGxjuLytwM2eCuPOvZ0gRCnrd86k8hgSaGNr5llFE40CdTEyZQXKP_EtuuRREhaA5tJLcIJqM8VSqfZlIO1VilWRYT9puwhStAjyZqIKM4fm1HoPeP333qLi5bYn8RS98wNix2JV6QxNrXRizOwRRGrLbi88ygIngm_1k8YzCOusXD8w1y8dfTPAEAAA%3d%3d:1:7633)
    at <anonymous> (https://d1hjvew1n9ss7u.cloudfront.net/asset.axd?id=PAEAAB-LCAAAAAAAAAOtj0EPwUAQhf-KzLnsKqu64iBu4oSbOKzt0G2qKztTkQi_3abi6Ob43vfem8wDLIMGxjuLytwM2eCuPOvZ0gRCnrd86k8hgSaGNr5llFE40CdTEyZQXKP_EtuuRREhaA5tJLcIJqM8VSqfZlIO1VilWRYT9puwhStAjyZqIKM4fm1HoPeP333qLi5bYn8RS98wNix2JV6QxNrXRizOwRRGrLbi88ygIngm_1k8YzCOusXD8w1y8dfTPAEAAA%3d%3d:1:49808)
    at dispatch (https://d1hjvew1n9ss7u.cloudfront.net/assets/shjs.js?t=639255987001545277:0:32701)
    at a (https://d1hjvew1n9ss7u.cloudfront.net/assets/shjs.js?t=639255987001545277:0:28480)
[  380218ms] [LOG] Banner não encontrado: banner-232 @ https://d1hjvew1n9ss7u.cloudfront.net/asset.axd?id=PAEAAB-LCAAAAAAAAAOtj0EPwUAQhf-KzLnsKqu64iBu4oSbOKzt0G2qKztTkQi_3abi6Ob43vfem8wDLIMGxjuLytwM2eCuPOvZ0gRCnrd86k8hgSaGNr5llFE40CdTEyZQXKP_EtuuRREhaA5tJLcIJqM8VSqfZlIO1VilWRYT9puwhStAjyZqIKM4fm1HoPeP333qLi5bYn8RS98wNix2JV6QxNrXRizOwRRGrLbi88ygIngm_1k8YzCOusXD8w1y8dfTPAEAAA%3d%3d:754
[  380278ms] [LOG] %c Widde Video Commerce %c v24604ee %c Build: 21/09/2026 20:39 %c border: 1px solid #2567f8; background: #2567f8; color: #fff; font-weight: bold; padding: 4px 8px; border-radius: 3px 0 0 0; border: 1px solid #2567f8; border-left: none; background: #FFF; color: #2567f8; font-weight: bold; padding: 4px 8px; border: 1px solid #2567f8; border-left: none; background: #f0f0f0; color: #333; font-weight: bold; padding: 4px 8px; border-radius: 0 3px 3px 0; background: transparent @ https://cdn.widde.io/assets/main.utzwjalemu.js:0
[  380385ms] [LOG] %c Tryon Widde.io %c %s %c border: 1px solid #2567f8; background: #2567f8; color: #fff; font-weight: bold; padding: 4px 8px; border-radius: 3px 0 0 3px; border: 1px solid #2567f8; background: #FFF; color: #2567f8; font-weight: bold; padding: 4px 8px; border-radius: 0 3px 3px 0; 47bf7c2 background: transparent @ https://cdn-tryon.widde.io/widde-tryon.js:86
[  380444ms] [LOG] [tryon-tracker] initialized {domain: www.lolacosmetics.com.br} @ https://cdn-tryon.widde.io/widde-tryon.js:8
[  388007ms] [WARNING] Error with Feature-Policy header: Some features are specified in both Feature-Policy and Permissions-Policy header: payment, fullscreen, microphone, camera. Values defined in Permissions-Policy header will be used. @ :0
[  388313ms] [ERROR] Failed to load resource: the server responded with a status of 500 () @ https://fonts.cdnfonts.com/css/leelawade:0
[  388644ms] [ERROR] Failed to load resource: the server responded with a status of 404 () @ https://lolacosmetics.admin.linxcommerce.com.br/Custom/Content/Themes/Lola/Styles/Fonts/FontAwesome/all.css:0
[  388842ms] [LOG] Banner não encontrado: banner-232 @ https://d1hjvew1n9ss7u.cloudfront.net/asset.axd?id=PAEAAB-LCAAAAAAAAAOtj0EPwUAQhf-KzLnsKqu64iBu4oSbOKzt0G2qKztTkQi_3abi6Ob43vfem8wDLIMGxjuLytwM2eCuPOvZ0gRCnrd86k8hgSaGNr5llFE40CdTEyZQXKP_EtuuRREhaA5tJLcIJqM8VSqfZlIO1VilWRYT9puwhStAjyZqIKM4fm1HoPeP333qLi5bYn8RS98wNix2JV6QxNrXRizOwRRGrLbi88ygIngm_1k8YzCOusXD8w1y8dfTPAEAAA%3d%3d:754
[  388845ms] [LOG] [Debug Carrinho] Polling ativo @ https://d1hjvew1n9ss7u.cloudfront.net/asset.axd?id=PAEAAB-LCAAAAAAAAAOtj0EPwUAQhf-KzLnsKqu64iBu4oSbOKzt0G2qKztTkQi_3abi6Ob43vfem8wDLIMGxjuLytwM2eCuPOvZ0gRCnrd86k8hgSaGNr5llFE40CdTEyZQXKP_EtuuRREhaA5tJLcIJqM8VSqfZlIO1VilWRYT9puwhStAjyZqIKM4fm1HoPeP333qLi5bYn8RS98wNix2JV6QxNrXRizOwRRGrLbi88ygIngm_1k8YzCOusXD8w1y8dfTPAEAAA%3d%3d:1790
[  388923ms] [LOG] categoria @ https://d1hjvew1n9ss7u.cloudfront.net/asset.axd?id=PAEAAB-LCAAAAAAAAAOtj0EPwUAQhf-KzLnsKqu64iBu4oSbOKzt0G2qKztTkQi_3abi6Ob43vfem8wDLIMGxjuLytwM2eCuPOvZ0gRCnrd86k8hgSaGNr5llFE40CdTEyZQXKP_EtuuRREhaA5tJLcIJqM8VSqfZlIO1VilWRYT9puwhStAjyZqIKM4fm1HoPeP333qLi5bYn8RS98wNix2JV6QxNrXRizOwRRGrLbi88ygIngm_1k8YzCOusXD8w1y8dfTPAEAAA%3d%3d:1
[  388925ms] [WARNING] !! Há erros de scripts de terceiros !!
Por favor, contate a Empresa responsável pelo script.  @ https://d1hjvew1n9ss7u.cloudfront.net/assets/shjs.js?t=639255987001545277:0
[  388941ms] Uncaught Error: You must pass a string or Handlebars AST to Handlebars.compile. You passed null
    at e.compile (https://d1hjvew1n9ss7u.cloudfront.net/asset.axd?id=PAEAAB-LCAAAAAAAAAOtj0EPwUAQhf-KzLnsKqu64iBu4oSbOKzt0G2qKztTkQi_3abi6Ob43vfem8wDLIMGxjuLytwM2eCuPOvZ0gRCnrd86k8hgSaGNr5llFE40CdTEyZQXKP_EtuuRREhaA5tJLcIJqM8VSqfZlIO1VilWRYT9puwhStAjyZqIKM4fm1HoPeP333qLi5bYn8RS98wNix2JV6QxNrXRizOwRRGrLbi88ygIngm_1k8YzCOusXD8w1y8dfTPAEAAA%3d%3d:1794:49302)
    at i.compile (https://d1hjvew1n9ss7u.cloudfront.net/asset.axd?id=PAEAAB-LCAAAAAAAAAOtj0EPwUAQhf-KzLnsKqu64iBu4oSbOKzt0G2qKztTkQi_3abi6Ob43vfem8wDLIMGxjuLytwM2eCuPOvZ0gRCnrd86k8hgSaGNr5llFE40CdTEyZQXKP_EtuuRREhaA5tJLcIJqM8VSqfZlIO1VilWRYT9puwhStAjyZqIKM4fm1HoPeP333qLi5bYn8RS98wNix2JV6QxNrXRizOwRRGrLbi88ygIngm_1k8YzCOusXD8w1y8dfTPAEAAA%3d%3d:1794:343)
    at renderBasket (https://d1hjvew1n9ss7u.cloudfront.net/asset.axd?id=PAEAAB-LCAAAAAAAAAOtj0EPwUAQhf-KzLnsKqu64iBu4oSbOKzt0G2qKztTkQi_3abi6Ob43vfem8wDLIMGxjuLytwM2eCuPOvZ0gRCnrd86k8hgSaGNr5llFE40CdTEyZQXKP_EtuuRREhaA5tJLcIJqM8VSqfZlIO1VilWRYT9puwhStAjyZqIKM4fm1HoPeP333qLi5bYn8RS98wNix2JV6QxNrXRizOwRRGrLbi88ygIngm_1k8YzCOusXD8w1y8dfTPAEAAA%3d%3d:29:27)
    at <anonymous> (https://d1hjvew1n9ss7u.cloudfront.net/asset.axd?id=PAEAAB-LCAAAAAAAAAOtj0EPwUAQhf-KzLnsKqu64iBu4oSbOKzt0G2qKztTkQi_3abi6Ob43vfem8wDLIMGxjuLytwM2eCuPOvZ0gRCnrd86k8hgSaGNr5llFE40CdTEyZQXKP_EtuuRREhaA5tJLcIJqM8VSqfZlIO1VilWRYT9puwhStAjyZqIKM4fm1HoPeP333qLi5bYn8RS98wNix2JV6QxNrXRizOwRRGrLbi88ygIngm_1k8YzCOusXD8w1y8dfTPAEAAA%3d%3d:220:1)
    at f (https://d1hjvew1n9ss7u.cloudfront.net/assets/shjs.js?t=639255987001545277:0:10382)
    at fireWith (https://d1hjvew1n9ss7u.cloudfront.net/assets/shjs.js?t=639255987001545277:0:11137)
    at ready (https://d1hjvew1n9ss7u.cloudfront.net/assets/shjs.js?t=639255987001545277:0:5238)
    at r (https://d1hjvew1n9ss7u.cloudfront.net/assets/shjs.js?t=639255987001545277:0:9748)
[  388929ms] [VERBOSE] [DOM] Input elements should have autocomplete attributes (suggested: "current-password"): (More info: https://goo.gl/9p2vKq) %o @ https://www.lolacosmetics.com.br/colecoes/liso-leve-e-and-solto:0
[  388929ms] [VERBOSE] [DOM] Input elements should have autocomplete attributes (suggested: "current-password"): (More info: https://goo.gl/9p2vKq) %o @ https://www.lolacosmetics.com.br/colecoes/liso-leve-e-and-solto:0
[  388940ms] [ERROR] Failed to load resource: net::ERR_NAME_NOT_RESOLVED @ https://event.getblue.io/js/blue-tag.min.js:0
[  389003ms] [LOG] AffiseStorage availability: {cookie: true, localStorage: true, sessionStorage: true} @ https://rankmediabrasil.g2afse.com/websdk.js:0
[  389008ms] [LOG] Status RNK Media - ClickId: null UTM: null @ :3
[  389707ms] [WARNING] [Meta Pixel] - Invalid parameter format for currency. Please refer https://developers.facebook.com/docs/meta-pixel/reference/ for valid parameter specifications. @ https://connect.facebook.net/en_US/fbevents.js:203
[  390386ms] [INFO] É necessário definir o storeID no Plugin TrustVox @ https://d1hjvew1n9ss7u.cloudfront.net/asset.axd?id=_woAAB-LCAAAAAAAAAO9lsFunDAQhl-l4rw122w3m1D1lEfooYeqh8HMgrNgW_aYDYrSZ--EaFVgIZWK1aP9__b3Y3uwnxNJSZYQPlH6CC146ZSlLx9kBc4jfQ10_HiXbBLNpu-qKJG23FJJdoTa4yYpLAu_0m_9MM8SJhm5wErLwu3u_ma_v787bLef9p_3N4cDO-TFIQtVJNnudi-23Mgv3con2Y_n5fG-Jz4ET6ZJH4wm1JS-ZfOpamzgYKJBgkuq9FyIYb949MnL5l8JpTFljQI01B0p6YeUqbaO5DtP2AiHEizxhoh2N4TNyOt41pmj4vi1KZUekkZCRIYwEKhaJvVyHN4Za2kaFL4y1qKbY04s67i5M2evdCkkEJbGdQ3qMKTOGlZ_axEkCY_g5HRZB8o6iqxQnkwgkYM_Ic8ZmgZcVyEU43V917guA8_DM76uXg5aj7FTbR3pCJKjU2f5TGKL9ajcr8R4LOVpicRSDE7pTLDXjL470tkvneLflHE03qE5Pc7Jr5XmOla-mq7frCEis8FCgV8kvsnReaIFp4CU0X9F_3FGTMH3tafWPAkHrwW3mGHii5PAOiVxDtkLcRh56PJAZKa34Vj8DyyjUdZKntgUszanZXKtRqQtg1YxCuAXXfBQ8rtLSrQEenwuZg098-fLbwJGClv_CgAA:52
[  390401ms] Uncaught TypeError: Cannot read properties of undefined (reading 'replace')
    at validaFreteGratis (https://d1hjvew1n9ss7u.cloudfront.net/asset.axd?id=PAEAAB-LCAAAAAAAAAOtj0EPwUAQhf-KzLnsKqu64iBu4oSbOKzt0G2qKztTkQi_3abi6Ob43vfem8wDLIMGxjuLytwM2eCuPOvZ0gRCnrd86k8hgSaGNr5llFE40CdTEyZQXKP_EtuuRREhaA5tJLcIJqM8VSqfZlIO1VilWRYT9puwhStAjyZqIKM4fm1HoPeP333qLi5bYn8RS98wNix2JV6QxNrXRizOwRRGrLbi88ygIngm_1k8YzCOusXD8w1y8dfTPAEAAA%3d%3d:1:7633)
    at <anonymous> (https://d1hjvew1n9ss7u.cloudfront.net/asset.axd?id=PAEAAB-LCAAAAAAAAAOtj0EPwUAQhf-KzLnsKqu64iBu4oSbOKzt0G2qKztTkQi_3abi6Ob43vfem8wDLIMGxjuLytwM2eCuPOvZ0gRCnrd86k8hgSaGNr5llFE40CdTEyZQXKP_EtuuRREhaA5tJLcIJqM8VSqfZlIO1VilWRYT9puwhStAjyZqIKM4fm1HoPeP333qLi5bYn8RS98wNix2JV6QxNrXRizOwRRGrLbi88ygIngm_1k8YzCOusXD8w1y8dfTPAEAAA%3d%3d:1:49808)
    at dispatch (https://d1hjvew1n9ss7u.cloudfront.net/assets/shjs.js?t=639255987001545277:0:32701)
    at a (https://d1hjvew1n9ss7u.cloudfront.net/assets/shjs.js?t=639255987001545277:0:28480)
[  390395ms] [LOG] Banner não encontrado: banner-232 @ https://d1hjvew1n9ss7u.cloudfront.net/asset.axd?id=PAEAAB-LCAAAAAAAAAOtj0EPwUAQhf-KzLnsKqu64iBu4oSbOKzt0G2qKztTkQi_3abi6Ob43vfem8wDLIMGxjuLytwM2eCuPOvZ0gRCnrd86k8hgSaGNr5llFE40CdTEyZQXKP_EtuuRREhaA5tJLcIJqM8VSqfZlIO1VilWRYT9puwhStAjyZqIKM4fm1HoPeP333qLi5bYn8RS98wNix2JV6QxNrXRizOwRRGrLbi88ygIngm_1k8YzCOusXD8w1y8dfTPAEAAA%3d%3d:754
[  390434ms] [LOG] %c Widde Video Commerce %c v24604ee %c Build: 21/09/2026 20:39 %c border: 1px solid #2567f8; background: #2567f8; color: #fff; font-weight: bold; padding: 4px 8px; border-radius: 3px 0 0 0; border: 1px solid #2567f8; border-left: none; background: #FFF; color: #2567f8; font-weight: bold; padding: 4px 8px; border: 1px solid #2567f8; border-left: none; background: #f0f0f0; color: #333; font-weight: bold; padding: 4px 8px; border-radius: 0 3px 3px 0; background: transparent @ https://cdn.widde.io/assets/main.utzwjalemu.js:0
[  390486ms] [LOG] %c Tryon Widde.io %c %s %c border: 1px solid #2567f8; background: #2567f8; color: #fff; font-weight: bold; padding: 4px 8px; border-radius: 3px 0 0 3px; border: 1px solid #2567f8; background: #FFF; color: #2567f8; font-weight: bold; padding: 4px 8px; border-radius: 0 3px 3px 0; 47bf7c2 background: transparent @ https://cdn-tryon.widde.io/widde-tryon.js:86
[  390526ms] [LOG] [tryon-tracker] initialized {domain: www.lolacosmetics.com.br} @ https://cdn-tryon.widde.io/widde-tryon.js:8
[  397566ms] [WARNING] Error with Feature-Policy header: Some features are specified in both Feature-Policy and Permissions-Policy header: payment, fullscreen, microphone, camera. Values defined in Permissions-Policy header will be used. @ :0
[  397875ms] [ERROR] Failed to load resource: the server responded with a status of 500 () @ https://fonts.cdnfonts.com/css/leelawade:0
[  398223ms] [ERROR] Failed to load resource: the server responded with a status of 404 () @ https://lolacosmetics.admin.linxcommerce.com.br/Custom/Content/Themes/Lola/Styles/Fonts/FontAwesome/all.css:0
[  398468ms] [LOG] Banner não encontrado: banner-232 @ https://d1hjvew1n9ss7u.cloudfront.net/asset.axd?id=PAEAAB-LCAAAAAAAAAOtj0EPwUAQhf-KzLnsKqu64iBu4oSbOKzt0G2qKztTkQi_3abi6Ob43vfem8wDLIMGxjuLytwM2eCuPOvZ0gRCnrd86k8hgSaGNr5llFE40CdTEyZQXKP_EtuuRREhaA5tJLcIJqM8VSqfZlIO1VilWRYT9puwhStAjyZqIKM4fm1HoPeP333qLi5bYn8RS98wNix2JV6QxNrXRizOwRRGrLbi88ygIngm_1k8YzCOusXD8w1y8dfTPAEAAA%3d%3d:754
[  398470ms] [LOG] [Debug Carrinho] Polling ativo @ https://d1hjvew1n9ss7u.cloudfront.net/asset.axd?id=PAEAAB-LCAAAAAAAAAOtj0EPwUAQhf-KzLnsKqu64iBu4oSbOKzt0G2qKztTkQi_3abi6Ob43vfem8wDLIMGxjuLytwM2eCuPOvZ0gRCnrd86k8hgSaGNr5llFE40CdTEyZQXKP_EtuuRREhaA5tJLcIJqM8VSqfZlIO1VilWRYT9puwhStAjyZqIKM4fm1HoPeP333qLi5bYn8RS98wNix2JV6QxNrXRizOwRRGrLbi88ygIngm_1k8YzCOusXD8w1y8dfTPAEAAA%3d%3d:1790
[  398764ms] [LOG] categoria @ https://d1hjvew1n9ss7u.cloudfront.net/asset.axd?id=PAEAAB-LCAAAAAAAAAOtj0EPwUAQhf-KzLnsKqu64iBu4oSbOKzt0G2qKztTkQi_3abi6Ob43vfem8wDLIMGxjuLytwM2eCuPOvZ0gRCnrd86k8hgSaGNr5llFE40CdTEyZQXKP_EtuuRREhaA5tJLcIJqM8VSqfZlIO1VilWRYT9puwhStAjyZqIKM4fm1HoPeP333qLi5bYn8RS98wNix2JV6QxNrXRizOwRRGrLbi88ygIngm_1k8YzCOusXD8w1y8dfTPAEAAA%3d%3d:1
[  398800ms] [WARNING] !! Há erros de scripts de terceiros !!
Por favor, contate a Empresa responsável pelo script.  @ https://d1hjvew1n9ss7u.cloudfront.net/assets/shjs.js?t=639255987001545277:0
[  398988ms] Uncaught Error: You must pass a string or Handlebars AST to Handlebars.compile. You passed null
    at e.compile (https://d1hjvew1n9ss7u.cloudfront.net/asset.axd?id=PAEAAB-LCAAAAAAAAAOtj0EPwUAQhf-KzLnsKqu64iBu4oSbOKzt0G2qKztTkQi_3abi6Ob43vfem8wDLIMGxjuLytwM2eCuPOvZ0gRCnrd86k8hgSaGNr5llFE40CdTEyZQXKP_EtuuRREhaA5tJLcIJqM8VSqfZlIO1VilWRYT9puwhStAjyZqIKM4fm1HoPeP333qLi5bYn8RS98wNix2JV6QxNrXRizOwRRGrLbi88ygIngm_1k8YzCOusXD8w1y8dfTPAEAAA%3d%3d:1794:49302)
    at i.compile (https://d1hjvew1n9ss7u.cloudfront.net/asset.axd?id=PAEAAB-LCAAAAAAAAAOtj0EPwUAQhf-KzLnsKqu64iBu4oSbOKzt0G2qKztTkQi_3abi6Ob43vfem8wDLIMGxjuLytwM2eCuPOvZ0gRCnrd86k8hgSaGNr5llFE40CdTEyZQXKP_EtuuRREhaA5tJLcIJqM8VSqfZlIO1VilWRYT9puwhStAjyZqIKM4fm1HoPeP333qLi5bYn8RS98wNix2JV6QxNrXRizOwRRGrLbi88ygIngm_1k8YzCOusXD8w1y8dfTPAEAAA%3d%3d:1794:343)
    at renderBasket (https://d1hjvew1n9ss7u.cloudfront.net/asset.axd?id=PAEAAB-LCAAAAAAAAAOtj0EPwUAQhf-KzLnsKqu64iBu4oSbOKzt0G2qKztTkQi_3abi6Ob43vfem8wDLIMGxjuLytwM2eCuPOvZ0gRCnrd86k8hgSaGNr5llFE40CdTEyZQXKP_EtuuRREhaA5tJLcIJqM8VSqfZlIO1VilWRYT9puwhStAjyZqIKM4fm1HoPeP333qLi5bYn8RS98wNix2JV6QxNrXRizOwRRGrLbi88ygIngm_1k8YzCOusXD8w1y8dfTPAEAAA%3d%3d:29:27)
    at <anonymous> (https://d1hjvew1n9ss7u.cloudfront.net/asset.axd?id=PAEAAB-LCAAAAAAAAAOtj0EPwUAQhf-KzLnsKqu64iBu4oSbOKzt0G2qKztTkQi_3abi6Ob43vfem8wDLIMGxjuLytwM2eCuPOvZ0gRCnrd86k8hgSaGNr5llFE40CdTEyZQXKP_EtuuRREhaA5tJLcIJqM8VSqfZlIO1VilWRYT9puwhStAjyZqIKM4fm1HoPeP333qLi5bYn8RS98wNix2JV6QxNrXRizOwRRGrLbi88ygIngm_1k8YzCOusXD8w1y8dfTPAEAAA%3d%3d:220:1)
    at f (https://d1hjvew1n9ss7u.cloudfront.net/assets/shjs.js?t=639255987001545277:0:10382)
    at fireWith (https://d1hjvew1n9ss7u.cloudfront.net/assets/shjs.js?t=639255987001545277:0:11137)
    at ready (https://d1hjvew1n9ss7u.cloudfront.net/assets/shjs.js?t=639255987001545277:0:5238)
    at r (https://d1hjvew1n9ss7u.cloudfront.net/assets/shjs.js?t=639255987001545277:0:9748)
[  398832ms] [VERBOSE] [DOM] Input elements should have autocomplete attributes (suggested: "current-password"): (More info: https://goo.gl/9p2vKq) %o @ https://www.lolacosmetics.com.br/colecoes/loira-de-farmacia:0
[  398835ms] [VERBOSE] [DOM] Input elements should have autocomplete attributes (suggested: "current-password"): (More info: https://goo.gl/9p2vKq) %o @ https://www.lolacosmetics.com.br/colecoes/loira-de-farmacia:0
[  398982ms] [ERROR] Failed to load resource: net::ERR_NAME_NOT_RESOLVED @ https://event.getblue.io/js/blue-tag.min.js:0
[  398986ms] [LOG] AffiseStorage availability: {cookie: true, localStorage: true, sessionStorage: true} @ https://rankmediabrasil.g2afse.com/websdk.js:0
[  398987ms] [LOG] Status RNK Media - ClickId: null UTM: null @ :3
[  400293ms] [INFO] É necessário definir o storeID no Plugin TrustVox @ https://d1hjvew1n9ss7u.cloudfront.net/asset.axd?id=_woAAB-LCAAAAAAAAAO9lsFunDAQhl-l4rw122w3m1D1lEfooYeqh8HMgrNgW_aYDYrSZ--EaFVgIZWK1aP9__b3Y3uwnxNJSZYQPlH6CC146ZSlLx9kBc4jfQ10_HiXbBLNpu-qKJG23FJJdoTa4yYpLAu_0m_9MM8SJhm5wErLwu3u_ma_v787bLef9p_3N4cDO-TFIQtVJNnudi-23Mgv3con2Y_n5fG-Jz4ET6ZJH4wm1JS-ZfOpamzgYKJBgkuq9FyIYb949MnL5l8JpTFljQI01B0p6YeUqbaO5DtP2AiHEizxhoh2N4TNyOt41pmj4vi1KZUekkZCRIYwEKhaJvVyHN4Za2kaFL4y1qKbY04s67i5M2evdCkkEJbGdQ3qMKTOGlZ_axEkCY_g5HRZB8o6iqxQnkwgkYM_Ic8ZmgZcVyEU43V917guA8_DM76uXg5aj7FTbR3pCJKjU2f5TGKL9ajcr8R4LOVpicRSDE7pTLDXjL470tkvneLflHE03qE5Pc7Jr5XmOla-mq7frCEis8FCgV8kvsnReaIFp4CU0X9F_3FGTMH3tafWPAkHrwW3mGHii5PAOiVxDtkLcRh56PJAZKa34Vj8DyyjUdZKntgUszanZXKtRqQtg1YxCuAXXfBQ8rtLSrQEenwuZg098-fLbwJGClv_CgAA:52
[  400639ms] Uncaught TypeError: Cannot read properties of undefined (reading 'replace')
    at validaFreteGratis (https://d1hjvew1n9ss7u.cloudfront.net/asset.axd?id=PAEAAB-LCAAAAAAAAAOtj0EPwUAQhf-KzLnsKqu64iBu4oSbOKzt0G2qKztTkQi_3abi6Ob43vfem8wDLIMGxjuLytwM2eCuPOvZ0gRCnrd86k8hgSaGNr5llFE40CdTEyZQXKP_EtuuRREhaA5tJLcIJqM8VSqfZlIO1VilWRYT9puwhStAjyZqIKM4fm1HoPeP333qLi5bYn8RS98wNix2JV6QxNrXRizOwRRGrLbi88ygIngm_1k8YzCOusXD8w1y8dfTPAEAAA%3d%3d:1:7633)
    at <anonymous> (https://d1hjvew1n9ss7u.cloudfront.net/asset.axd?id=PAEAAB-LCAAAAAAAAAOtj0EPwUAQhf-KzLnsKqu64iBu4oSbOKzt0G2qKztTkQi_3abi6Ob43vfem8wDLIMGxjuLytwM2eCuPOvZ0gRCnrd86k8hgSaGNr5llFE40CdTEyZQXKP_EtuuRREhaA5tJLcIJqM8VSqfZlIO1VilWRYT9puwhStAjyZqIKM4fm1HoPeP333qLi5bYn8RS98wNix2JV6QxNrXRizOwRRGrLbi88ygIngm_1k8YzCOusXD8w1y8dfTPAEAAA%3d%3d:1:49808)
    at dispatch (https://d1hjvew1n9ss7u.cloudfront.net/assets/shjs.js?t=639255987001545277:0:32701)
    at a (https://d1hjvew1n9ss7u.cloudfront.net/assets/shjs.js?t=639255987001545277:0:28480)
[  400309ms] [LOG] Banner não encontrado: banner-232 @ https://d1hjvew1n9ss7u.cloudfront.net/asset.axd?id=PAEAAB-LCAAAAAAAAAOtj0EPwUAQhf-KzLnsKqu64iBu4oSbOKzt0G2qKztTkQi_3abi6Ob43vfem8wDLIMGxjuLytwM2eCuPOvZ0gRCnrd86k8hgSaGNr5llFE40CdTEyZQXKP_EtuuRREhaA5tJLcIJqM8VSqfZlIO1VilWRYT9puwhStAjyZqIKM4fm1HoPeP333qLi5bYn8RS98wNix2JV6QxNrXRizOwRRGrLbi88ygIngm_1k8YzCOusXD8w1y8dfTPAEAAA%3d%3d:754
[  400329ms] [LOG] %c Widde Video Commerce %c v24604ee %c Build: 21/09/2026 20:39 %c border: 1px solid #2567f8; background: #2567f8; color: #fff; font-weight: bold; padding: 4px 8px; border-radius: 3px 0 0 0; border: 1px solid #2567f8; border-left: none; background: #FFF; color: #2567f8; font-weight: bold; padding: 4px 8px; border: 1px solid #2567f8; border-left: none; background: #f0f0f0; color: #333; font-weight: bold; padding: 4px 8px; border-radius: 0 3px 3px 0; background: transparent @ https://cdn.widde.io/assets/main.utzwjalemu.js:0
[  400421ms] [LOG] %c Tryon Widde.io %c %s %c border: 1px solid #2567f8; background: #2567f8; color: #fff; font-weight: bold; padding: 4px 8px; border-radius: 3px 0 0 3px; border: 1px solid #2567f8; background: #FFF; color: #2567f8; font-weight: bold; padding: 4px 8px; border-radius: 0 3px 3px 0; 47bf7c2 background: transparent @ https://cdn-tryon.widde.io/widde-tryon.js:86
[  400486ms] [LOG] [tryon-tracker] initialized {domain: www.lolacosmetics.com.br} @ https://cdn-tryon.widde.io/widde-tryon.js:8
[  407542ms] [WARNING] Error with Feature-Policy header: Some features are specified in both Feature-Policy and Permissions-Policy header: payment, fullscreen, microphone, camera. Values defined in Permissions-Policy header will be used. @ :0
[  407878ms] [ERROR] Failed to load resource: the server responded with a status of 500 () @ https://fonts.cdnfonts.com/css/leelawade:0
[  408161ms] [ERROR] Failed to load resource: the server responded with a status of 404 () @ https://lolacosmetics.admin.linxcommerce.com.br/Custom/Content/Themes/Lola/Styles/Fonts/FontAwesome/all.css:0
[  408299ms] [LOG] Banner não encontrado: banner-232 @ https://d1hjvew1n9ss7u.cloudfront.net/asset.axd?id=PAEAAB-LCAAAAAAAAAOtj0EPwUAQhf-KzLnsKqu64iBu4oSbOKzt0G2qKztTkQi_3abi6Ob43vfem8wDLIMGxjuLytwM2eCuPOvZ0gRCnrd86k8hgSaGNr5llFE40CdTEyZQXKP_EtuuRREhaA5tJLcIJqM8VSqfZlIO1VilWRYT9puwhStAjyZqIKM4fm1HoPeP333qLi5bYn8RS98wNix2JV6QxNrXRizOwRRGrLbi88ygIngm_1k8YzCOusXD8w1y8dfTPAEAAA%3d%3d:754
[  408302ms] [LOG] [Debug Carrinho] Polling ativo @ https://d1hjvew1n9ss7u.cloudfront.net/asset.axd?id=PAEAAB-LCAAAAAAAAAOtj0EPwUAQhf-KzLnsKqu64iBu4oSbOKzt0G2qKztTkQi_3abi6Ob43vfem8wDLIMGxjuLytwM2eCuPOvZ0gRCnrd86k8hgSaGNr5llFE40CdTEyZQXKP_EtuuRREhaA5tJLcIJqM8VSqfZlIO1VilWRYT9puwhStAjyZqIKM4fm1HoPeP333qLi5bYn8RS98wNix2JV6QxNrXRizOwRRGrLbi88ygIngm_1k8YzCOusXD8w1y8dfTPAEAAA%3d%3d:1790
[  408390ms] [LOG] categoria @ https://d1hjvew1n9ss7u.cloudfront.net/asset.axd?id=PAEAAB-LCAAAAAAAAAOtj0EPwUAQhf-KzLnsKqu64iBu4oSbOKzt0G2qKztTkQi_3abi6Ob43vfem8wDLIMGxjuLytwM2eCuPOvZ0gRCnrd86k8hgSaGNr5llFE40CdTEyZQXKP_EtuuRREhaA5tJLcIJqM8VSqfZlIO1VilWRYT9puwhStAjyZqIKM4fm1HoPeP333qLi5bYn8RS98wNix2JV6QxNrXRizOwRRGrLbi88ygIngm_1k8YzCOusXD8w1y8dfTPAEAAA%3d%3d:1
[  408391ms] [WARNING] !! Há erros de scripts de terceiros !!
Por favor, contate a Empresa responsável pelo script.  @ https://d1hjvew1n9ss7u.cloudfront.net/assets/shjs.js?t=639255987001545277:0
[  408393ms] Uncaught Error: You must pass a string or Handlebars AST to Handlebars.compile. You passed null
    at e.compile (https://d1hjvew1n9ss7u.cloudfront.net/asset.axd?id=PAEAAB-LCAAAAAAAAAOtj0EPwUAQhf-KzLnsKqu64iBu4oSbOKzt0G2qKztTkQi_3abi6Ob43vfem8wDLIMGxjuLytwM2eCuPOvZ0gRCnrd86k8hgSaGNr5llFE40CdTEyZQXKP_EtuuRREhaA5tJLcIJqM8VSqfZlIO1VilWRYT9puwhStAjyZqIKM4fm1HoPeP333qLi5bYn8RS98wNix2JV6QxNrXRizOwRRGrLbi88ygIngm_1k8YzCOusXD8w1y8dfTPAEAAA%3d%3d:1794:49302)
    at i.compile (https://d1hjvew1n9ss7u.cloudfront.net/asset.axd?id=PAEAAB-LCAAAAAAAAAOtj0EPwUAQhf-KzLnsKqu64iBu4oSbOKzt0G2qKztTkQi_3abi6Ob43vfem8wDLIMGxjuLytwM2eCuPOvZ0gRCnrd86k8hgSaGNr5llFE40CdTEyZQXKP_EtuuRREhaA5tJLcIJqM8VSqfZlIO1VilWRYT9puwhStAjyZqIKM4fm1HoPeP333qLi5bYn8RS98wNix2JV6QxNrXRizOwRRGrLbi88ygIngm_1k8YzCOusXD8w1y8dfTPAEAAA%3d%3d:1794:343)
    at renderBasket (https://d1hjvew1n9ss7u.cloudfront.net/asset.axd?id=PAEAAB-LCAAAAAAAAAOtj0EPwUAQhf-KzLnsKqu64iBu4oSbOKzt0G2qKztTkQi_3abi6Ob43vfem8wDLIMGxjuLytwM2eCuPOvZ0gRCnrd86k8hgSaGNr5llFE40CdTEyZQXKP_EtuuRREhaA5tJLcIJqM8VSqfZlIO1VilWRYT9puwhStAjyZqIKM4fm1HoPeP333qLi5bYn8RS98wNix2JV6QxNrXRizOwRRGrLbi88ygIngm_1k8YzCOusXD8w1y8dfTPAEAAA%3d%3d:29:27)
    at <anonymous> (https://d1hjvew1n9ss7u.cloudfront.net/asset.axd?id=PAEAAB-LCAAAAAAAAAOtj0EPwUAQhf-KzLnsKqu64iBu4oSbOKzt0G2qKztTkQi_3abi6Ob43vfem8wDLIMGxjuLytwM2eCuPOvZ0gRCnrd86k8hgSaGNr5llFE40CdTEyZQXKP_EtuuRREhaA5tJLcIJqM8VSqfZlIO1VilWRYT9puwhStAjyZqIKM4fm1HoPeP333qLi5bYn8RS98wNix2JV6QxNrXRizOwRRGrLbi88ygIngm_1k8YzCOusXD8w1y8dfTPAEAAA%3d%3d:220:1)
    at f (https://d1hjvew1n9ss7u.cloudfront.net/assets/shjs.js?t=639255987001545277:0:10382)
    at fireWith (https://d1hjvew1n9ss7u.cloudfront.net/assets/shjs.js?t=639255987001545277:0:11137)
    at ready (https://d1hjvew1n9ss7u.cloudfront.net/assets/shjs.js?t=639255987001545277:0:5238)
    at r (https://d1hjvew1n9ss7u.cloudfront.net/assets/shjs.js?t=639255987001545277:0:9748)
[  408396ms] [VERBOSE] [DOM] Input elements should have autocomplete attributes (suggested: "current-password"): (More info: https://goo.gl/9p2vKq) %o @ https://www.lolacosmetics.com.br/colecoes/lola-kids:0
[  408396ms] [VERBOSE] [DOM] Input elements should have autocomplete attributes (suggested: "current-password"): (More info: https://goo.gl/9p2vKq) %o @ https://www.lolacosmetics.com.br/colecoes/lola-kids:0
[  408456ms] [ERROR] Failed to load resource: net::ERR_NAME_NOT_RESOLVED @ https://event.getblue.io/js/blue-tag.min.js:0
[  408492ms] [LOG] AffiseStorage availability: {cookie: true, localStorage: true, sessionStorage: true} @ https://rankmediabrasil.g2afse.com/websdk.js:0
[  408493ms] [LOG] Status RNK Media - ClickId: null UTM: null @ :3
[  408894ms] [WARNING] [Meta Pixel] - Invalid parameter format for currency. Please refer https://developers.facebook.com/docs/meta-pixel/reference/ for valid parameter specifications. @ https://connect.facebook.net/en_US/fbevents.js:203
[  409221ms] [INFO] É necessário definir o storeID no Plugin TrustVox @ https://d1hjvew1n9ss7u.cloudfront.net/asset.axd?id=_woAAB-LCAAAAAAAAAO9lsFunDAQhl-l4rw122w3m1D1lEfooYeqh8HMgrNgW_aYDYrSZ--EaFVgIZWK1aP9__b3Y3uwnxNJSZYQPlH6CC146ZSlLx9kBc4jfQ10_HiXbBLNpu-qKJG23FJJdoTa4yYpLAu_0m_9MM8SJhm5wErLwu3u_ma_v787bLef9p_3N4cDO-TFIQtVJNnudi-23Mgv3con2Y_n5fG-Jz4ET6ZJH4wm1JS-ZfOpamzgYKJBgkuq9FyIYb949MnL5l8JpTFljQI01B0p6YeUqbaO5DtP2AiHEizxhoh2N4TNyOt41pmj4vi1KZUekkZCRIYwEKhaJvVyHN4Za2kaFL4y1qKbY04s67i5M2evdCkkEJbGdQ3qMKTOGlZ_axEkCY_g5HRZB8o6iqxQnkwgkYM_Ic8ZmgZcVyEU43V917guA8_DM76uXg5aj7FTbR3pCJKjU2f5TGKL9ajcr8R4LOVpicRSDE7pTLDXjL470tkvneLflHE03qE5Pc7Jr5XmOla-mq7frCEis8FCgV8kvsnReaIFp4CU0X9F_3FGTMH3tafWPAkHrwW3mGHii5PAOiVxDtkLcRh56PJAZKa34Vj8DyyjUdZKntgUszanZXKtRqQtg1YxCuAXXfBQ8rtLSrQEenwuZg098-fLbwJGClv_CgAA:52
[  409232ms] Uncaught TypeError: Cannot read properties of undefined (reading 'replace')
    at validaFreteGratis (https://d1hjvew1n9ss7u.cloudfront.net/asset.axd?id=PAEAAB-LCAAAAAAAAAOtj0EPwUAQhf-KzLnsKqu64iBu4oSbOKzt0G2qKztTkQi_3abi6Ob43vfem8wDLIMGxjuLytwM2eCuPOvZ0gRCnrd86k8hgSaGNr5llFE40CdTEyZQXKP_EtuuRREhaA5tJLcIJqM8VSqfZlIO1VilWRYT9puwhStAjyZqIKM4fm1HoPeP333qLi5bYn8RS98wNix2JV6QxNrXRizOwRRGrLbi88ygIngm_1k8YzCOusXD8w1y8dfTPAEAAA%3d%3d:1:7633)
    at <anonymous> (https://d1hjvew1n9ss7u.cloudfront.net/asset.axd?id=PAEAAB-LCAAAAAAAAAOtj0EPwUAQhf-KzLnsKqu64iBu4oSbOKzt0G2qKztTkQi_3abi6Ob43vfem8wDLIMGxjuLytwM2eCuPOvZ0gRCnrd86k8hgSaGNr5llFE40CdTEyZQXKP_EtuuRREhaA5tJLcIJqM8VSqfZlIO1VilWRYT9puwhStAjyZqIKM4fm1HoPeP333qLi5bYn8RS98wNix2JV6QxNrXRizOwRRGrLbi88ygIngm_1k8YzCOusXD8w1y8dfTPAEAAA%3d%3d:1:49808)
    at dispatch (https://d1hjvew1n9ss7u.cloudfront.net/assets/shjs.js?t=639255987001545277:0:32701)
    at a (https://d1hjvew1n9ss7u.cloudfront.net/assets/shjs.js?t=639255987001545277:0:28480)
[  409227ms] [LOG] Banner não encontrado: banner-232 @ https://d1hjvew1n9ss7u.cloudfront.net/asset.axd?id=PAEAAB-LCAAAAAAAAAOtj0EPwUAQhf-KzLnsKqu64iBu4oSbOKzt0G2qKztTkQi_3abi6Ob43vfem8wDLIMGxjuLytwM2eCuPOvZ0gRCnrd86k8hgSaGNr5llFE40CdTEyZQXKP_EtuuRREhaA5tJLcIJqM8VSqfZlIO1VilWRYT9puwhStAjyZqIKM4fm1HoPeP333qLi5bYn8RS98wNix2JV6QxNrXRizOwRRGrLbi88ygIngm_1k8YzCOusXD8w1y8dfTPAEAAA%3d%3d:754
[  409250ms] [LOG] %c Widde Video Commerce %c v24604ee %c Build: 21/09/2026 20:39 %c border: 1px solid #2567f8; background: #2567f8; color: #fff; font-weight: bold; padding: 4px 8px; border-radius: 3px 0 0 0; border: 1px solid #2567f8; border-left: none; background: #FFF; color: #2567f8; font-weight: bold; padding: 4px 8px; border: 1px solid #2567f8; border-left: none; background: #f0f0f0; color: #333; font-weight: bold; padding: 4px 8px; border-radius: 0 3px 3px 0; background: transparent @ https://cdn.widde.io/assets/main.utzwjalemu.js:0
[  409316ms] [LOG] %c Tryon Widde.io %c %s %c border: 1px solid #2567f8; background: #2567f8; color: #fff; font-weight: bold; padding: 4px 8px; border-radius: 3px 0 0 3px; border: 1px solid #2567f8; background: #FFF; color: #2567f8; font-weight: bold; padding: 4px 8px; border-radius: 0 3px 3px 0; 47bf7c2 background: transparent @ https://cdn-tryon.widde.io/widde-tryon.js:86
[  409339ms] [LOG] [tryon-tracker] initialized {domain: www.lolacosmetics.com.br} @ https://cdn-tryon.widde.io/widde-tryon.js:8
[  417235ms] [WARNING] Error with Feature-Policy header: Some features are specified in both Feature-Policy and Permissions-Policy header: payment, fullscreen, microphone, camera. Values defined in Permissions-Policy header will be used. @ :0
[  417618ms] [ERROR] Failed to load resource: the server responded with a status of 500 () @ https://fonts.cdnfonts.com/css/leelawade:0
[  418031ms] [ERROR] Failed to load resource: the server responded with a status of 404 () @ https://lolacosmetics.admin.linxcommerce.com.br/Custom/Content/Themes/Lola/Styles/Fonts/FontAwesome/all.css:0
[  418299ms] [LOG] Banner não encontrado: banner-232 @ https://d1hjvew1n9ss7u.cloudfront.net/asset.axd?id=PAEAAB-LCAAAAAAAAAOtj0EPwUAQhf-KzLnsKqu64iBu4oSbOKzt0G2qKztTkQi_3abi6Ob43vfem8wDLIMGxjuLytwM2eCuPOvZ0gRCnrd86k8hgSaGNr5llFE40CdTEyZQXKP_EtuuRREhaA5tJLcIJqM8VSqfZlIO1VilWRYT9puwhStAjyZqIKM4fm1HoPeP333qLi5bYn8RS98wNix2JV6QxNrXRizOwRRGrLbi88ygIngm_1k8YzCOusXD8w1y8dfTPAEAAA%3d%3d:754
[  418303ms] [LOG] [Debug Carrinho] Polling ativo @ https://d1hjvew1n9ss7u.cloudfront.net/asset.axd?id=PAEAAB-LCAAAAAAAAAOtj0EPwUAQhf-KzLnsKqu64iBu4oSbOKzt0G2qKztTkQi_3abi6Ob43vfem8wDLIMGxjuLytwM2eCuPOvZ0gRCnrd86k8hgSaGNr5llFE40CdTEyZQXKP_EtuuRREhaA5tJLcIJqM8VSqfZlIO1VilWRYT9puwhStAjyZqIKM4fm1HoPeP333qLi5bYn8RS98wNix2JV6QxNrXRizOwRRGrLbi88ygIngm_1k8YzCOusXD8w1y8dfTPAEAAA%3d%3d:1790
[  418411ms] [LOG] categoria @ https://d1hjvew1n9ss7u.cloudfront.net/asset.axd?id=PAEAAB-LCAAAAAAAAAOtj0EPwUAQhf-KzLnsKqu64iBu4oSbOKzt0G2qKztTkQi_3abi6Ob43vfem8wDLIMGxjuLytwM2eCuPOvZ0gRCnrd86k8hgSaGNr5llFE40CdTEyZQXKP_EtuuRREhaA5tJLcIJqM8VSqfZlIO1VilWRYT9puwhStAjyZqIKM4fm1HoPeP333qLi5bYn8RS98wNix2JV6QxNrXRizOwRRGrLbi88ygIngm_1k8YzCOusXD8w1y8dfTPAEAAA%3d%3d:1
[  418414ms] [WARNING] !! Há erros de scripts de terceiros !!
Por favor, contate a Empresa responsável pelo script.  @ https://d1hjvew1n9ss7u.cloudfront.net/assets/shjs.js?t=639255987001545277:0
[  418422ms] Uncaught Error: You must pass a string or Handlebars AST to Handlebars.compile. You passed null
    at e.compile (https://d1hjvew1n9ss7u.cloudfront.net/asset.axd?id=PAEAAB-LCAAAAAAAAAOtj0EPwUAQhf-KzLnsKqu64iBu4oSbOKzt0G2qKztTkQi_3abi6Ob43vfem8wDLIMGxjuLytwM2eCuPOvZ0gRCnrd86k8hgSaGNr5llFE40CdTEyZQXKP_EtuuRREhaA5tJLcIJqM8VSqfZlIO1VilWRYT9puwhStAjyZqIKM4fm1HoPeP333qLi5bYn8RS98wNix2JV6QxNrXRizOwRRGrLbi88ygIngm_1k8YzCOusXD8w1y8dfTPAEAAA%3d%3d:1794:49302)
    at i.compile (https://d1hjvew1n9ss7u.cloudfront.net/asset.axd?id=PAEAAB-LCAAAAAAAAAOtj0EPwUAQhf-KzLnsKqu64iBu4oSbOKzt0G2qKztTkQi_3abi6Ob43vfem8wDLIMGxjuLytwM2eCuPOvZ0gRCnrd86k8hgSaGNr5llFE40CdTEyZQXKP_EtuuRREhaA5tJLcIJqM8VSqfZlIO1VilWRYT9puwhStAjyZqIKM4fm1HoPeP333qLi5bYn8RS98wNix2JV6QxNrXRizOwRRGrLbi88ygIngm_1k8YzCOusXD8w1y8dfTPAEAAA%3d%3d:1794:343)
    at renderBasket (https://d1hjvew1n9ss7u.cloudfront.net/asset.axd?id=PAEAAB-LCAAAAAAAAAOtj0EPwUAQhf-KzLnsKqu64iBu4oSbOKzt0G2qKztTkQi_3abi6Ob43vfem8wDLIMGxjuLytwM2eCuPOvZ0gRCnrd86k8hgSaGNr5llFE40CdTEyZQXKP_EtuuRREhaA5tJLcIJqM8VSqfZlIO1VilWRYT9puwhStAjyZqIKM4fm1HoPeP333qLi5bYn8RS98wNix2JV6QxNrXRizOwRRGrLbi88ygIngm_1k8YzCOusXD8w1y8dfTPAEAAA%3d%3d:29:27)
    at <anonymous> (https://d1hjvew1n9ss7u.cloudfront.net/asset.axd?id=PAEAAB-LCAAAAAAAAAOtj0EPwUAQhf-KzLnsKqu64iBu4oSbOKzt0G2qKztTkQi_3abi6Ob43vfem8wDLIMGxjuLytwM2eCuPOvZ0gRCnrd86k8hgSaGNr5llFE40CdTEyZQXKP_EtuuRREhaA5tJLcIJqM8VSqfZlIO1VilWRYT9puwhStAjyZqIKM4fm1HoPeP333qLi5bYn8RS98wNix2JV6QxNrXRizOwRRGrLbi88ygIngm_1k8YzCOusXD8w1y8dfTPAEAAA%3d%3d:220:1)
    at f (https://d1hjvew1n9ss7u.cloudfront.net/assets/shjs.js?t=639255987001545277:0:10382)
    at fireWith (https://d1hjvew1n9ss7u.cloudfront.net/assets/shjs.js?t=639255987001545277:0:11137)
    at ready (https://d1hjvew1n9ss7u.cloudfront.net/assets/shjs.js?t=639255987001545277:0:5238)
    at r (https://d1hjvew1n9ss7u.cloudfront.net/assets/shjs.js?t=639255987001545277:0:9748)
[  418417ms] [VERBOSE] [DOM] Input elements should have autocomplete attributes (suggested: "current-password"): (More info: https://goo.gl/9p2vKq) %o @ https://www.lolacosmetics.com.br/colecoes/lola-vintage-girls:0
[  418417ms] [VERBOSE] [DOM] Input elements should have autocomplete attributes (suggested: "current-password"): (More info: https://goo.gl/9p2vKq) %o @ https://www.lolacosmetics.com.br/colecoes/lola-vintage-girls:0
[  418420ms] [ERROR] Failed to load resource: net::ERR_NAME_NOT_RESOLVED @ https://event.getblue.io/js/blue-tag.min.js:0
[  418477ms] [LOG] AffiseStorage availability: {cookie: true, localStorage: true, sessionStorage: true} @ https://rankmediabrasil.g2afse.com/websdk.js:0
[  418483ms] [LOG] Status RNK Media - ClickId: null UTM: null @ :3
[  418872ms] [WARNING] [Meta Pixel] - Invalid parameter format for currency. Please refer https://developers.facebook.com/docs/meta-pixel/reference/ for valid parameter specifications. @ https://connect.facebook.net/en_US/fbevents.js:203
[  419359ms] Uncaught TypeError: Cannot read properties of undefined (reading 'replace')
    at validaFreteGratis (https://d1hjvew1n9ss7u.cloudfront.net/asset.axd?id=PAEAAB-LCAAAAAAAAAOtj0EPwUAQhf-KzLnsKqu64iBu4oSbOKzt0G2qKztTkQi_3abi6Ob43vfem8wDLIMGxjuLytwM2eCuPOvZ0gRCnrd86k8hgSaGNr5llFE40CdTEyZQXKP_EtuuRREhaA5tJLcIJqM8VSqfZlIO1VilWRYT9puwhStAjyZqIKM4fm1HoPeP333qLi5bYn8RS98wNix2JV6QxNrXRizOwRRGrLbi88ygIngm_1k8YzCOusXD8w1y8dfTPAEAAA%3d%3d:1:7633)
    at <anonymous> (https://d1hjvew1n9ss7u.cloudfront.net/asset.axd?id=PAEAAB-LCAAAAAAAAAOtj0EPwUAQhf-KzLnsKqu64iBu4oSbOKzt0G2qKztTkQi_3abi6Ob43vfem8wDLIMGxjuLytwM2eCuPOvZ0gRCnrd86k8hgSaGNr5llFE40CdTEyZQXKP_EtuuRREhaA5tJLcIJqM8VSqfZlIO1VilWRYT9puwhStAjyZqIKM4fm1HoPeP333qLi5bYn8RS98wNix2JV6QxNrXRizOwRRGrLbi88ygIngm_1k8YzCOusXD8w1y8dfTPAEAAA%3d%3d:1:49808)
    at dispatch (https://d1hjvew1n9ss7u.cloudfront.net/assets/shjs.js?t=639255987001545277:0:32701)
    at a (https://d1hjvew1n9ss7u.cloudfront.net/assets/shjs.js?t=639255987001545277:0:28480)
[  419353ms] [LOG] Banner não encontrado: banner-232 @ https://d1hjvew1n9ss7u.cloudfront.net/asset.axd?id=PAEAAB-LCAAAAAAAAAOtj0EPwUAQhf-KzLnsKqu64iBu4oSbOKzt0G2qKztTkQi_3abi6Ob43vfem8wDLIMGxjuLytwM2eCuPOvZ0gRCnrd86k8hgSaGNr5llFE40CdTEyZQXKP_EtuuRREhaA5tJLcIJqM8VSqfZlIO1VilWRYT9puwhStAjyZqIKM4fm1HoPeP333qLi5bYn8RS98wNix2JV6QxNrXRizOwRRGrLbi88ygIngm_1k8YzCOusXD8w1y8dfTPAEAAA%3d%3d:754
[  419383ms] [LOG] %c Widde Video Commerce %c v24604ee %c Build: 21/09/2026 20:39 %c border: 1px solid #2567f8; background: #2567f8; color: #fff; font-weight: bold; padding: 4px 8px; border-radius: 3px 0 0 0; border: 1px solid #2567f8; border-left: none; background: #FFF; color: #2567f8; font-weight: bold; padding: 4px 8px; border: 1px solid #2567f8; border-left: none; background: #f0f0f0; color: #333; font-weight: bold; padding: 4px 8px; border-radius: 0 3px 3px 0; background: transparent @ https://cdn.widde.io/assets/main.utzwjalemu.js:0
[  419534ms] [LOG] %c Tryon Widde.io %c %s %c border: 1px solid #2567f8; background: #2567f8; color: #fff; font-weight: bold; padding: 4px 8px; border-radius: 3px 0 0 3px; border: 1px solid #2567f8; background: #FFF; color: #2567f8; font-weight: bold; padding: 4px 8px; border-radius: 0 3px 3px 0; 47bf7c2 background: transparent @ https://cdn-tryon.widde.io/widde-tryon.js:86
[  419562ms] [LOG] [tryon-tracker] initialized {domain: www.lolacosmetics.com.br} @ https://cdn-tryon.widde.io/widde-tryon.js:8
[  425642ms] [WARNING] Error with Feature-Policy header: Some features are specified in both Feature-Policy and Permissions-Policy header: payment, fullscreen, microphone, camera. Values defined in Permissions-Policy header will be used. @ :0
[  425935ms] [ERROR] Failed to load resource: the server responded with a status of 500 () @ https://fonts.cdnfonts.com/css/leelawade:0
[  426199ms] [ERROR] Failed to load resource: the server responded with a status of 404 () @ https://lolacosmetics.admin.linxcommerce.com.br/Custom/Content/Themes/Lola/Styles/Fonts/FontAwesome/all.css:0
[  426325ms] [LOG] Banner não encontrado: banner-232 @ https://d1hjvew1n9ss7u.cloudfront.net/asset.axd?id=PAEAAB-LCAAAAAAAAAOtj0EPwUAQhf-KzLnsKqu64iBu4oSbOKzt0G2qKztTkQi_3abi6Ob43vfem8wDLIMGxjuLytwM2eCuPOvZ0gRCnrd86k8hgSaGNr5llFE40CdTEyZQXKP_EtuuRREhaA5tJLcIJqM8VSqfZlIO1VilWRYT9puwhStAjyZqIKM4fm1HoPeP333qLi5bYn8RS98wNix2JV6QxNrXRizOwRRGrLbi88ygIngm_1k8YzCOusXD8w1y8dfTPAEAAA%3d%3d:754
[  426329ms] [LOG] [Debug Carrinho] Polling ativo @ https://d1hjvew1n9ss7u.cloudfront.net/asset.axd?id=PAEAAB-LCAAAAAAAAAOtj0EPwUAQhf-KzLnsKqu64iBu4oSbOKzt0G2qKztTkQi_3abi6Ob43vfem8wDLIMGxjuLytwM2eCuPOvZ0gRCnrd86k8hgSaGNr5llFE40CdTEyZQXKP_EtuuRREhaA5tJLcIJqM8VSqfZlIO1VilWRYT9puwhStAjyZqIKM4fm1HoPeP333qLi5bYn8RS98wNix2JV6QxNrXRizOwRRGrLbi88ygIngm_1k8YzCOusXD8w1y8dfTPAEAAA%3d%3d:1790
[  426397ms] [LOG] categoria @ https://d1hjvew1n9ss7u.cloudfront.net/asset.axd?id=PAEAAB-LCAAAAAAAAAOtj0EPwUAQhf-KzLnsKqu64iBu4oSbOKzt0G2qKztTkQi_3abi6Ob43vfem8wDLIMGxjuLytwM2eCuPOvZ0gRCnrd86k8hgSaGNr5llFE40CdTEyZQXKP_EtuuRREhaA5tJLcIJqM8VSqfZlIO1VilWRYT9puwhStAjyZqIKM4fm1HoPeP333qLi5bYn8RS98wNix2JV6QxNrXRizOwRRGrLbi88ygIngm_1k8YzCOusXD8w1y8dfTPAEAAA%3d%3d:1
[  426398ms] [WARNING] !! Há erros de scripts de terceiros !!
Por favor, contate a Empresa responsável pelo script.  @ https://d1hjvew1n9ss7u.cloudfront.net/assets/shjs.js?t=639255987001545277:0
[  426406ms] Uncaught Error: You must pass a string or Handlebars AST to Handlebars.compile. You passed null
    at e.compile (https://d1hjvew1n9ss7u.cloudfront.net/asset.axd?id=PAEAAB-LCAAAAAAAAAOtj0EPwUAQhf-KzLnsKqu64iBu4oSbOKzt0G2qKztTkQi_3abi6Ob43vfem8wDLIMGxjuLytwM2eCuPOvZ0gRCnrd86k8hgSaGNr5llFE40CdTEyZQXKP_EtuuRREhaA5tJLcIJqM8VSqfZlIO1VilWRYT9puwhStAjyZqIKM4fm1HoPeP333qLi5bYn8RS98wNix2JV6QxNrXRizOwRRGrLbi88ygIngm_1k8YzCOusXD8w1y8dfTPAEAAA%3d%3d:1794:49302)
    at i.compile (https://d1hjvew1n9ss7u.cloudfront.net/asset.axd?id=PAEAAB-LCAAAAAAAAAOtj0EPwUAQhf-KzLnsKqu64iBu4oSbOKzt0G2qKztTkQi_3abi6Ob43vfem8wDLIMGxjuLytwM2eCuPOvZ0gRCnrd86k8hgSaGNr5llFE40CdTEyZQXKP_EtuuRREhaA5tJLcIJqM8VSqfZlIO1VilWRYT9puwhStAjyZqIKM4fm1HoPeP333qLi5bYn8RS98wNix2JV6QxNrXRizOwRRGrLbi88ygIngm_1k8YzCOusXD8w1y8dfTPAEAAA%3d%3d:1794:343)
    at renderBasket (https://d1hjvew1n9ss7u.cloudfront.net/asset.axd?id=PAEAAB-LCAAAAAAAAAOtj0EPwUAQhf-KzLnsKqu64iBu4oSbOKzt0G2qKztTkQi_3abi6Ob43vfem8wDLIMGxjuLytwM2eCuPOvZ0gRCnrd86k8hgSaGNr5llFE40CdTEyZQXKP_EtuuRREhaA5tJLcIJqM8VSqfZlIO1VilWRYT9puwhStAjyZqIKM4fm1HoPeP333qLi5bYn8RS98wNix2JV6QxNrXRizOwRRGrLbi88ygIngm_1k8YzCOusXD8w1y8dfTPAEAAA%3d%3d:29:27)
    at <anonymous> (https://d1hjvew1n9ss7u.cloudfront.net/asset.axd?id=PAEAAB-LCAAAAAAAAAOtj0EPwUAQhf-KzLnsKqu64iBu4oSbOKzt0G2qKztTkQi_3abi6Ob43vfem8wDLIMGxjuLytwM2eCuPOvZ0gRCnrd86k8hgSaGNr5llFE40CdTEyZQXKP_EtuuRREhaA5tJLcIJqM8VSqfZlIO1VilWRYT9puwhStAjyZqIKM4fm1HoPeP333qLi5bYn8RS98wNix2JV6QxNrXRizOwRRGrLbi88ygIngm_1k8YzCOusXD8w1y8dfTPAEAAA%3d%3d:220:1)
    at f (https://d1hjvew1n9ss7u.cloudfront.net/assets/shjs.js?t=639255987001545277:0:10382)
    at fireWith (https://d1hjvew1n9ss7u.cloudfront.net/assets/shjs.js?t=639255987001545277:0:11137)
    at ready (https://d1hjvew1n9ss7u.cloudfront.net/assets/shjs.js?t=639255987001545277:0:5238)
    at r (https://d1hjvew1n9ss7u.cloudfront.net/assets/shjs.js?t=639255987001545277:0:9748)
[  426404ms] [VERBOSE] [DOM] Input elements should have autocomplete attributes (suggested: "current-password"): (More info: https://goo.gl/9p2vKq) %o @ https://www.lolacosmetics.com.br/colecoes/lolaterapia:0
[  426404ms] [VERBOSE] [DOM] Input elements should have autocomplete attributes (suggested: "current-password"): (More info: https://goo.gl/9p2vKq) %o @ https://www.lolacosmetics.com.br/colecoes/lolaterapia:0
[  426439ms] [ERROR] Failed to load resource: net::ERR_NAME_NOT_RESOLVED @ https://event.getblue.io/js/blue-tag.min.js:0
[  426604ms] [LOG] AffiseStorage availability: {cookie: true, localStorage: true, sessionStorage: true} @ https://rankmediabrasil.g2afse.com/websdk.js:0
[  426605ms] [LOG] Status RNK Media - ClickId: null UTM: null @ :3
[  426793ms] [WARNING] [Meta Pixel] - Invalid parameter format for currency. Please refer https://developers.facebook.com/docs/meta-pixel/reference/ for valid parameter specifications. @ https://connect.facebook.net/en_US/fbevents.js:203
[  427158ms] [INFO] É necessário definir o storeID no Plugin TrustVox @ https://d1hjvew1n9ss7u.cloudfront.net/asset.axd?id=_woAAB-LCAAAAAAAAAO9lsFunDAQhl-l4rw122w3m1D1lEfooYeqh8HMgrNgW_aYDYrSZ--EaFVgIZWK1aP9__b3Y3uwnxNJSZYQPlH6CC146ZSlLx9kBc4jfQ10_HiXbBLNpu-qKJG23FJJdoTa4yYpLAu_0m_9MM8SJhm5wErLwu3u_ma_v787bLef9p_3N4cDO-TFIQtVJNnudi-23Mgv3con2Y_n5fG-Jz4ET6ZJH4wm1JS-ZfOpamzgYKJBgkuq9FyIYb949MnL5l8JpTFljQI01B0p6YeUqbaO5DtP2AiHEizxhoh2N4TNyOt41pmj4vi1KZUekkZCRIYwEKhaJvVyHN4Za2kaFL4y1qKbY04s67i5M2evdCkkEJbGdQ3qMKTOGlZ_axEkCY_g5HRZB8o6iqxQnkwgkYM_Ic8ZmgZcVyEU43V917guA8_DM76uXg5aj7FTbR3pCJKjU2f5TGKL9ajcr8R4LOVpicRSDE7pTLDXjL470tkvneLflHE03qE5Pc7Jr5XmOla-mq7frCEis8FCgV8kvsnReaIFp4CU0X9F_3FGTMH3tafWPAkHrwW3mGHii5PAOiVxDtkLcRh56PJAZKa34Vj8DyyjUdZKntgUszanZXKtRqQtg1YxCuAXXfBQ8rtLSrQEenwuZg098-fLbwJGClv_CgAA:52
[  427186ms] Uncaught TypeError: Cannot read properties of undefined (reading 'replace')
    at validaFreteGratis (https://d1hjvew1n9ss7u.cloudfront.net/asset.axd?id=PAEAAB-LCAAAAAAAAAOtj0EPwUAQhf-KzLnsKqu64iBu4oSbOKzt0G2qKztTkQi_3abi6Ob43vfem8wDLIMGxjuLytwM2eCuPOvZ0gRCnrd86k8hgSaGNr5llFE40CdTEyZQXKP_EtuuRREhaA5tJLcIJqM8VSqfZlIO1VilWRYT9puwhStAjyZqIKM4fm1HoPeP333qLi5bYn8RS98wNix2JV6QxNrXRizOwRRGrLbi88ygIngm_1k8YzCOusXD8w1y8dfTPAEAAA%3d%3d:1:7633)
    at <anonymous> (https://d1hjvew1n9ss7u.cloudfront.net/asset.axd?id=PAEAAB-LCAAAAAAAAAOtj0EPwUAQhf-KzLnsKqu64iBu4oSbOKzt0G2qKztTkQi_3abi6Ob43vfem8wDLIMGxjuLytwM2eCuPOvZ0gRCnrd86k8hgSaGNr5llFE40CdTEyZQXKP_EtuuRREhaA5tJLcIJqM8VSqfZlIO1VilWRYT9puwhStAjyZqIKM4fm1HoPeP333qLi5bYn8RS98wNix2JV6QxNrXRizOwRRGrLbi88ygIngm_1k8YzCOusXD8w1y8dfTPAEAAA%3d%3d:1:49808)
    at dispatch (https://d1hjvew1n9ss7u.cloudfront.net/assets/shjs.js?t=639255987001545277:0:32701)
    at a (https://d1hjvew1n9ss7u.cloudfront.net/assets/shjs.js?t=639255987001545277:0:28480)
[  427168ms] [LOG] Banner não encontrado: banner-232 @ https://d1hjvew1n9ss7u.cloudfront.net/asset.axd?id=PAEAAB-LCAAAAAAAAAOtj0EPwUAQhf-KzLnsKqu64iBu4oSbOKzt0G2qKztTkQi_3abi6Ob43vfem8wDLIMGxjuLytwM2eCuPOvZ0gRCnrd86k8hgSaGNr5llFE40CdTEyZQXKP_EtuuRREhaA5tJLcIJqM8VSqfZlIO1VilWRYT9puwhStAjyZqIKM4fm1HoPeP333qLi5bYn8RS98wNix2JV6QxNrXRizOwRRGrLbi88ygIngm_1k8YzCOusXD8w1y8dfTPAEAAA%3d%3d:754
[  427222ms] [LOG] %c Widde Video Commerce %c v24604ee %c Build: 21/09/2026 20:39 %c border: 1px solid #2567f8; background: #2567f8; color: #fff; font-weight: bold; padding: 4px 8px; border-radius: 3px 0 0 0; border: 1px solid #2567f8; border-left: none; background: #FFF; color: #2567f8; font-weight: bold; padding: 4px 8px; border: 1px solid #2567f8; border-left: none; background: #f0f0f0; color: #333; font-weight: bold; padding: 4px 8px; border-radius: 0 3px 3px 0; background: transparent @ https://cdn.widde.io/assets/main.utzwjalemu.js:0
[  427321ms] [LOG] %c Tryon Widde.io %c %s %c border: 1px solid #2567f8; background: #2567f8; color: #fff; font-weight: bold; padding: 4px 8px; border-radius: 3px 0 0 3px; border: 1px solid #2567f8; background: #FFF; color: #2567f8; font-weight: bold; padding: 4px 8px; border-radius: 0 3px 3px 0; 47bf7c2 background: transparent @ https://cdn-tryon.widde.io/widde-tryon.js:86
[  427356ms] [LOG] [tryon-tracker] initialized {domain: www.lolacosmetics.com.br} @ https://cdn-tryon.widde.io/widde-tryon.js:8
[  433729ms] [WARNING] Error with Feature-Policy header: Some features are specified in both Feature-Policy and Permissions-Policy header: payment, fullscreen, microphone, camera. Values defined in Permissions-Policy header will be used. @ :0
[  434044ms] [ERROR] Failed to load resource: the server responded with a status of 500 () @ https://fonts.cdnfonts.com/css/leelawade:0
[  434303ms] [ERROR] Failed to load resource: the server responded with a status of 404 () @ https://lolacosmetics.admin.linxcommerce.com.br/Custom/Content/Themes/Lola/Styles/Fonts/FontAwesome/all.css:0
[  434474ms] [LOG] Banner não encontrado: banner-232 @ https://d1hjvew1n9ss7u.cloudfront.net/asset.axd?id=PAEAAB-LCAAAAAAAAAOtj0EPwUAQhf-KzLnsKqu64iBu4oSbOKzt0G2qKztTkQi_3abi6Ob43vfem8wDLIMGxjuLytwM2eCuPOvZ0gRCnrd86k8hgSaGNr5llFE40CdTEyZQXKP_EtuuRREhaA5tJLcIJqM8VSqfZlIO1VilWRYT9puwhStAjyZqIKM4fm1HoPeP333qLi5bYn8RS98wNix2JV6QxNrXRizOwRRGrLbi88ygIngm_1k8YzCOusXD8w1y8dfTPAEAAA%3d%3d:754
[  434478ms] [LOG] [Debug Carrinho] Polling ativo @ https://d1hjvew1n9ss7u.cloudfront.net/asset.axd?id=PAEAAB-LCAAAAAAAAAOtj0EPwUAQhf-KzLnsKqu64iBu4oSbOKzt0G2qKztTkQi_3abi6Ob43vfem8wDLIMGxjuLytwM2eCuPOvZ0gRCnrd86k8hgSaGNr5llFE40CdTEyZQXKP_EtuuRREhaA5tJLcIJqM8VSqfZlIO1VilWRYT9puwhStAjyZqIKM4fm1HoPeP333qLi5bYn8RS98wNix2JV6QxNrXRizOwRRGrLbi88ygIngm_1k8YzCOusXD8w1y8dfTPAEAAA%3d%3d:1790
[  434530ms] [LOG] categoria @ https://d1hjvew1n9ss7u.cloudfront.net/asset.axd?id=PAEAAB-LCAAAAAAAAAOtj0EPwUAQhf-KzLnsKqu64iBu4oSbOKzt0G2qKztTkQi_3abi6Ob43vfem8wDLIMGxjuLytwM2eCuPOvZ0gRCnrd86k8hgSaGNr5llFE40CdTEyZQXKP_EtuuRREhaA5tJLcIJqM8VSqfZlIO1VilWRYT9puwhStAjyZqIKM4fm1HoPeP333qLi5bYn8RS98wNix2JV6QxNrXRizOwRRGrLbi88ygIngm_1k8YzCOusXD8w1y8dfTPAEAAA%3d%3d:1
[  434531ms] [WARNING] !! Há erros de scripts de terceiros !!
Por favor, contate a Empresa responsável pelo script.  @ https://d1hjvew1n9ss7u.cloudfront.net/assets/shjs.js?t=639255987001545277:0
[  434769ms] Uncaught Error: You must pass a string or Handlebars AST to Handlebars.compile. You passed null
    at e.compile (https://d1hjvew1n9ss7u.cloudfront.net/asset.axd?id=PAEAAB-LCAAAAAAAAAOtj0EPwUAQhf-KzLnsKqu64iBu4oSbOKzt0G2qKztTkQi_3abi6Ob43vfem8wDLIMGxjuLytwM2eCuPOvZ0gRCnrd86k8hgSaGNr5llFE40CdTEyZQXKP_EtuuRREhaA5tJLcIJqM8VSqfZlIO1VilWRYT9puwhStAjyZqIKM4fm1HoPeP333qLi5bYn8RS98wNix2JV6QxNrXRizOwRRGrLbi88ygIngm_1k8YzCOusXD8w1y8dfTPAEAAA%3d%3d:1794:49302)
    at i.compile (https://d1hjvew1n9ss7u.cloudfront.net/asset.axd?id=PAEAAB-LCAAAAAAAAAOtj0EPwUAQhf-KzLnsKqu64iBu4oSbOKzt0G2qKztTkQi_3abi6Ob43vfem8wDLIMGxjuLytwM2eCuPOvZ0gRCnrd86k8hgSaGNr5llFE40CdTEyZQXKP_EtuuRREhaA5tJLcIJqM8VSqfZlIO1VilWRYT9puwhStAjyZqIKM4fm1HoPeP333qLi5bYn8RS98wNix2JV6QxNrXRizOwRRGrLbi88ygIngm_1k8YzCOusXD8w1y8dfTPAEAAA%3d%3d:1794:343)
    at renderBasket (https://d1hjvew1n9ss7u.cloudfront.net/asset.axd?id=PAEAAB-LCAAAAAAAAAOtj0EPwUAQhf-KzLnsKqu64iBu4oSbOKzt0G2qKztTkQi_3abi6Ob43vfem8wDLIMGxjuLytwM2eCuPOvZ0gRCnrd86k8hgSaGNr5llFE40CdTEyZQXKP_EtuuRREhaA5tJLcIJqM8VSqfZlIO1VilWRYT9puwhStAjyZqIKM4fm1HoPeP333qLi5bYn8RS98wNix2JV6QxNrXRizOwRRGrLbi88ygIngm_1k8YzCOusXD8w1y8dfTPAEAAA%3d%3d:29:27)
    at <anonymous> (https://d1hjvew1n9ss7u.cloudfront.net/asset.axd?id=PAEAAB-LCAAAAAAAAAOtj0EPwUAQhf-KzLnsKqu64iBu4oSbOKzt0G2qKztTkQi_3abi6Ob43vfem8wDLIMGxjuLytwM2eCuPOvZ0gRCnrd86k8hgSaGNr5llFE40CdTEyZQXKP_EtuuRREhaA5tJLcIJqM8VSqfZlIO1VilWRYT9puwhStAjyZqIKM4fm1HoPeP333qLi5bYn8RS98wNix2JV6QxNrXRizOwRRGrLbi88ygIngm_1k8YzCOusXD8w1y8dfTPAEAAA%3d%3d:220:1)
    at f (https://d1hjvew1n9ss7u.cloudfront.net/assets/shjs.js?t=639255987001545277:0:10382)
    at fireWith (https://d1hjvew1n9ss7u.cloudfront.net/assets/shjs.js?t=639255987001545277:0:11137)
    at ready (https://d1hjvew1n9ss7u.cloudfront.net/assets/shjs.js?t=639255987001545277:0:5238)
    at r (https://d1hjvew1n9ss7u.cloudfront.net/assets/shjs.js?t=639255987001545277:0:9748)
[  434537ms] [VERBOSE] [DOM] Input elements should have autocomplete attributes (suggested: "current-password"): (More info: https://goo.gl/9p2vKq) %o @ https://www.lolacosmetics.com.br/colecoes/meu-cacho-minha-vida:0
[  434537ms] [VERBOSE] [DOM] Input elements should have autocomplete attributes (suggested: "current-password"): (More info: https://goo.gl/9p2vKq) %o @ https://www.lolacosmetics.com.br/colecoes/meu-cacho-minha-vida:0
[  434589ms] [ERROR] Failed to load resource: net::ERR_NAME_NOT_RESOLVED @ https://event.getblue.io/js/blue-tag.min.js:0
[  434726ms] [LOG] AffiseStorage availability: {cookie: true, localStorage: true, sessionStorage: true} @ https://rankmediabrasil.g2afse.com/websdk.js:0
[  434728ms] [LOG] Status RNK Media - ClickId: null UTM: null @ :3
[  435018ms] [WARNING] [Meta Pixel] - Invalid parameter format for currency. Please refer https://developers.facebook.com/docs/meta-pixel/reference/ for valid parameter specifications. @ https://connect.facebook.net/en_US/fbevents.js:203
[  435969ms] [INFO] É necessário definir o storeID no Plugin TrustVox @ https://d1hjvew1n9ss7u.cloudfront.net/asset.axd?id=_woAAB-LCAAAAAAAAAO9lsFunDAQhl-l4rw122w3m1D1lEfooYeqh8HMgrNgW_aYDYrSZ--EaFVgIZWK1aP9__b3Y3uwnxNJSZYQPlH6CC146ZSlLx9kBc4jfQ10_HiXbBLNpu-qKJG23FJJdoTa4yYpLAu_0m_9MM8SJhm5wErLwu3u_ma_v787bLef9p_3N4cDO-TFIQtVJNnudi-23Mgv3con2Y_n5fG-Jz4ET6ZJH4wm1JS-ZfOpamzgYKJBgkuq9FyIYb949MnL5l8JpTFljQI01B0p6YeUqbaO5DtP2AiHEizxhoh2N4TNyOt41pmj4vi1KZUekkZCRIYwEKhaJvVyHN4Za2kaFL4y1qKbY04s67i5M2evdCkkEJbGdQ3qMKTOGlZ_axEkCY_g5HRZB8o6iqxQnkwgkYM_Ic8ZmgZcVyEU43V917guA8_DM76uXg5aj7FTbR3pCJKjU2f5TGKL9ajcr8R4LOVpicRSDE7pTLDXjL470tkvneLflHE03qE5Pc7Jr5XmOla-mq7frCEis8FCgV8kvsnReaIFp4CU0X9F_3FGTMH3tafWPAkHrwW3mGHii5PAOiVxDtkLcRh56PJAZKa34Vj8DyyjUdZKntgUszanZXKtRqQtg1YxCuAXXfBQ8rtLSrQEenwuZg098-fLbwJGClv_CgAA:52
[  436244ms] Uncaught TypeError: Cannot read properties of undefined (reading 'replace')
    at validaFreteGratis (https://d1hjvew1n9ss7u.cloudfront.net/asset.axd?id=PAEAAB-LCAAAAAAAAAOtj0EPwUAQhf-KzLnsKqu64iBu4oSbOKzt0G2qKztTkQi_3abi6Ob43vfem8wDLIMGxjuLytwM2eCuPOvZ0gRCnrd86k8hgSaGNr5llFE40CdTEyZQXKP_EtuuRREhaA5tJLcIJqM8VSqfZlIO1VilWRYT9puwhStAjyZqIKM4fm1HoPeP333qLi5bYn8RS98wNix2JV6QxNrXRizOwRRGrLbi88ygIngm_1k8YzCOusXD8w1y8dfTPAEAAA%3d%3d:1:7633)
    at <anonymous> (https://d1hjvew1n9ss7u.cloudfront.net/asset.axd?id=PAEAAB-LCAAAAAAAAAOtj0EPwUAQhf-KzLnsKqu64iBu4oSbOKzt0G2qKztTkQi_3abi6Ob43vfem8wDLIMGxjuLytwM2eCuPOvZ0gRCnrd86k8hgSaGNr5llFE40CdTEyZQXKP_EtuuRREhaA5tJLcIJqM8VSqfZlIO1VilWRYT9puwhStAjyZqIKM4fm1HoPeP333qLi5bYn8RS98wNix2JV6QxNrXRizOwRRGrLbi88ygIngm_1k8YzCOusXD8w1y8dfTPAEAAA%3d%3d:1:49808)
    at dispatch (https://d1hjvew1n9ss7u.cloudfront.net/assets/shjs.js?t=639255987001545277:0:32701)
    at a (https://d1hjvew1n9ss7u.cloudfront.net/assets/shjs.js?t=639255987001545277:0:28480)
[  435996ms] [LOG] Banner não encontrado: banner-232 @ https://d1hjvew1n9ss7u.cloudfront.net/asset.axd?id=PAEAAB-LCAAAAAAAAAOtj0EPwUAQhf-KzLnsKqu64iBu4oSbOKzt0G2qKztTkQi_3abi6Ob43vfem8wDLIMGxjuLytwM2eCuPOvZ0gRCnrd86k8hgSaGNr5llFE40CdTEyZQXKP_EtuuRREhaA5tJLcIJqM8VSqfZlIO1VilWRYT9puwhStAjyZqIKM4fm1HoPeP333qLi5bYn8RS98wNix2JV6QxNrXRizOwRRGrLbi88ygIngm_1k8YzCOusXD8w1y8dfTPAEAAA%3d%3d:754
[  436073ms] [LOG] %c Widde Video Commerce %c v24604ee %c Build: 21/09/2026 20:39 %c border: 1px solid #2567f8; background: #2567f8; color: #fff; font-weight: bold; padding: 4px 8px; border-radius: 3px 0 0 0; border: 1px solid #2567f8; border-left: none; background: #FFF; color: #2567f8; font-weight: bold; padding: 4px 8px; border: 1px solid #2567f8; border-left: none; background: #f0f0f0; color: #333; font-weight: bold; padding: 4px 8px; border-radius: 0 3px 3px 0; background: transparent @ https://cdn.widde.io/assets/main.utzwjalemu.js:0
[  436143ms] [LOG] %c Tryon Widde.io %c %s %c border: 1px solid #2567f8; background: #2567f8; color: #fff; font-weight: bold; padding: 4px 8px; border-radius: 3px 0 0 3px; border: 1px solid #2567f8; background: #FFF; color: #2567f8; font-weight: bold; padding: 4px 8px; border-radius: 0 3px 3px 0; 47bf7c2 background: transparent @ https://cdn-tryon.widde.io/widde-tryon.js:86
[  436173ms] [LOG] [tryon-tracker] initialized {domain: www.lolacosmetics.com.br} @ https://cdn-tryon.widde.io/widde-tryon.js:8
[  442881ms] [WARNING] Error with Feature-Policy header: Some features are specified in both Feature-Policy and Permissions-Policy header: payment, fullscreen, microphone, camera. Values defined in Permissions-Policy header will be used. @ :0
[  443180ms] [ERROR] Failed to load resource: the server responded with a status of 500 () @ https://fonts.cdnfonts.com/css/leelawade:0
[  443433ms] [ERROR] Failed to load resource: the server responded with a status of 404 () @ https://lolacosmetics.admin.linxcommerce.com.br/Custom/Content/Themes/Lola/Styles/Fonts/FontAwesome/all.css:0
[  443492ms] [LOG] Banner não encontrado: banner-232 @ https://d1hjvew1n9ss7u.cloudfront.net/asset.axd?id=PAEAAB-LCAAAAAAAAAOtj0EPwUAQhf-KzLnsKqu64iBu4oSbOKzt0G2qKztTkQi_3abi6Ob43vfem8wDLIMGxjuLytwM2eCuPOvZ0gRCnrd86k8hgSaGNr5llFE40CdTEyZQXKP_EtuuRREhaA5tJLcIJqM8VSqfZlIO1VilWRYT9puwhStAjyZqIKM4fm1HoPeP333qLi5bYn8RS98wNix2JV6QxNrXRizOwRRGrLbi88ygIngm_1k8YzCOusXD8w1y8dfTPAEAAA%3d%3d:754
[  443494ms] [LOG] [Debug Carrinho] Polling ativo @ https://d1hjvew1n9ss7u.cloudfront.net/asset.axd?id=PAEAAB-LCAAAAAAAAAOtj0EPwUAQhf-KzLnsKqu64iBu4oSbOKzt0G2qKztTkQi_3abi6Ob43vfem8wDLIMGxjuLytwM2eCuPOvZ0gRCnrd86k8hgSaGNr5llFE40CdTEyZQXKP_EtuuRREhaA5tJLcIJqM8VSqfZlIO1VilWRYT9puwhStAjyZqIKM4fm1HoPeP333qLi5bYn8RS98wNix2JV6QxNrXRizOwRRGrLbi88ygIngm_1k8YzCOusXD8w1y8dfTPAEAAA%3d%3d:1790
[  443529ms] [LOG] categoria @ https://d1hjvew1n9ss7u.cloudfront.net/asset.axd?id=PAEAAB-LCAAAAAAAAAOtj0EPwUAQhf-KzLnsKqu64iBu4oSbOKzt0G2qKztTkQi_3abi6Ob43vfem8wDLIMGxjuLytwM2eCuPOvZ0gRCnrd86k8hgSaGNr5llFE40CdTEyZQXKP_EtuuRREhaA5tJLcIJqM8VSqfZlIO1VilWRYT9puwhStAjyZqIKM4fm1HoPeP333qLi5bYn8RS98wNix2JV6QxNrXRizOwRRGrLbi88ygIngm_1k8YzCOusXD8w1y8dfTPAEAAA%3d%3d:1
[  443530ms] [WARNING] !! Há erros de scripts de terceiros !!
Por favor, contate a Empresa responsável pelo script.  @ https://d1hjvew1n9ss7u.cloudfront.net/assets/shjs.js?t=639255987001545277:0
[  443531ms] Uncaught Error: You must pass a string or Handlebars AST to Handlebars.compile. You passed null
    at e.compile (https://d1hjvew1n9ss7u.cloudfront.net/asset.axd?id=PAEAAB-LCAAAAAAAAAOtj0EPwUAQhf-KzLnsKqu64iBu4oSbOKzt0G2qKztTkQi_3abi6Ob43vfem8wDLIMGxjuLytwM2eCuPOvZ0gRCnrd86k8hgSaGNr5llFE40CdTEyZQXKP_EtuuRREhaA5tJLcIJqM8VSqfZlIO1VilWRYT9puwhStAjyZqIKM4fm1HoPeP333qLi5bYn8RS98wNix2JV6QxNrXRizOwRRGrLbi88ygIngm_1k8YzCOusXD8w1y8dfTPAEAAA%3d%3d:1794:49302)
    at i.compile (https://d1hjvew1n9ss7u.cloudfront.net/asset.axd?id=PAEAAB-LCAAAAAAAAAOtj0EPwUAQhf-KzLnsKqu64iBu4oSbOKzt0G2qKztTkQi_3abi6Ob43vfem8wDLIMGxjuLytwM2eCuPOvZ0gRCnrd86k8hgSaGNr5llFE40CdTEyZQXKP_EtuuRREhaA5tJLcIJqM8VSqfZlIO1VilWRYT9puwhStAjyZqIKM4fm1HoPeP333qLi5bYn8RS98wNix2JV6QxNrXRizOwRRGrLbi88ygIngm_1k8YzCOusXD8w1y8dfTPAEAAA%3d%3d:1794:343)
    at renderBasket (https://d1hjvew1n9ss7u.cloudfront.net/asset.axd?id=PAEAAB-LCAAAAAAAAAOtj0EPwUAQhf-KzLnsKqu64iBu4oSbOKzt0G2qKztTkQi_3abi6Ob43vfem8wDLIMGxjuLytwM2eCuPOvZ0gRCnrd86k8hgSaGNr5llFE40CdTEyZQXKP_EtuuRREhaA5tJLcIJqM8VSqfZlIO1VilWRYT9puwhStAjyZqIKM4fm1HoPeP333qLi5bYn8RS98wNix2JV6QxNrXRizOwRRGrLbi88ygIngm_1k8YzCOusXD8w1y8dfTPAEAAA%3d%3d:29:27)
    at <anonymous> (https://d1hjvew1n9ss7u.cloudfront.net/asset.axd?id=PAEAAB-LCAAAAAAAAAOtj0EPwUAQhf-KzLnsKqu64iBu4oSbOKzt0G2qKztTkQi_3abi6Ob43vfem8wDLIMGxjuLytwM2eCuPOvZ0gRCnrd86k8hgSaGNr5llFE40CdTEyZQXKP_EtuuRREhaA5tJLcIJqM8VSqfZlIO1VilWRYT9puwhStAjyZqIKM4fm1HoPeP333qLi5bYn8RS98wNix2JV6QxNrXRizOwRRGrLbi88ygIngm_1k8YzCOusXD8w1y8dfTPAEAAA%3d%3d:220:1)
    at f (https://d1hjvew1n9ss7u.cloudfront.net/assets/shjs.js?t=639255987001545277:0:10382)
    at fireWith (https://d1hjvew1n9ss7u.cloudfront.net/assets/shjs.js?t=639255987001545277:0:11137)
    at ready (https://d1hjvew1n9ss7u.cloudfront.net/assets/shjs.js?t=639255987001545277:0:5238)
    at r (https://d1hjvew1n9ss7u.cloudfront.net/assets/shjs.js?t=639255987001545277:0:9748)
[  443533ms] [VERBOSE] [DOM] Input elements should have autocomplete attributes (suggested: "current-password"): (More info: https://goo.gl/9p2vKq) %o @ https://www.lolacosmetics.com.br/colecoes/milagre:0
[  443533ms] [VERBOSE] [DOM] Input elements should have autocomplete attributes (suggested: "current-password"): (More info: https://goo.gl/9p2vKq) %o @ https://www.lolacosmetics.com.br/colecoes/milagre:0
[  443569ms] [ERROR] Failed to load resource: net::ERR_NAME_NOT_RESOLVED @ https://event.getblue.io/js/blue-tag.min.js:0
[  443726ms] [LOG] AffiseStorage availability: {cookie: true, localStorage: true, sessionStorage: true} @ https://rankmediabrasil.g2afse.com/websdk.js:0
[  443727ms] [LOG] Status RNK Media - ClickId: null UTM: null @ :3
[  444071ms] [INFO] É necessário definir o storeID no Plugin TrustVox @ https://d1hjvew1n9ss7u.cloudfront.net/asset.axd?id=_woAAB-LCAAAAAAAAAO9lsFunDAQhl-l4rw122w3m1D1lEfooYeqh8HMgrNgW_aYDYrSZ--EaFVgIZWK1aP9__b3Y3uwnxNJSZYQPlH6CC146ZSlLx9kBc4jfQ10_HiXbBLNpu-qKJG23FJJdoTa4yYpLAu_0m_9MM8SJhm5wErLwu3u_ma_v787bLef9p_3N4cDO-TFIQtVJNnudi-23Mgv3con2Y_n5fG-Jz4ET6ZJH4wm1JS-ZfOpamzgYKJBgkuq9FyIYb949MnL5l8JpTFljQI01B0p6YeUqbaO5DtP2AiHEizxhoh2N4TNyOt41pmj4vi1KZUekkZCRIYwEKhaJvVyHN4Za2kaFL4y1qKbY04s67i5M2evdCkkEJbGdQ3qMKTOGlZ_axEkCY_g5HRZB8o6iqxQnkwgkYM_Ic8ZmgZcVyEU43V917guA8_DM76uXg5aj7FTbR3pCJKjU2f5TGKL9ajcr8R4LOVpicRSDE7pTLDXjL470tkvneLflHE03qE5Pc7Jr5XmOla-mq7frCEis8FCgV8kvsnReaIFp4CU0X9F_3FGTMH3tafWPAkHrwW3mGHii5PAOiVxDtkLcRh56PJAZKa34Vj8DyyjUdZKntgUszanZXKtRqQtg1YxCuAXXfBQ8rtLSrQEenwuZg098-fLbwJGClv_CgAA:52
[  444077ms] Uncaught TypeError: Cannot read properties of undefined (reading 'replace')
    at validaFreteGratis (https://d1hjvew1n9ss7u.cloudfront.net/asset.axd?id=PAEAAB-LCAAAAAAAAAOtj0EPwUAQhf-KzLnsKqu64iBu4oSbOKzt0G2qKztTkQi_3abi6Ob43vfem8wDLIMGxjuLytwM2eCuPOvZ0gRCnrd86k8hgSaGNr5llFE40CdTEyZQXKP_EtuuRREhaA5tJLcIJqM8VSqfZlIO1VilWRYT9puwhStAjyZqIKM4fm1HoPeP333qLi5bYn8RS98wNix2JV6QxNrXRizOwRRGrLbi88ygIngm_1k8YzCOusXD8w1y8dfTPAEAAA%3d%3d:1:7633)
    at <anonymous> (https://d1hjvew1n9ss7u.cloudfront.net/asset.axd?id=PAEAAB-LCAAAAAAAAAOtj0EPwUAQhf-KzLnsKqu64iBu4oSbOKzt0G2qKztTkQi_3abi6Ob43vfem8wDLIMGxjuLytwM2eCuPOvZ0gRCnrd86k8hgSaGNr5llFE40CdTEyZQXKP_EtuuRREhaA5tJLcIJqM8VSqfZlIO1VilWRYT9puwhStAjyZqIKM4fm1HoPeP333qLi5bYn8RS98wNix2JV6QxNrXRizOwRRGrLbi88ygIngm_1k8YzCOusXD8w1y8dfTPAEAAA%3d%3d:1:49808)
    at dispatch (https://d1hjvew1n9ss7u.cloudfront.net/assets/shjs.js?t=639255987001545277:0:32701)
    at a (https://d1hjvew1n9ss7u.cloudfront.net/assets/shjs.js?t=639255987001545277:0:28480)
[  444074ms] [LOG] Banner não encontrado: banner-232 @ https://d1hjvew1n9ss7u.cloudfront.net/asset.axd?id=PAEAAB-LCAAAAAAAAAOtj0EPwUAQhf-KzLnsKqu64iBu4oSbOKzt0G2qKztTkQi_3abi6Ob43vfem8wDLIMGxjuLytwM2eCuPOvZ0gRCnrd86k8hgSaGNr5llFE40CdTEyZQXKP_EtuuRREhaA5tJLcIJqM8VSqfZlIO1VilWRYT9puwhStAjyZqIKM4fm1HoPeP333qLi5bYn8RS98wNix2JV6QxNrXRizOwRRGrLbi88ygIngm_1k8YzCOusXD8w1y8dfTPAEAAA%3d%3d:754
[  444098ms] [LOG] %c Widde Video Commerce %c v24604ee %c Build: 21/09/2026 20:39 %c border: 1px solid #2567f8; background: #2567f8; color: #fff; font-weight: bold; padding: 4px 8px; border-radius: 3px 0 0 0; border: 1px solid #2567f8; border-left: none; background: #FFF; color: #2567f8; font-weight: bold; padding: 4px 8px; border: 1px solid #2567f8; border-left: none; background: #f0f0f0; color: #333; font-weight: bold; padding: 4px 8px; border-radius: 0 3px 3px 0; background: transparent @ https://cdn.widde.io/assets/main.utzwjalemu.js:0
[  444203ms] [LOG] %c Tryon Widde.io %c %s %c border: 1px solid #2567f8; background: #2567f8; color: #fff; font-weight: bold; padding: 4px 8px; border-radius: 3px 0 0 3px; border: 1px solid #2567f8; background: #FFF; color: #2567f8; font-weight: bold; padding: 4px 8px; border-radius: 0 3px 3px 0; 47bf7c2 background: transparent @ https://cdn-tryon.widde.io/widde-tryon.js:86
[  444222ms] [LOG] [tryon-tracker] initialized {domain: www.lolacosmetics.com.br} @ https://cdn-tryon.widde.io/widde-tryon.js:8
[  450513ms] [WARNING] Error with Feature-Policy header: Some features are specified in both Feature-Policy and Permissions-Policy header: payment, fullscreen, microphone, camera. Values defined in Permissions-Policy header will be used. @ :0
[  450808ms] [ERROR] Failed to load resource: the server responded with a status of 500 () @ https://fonts.cdnfonts.com/css/leelawade:0
[  451248ms] [ERROR] Failed to load resource: the server responded with a status of 404 () @ https://lolacosmetics.admin.linxcommerce.com.br/Custom/Content/Themes/Lola/Styles/Fonts/FontAwesome/all.css:0
[  451406ms] [LOG] Banner não encontrado: banner-232 @ https://d1hjvew1n9ss7u.cloudfront.net/asset.axd?id=PAEAAB-LCAAAAAAAAAOtj0EPwUAQhf-KzLnsKqu64iBu4oSbOKzt0G2qKztTkQi_3abi6Ob43vfem8wDLIMGxjuLytwM2eCuPOvZ0gRCnrd86k8hgSaGNr5llFE40CdTEyZQXKP_EtuuRREhaA5tJLcIJqM8VSqfZlIO1VilWRYT9puwhStAjyZqIKM4fm1HoPeP333qLi5bYn8RS98wNix2JV6QxNrXRizOwRRGrLbi88ygIngm_1k8YzCOusXD8w1y8dfTPAEAAA%3d%3d:754
[  451411ms] [LOG] [Debug Carrinho] Polling ativo @ https://d1hjvew1n9ss7u.cloudfront.net/asset.axd?id=PAEAAB-LCAAAAAAAAAOtj0EPwUAQhf-KzLnsKqu64iBu4oSbOKzt0G2qKztTkQi_3abi6Ob43vfem8wDLIMGxjuLytwM2eCuPOvZ0gRCnrd86k8hgSaGNr5llFE40CdTEyZQXKP_EtuuRREhaA5tJLcIJqM8VSqfZlIO1VilWRYT9puwhStAjyZqIKM4fm1HoPeP333qLi5bYn8RS98wNix2JV6QxNrXRizOwRRGrLbi88ygIngm_1k8YzCOusXD8w1y8dfTPAEAAA%3d%3d:1790
[  451463ms] [LOG] categoria @ https://d1hjvew1n9ss7u.cloudfront.net/asset.axd?id=PAEAAB-LCAAAAAAAAAOtj0EPwUAQhf-KzLnsKqu64iBu4oSbOKzt0G2qKztTkQi_3abi6Ob43vfem8wDLIMGxjuLytwM2eCuPOvZ0gRCnrd86k8hgSaGNr5llFE40CdTEyZQXKP_EtuuRREhaA5tJLcIJqM8VSqfZlIO1VilWRYT9puwhStAjyZqIKM4fm1HoPeP333qLi5bYn8RS98wNix2JV6QxNrXRizOwRRGrLbi88ygIngm_1k8YzCOusXD8w1y8dfTPAEAAA%3d%3d:1
[  451464ms] [WARNING] !! Há erros de scripts de terceiros !!
Por favor, contate a Empresa responsável pelo script.  @ https://d1hjvew1n9ss7u.cloudfront.net/assets/shjs.js?t=639255987001545277:0
[  451475ms] Uncaught Error: You must pass a string or Handlebars AST to Handlebars.compile. You passed null
    at e.compile (https://d1hjvew1n9ss7u.cloudfront.net/asset.axd?id=PAEAAB-LCAAAAAAAAAOtj0EPwUAQhf-KzLnsKqu64iBu4oSbOKzt0G2qKztTkQi_3abi6Ob43vfem8wDLIMGxjuLytwM2eCuPOvZ0gRCnrd86k8hgSaGNr5llFE40CdTEyZQXKP_EtuuRREhaA5tJLcIJqM8VSqfZlIO1VilWRYT9puwhStAjyZqIKM4fm1HoPeP333qLi5bYn8RS98wNix2JV6QxNrXRizOwRRGrLbi88ygIngm_1k8YzCOusXD8w1y8dfTPAEAAA%3d%3d:1794:49302)
    at i.compile (https://d1hjvew1n9ss7u.cloudfront.net/asset.axd?id=PAEAAB-LCAAAAAAAAAOtj0EPwUAQhf-KzLnsKqu64iBu4oSbOKzt0G2qKztTkQi_3abi6Ob43vfem8wDLIMGxjuLytwM2eCuPOvZ0gRCnrd86k8hgSaGNr5llFE40CdTEyZQXKP_EtuuRREhaA5tJLcIJqM8VSqfZlIO1VilWRYT9puwhStAjyZqIKM4fm1HoPeP333qLi5bYn8RS98wNix2JV6QxNrXRizOwRRGrLbi88ygIngm_1k8YzCOusXD8w1y8dfTPAEAAA%3d%3d:1794:343)
    at renderBasket (https://d1hjvew1n9ss7u.cloudfront.net/asset.axd?id=PAEAAB-LCAAAAAAAAAOtj0EPwUAQhf-KzLnsKqu64iBu4oSbOKzt0G2qKztTkQi_3abi6Ob43vfem8wDLIMGxjuLytwM2eCuPOvZ0gRCnrd86k8hgSaGNr5llFE40CdTEyZQXKP_EtuuRREhaA5tJLcIJqM8VSqfZlIO1VilWRYT9puwhStAjyZqIKM4fm1HoPeP333qLi5bYn8RS98wNix2JV6QxNrXRizOwRRGrLbi88ygIngm_1k8YzCOusXD8w1y8dfTPAEAAA%3d%3d:29:27)
    at <anonymous> (https://d1hjvew1n9ss7u.cloudfront.net/asset.axd?id=PAEAAB-LCAAAAAAAAAOtj0EPwUAQhf-KzLnsKqu64iBu4oSbOKzt0G2qKztTkQi_3abi6Ob43vfem8wDLIMGxjuLytwM2eCuPOvZ0gRCnrd86k8hgSaGNr5llFE40CdTEyZQXKP_EtuuRREhaA5tJLcIJqM8VSqfZlIO1VilWRYT9puwhStAjyZqIKM4fm1HoPeP333qLi5bYn8RS98wNix2JV6QxNrXRizOwRRGrLbi88ygIngm_1k8YzCOusXD8w1y8dfTPAEAAA%3d%3d:220:1)
    at f (https://d1hjvew1n9ss7u.cloudfront.net/assets/shjs.js?t=639255987001545277:0:10382)
    at fireWith (https://d1hjvew1n9ss7u.cloudfront.net/assets/shjs.js?t=639255987001545277:0:11137)
    at ready (https://d1hjvew1n9ss7u.cloudfront.net/assets/shjs.js?t=639255987001545277:0:5238)
    at r (https://d1hjvew1n9ss7u.cloudfront.net/assets/shjs.js?t=639255987001545277:0:9748)
[  451469ms] [VERBOSE] [DOM] Input elements should have autocomplete attributes (suggested: "current-password"): (More info: https://goo.gl/9p2vKq) %o @ https://www.lolacosmetics.com.br/colecoes/morte-subita:0
[  451469ms] [VERBOSE] [DOM] Input elements should have autocomplete attributes (suggested: "current-password"): (More info: https://goo.gl/9p2vKq) %o @ https://www.lolacosmetics.com.br/colecoes/morte-subita:0
[  451524ms] [ERROR] Failed to load resource: net::ERR_NAME_NOT_RESOLVED @ https://event.getblue.io/js/blue-tag.min.js:0
[  451549ms] [LOG] AffiseStorage availability: {cookie: true, localStorage: true, sessionStorage: true} @ https://rankmediabrasil.g2afse.com/websdk.js:0
[  451550ms] [LOG] Status RNK Media - ClickId: null UTM: null @ :3
[  452030ms] [WARNING] [Meta Pixel] - Invalid parameter format for currency. Please refer https://developers.facebook.com/docs/meta-pixel/reference/ for valid parameter specifications. @ https://connect.facebook.net/en_US/fbevents.js:203
[  452370ms] [INFO] É necessário definir o storeID no Plugin TrustVox @ https://d1hjvew1n9ss7u.cloudfront.net/asset.axd?id=_woAAB-LCAAAAAAAAAO9lsFunDAQhl-l4rw122w3m1D1lEfooYeqh8HMgrNgW_aYDYrSZ--EaFVgIZWK1aP9__b3Y3uwnxNJSZYQPlH6CC146ZSlLx9kBc4jfQ10_HiXbBLNpu-qKJG23FJJdoTa4yYpLAu_0m_9MM8SJhm5wErLwu3u_ma_v787bLef9p_3N4cDO-TFIQtVJNnudi-23Mgv3con2Y_n5fG-Jz4ET6ZJH4wm1JS-ZfOpamzgYKJBgkuq9FyIYb949MnL5l8JpTFljQI01B0p6YeUqbaO5DtP2AiHEizxhoh2N4TNyOt41pmj4vi1KZUekkZCRIYwEKhaJvVyHN4Za2kaFL4y1qKbY04s67i5M2evdCkkEJbGdQ3qMKTOGlZ_axEkCY_g5HRZB8o6iqxQnkwgkYM_Ic8ZmgZcVyEU43V917guA8_DM76uXg5aj7FTbR3pCJKjU2f5TGKL9ajcr8R4LOVpicRSDE7pTLDXjL470tkvneLflHE03qE5Pc7Jr5XmOla-mq7frCEis8FCgV8kvsnReaIFp4CU0X9F_3FGTMH3tafWPAkHrwW3mGHii5PAOiVxDtkLcRh56PJAZKa34Vj8DyyjUdZKntgUszanZXKtRqQtg1YxCuAXXfBQ8rtLSrQEenwuZg098-fLbwJGClv_CgAA:52
[  452400ms] Uncaught TypeError: Cannot read properties of undefined (reading 'replace')
    at validaFreteGratis (https://d1hjvew1n9ss7u.cloudfront.net/asset.axd?id=PAEAAB-LCAAAAAAAAAOtj0EPwUAQhf-KzLnsKqu64iBu4oSbOKzt0G2qKztTkQi_3abi6Ob43vfem8wDLIMGxjuLytwM2eCuPOvZ0gRCnrd86k8hgSaGNr5llFE40CdTEyZQXKP_EtuuRREhaA5tJLcIJqM8VSqfZlIO1VilWRYT9puwhStAjyZqIKM4fm1HoPeP333qLi5bYn8RS98wNix2JV6QxNrXRizOwRRGrLbi88ygIngm_1k8YzCOusXD8w1y8dfTPAEAAA%3d%3d:1:7633)
    at <anonymous> (https://d1hjvew1n9ss7u.cloudfront.net/asset.axd?id=PAEAAB-LCAAAAAAAAAOtj0EPwUAQhf-KzLnsKqu64iBu4oSbOKzt0G2qKztTkQi_3abi6Ob43vfem8wDLIMGxjuLytwM2eCuPOvZ0gRCnrd86k8hgSaGNr5llFE40CdTEyZQXKP_EtuuRREhaA5tJLcIJqM8VSqfZlIO1VilWRYT9puwhStAjyZqIKM4fm1HoPeP333qLi5bYn8RS98wNix2JV6QxNrXRizOwRRGrLbi88ygIngm_1k8YzCOusXD8w1y8dfTPAEAAA%3d%3d:1:49808)
    at dispatch (https://d1hjvew1n9ss7u.cloudfront.net/assets/shjs.js?t=639255987001545277:0:32701)
    at a (https://d1hjvew1n9ss7u.cloudfront.net/assets/shjs.js?t=639255987001545277:0:28480)
[  452379ms] [LOG] Banner não encontrado: banner-232 @ https://d1hjvew1n9ss7u.cloudfront.net/asset.axd?id=PAEAAB-LCAAAAAAAAAOtj0EPwUAQhf-KzLnsKqu64iBu4oSbOKzt0G2qKztTkQi_3abi6Ob43vfem8wDLIMGxjuLytwM2eCuPOvZ0gRCnrd86k8hgSaGNr5llFE40CdTEyZQXKP_EtuuRREhaA5tJLcIJqM8VSqfZlIO1VilWRYT9puwhStAjyZqIKM4fm1HoPeP333qLi5bYn8RS98wNix2JV6QxNrXRizOwRRGrLbi88ygIngm_1k8YzCOusXD8w1y8dfTPAEAAA%3d%3d:754
[  452413ms] [LOG] %c Widde Video Commerce %c v24604ee %c Build: 21/09/2026 20:39 %c border: 1px solid #2567f8; background: #2567f8; color: #fff; font-weight: bold; padding: 4px 8px; border-radius: 3px 0 0 0; border: 1px solid #2567f8; border-left: none; background: #FFF; color: #2567f8; font-weight: bold; padding: 4px 8px; border: 1px solid #2567f8; border-left: none; background: #f0f0f0; color: #333; font-weight: bold; padding: 4px 8px; border-radius: 0 3px 3px 0; background: transparent @ https://cdn.widde.io/assets/main.utzwjalemu.js:0
[  452419ms] [ERROR] Error decoding JWT: Error: Invalid JWT format
    at u0 (https://cdn.widde.io/assets/shared-utils.58MPgxdv.js:99:89838)
    at e (https://cdn.widde.io/assets/shared-utils.58MPgxdv.js:99:90502)
    at d0.startNativation (https://cdn.widde.io/assets/shared-utils.58MPgxdv.js:99:90616)
    at d0.registerNavigation (https://cdn.widde.io/assets/shared-utils.58MPgxdv.js:99:91609)
    at e (https://cdn.widde.io/assets/main.utzwjalemu.js:1:21655) @ https://cdn.widde.io/assets/shared-utils.58MPgxdv.js:98
[  452461ms] [LOG] %c Tryon Widde.io %c %s %c border: 1px solid #2567f8; background: #2567f8; color: #fff; font-weight: bold; padding: 4px 8px; border-radius: 3px 0 0 3px; border: 1px solid #2567f8; background: #FFF; color: #2567f8; font-weight: bold; padding: 4px 8px; border-radius: 0 3px 3px 0; 47bf7c2 background: transparent @ https://cdn-tryon.widde.io/widde-tryon.js:86
[  452498ms] [LOG] [tryon-tracker] initialized {domain: www.lolacosmetics.com.br} @ https://cdn-tryon.widde.io/widde-tryon.js:8
[  458887ms] [WARNING] Error with Feature-Policy header: Some features are specified in both Feature-Policy and Permissions-Policy header: payment, fullscreen, microphone, camera. Values defined in Permissions-Policy header will be used. @ :0
[  459188ms] [ERROR] Failed to load resource: the server responded with a status of 500 () @ https://fonts.cdnfonts.com/css/leelawade:0
[  459605ms] [ERROR] Failed to load resource: the server responded with a status of 404 () @ https://lolacosmetics.admin.linxcommerce.com.br/Custom/Content/Themes/Lola/Styles/Fonts/FontAwesome/all.css:0
[  459699ms] [LOG] Banner não encontrado: banner-232 @ https://d1hjvew1n9ss7u.cloudfront.net/asset.axd?id=PAEAAB-LCAAAAAAAAAOtj0EPwUAQhf-KzLnsKqu64iBu4oSbOKzt0G2qKztTkQi_3abi6Ob43vfem8wDLIMGxjuLytwM2eCuPOvZ0gRCnrd86k8hgSaGNr5llFE40CdTEyZQXKP_EtuuRREhaA5tJLcIJqM8VSqfZlIO1VilWRYT9puwhStAjyZqIKM4fm1HoPeP333qLi5bYn8RS98wNix2JV6QxNrXRizOwRRGrLbi88ygIngm_1k8YzCOusXD8w1y8dfTPAEAAA%3d%3d:754
[  459700ms] [LOG] [Debug Carrinho] Polling ativo @ https://d1hjvew1n9ss7u.cloudfront.net/asset.axd?id=PAEAAB-LCAAAAAAAAAOtj0EPwUAQhf-KzLnsKqu64iBu4oSbOKzt0G2qKztTkQi_3abi6Ob43vfem8wDLIMGxjuLytwM2eCuPOvZ0gRCnrd86k8hgSaGNr5llFE40CdTEyZQXKP_EtuuRREhaA5tJLcIJqM8VSqfZlIO1VilWRYT9puwhStAjyZqIKM4fm1HoPeP333qLi5bYn8RS98wNix2JV6QxNrXRizOwRRGrLbi88ygIngm_1k8YzCOusXD8w1y8dfTPAEAAA%3d%3d:1790
[  459734ms] [LOG] categoria @ https://d1hjvew1n9ss7u.cloudfront.net/asset.axd?id=PAEAAB-LCAAAAAAAAAOtj0EPwUAQhf-KzLnsKqu64iBu4oSbOKzt0G2qKztTkQi_3abi6Ob43vfem8wDLIMGxjuLytwM2eCuPOvZ0gRCnrd86k8hgSaGNr5llFE40CdTEyZQXKP_EtuuRREhaA5tJLcIJqM8VSqfZlIO1VilWRYT9puwhStAjyZqIKM4fm1HoPeP333qLi5bYn8RS98wNix2JV6QxNrXRizOwRRGrLbi88ygIngm_1k8YzCOusXD8w1y8dfTPAEAAA%3d%3d:1
[  459735ms] [WARNING] !! Há erros de scripts de terceiros !!
Por favor, contate a Empresa responsável pelo script.  @ https://d1hjvew1n9ss7u.cloudfront.net/assets/shjs.js?t=639255987001545277:0
[  459740ms] Uncaught Error: You must pass a string or Handlebars AST to Handlebars.compile. You passed null
    at e.compile (https://d1hjvew1n9ss7u.cloudfront.net/asset.axd?id=PAEAAB-LCAAAAAAAAAOtj0EPwUAQhf-KzLnsKqu64iBu4oSbOKzt0G2qKztTkQi_3abi6Ob43vfem8wDLIMGxjuLytwM2eCuPOvZ0gRCnrd86k8hgSaGNr5llFE40CdTEyZQXKP_EtuuRREhaA5tJLcIJqM8VSqfZlIO1VilWRYT9puwhStAjyZqIKM4fm1HoPeP333qLi5bYn8RS98wNix2JV6QxNrXRizOwRRGrLbi88ygIngm_1k8YzCOusXD8w1y8dfTPAEAAA%3d%3d:1794:49302)
    at i.compile (https://d1hjvew1n9ss7u.cloudfront.net/asset.axd?id=PAEAAB-LCAAAAAAAAAOtj0EPwUAQhf-KzLnsKqu64iBu4oSbOKzt0G2qKztTkQi_3abi6Ob43vfem8wDLIMGxjuLytwM2eCuPOvZ0gRCnrd86k8hgSaGNr5llFE40CdTEyZQXKP_EtuuRREhaA5tJLcIJqM8VSqfZlIO1VilWRYT9puwhStAjyZqIKM4fm1HoPeP333qLi5bYn8RS98wNix2JV6QxNrXRizOwRRGrLbi88ygIngm_1k8YzCOusXD8w1y8dfTPAEAAA%3d%3d:1794:343)
    at renderBasket (https://d1hjvew1n9ss7u.cloudfront.net/asset.axd?id=PAEAAB-LCAAAAAAAAAOtj0EPwUAQhf-KzLnsKqu64iBu4oSbOKzt0G2qKztTkQi_3abi6Ob43vfem8wDLIMGxjuLytwM2eCuPOvZ0gRCnrd86k8hgSaGNr5llFE40CdTEyZQXKP_EtuuRREhaA5tJLcIJqM8VSqfZlIO1VilWRYT9puwhStAjyZqIKM4fm1HoPeP333qLi5bYn8RS98wNix2JV6QxNrXRizOwRRGrLbi88ygIngm_1k8YzCOusXD8w1y8dfTPAEAAA%3d%3d:29:27)
    at <anonymous> (https://d1hjvew1n9ss7u.cloudfront.net/asset.axd?id=PAEAAB-LCAAAAAAAAAOtj0EPwUAQhf-KzLnsKqu64iBu4oSbOKzt0G2qKztTkQi_3abi6Ob43vfem8wDLIMGxjuLytwM2eCuPOvZ0gRCnrd86k8hgSaGNr5llFE40CdTEyZQXKP_EtuuRREhaA5tJLcIJqM8VSqfZlIO1VilWRYT9puwhStAjyZqIKM4fm1HoPeP333qLi5bYn8RS98wNix2JV6QxNrXRizOwRRGrLbi88ygIngm_1k8YzCOusXD8w1y8dfTPAEAAA%3d%3d:220:1)
    at f (https://d1hjvew1n9ss7u.cloudfront.net/assets/shjs.js?t=639255987001545277:0:10382)
    at fireWith (https://d1hjvew1n9ss7u.cloudfront.net/assets/shjs.js?t=639255987001545277:0:11137)
    at ready (https://d1hjvew1n9ss7u.cloudfront.net/assets/shjs.js?t=639255987001545277:0:5238)
    at r (https://d1hjvew1n9ss7u.cloudfront.net/assets/shjs.js?t=639255987001545277:0:9748)
[  459739ms] [VERBOSE] [DOM] Input elements should have autocomplete attributes (suggested: "current-password"): (More info: https://goo.gl/9p2vKq) %o @ https://www.lolacosmetics.com.br/colecoes/papo-reto:0
[  459739ms] [VERBOSE] [DOM] Input elements should have autocomplete attributes (suggested: "current-password"): (More info: https://goo.gl/9p2vKq) %o @ https://www.lolacosmetics.com.br/colecoes/papo-reto:0
[  459788ms] [ERROR] Failed to load resource: net::ERR_NAME_NOT_RESOLVED @ https://event.getblue.io/js/blue-tag.min.js:0
[  459979ms] [LOG] AffiseStorage availability: {cookie: true, localStorage: true, sessionStorage: true} @ https://rankmediabrasil.g2afse.com/websdk.js:0
[  459981ms] [LOG] Status RNK Media - ClickId: null UTM: null @ :3
[  460167ms] [WARNING] [Meta Pixel] - Invalid parameter format for currency. Please refer https://developers.facebook.com/docs/meta-pixel/reference/ for valid parameter specifications. @ https://connect.facebook.net/en_US/fbevents.js:203
[  460481ms] [INFO] É necessário definir o storeID no Plugin TrustVox @ https://d1hjvew1n9ss7u.cloudfront.net/asset.axd?id=_woAAB-LCAAAAAAAAAO9lsFunDAQhl-l4rw122w3m1D1lEfooYeqh8HMgrNgW_aYDYrSZ--EaFVgIZWK1aP9__b3Y3uwnxNJSZYQPlH6CC146ZSlLx9kBc4jfQ10_HiXbBLNpu-qKJG23FJJdoTa4yYpLAu_0m_9MM8SJhm5wErLwu3u_ma_v787bLef9p_3N4cDO-TFIQtVJNnudi-23Mgv3con2Y_n5fG-Jz4ET6ZJH4wm1JS-ZfOpamzgYKJBgkuq9FyIYb949MnL5l8JpTFljQI01B0p6YeUqbaO5DtP2AiHEizxhoh2N4TNyOt41pmj4vi1KZUekkZCRIYwEKhaJvVyHN4Za2kaFL4y1qKbY04s67i5M2evdCkkEJbGdQ3qMKTOGlZ_axEkCY_g5HRZB8o6iqxQnkwgkYM_Ic8ZmgZcVyEU43V917guA8_DM76uXg5aj7FTbR3pCJKjU2f5TGKL9ajcr8R4LOVpicRSDE7pTLDXjL470tkvneLflHE03qE5Pc7Jr5XmOla-mq7frCEis8FCgV8kvsnReaIFp4CU0X9F_3FGTMH3tafWPAkHrwW3mGHii5PAOiVxDtkLcRh56PJAZKa34Vj8DyyjUdZKntgUszanZXKtRqQtg1YxCuAXXfBQ8rtLSrQEenwuZg098-fLbwJGClv_CgAA:52
[  460487ms] Uncaught TypeError: Cannot read properties of undefined (reading 'replace')
    at validaFreteGratis (https://d1hjvew1n9ss7u.cloudfront.net/asset.axd?id=PAEAAB-LCAAAAAAAAAOtj0EPwUAQhf-KzLnsKqu64iBu4oSbOKzt0G2qKztTkQi_3abi6Ob43vfem8wDLIMGxjuLytwM2eCuPOvZ0gRCnrd86k8hgSaGNr5llFE40CdTEyZQXKP_EtuuRREhaA5tJLcIJqM8VSqfZlIO1VilWRYT9puwhStAjyZqIKM4fm1HoPeP333qLi5bYn8RS98wNix2JV6QxNrXRizOwRRGrLbi88ygIngm_1k8YzCOusXD8w1y8dfTPAEAAA%3d%3d:1:7633)
    at <anonymous> (https://d1hjvew1n9ss7u.cloudfront.net/asset.axd?id=PAEAAB-LCAAAAAAAAAOtj0EPwUAQhf-KzLnsKqu64iBu4oSbOKzt0G2qKztTkQi_3abi6Ob43vfem8wDLIMGxjuLytwM2eCuPOvZ0gRCnrd86k8hgSaGNr5llFE40CdTEyZQXKP_EtuuRREhaA5tJLcIJqM8VSqfZlIO1VilWRYT9puwhStAjyZqIKM4fm1HoPeP333qLi5bYn8RS98wNix2JV6QxNrXRizOwRRGrLbi88ygIngm_1k8YzCOusXD8w1y8dfTPAEAAA%3d%3d:1:49808)
    at dispatch (https://d1hjvew1n9ss7u.cloudfront.net/assets/shjs.js?t=639255987001545277:0:32701)
    at a (https://d1hjvew1n9ss7u.cloudfront.net/assets/shjs.js?t=639255987001545277:0:28480)
[  460486ms] [LOG] Banner não encontrado: banner-232 @ https://d1hjvew1n9ss7u.cloudfront.net/asset.axd?id=PAEAAB-LCAAAAAAAAAOtj0EPwUAQhf-KzLnsKqu64iBu4oSbOKzt0G2qKztTkQi_3abi6Ob43vfem8wDLIMGxjuLytwM2eCuPOvZ0gRCnrd86k8hgSaGNr5llFE40CdTEyZQXKP_EtuuRREhaA5tJLcIJqM8VSqfZlIO1VilWRYT9puwhStAjyZqIKM4fm1HoPeP333qLi5bYn8RS98wNix2JV6QxNrXRizOwRRGrLbi88ygIngm_1k8YzCOusXD8w1y8dfTPAEAAA%3d%3d:754
[  460511ms] [LOG] %c Widde Video Commerce %c v24604ee %c Build: 21/09/2026 20:39 %c border: 1px solid #2567f8; background: #2567f8; color: #fff; font-weight: bold; padding: 4px 8px; border-radius: 3px 0 0 0; border: 1px solid #2567f8; border-left: none; background: #FFF; color: #2567f8; font-weight: bold; padding: 4px 8px; border: 1px solid #2567f8; border-left: none; background: #f0f0f0; color: #333; font-weight: bold; padding: 4px 8px; border-radius: 0 3px 3px 0; background: transparent @ https://cdn.widde.io/assets/main.utzwjalemu.js:0
[  460595ms] [LOG] %c Tryon Widde.io %c %s %c border: 1px solid #2567f8; background: #2567f8; color: #fff; font-weight: bold; padding: 4px 8px; border-radius: 3px 0 0 3px; border: 1px solid #2567f8; background: #FFF; color: #2567f8; font-weight: bold; padding: 4px 8px; border-radius: 0 3px 3px 0; 47bf7c2 background: transparent @ https://cdn-tryon.widde.io/widde-tryon.js:86
[  460614ms] [LOG] [tryon-tracker] initialized {domain: www.lolacosmetics.com.br} @ https://cdn-tryon.widde.io/widde-tryon.js:8
[  466930ms] [WARNING] Error with Feature-Policy header: Some features are specified in both Feature-Policy and Permissions-Policy header: payment, fullscreen, microphone, camera. Values defined in Permissions-Policy header will be used. @ :0
[  467368ms] [ERROR] Failed to load resource: the server responded with a status of 500 () @ https://fonts.cdnfonts.com/css/leelawade:0
[  467520ms] [ERROR] Failed to load resource: the server responded with a status of 404 () @ https://lolacosmetics.admin.linxcommerce.com.br/Custom/Content/Themes/Lola/Styles/Fonts/FontAwesome/all.css:0
[  467651ms] [LOG] Banner não encontrado: banner-232 @ https://d1hjvew1n9ss7u.cloudfront.net/asset.axd?id=PAEAAB-LCAAAAAAAAAOtj0EPwUAQhf-KzLnsKqu64iBu4oSbOKzt0G2qKztTkQi_3abi6Ob43vfem8wDLIMGxjuLytwM2eCuPOvZ0gRCnrd86k8hgSaGNr5llFE40CdTEyZQXKP_EtuuRREhaA5tJLcIJqM8VSqfZlIO1VilWRYT9puwhStAjyZqIKM4fm1HoPeP333qLi5bYn8RS98wNix2JV6QxNrXRizOwRRGrLbi88ygIngm_1k8YzCOusXD8w1y8dfTPAEAAA%3d%3d:754
[  467658ms] [LOG] [Debug Carrinho] Polling ativo @ https://d1hjvew1n9ss7u.cloudfront.net/asset.axd?id=PAEAAB-LCAAAAAAAAAOtj0EPwUAQhf-KzLnsKqu64iBu4oSbOKzt0G2qKztTkQi_3abi6Ob43vfem8wDLIMGxjuLytwM2eCuPOvZ0gRCnrd86k8hgSaGNr5llFE40CdTEyZQXKP_EtuuRREhaA5tJLcIJqM8VSqfZlIO1VilWRYT9puwhStAjyZqIKM4fm1HoPeP333qLi5bYn8RS98wNix2JV6QxNrXRizOwRRGrLbi88ygIngm_1k8YzCOusXD8w1y8dfTPAEAAA%3d%3d:1790
[  467712ms] [LOG] categoria @ https://d1hjvew1n9ss7u.cloudfront.net/asset.axd?id=PAEAAB-LCAAAAAAAAAOtj0EPwUAQhf-KzLnsKqu64iBu4oSbOKzt0G2qKztTkQi_3abi6Ob43vfem8wDLIMGxjuLytwM2eCuPOvZ0gRCnrd86k8hgSaGNr5llFE40CdTEyZQXKP_EtuuRREhaA5tJLcIJqM8VSqfZlIO1VilWRYT9puwhStAjyZqIKM4fm1HoPeP333qLi5bYn8RS98wNix2JV6QxNrXRizOwRRGrLbi88ygIngm_1k8YzCOusXD8w1y8dfTPAEAAA%3d%3d:1
[  467714ms] [WARNING] !! Há erros de scripts de terceiros !!
Por favor, contate a Empresa responsável pelo script.  @ https://d1hjvew1n9ss7u.cloudfront.net/assets/shjs.js?t=639255987001545277:0
[  468212ms] Uncaught Error: You must pass a string or Handlebars AST to Handlebars.compile. You passed null
    at e.compile (https://d1hjvew1n9ss7u.cloudfront.net/asset.axd?id=PAEAAB-LCAAAAAAAAAOtj0EPwUAQhf-KzLnsKqu64iBu4oSbOKzt0G2qKztTkQi_3abi6Ob43vfem8wDLIMGxjuLytwM2eCuPOvZ0gRCnrd86k8hgSaGNr5llFE40CdTEyZQXKP_EtuuRREhaA5tJLcIJqM8VSqfZlIO1VilWRYT9puwhStAjyZqIKM4fm1HoPeP333qLi5bYn8RS98wNix2JV6QxNrXRizOwRRGrLbi88ygIngm_1k8YzCOusXD8w1y8dfTPAEAAA%3d%3d:1794:49302)
    at i.compile (https://d1hjvew1n9ss7u.cloudfront.net/asset.axd?id=PAEAAB-LCAAAAAAAAAOtj0EPwUAQhf-KzLnsKqu64iBu4oSbOKzt0G2qKztTkQi_3abi6Ob43vfem8wDLIMGxjuLytwM2eCuPOvZ0gRCnrd86k8hgSaGNr5llFE40CdTEyZQXKP_EtuuRREhaA5tJLcIJqM8VSqfZlIO1VilWRYT9puwhStAjyZqIKM4fm1HoPeP333qLi5bYn8RS98wNix2JV6QxNrXRizOwRRGrLbi88ygIngm_1k8YzCOusXD8w1y8dfTPAEAAA%3d%3d:1794:343)
    at renderBasket (https://d1hjvew1n9ss7u.cloudfront.net/asset.axd?id=PAEAAB-LCAAAAAAAAAOtj0EPwUAQhf-KzLnsKqu64iBu4oSbOKzt0G2qKztTkQi_3abi6Ob43vfem8wDLIMGxjuLytwM2eCuPOvZ0gRCnrd86k8hgSaGNr5llFE40CdTEyZQXKP_EtuuRREhaA5tJLcIJqM8VSqfZlIO1VilWRYT9puwhStAjyZqIKM4fm1HoPeP333qLi5bYn8RS98wNix2JV6QxNrXRizOwRRGrLbi88ygIngm_1k8YzCOusXD8w1y8dfTPAEAAA%3d%3d:29:27)
    at <anonymous> (https://d1hjvew1n9ss7u.cloudfront.net/asset.axd?id=PAEAAB-LCAAAAAAAAAOtj0EPwUAQhf-KzLnsKqu64iBu4oSbOKzt0G2qKztTkQi_3abi6Ob43vfem8wDLIMGxjuLytwM2eCuPOvZ0gRCnrd86k8hgSaGNr5llFE40CdTEyZQXKP_EtuuRREhaA5tJLcIJqM8VSqfZlIO1VilWRYT9puwhStAjyZqIKM4fm1HoPeP333qLi5bYn8RS98wNix2JV6QxNrXRizOwRRGrLbi88ygIngm_1k8YzCOusXD8w1y8dfTPAEAAA%3d%3d:220:1)
    at f (https://d1hjvew1n9ss7u.cloudfront.net/assets/shjs.js?t=639255987001545277:0:10382)
    at fireWith (https://d1hjvew1n9ss7u.cloudfront.net/assets/shjs.js?t=639255987001545277:0:11137)
    at ready (https://d1hjvew1n9ss7u.cloudfront.net/assets/shjs.js?t=639255987001545277:0:5238)
    at r (https://d1hjvew1n9ss7u.cloudfront.net/assets/shjs.js?t=639255987001545277:0:9748)
[  467718ms] [VERBOSE] [DOM] Input elements should have autocomplete attributes (suggested: "current-password"): (More info: https://goo.gl/9p2vKq) %o @ https://www.lolacosmetics.com.br/colecoes/pinga:0
[  467718ms] [VERBOSE] [DOM] Input elements should have autocomplete attributes (suggested: "current-password"): (More info: https://goo.gl/9p2vKq) %o @ https://www.lolacosmetics.com.br/colecoes/pinga:0
[  467767ms] [ERROR] Failed to load resource: net::ERR_NAME_NOT_RESOLVED @ https://event.getblue.io/js/blue-tag.min.js:0
[  467872ms] [LOG] AffiseStorage availability: {cookie: true, localStorage: true, sessionStorage: true} @ https://rankmediabrasil.g2afse.com/websdk.js:0
[  467876ms] [LOG] Status RNK Media - ClickId: null UTM: null @ :3
[  468466ms] [WARNING] [Meta Pixel] - Invalid parameter format for currency. Please refer https://developers.facebook.com/docs/meta-pixel/reference/ for valid parameter specifications. @ https://connect.facebook.net/en_US/fbevents.js:203
[  469098ms] [INFO] É necessário definir o storeID no Plugin TrustVox @ https://d1hjvew1n9ss7u.cloudfront.net/asset.axd?id=_woAAB-LCAAAAAAAAAO9lsFunDAQhl-l4rw122w3m1D1lEfooYeqh8HMgrNgW_aYDYrSZ--EaFVgIZWK1aP9__b3Y3uwnxNJSZYQPlH6CC146ZSlLx9kBc4jfQ10_HiXbBLNpu-qKJG23FJJdoTa4yYpLAu_0m_9MM8SJhm5wErLwu3u_ma_v787bLef9p_3N4cDO-TFIQtVJNnudi-23Mgv3con2Y_n5fG-Jz4ET6ZJH4wm1JS-ZfOpamzgYKJBgkuq9FyIYb949MnL5l8JpTFljQI01B0p6YeUqbaO5DtP2AiHEizxhoh2N4TNyOt41pmj4vi1KZUekkZCRIYwEKhaJvVyHN4Za2kaFL4y1qKbY04s67i5M2evdCkkEJbGdQ3qMKTOGlZ_axEkCY_g5HRZB8o6iqxQnkwgkYM_Ic8ZmgZcVyEU43V917guA8_DM76uXg5aj7FTbR3pCJKjU2f5TGKL9ajcr8R4LOVpicRSDE7pTLDXjL470tkvneLflHE03qE5Pc7Jr5XmOla-mq7frCEis8FCgV8kvsnReaIFp4CU0X9F_3FGTMH3tafWPAkHrwW3mGHii5PAOiVxDtkLcRh56PJAZKa34Vj8DyyjUdZKntgUszanZXKtRqQtg1YxCuAXXfBQ8rtLSrQEenwuZg098-fLbwJGClv_CgAA:52
[  469108ms] Uncaught TypeError: Cannot read properties of undefined (reading 'replace')
    at validaFreteGratis (https://d1hjvew1n9ss7u.cloudfront.net/asset.axd?id=PAEAAB-LCAAAAAAAAAOtj0EPwUAQhf-KzLnsKqu64iBu4oSbOKzt0G2qKztTkQi_3abi6Ob43vfem8wDLIMGxjuLytwM2eCuPOvZ0gRCnrd86k8hgSaGNr5llFE40CdTEyZQXKP_EtuuRREhaA5tJLcIJqM8VSqfZlIO1VilWRYT9puwhStAjyZqIKM4fm1HoPeP333qLi5bYn8RS98wNix2JV6QxNrXRizOwRRGrLbi88ygIngm_1k8YzCOusXD8w1y8dfTPAEAAA%3d%3d:1:7633)
    at <anonymous> (https://d1hjvew1n9ss7u.cloudfront.net/asset.axd?id=PAEAAB-LCAAAAAAAAAOtj0EPwUAQhf-KzLnsKqu64iBu4oSbOKzt0G2qKztTkQi_3abi6Ob43vfem8wDLIMGxjuLytwM2eCuPOvZ0gRCnrd86k8hgSaGNr5llFE40CdTEyZQXKP_EtuuRREhaA5tJLcIJqM8VSqfZlIO1VilWRYT9puwhStAjyZqIKM4fm1HoPeP333qLi5bYn8RS98wNix2JV6QxNrXRizOwRRGrLbi88ygIngm_1k8YzCOusXD8w1y8dfTPAEAAA%3d%3d:1:49808)
    at dispatch (https://d1hjvew1n9ss7u.cloudfront.net/assets/shjs.js?t=639255987001545277:0:32701)
    at a (https://d1hjvew1n9ss7u.cloudfront.net/assets/shjs.js?t=639255987001545277:0:28480)
[  469104ms] [LOG] Banner não encontrado: banner-232 @ https://d1hjvew1n9ss7u.cloudfront.net/asset.axd?id=PAEAAB-LCAAAAAAAAAOtj0EPwUAQhf-KzLnsKqu64iBu4oSbOKzt0G2qKztTkQi_3abi6Ob43vfem8wDLIMGxjuLytwM2eCuPOvZ0gRCnrd86k8hgSaGNr5llFE40CdTEyZQXKP_EtuuRREhaA5tJLcIJqM8VSqfZlIO1VilWRYT9puwhStAjyZqIKM4fm1HoPeP333qLi5bYn8RS98wNix2JV6QxNrXRizOwRRGrLbi88ygIngm_1k8YzCOusXD8w1y8dfTPAEAAA%3d%3d:754
[  469143ms] [LOG] %c Widde Video Commerce %c v24604ee %c Build: 21/09/2026 20:39 %c border: 1px solid #2567f8; background: #2567f8; color: #fff; font-weight: bold; padding: 4px 8px; border-radius: 3px 0 0 0; border: 1px solid #2567f8; border-left: none; background: #FFF; color: #2567f8; font-weight: bold; padding: 4px 8px; border: 1px solid #2567f8; border-left: none; background: #f0f0f0; color: #333; font-weight: bold; padding: 4px 8px; border-radius: 0 3px 3px 0; background: transparent @ https://cdn.widde.io/assets/main.utzwjalemu.js:0
[  469244ms] [LOG] %c Tryon Widde.io %c %s %c border: 1px solid #2567f8; background: #2567f8; color: #fff; font-weight: bold; padding: 4px 8px; border-radius: 3px 0 0 3px; border: 1px solid #2567f8; background: #FFF; color: #2567f8; font-weight: bold; padding: 4px 8px; border-radius: 0 3px 3px 0; 47bf7c2 background: transparent @ https://cdn-tryon.widde.io/widde-tryon.js:86
[  469280ms] [LOG] [tryon-tracker] initialized {domain: www.lolacosmetics.com.br} @ https://cdn-tryon.widde.io/widde-tryon.js:8
[  475822ms] [WARNING] Error with Feature-Policy header: Some features are specified in both Feature-Policy and Permissions-Policy header: payment, fullscreen, microphone, camera. Values defined in Permissions-Policy header will be used. @ :0
[  476120ms] [ERROR] Failed to load resource: the server responded with a status of 500 () @ https://fonts.cdnfonts.com/css/leelawade:0
[  476380ms] [ERROR] Failed to load resource: the server responded with a status of 404 () @ https://lolacosmetics.admin.linxcommerce.com.br/Custom/Content/Themes/Lola/Styles/Fonts/FontAwesome/all.css:0
[  476490ms] [LOG] Banner não encontrado: banner-232 @ https://d1hjvew1n9ss7u.cloudfront.net/asset.axd?id=PAEAAB-LCAAAAAAAAAOtj0EPwUAQhf-KzLnsKqu64iBu4oSbOKzt0G2qKztTkQi_3abi6Ob43vfem8wDLIMGxjuLytwM2eCuPOvZ0gRCnrd86k8hgSaGNr5llFE40CdTEyZQXKP_EtuuRREhaA5tJLcIJqM8VSqfZlIO1VilWRYT9puwhStAjyZqIKM4fm1HoPeP333qLi5bYn8RS98wNix2JV6QxNrXRizOwRRGrLbi88ygIngm_1k8YzCOusXD8w1y8dfTPAEAAA%3d%3d:754
[  476492ms] [LOG] [Debug Carrinho] Polling ativo @ https://d1hjvew1n9ss7u.cloudfront.net/asset.axd?id=PAEAAB-LCAAAAAAAAAOtj0EPwUAQhf-KzLnsKqu64iBu4oSbOKzt0G2qKztTkQi_3abi6Ob43vfem8wDLIMGxjuLytwM2eCuPOvZ0gRCnrd86k8hgSaGNr5llFE40CdTEyZQXKP_EtuuRREhaA5tJLcIJqM8VSqfZlIO1VilWRYT9puwhStAjyZqIKM4fm1HoPeP333qLi5bYn8RS98wNix2JV6QxNrXRizOwRRGrLbi88ygIngm_1k8YzCOusXD8w1y8dfTPAEAAA%3d%3d:1790
[  476547ms] [LOG] categoria @ https://d1hjvew1n9ss7u.cloudfront.net/asset.axd?id=PAEAAB-LCAAAAAAAAAOtj0EPwUAQhf-KzLnsKqu64iBu4oSbOKzt0G2qKztTkQi_3abi6Ob43vfem8wDLIMGxjuLytwM2eCuPOvZ0gRCnrd86k8hgSaGNr5llFE40CdTEyZQXKP_EtuuRREhaA5tJLcIJqM8VSqfZlIO1VilWRYT9puwhStAjyZqIKM4fm1HoPeP333qLi5bYn8RS98wNix2JV6QxNrXRizOwRRGrLbi88ygIngm_1k8YzCOusXD8w1y8dfTPAEAAA%3d%3d:1
[  476548ms] [WARNING] !! Há erros de scripts de terceiros !!
Por favor, contate a Empresa responsável pelo script.  @ https://d1hjvew1n9ss7u.cloudfront.net/assets/shjs.js?t=639255987001545277:0
[  476571ms] Uncaught Error: You must pass a string or Handlebars AST to Handlebars.compile. You passed null
    at e.compile (https://d1hjvew1n9ss7u.cloudfront.net/asset.axd?id=PAEAAB-LCAAAAAAAAAOtj0EPwUAQhf-KzLnsKqu64iBu4oSbOKzt0G2qKztTkQi_3abi6Ob43vfem8wDLIMGxjuLytwM2eCuPOvZ0gRCnrd86k8hgSaGNr5llFE40CdTEyZQXKP_EtuuRREhaA5tJLcIJqM8VSqfZlIO1VilWRYT9puwhStAjyZqIKM4fm1HoPeP333qLi5bYn8RS98wNix2JV6QxNrXRizOwRRGrLbi88ygIngm_1k8YzCOusXD8w1y8dfTPAEAAA%3d%3d:1794:49302)
    at i.compile (https://d1hjvew1n9ss7u.cloudfront.net/asset.axd?id=PAEAAB-LCAAAAAAAAAOtj0EPwUAQhf-KzLnsKqu64iBu4oSbOKzt0G2qKztTkQi_3abi6Ob43vfem8wDLIMGxjuLytwM2eCuPOvZ0gRCnrd86k8hgSaGNr5llFE40CdTEyZQXKP_EtuuRREhaA5tJLcIJqM8VSqfZlIO1VilWRYT9puwhStAjyZqIKM4fm1HoPeP333qLi5bYn8RS98wNix2JV6QxNrXRizOwRRGrLbi88ygIngm_1k8YzCOusXD8w1y8dfTPAEAAA%3d%3d:1794:343)
    at renderBasket (https://d1hjvew1n9ss7u.cloudfront.net/asset.axd?id=PAEAAB-LCAAAAAAAAAOtj0EPwUAQhf-KzLnsKqu64iBu4oSbOKzt0G2qKztTkQi_3abi6Ob43vfem8wDLIMGxjuLytwM2eCuPOvZ0gRCnrd86k8hgSaGNr5llFE40CdTEyZQXKP_EtuuRREhaA5tJLcIJqM8VSqfZlIO1VilWRYT9puwhStAjyZqIKM4fm1HoPeP333qLi5bYn8RS98wNix2JV6QxNrXRizOwRRGrLbi88ygIngm_1k8YzCOusXD8w1y8dfTPAEAAA%3d%3d:29:27)
    at <anonymous> (https://d1hjvew1n9ss7u.cloudfront.net/asset.axd?id=PAEAAB-LCAAAAAAAAAOtj0EPwUAQhf-KzLnsKqu64iBu4oSbOKzt0G2qKztTkQi_3abi6Ob43vfem8wDLIMGxjuLytwM2eCuPOvZ0gRCnrd86k8hgSaGNr5llFE40CdTEyZQXKP_EtuuRREhaA5tJLcIJqM8VSqfZlIO1VilWRYT9puwhStAjyZqIKM4fm1HoPeP333qLi5bYn8RS98wNix2JV6QxNrXRizOwRRGrLbi88ygIngm_1k8YzCOusXD8w1y8dfTPAEAAA%3d%3d:220:1)
    at f (https://d1hjvew1n9ss7u.cloudfront.net/assets/shjs.js?t=639255987001545277:0:10382)
    at fireWith (https://d1hjvew1n9ss7u.cloudfront.net/assets/shjs.js?t=639255987001545277:0:11137)
    at ready (https://d1hjvew1n9ss7u.cloudfront.net/assets/shjs.js?t=639255987001545277:0:5238)
    at r (https://d1hjvew1n9ss7u.cloudfront.net/assets/shjs.js?t=639255987001545277:0:9748)
[  476552ms] [VERBOSE] [DOM] Input elements should have autocomplete attributes (suggested: "current-password"): (More info: https://goo.gl/9p2vKq) %o @ https://www.lolacosmetics.com.br/colecoes/plot-twist:0
[  476552ms] [VERBOSE] [DOM] Input elements should have autocomplete attributes (suggested: "current-password"): (More info: https://goo.gl/9p2vKq) %o @ https://www.lolacosmetics.com.br/colecoes/plot-twist:0
[  476582ms] [ERROR] Failed to load resource: net::ERR_NAME_NOT_RESOLVED @ https://event.getblue.io/js/blue-tag.min.js:0
[  476762ms] [LOG] AffiseStorage availability: {cookie: true, localStorage: true, sessionStorage: true} @ https://rankmediabrasil.g2afse.com/websdk.js:0
[  476763ms] [LOG] Status RNK Media - ClickId: null UTM: null @ :3
[  477740ms] [INFO] É necessário definir o storeID no Plugin TrustVox @ https://d1hjvew1n9ss7u.cloudfront.net/asset.axd?id=_woAAB-LCAAAAAAAAAO9lsFunDAQhl-l4rw122w3m1D1lEfooYeqh8HMgrNgW_aYDYrSZ--EaFVgIZWK1aP9__b3Y3uwnxNJSZYQPlH6CC146ZSlLx9kBc4jfQ10_HiXbBLNpu-qKJG23FJJdoTa4yYpLAu_0m_9MM8SJhm5wErLwu3u_ma_v787bLef9p_3N4cDO-TFIQtVJNnudi-23Mgv3con2Y_n5fG-Jz4ET6ZJH4wm1JS-ZfOpamzgYKJBgkuq9FyIYb949MnL5l8JpTFljQI01B0p6YeUqbaO5DtP2AiHEizxhoh2N4TNyOt41pmj4vi1KZUekkZCRIYwEKhaJvVyHN4Za2kaFL4y1qKbY04s67i5M2evdCkkEJbGdQ3qMKTOGlZ_axEkCY_g5HRZB8o6iqxQnkwgkYM_Ic8ZmgZcVyEU43V917guA8_DM76uXg5aj7FTbR3pCJKjU2f5TGKL9ajcr8R4LOVpicRSDE7pTLDXjL470tkvneLflHE03qE5Pc7Jr5XmOla-mq7frCEis8FCgV8kvsnReaIFp4CU0X9F_3FGTMH3tafWPAkHrwW3mGHii5PAOiVxDtkLcRh56PJAZKa34Vj8DyyjUdZKntgUszanZXKtRqQtg1YxCuAXXfBQ8rtLSrQEenwuZg098-fLbwJGClv_CgAA:52
[  477842ms] Uncaught TypeError: Cannot read properties of undefined (reading 'replace')
    at validaFreteGratis (https://d1hjvew1n9ss7u.cloudfront.net/asset.axd?id=PAEAAB-LCAAAAAAAAAOtj0EPwUAQhf-KzLnsKqu64iBu4oSbOKzt0G2qKztTkQi_3abi6Ob43vfem8wDLIMGxjuLytwM2eCuPOvZ0gRCnrd86k8hgSaGNr5llFE40CdTEyZQXKP_EtuuRREhaA5tJLcIJqM8VSqfZlIO1VilWRYT9puwhStAjyZqIKM4fm1HoPeP333qLi5bYn8RS98wNix2JV6QxNrXRizOwRRGrLbi88ygIngm_1k8YzCOusXD8w1y8dfTPAEAAA%3d%3d:1:7633)
    at <anonymous> (https://d1hjvew1n9ss7u.cloudfront.net/asset.axd?id=PAEAAB-LCAAAAAAAAAOtj0EPwUAQhf-KzLnsKqu64iBu4oSbOKzt0G2qKztTkQi_3abi6Ob43vfem8wDLIMGxjuLytwM2eCuPOvZ0gRCnrd86k8hgSaGNr5llFE40CdTEyZQXKP_EtuuRREhaA5tJLcIJqM8VSqfZlIO1VilWRYT9puwhStAjyZqIKM4fm1HoPeP333qLi5bYn8RS98wNix2JV6QxNrXRizOwRRGrLbi88ygIngm_1k8YzCOusXD8w1y8dfTPAEAAA%3d%3d:1:49808)
    at dispatch (https://d1hjvew1n9ss7u.cloudfront.net/assets/shjs.js?t=639255987001545277:0:32701)
    at a (https://d1hjvew1n9ss7u.cloudfront.net/assets/shjs.js?t=639255987001545277:0:28480)
[  477752ms] [LOG] Banner não encontrado: banner-232 @ https://d1hjvew1n9ss7u.cloudfront.net/asset.axd?id=PAEAAB-LCAAAAAAAAAOtj0EPwUAQhf-KzLnsKqu64iBu4oSbOKzt0G2qKztTkQi_3abi6Ob43vfem8wDLIMGxjuLytwM2eCuPOvZ0gRCnrd86k8hgSaGNr5llFE40CdTEyZQXKP_EtuuRREhaA5tJLcIJqM8VSqfZlIO1VilWRYT9puwhStAjyZqIKM4fm1HoPeP333qLi5bYn8RS98wNix2JV6QxNrXRizOwRRGrLbi88ygIngm_1k8YzCOusXD8w1y8dfTPAEAAA%3d%3d:754
[  477823ms] [LOG] %c Widde Video Commerce %c v24604ee %c Build: 21/09/2026 20:39 %c border: 1px solid #2567f8; background: #2567f8; color: #fff; font-weight: bold; padding: 4px 8px; border-radius: 3px 0 0 0; border: 1px solid #2567f8; border-left: none; background: #FFF; color: #2567f8; font-weight: bold; padding: 4px 8px; border: 1px solid #2567f8; border-left: none; background: #f0f0f0; color: #333; font-weight: bold; padding: 4px 8px; border-radius: 0 3px 3px 0; background: transparent @ https://cdn.widde.io/assets/main.utzwjalemu.js:0
[  477859ms] [LOG] %c Tryon Widde.io %c %s %c border: 1px solid #2567f8; background: #2567f8; color: #fff; font-weight: bold; padding: 4px 8px; border-radius: 3px 0 0 3px; border: 1px solid #2567f8; background: #FFF; color: #2567f8; font-weight: bold; padding: 4px 8px; border-radius: 0 3px 3px 0; 47bf7c2 background: transparent @ https://cdn-tryon.widde.io/widde-tryon.js:86
[  477901ms] [LOG] [tryon-tracker] initialized {domain: www.lolacosmetics.com.br} @ https://cdn-tryon.widde.io/widde-tryon.js:8
[  484705ms] [WARNING] Error with Feature-Policy header: Some features are specified in both Feature-Policy and Permissions-Policy header: payment, fullscreen, microphone, camera. Values defined in Permissions-Policy header will be used. @ :0
[  485029ms] [ERROR] Failed to load resource: the server responded with a status of 500 () @ https://fonts.cdnfonts.com/css/leelawade:0
[  485386ms] [ERROR] Failed to load resource: the server responded with a status of 404 () @ https://lolacosmetics.admin.linxcommerce.com.br/Custom/Content/Themes/Lola/Styles/Fonts/FontAwesome/all.css:0
[  485446ms] [LOG] Banner não encontrado: banner-232 @ https://d1hjvew1n9ss7u.cloudfront.net/asset.axd?id=PAEAAB-LCAAAAAAAAAOtj0EPwUAQhf-KzLnsKqu64iBu4oSbOKzt0G2qKztTkQi_3abi6Ob43vfem8wDLIMGxjuLytwM2eCuPOvZ0gRCnrd86k8hgSaGNr5llFE40CdTEyZQXKP_EtuuRREhaA5tJLcIJqM8VSqfZlIO1VilWRYT9puwhStAjyZqIKM4fm1HoPeP333qLi5bYn8RS98wNix2JV6QxNrXRizOwRRGrLbi88ygIngm_1k8YzCOusXD8w1y8dfTPAEAAA%3d%3d:754
[  485447ms] [LOG] [Debug Carrinho] Polling ativo @ https://d1hjvew1n9ss7u.cloudfront.net/asset.axd?id=PAEAAB-LCAAAAAAAAAOtj0EPwUAQhf-KzLnsKqu64iBu4oSbOKzt0G2qKztTkQi_3abi6Ob43vfem8wDLIMGxjuLytwM2eCuPOvZ0gRCnrd86k8hgSaGNr5llFE40CdTEyZQXKP_EtuuRREhaA5tJLcIJqM8VSqfZlIO1VilWRYT9puwhStAjyZqIKM4fm1HoPeP333qLi5bYn8RS98wNix2JV6QxNrXRizOwRRGrLbi88ygIngm_1k8YzCOusXD8w1y8dfTPAEAAA%3d%3d:1790
[  485479ms] [LOG] categoria @ https://d1hjvew1n9ss7u.cloudfront.net/asset.axd?id=PAEAAB-LCAAAAAAAAAOtj0EPwUAQhf-KzLnsKqu64iBu4oSbOKzt0G2qKztTkQi_3abi6Ob43vfem8wDLIMGxjuLytwM2eCuPOvZ0gRCnrd86k8hgSaGNr5llFE40CdTEyZQXKP_EtuuRREhaA5tJLcIJqM8VSqfZlIO1VilWRYT9puwhStAjyZqIKM4fm1HoPeP333qLi5bYn8RS98wNix2JV6QxNrXRizOwRRGrLbi88ygIngm_1k8YzCOusXD8w1y8dfTPAEAAA%3d%3d:1
[  485479ms] [WARNING] !! Há erros de scripts de terceiros !!
Por favor, contate a Empresa responsável pelo script.  @ https://d1hjvew1n9ss7u.cloudfront.net/assets/shjs.js?t=639255987001545277:0
[  485480ms] Uncaught Error: You must pass a string or Handlebars AST to Handlebars.compile. You passed null
    at e.compile (https://d1hjvew1n9ss7u.cloudfront.net/asset.axd?id=PAEAAB-LCAAAAAAAAAOtj0EPwUAQhf-KzLnsKqu64iBu4oSbOKzt0G2qKztTkQi_3abi6Ob43vfem8wDLIMGxjuLytwM2eCuPOvZ0gRCnrd86k8hgSaGNr5llFE40CdTEyZQXKP_EtuuRREhaA5tJLcIJqM8VSqfZlIO1VilWRYT9puwhStAjyZqIKM4fm1HoPeP333qLi5bYn8RS98wNix2JV6QxNrXRizOwRRGrLbi88ygIngm_1k8YzCOusXD8w1y8dfTPAEAAA%3d%3d:1794:49302)
    at i.compile (https://d1hjvew1n9ss7u.cloudfront.net/asset.axd?id=PAEAAB-LCAAAAAAAAAOtj0EPwUAQhf-KzLnsKqu64iBu4oSbOKzt0G2qKztTkQi_3abi6Ob43vfem8wDLIMGxjuLytwM2eCuPOvZ0gRCnrd86k8hgSaGNr5llFE40CdTEyZQXKP_EtuuRREhaA5tJLcIJqM8VSqfZlIO1VilWRYT9puwhStAjyZqIKM4fm1HoPeP333qLi5bYn8RS98wNix2JV6QxNrXRizOwRRGrLbi88ygIngm_1k8YzCOusXD8w1y8dfTPAEAAA%3d%3d:1794:343)
    at renderBasket (https://d1hjvew1n9ss7u.cloudfront.net/asset.axd?id=PAEAAB-LCAAAAAAAAAOtj0EPwUAQhf-KzLnsKqu64iBu4oSbOKzt0G2qKztTkQi_3abi6Ob43vfem8wDLIMGxjuLytwM2eCuPOvZ0gRCnrd86k8hgSaGNr5llFE40CdTEyZQXKP_EtuuRREhaA5tJLcIJqM8VSqfZlIO1VilWRYT9puwhStAjyZqIKM4fm1HoPeP333qLi5bYn8RS98wNix2JV6QxNrXRizOwRRGrLbi88ygIngm_1k8YzCOusXD8w1y8dfTPAEAAA%3d%3d:29:27)
    at <anonymous> (https://d1hjvew1n9ss7u.cloudfront.net/asset.axd?id=PAEAAB-LCAAAAAAAAAOtj0EPwUAQhf-KzLnsKqu64iBu4oSbOKzt0G2qKztTkQi_3abi6Ob43vfem8wDLIMGxjuLytwM2eCuPOvZ0gRCnrd86k8hgSaGNr5llFE40CdTEyZQXKP_EtuuRREhaA5tJLcIJqM8VSqfZlIO1VilWRYT9puwhStAjyZqIKM4fm1HoPeP333qLi5bYn8RS98wNix2JV6QxNrXRizOwRRGrLbi88ygIngm_1k8YzCOusXD8w1y8dfTPAEAAA%3d%3d:220:1)
    at f (https://d1hjvew1n9ss7u.cloudfront.net/assets/shjs.js?t=639255987001545277:0:10382)
    at fireWith (https://d1hjvew1n9ss7u.cloudfront.net/assets/shjs.js?t=639255987001545277:0:11137)
    at ready (https://d1hjvew1n9ss7u.cloudfront.net/assets/shjs.js?t=639255987001545277:0:5238)
    at r (https://d1hjvew1n9ss7u.cloudfront.net/assets/shjs.js?t=639255987001545277:0:9748)
[  485483ms] [VERBOSE] [DOM] Input elements should have autocomplete attributes (suggested: "current-password"): (More info: https://goo.gl/9p2vKq) %o @ https://www.lolacosmetics.com.br/colecoes/purple:0
[  485483ms] [VERBOSE] [DOM] Input elements should have autocomplete attributes (suggested: "current-password"): (More info: https://goo.gl/9p2vKq) %o @ https://www.lolacosmetics.com.br/colecoes/purple:0
[  485533ms] [ERROR] Failed to load resource: net::ERR_NAME_NOT_RESOLVED @ https://event.getblue.io/js/blue-tag.min.js:0
[  485674ms] [LOG] AffiseStorage availability: {cookie: true, localStorage: true, sessionStorage: true} @ https://rankmediabrasil.g2afse.com/websdk.js:0
[  485674ms] [LOG] Status RNK Media - ClickId: null UTM: null @ :3
[  485984ms] [INFO] É necessário definir o storeID no Plugin TrustVox @ https://d1hjvew1n9ss7u.cloudfront.net/asset.axd?id=_woAAB-LCAAAAAAAAAO9lsFunDAQhl-l4rw122w3m1D1lEfooYeqh8HMgrNgW_aYDYrSZ--EaFVgIZWK1aP9__b3Y3uwnxNJSZYQPlH6CC146ZSlLx9kBc4jfQ10_HiXbBLNpu-qKJG23FJJdoTa4yYpLAu_0m_9MM8SJhm5wErLwu3u_ma_v787bLef9p_3N4cDO-TFIQtVJNnudi-23Mgv3con2Y_n5fG-Jz4ET6ZJH4wm1JS-ZfOpamzgYKJBgkuq9FyIYb949MnL5l8JpTFljQI01B0p6YeUqbaO5DtP2AiHEizxhoh2N4TNyOt41pmj4vi1KZUekkZCRIYwEKhaJvVyHN4Za2kaFL4y1qKbY04s67i5M2evdCkkEJbGdQ3qMKTOGlZ_axEkCY_g5HRZB8o6iqxQnkwgkYM_Ic8ZmgZcVyEU43V917guA8_DM76uXg5aj7FTbR3pCJKjU2f5TGKL9ajcr8R4LOVpicRSDE7pTLDXjL470tkvneLflHE03qE5Pc7Jr5XmOla-mq7frCEis8FCgV8kvsnReaIFp4CU0X9F_3FGTMH3tafWPAkHrwW3mGHii5PAOiVxDtkLcRh56PJAZKa34Vj8DyyjUdZKntgUszanZXKtRqQtg1YxCuAXXfBQ8rtLSrQEenwuZg098-fLbwJGClv_CgAA:52
[  485989ms] Uncaught TypeError: Cannot read properties of undefined (reading 'replace')
    at validaFreteGratis (https://d1hjvew1n9ss7u.cloudfront.net/asset.axd?id=PAEAAB-LCAAAAAAAAAOtj0EPwUAQhf-KzLnsKqu64iBu4oSbOKzt0G2qKztTkQi_3abi6Ob43vfem8wDLIMGxjuLytwM2eCuPOvZ0gRCnrd86k8hgSaGNr5llFE40CdTEyZQXKP_EtuuRREhaA5tJLcIJqM8VSqfZlIO1VilWRYT9puwhStAjyZqIKM4fm1HoPeP333qLi5bYn8RS98wNix2JV6QxNrXRizOwRRGrLbi88ygIngm_1k8YzCOusXD8w1y8dfTPAEAAA%3d%3d:1:7633)
    at <anonymous> (https://d1hjvew1n9ss7u.cloudfront.net/asset.axd?id=PAEAAB-LCAAAAAAAAAOtj0EPwUAQhf-KzLnsKqu64iBu4oSbOKzt0G2qKztTkQi_3abi6Ob43vfem8wDLIMGxjuLytwM2eCuPOvZ0gRCnrd86k8hgSaGNr5llFE40CdTEyZQXKP_EtuuRREhaA5tJLcIJqM8VSqfZlIO1VilWRYT9puwhStAjyZqIKM4fm1HoPeP333qLi5bYn8RS98wNix2JV6QxNrXRizOwRRGrLbi88ygIngm_1k8YzCOusXD8w1y8dfTPAEAAA%3d%3d:1:49808)
    at dispatch (https://d1hjvew1n9ss7u.cloudfront.net/assets/shjs.js?t=639255987001545277:0:32701)
    at a (https://d1hjvew1n9ss7u.cloudfront.net/assets/shjs.js?t=639255987001545277:0:28480)
[  485988ms] [LOG] Banner não encontrado: banner-232 @ https://d1hjvew1n9ss7u.cloudfront.net/asset.axd?id=PAEAAB-LCAAAAAAAAAOtj0EPwUAQhf-KzLnsKqu64iBu4oSbOKzt0G2qKztTkQi_3abi6Ob43vfem8wDLIMGxjuLytwM2eCuPOvZ0gRCnrd86k8hgSaGNr5llFE40CdTEyZQXKP_EtuuRREhaA5tJLcIJqM8VSqfZlIO1VilWRYT9puwhStAjyZqIKM4fm1HoPeP333qLi5bYn8RS98wNix2JV6QxNrXRizOwRRGrLbi88ygIngm_1k8YzCOusXD8w1y8dfTPAEAAA%3d%3d:754
[  486011ms] [LOG] %c Widde Video Commerce %c v24604ee %c Build: 21/09/2026 20:39 %c border: 1px solid #2567f8; background: #2567f8; color: #fff; font-weight: bold; padding: 4px 8px; border-radius: 3px 0 0 0; border: 1px solid #2567f8; border-left: none; background: #FFF; color: #2567f8; font-weight: bold; padding: 4px 8px; border: 1px solid #2567f8; border-left: none; background: #f0f0f0; color: #333; font-weight: bold; padding: 4px 8px; border-radius: 0 3px 3px 0; background: transparent @ https://cdn.widde.io/assets/main.utzwjalemu.js:0
[  486078ms] [LOG] %c Tryon Widde.io %c %s %c border: 1px solid #2567f8; background: #2567f8; color: #fff; font-weight: bold; padding: 4px 8px; border-radius: 3px 0 0 3px; border: 1px solid #2567f8; background: #FFF; color: #2567f8; font-weight: bold; padding: 4px 8px; border-radius: 0 3px 3px 0; 47bf7c2 background: transparent @ https://cdn-tryon.widde.io/widde-tryon.js:86
[  486092ms] [LOG] [tryon-tracker] initialized {domain: www.lolacosmetics.com.br} @ https://cdn-tryon.widde.io/widde-tryon.js:8
[  492462ms] [WARNING] Error with Feature-Policy header: Some features are specified in both Feature-Policy and Permissions-Policy header: payment, fullscreen, microphone, camera. Values defined in Permissions-Policy header will be used. @ :0
[  492754ms] [ERROR] Failed to load resource: the server responded with a status of 500 () @ https://fonts.cdnfonts.com/css/leelawade:0
[  493144ms] [ERROR] Failed to load resource: the server responded with a status of 404 () @ https://lolacosmetics.admin.linxcommerce.com.br/Custom/Content/Themes/Lola/Styles/Fonts/FontAwesome/all.css:0
[  493247ms] [LOG] Banner não encontrado: banner-232 @ https://d1hjvew1n9ss7u.cloudfront.net/asset.axd?id=PAEAAB-LCAAAAAAAAAOtj0EPwUAQhf-KzLnsKqu64iBu4oSbOKzt0G2qKztTkQi_3abi6Ob43vfem8wDLIMGxjuLytwM2eCuPOvZ0gRCnrd86k8hgSaGNr5llFE40CdTEyZQXKP_EtuuRREhaA5tJLcIJqM8VSqfZlIO1VilWRYT9puwhStAjyZqIKM4fm1HoPeP333qLi5bYn8RS98wNix2JV6QxNrXRizOwRRGrLbi88ygIngm_1k8YzCOusXD8w1y8dfTPAEAAA%3d%3d:754
[  493248ms] [LOG] [Debug Carrinho] Polling ativo @ https://d1hjvew1n9ss7u.cloudfront.net/asset.axd?id=PAEAAB-LCAAAAAAAAAOtj0EPwUAQhf-KzLnsKqu64iBu4oSbOKzt0G2qKztTkQi_3abi6Ob43vfem8wDLIMGxjuLytwM2eCuPOvZ0gRCnrd86k8hgSaGNr5llFE40CdTEyZQXKP_EtuuRREhaA5tJLcIJqM8VSqfZlIO1VilWRYT9puwhStAjyZqIKM4fm1HoPeP333qLi5bYn8RS98wNix2JV6QxNrXRizOwRRGrLbi88ygIngm_1k8YzCOusXD8w1y8dfTPAEAAA%3d%3d:1790
[  493286ms] [LOG] categoria @ https://d1hjvew1n9ss7u.cloudfront.net/asset.axd?id=PAEAAB-LCAAAAAAAAAOtj0EPwUAQhf-KzLnsKqu64iBu4oSbOKzt0G2qKztTkQi_3abi6Ob43vfem8wDLIMGxjuLytwM2eCuPOvZ0gRCnrd86k8hgSaGNr5llFE40CdTEyZQXKP_EtuuRREhaA5tJLcIJqM8VSqfZlIO1VilWRYT9puwhStAjyZqIKM4fm1HoPeP333qLi5bYn8RS98wNix2JV6QxNrXRizOwRRGrLbi88ygIngm_1k8YzCOusXD8w1y8dfTPAEAAA%3d%3d:1
[  493287ms] [WARNING] !! Há erros de scripts de terceiros !!
Por favor, contate a Empresa responsável pelo script.  @ https://d1hjvew1n9ss7u.cloudfront.net/assets/shjs.js?t=639255987001545277:0
[  493297ms] Uncaught Error: You must pass a string or Handlebars AST to Handlebars.compile. You passed null
    at e.compile (https://d1hjvew1n9ss7u.cloudfront.net/asset.axd?id=PAEAAB-LCAAAAAAAAAOtj0EPwUAQhf-KzLnsKqu64iBu4oSbOKzt0G2qKztTkQi_3abi6Ob43vfem8wDLIMGxjuLytwM2eCuPOvZ0gRCnrd86k8hgSaGNr5llFE40CdTEyZQXKP_EtuuRREhaA5tJLcIJqM8VSqfZlIO1VilWRYT9puwhStAjyZqIKM4fm1HoPeP333qLi5bYn8RS98wNix2JV6QxNrXRizOwRRGrLbi88ygIngm_1k8YzCOusXD8w1y8dfTPAEAAA%3d%3d:1794:49302)
    at i.compile (https://d1hjvew1n9ss7u.cloudfront.net/asset.axd?id=PAEAAB-LCAAAAAAAAAOtj0EPwUAQhf-KzLnsKqu64iBu4oSbOKzt0G2qKztTkQi_3abi6Ob43vfem8wDLIMGxjuLytwM2eCuPOvZ0gRCnrd86k8hgSaGNr5llFE40CdTEyZQXKP_EtuuRREhaA5tJLcIJqM8VSqfZlIO1VilWRYT9puwhStAjyZqIKM4fm1HoPeP333qLi5bYn8RS98wNix2JV6QxNrXRizOwRRGrLbi88ygIngm_1k8YzCOusXD8w1y8dfTPAEAAA%3d%3d:1794:343)
    at renderBasket (https://d1hjvew1n9ss7u.cloudfront.net/asset.axd?id=PAEAAB-LCAAAAAAAAAOtj0EPwUAQhf-KzLnsKqu64iBu4oSbOKzt0G2qKztTkQi_3abi6Ob43vfem8wDLIMGxjuLytwM2eCuPOvZ0gRCnrd86k8hgSaGNr5llFE40CdTEyZQXKP_EtuuRREhaA5tJLcIJqM8VSqfZlIO1VilWRYT9puwhStAjyZqIKM4fm1HoPeP333qLi5bYn8RS98wNix2JV6QxNrXRizOwRRGrLbi88ygIngm_1k8YzCOusXD8w1y8dfTPAEAAA%3d%3d:29:27)
    at <anonymous> (https://d1hjvew1n9ss7u.cloudfront.net/asset.axd?id=PAEAAB-LCAAAAAAAAAOtj0EPwUAQhf-KzLnsKqu64iBu4oSbOKzt0G2qKztTkQi_3abi6Ob43vfem8wDLIMGxjuLytwM2eCuPOvZ0gRCnrd86k8hgSaGNr5llFE40CdTEyZQXKP_EtuuRREhaA5tJLcIJqM8VSqfZlIO1VilWRYT9puwhStAjyZqIKM4fm1HoPeP333qLi5bYn8RS98wNix2JV6QxNrXRizOwRRGrLbi88ygIngm_1k8YzCOusXD8w1y8dfTPAEAAA%3d%3d:220:1)
    at f (https://d1hjvew1n9ss7u.cloudfront.net/assets/shjs.js?t=639255987001545277:0:10382)
    at fireWith (https://d1hjvew1n9ss7u.cloudfront.net/assets/shjs.js?t=639255987001545277:0:11137)
    at ready (https://d1hjvew1n9ss7u.cloudfront.net/assets/shjs.js?t=639255987001545277:0:5238)
    at r (https://d1hjvew1n9ss7u.cloudfront.net/assets/shjs.js?t=639255987001545277:0:9748)
[  493291ms] [VERBOSE] [DOM] Input elements should have autocomplete attributes (suggested: "current-password"): (More info: https://goo.gl/9p2vKq) %o @ https://www.lolacosmetics.com.br/colecoes/rapunzel:0
[  493291ms] [VERBOSE] [DOM] Input elements should have autocomplete attributes (suggested: "current-password"): (More info: https://goo.gl/9p2vKq) %o @ https://www.lolacosmetics.com.br/colecoes/rapunzel:0
[  493310ms] [ERROR] Failed to load resource: net::ERR_NAME_NOT_RESOLVED @ https://event.getblue.io/js/blue-tag.min.js:0
[  493429ms] [LOG] AffiseStorage availability: {cookie: true, localStorage: true, sessionStorage: true} @ https://rankmediabrasil.g2afse.com/websdk.js:0
[  493430ms] [LOG] Status RNK Media - ClickId: null UTM: null @ :3
[  493537ms] [WARNING] [Meta Pixel] - Invalid parameter format for currency. Please refer https://developers.facebook.com/docs/meta-pixel/reference/ for valid parameter specifications. @ https://connect.facebook.net/en_US/fbevents.js:203
[  493821ms] [INFO] É necessário definir o storeID no Plugin TrustVox @ https://d1hjvew1n9ss7u.cloudfront.net/asset.axd?id=_woAAB-LCAAAAAAAAAO9lsFunDAQhl-l4rw122w3m1D1lEfooYeqh8HMgrNgW_aYDYrSZ--EaFVgIZWK1aP9__b3Y3uwnxNJSZYQPlH6CC146ZSlLx9kBc4jfQ10_HiXbBLNpu-qKJG23FJJdoTa4yYpLAu_0m_9MM8SJhm5wErLwu3u_ma_v787bLef9p_3N4cDO-TFIQtVJNnudi-23Mgv3con2Y_n5fG-Jz4ET6ZJH4wm1JS-ZfOpamzgYKJBgkuq9FyIYb949MnL5l8JpTFljQI01B0p6YeUqbaO5DtP2AiHEizxhoh2N4TNyOt41pmj4vi1KZUekkZCRIYwEKhaJvVyHN4Za2kaFL4y1qKbY04s67i5M2evdCkkEJbGdQ3qMKTOGlZ_axEkCY_g5HRZB8o6iqxQnkwgkYM_Ic8ZmgZcVyEU43V917guA8_DM76uXg5aj7FTbR3pCJKjU2f5TGKL9ajcr8R4LOVpicRSDE7pTLDXjL470tkvneLflHE03qE5Pc7Jr5XmOla-mq7frCEis8FCgV8kvsnReaIFp4CU0X9F_3FGTMH3tafWPAkHrwW3mGHii5PAOiVxDtkLcRh56PJAZKa34Vj8DyyjUdZKntgUszanZXKtRqQtg1YxCuAXXfBQ8rtLSrQEenwuZg098-fLbwJGClv_CgAA:52
[  493828ms] Uncaught TypeError: Cannot read properties of undefined (reading 'replace')
    at validaFreteGratis (https://d1hjvew1n9ss7u.cloudfront.net/asset.axd?id=PAEAAB-LCAAAAAAAAAOtj0EPwUAQhf-KzLnsKqu64iBu4oSbOKzt0G2qKztTkQi_3abi6Ob43vfem8wDLIMGxjuLytwM2eCuPOvZ0gRCnrd86k8hgSaGNr5llFE40CdTEyZQXKP_EtuuRREhaA5tJLcIJqM8VSqfZlIO1VilWRYT9puwhStAjyZqIKM4fm1HoPeP333qLi5bYn8RS98wNix2JV6QxNrXRizOwRRGrLbi88ygIngm_1k8YzCOusXD8w1y8dfTPAEAAA%3d%3d:1:7633)
    at <anonymous> (https://d1hjvew1n9ss7u.cloudfront.net/asset.axd?id=PAEAAB-LCAAAAAAAAAOtj0EPwUAQhf-KzLnsKqu64iBu4oSbOKzt0G2qKztTkQi_3abi6Ob43vfem8wDLIMGxjuLytwM2eCuPOvZ0gRCnrd86k8hgSaGNr5llFE40CdTEyZQXKP_EtuuRREhaA5tJLcIJqM8VSqfZlIO1VilWRYT9puwhStAjyZqIKM4fm1HoPeP333qLi5bYn8RS98wNix2JV6QxNrXRizOwRRGrLbi88ygIngm_1k8YzCOusXD8w1y8dfTPAEAAA%3d%3d:1:49808)
    at dispatch (https://d1hjvew1n9ss7u.cloudfront.net/assets/shjs.js?t=639255987001545277:0:32701)
    at a (https://d1hjvew1n9ss7u.cloudfront.net/assets/shjs.js?t=639255987001545277:0:28480)
[  493825ms] [LOG] Banner não encontrado: banner-232 @ https://d1hjvew1n9ss7u.cloudfront.net/asset.axd?id=PAEAAB-LCAAAAAAAAAOtj0EPwUAQhf-KzLnsKqu64iBu4oSbOKzt0G2qKztTkQi_3abi6Ob43vfem8wDLIMGxjuLytwM2eCuPOvZ0gRCnrd86k8hgSaGNr5llFE40CdTEyZQXKP_EtuuRREhaA5tJLcIJqM8VSqfZlIO1VilWRYT9puwhStAjyZqIKM4fm1HoPeP333qLi5bYn8RS98wNix2JV6QxNrXRizOwRRGrLbi88ygIngm_1k8YzCOusXD8w1y8dfTPAEAAA%3d%3d:754
[  493857ms] [LOG] %c Widde Video Commerce %c v24604ee %c Build: 21/09/2026 20:39 %c border: 1px solid #2567f8; background: #2567f8; color: #fff; font-weight: bold; padding: 4px 8px; border-radius: 3px 0 0 0; border: 1px solid #2567f8; border-left: none; background: #FFF; color: #2567f8; font-weight: bold; padding: 4px 8px; border: 1px solid #2567f8; border-left: none; background: #f0f0f0; color: #333; font-weight: bold; padding: 4px 8px; border-radius: 0 3px 3px 0; background: transparent @ https://cdn.widde.io/assets/main.utzwjalemu.js:0
[  493870ms] [LOG] %c Tryon Widde.io %c %s %c border: 1px solid #2567f8; background: #2567f8; color: #fff; font-weight: bold; padding: 4px 8px; border-radius: 3px 0 0 3px; border: 1px solid #2567f8; background: #FFF; color: #2567f8; font-weight: bold; padding: 4px 8px; border-radius: 0 3px 3px 0; 47bf7c2 background: transparent @ https://cdn-tryon.widde.io/widde-tryon.js:86
[  493885ms] [LOG] [tryon-tracker] initialized {domain: www.lolacosmetics.com.br} @ https://cdn-tryon.widde.io/widde-tryon.js:8
[  501093ms] [WARNING] Error with Feature-Policy header: Some features are specified in both Feature-Policy and Permissions-Policy header: payment, fullscreen, microphone, camera. Values defined in Permissions-Policy header will be used. @ :0
[  501396ms] [ERROR] Failed to load resource: the server responded with a status of 500 () @ https://fonts.cdnfonts.com/css/leelawade:0
[  501832ms] [ERROR] Failed to load resource: the server responded with a status of 404 () @ https://lolacosmetics.admin.linxcommerce.com.br/Custom/Content/Themes/Lola/Styles/Fonts/FontAwesome/all.css:0
[  501974ms] [LOG] Banner não encontrado: banner-232 @ https://d1hjvew1n9ss7u.cloudfront.net/asset.axd?id=PAEAAB-LCAAAAAAAAAOtj0EPwUAQhf-KzLnsKqu64iBu4oSbOKzt0G2qKztTkQi_3abi6Ob43vfem8wDLIMGxjuLytwM2eCuPOvZ0gRCnrd86k8hgSaGNr5llFE40CdTEyZQXKP_EtuuRREhaA5tJLcIJqM8VSqfZlIO1VilWRYT9puwhStAjyZqIKM4fm1HoPeP333qLi5bYn8RS98wNix2JV6QxNrXRizOwRRGrLbi88ygIngm_1k8YzCOusXD8w1y8dfTPAEAAA%3d%3d:754
[  501980ms] [LOG] [Debug Carrinho] Polling ativo @ https://d1hjvew1n9ss7u.cloudfront.net/asset.axd?id=PAEAAB-LCAAAAAAAAAOtj0EPwUAQhf-KzLnsKqu64iBu4oSbOKzt0G2qKztTkQi_3abi6Ob43vfem8wDLIMGxjuLytwM2eCuPOvZ0gRCnrd86k8hgSaGNr5llFE40CdTEyZQXKP_EtuuRREhaA5tJLcIJqM8VSqfZlIO1VilWRYT9puwhStAjyZqIKM4fm1HoPeP333qLi5bYn8RS98wNix2JV6QxNrXRizOwRRGrLbi88ygIngm_1k8YzCOusXD8w1y8dfTPAEAAA%3d%3d:1790
[  502074ms] [LOG] categoria @ https://d1hjvew1n9ss7u.cloudfront.net/asset.axd?id=PAEAAB-LCAAAAAAAAAOtj0EPwUAQhf-KzLnsKqu64iBu4oSbOKzt0G2qKztTkQi_3abi6Ob43vfem8wDLIMGxjuLytwM2eCuPOvZ0gRCnrd86k8hgSaGNr5llFE40CdTEyZQXKP_EtuuRREhaA5tJLcIJqM8VSqfZlIO1VilWRYT9puwhStAjyZqIKM4fm1HoPeP333qLi5bYn8RS98wNix2JV6QxNrXRizOwRRGrLbi88ygIngm_1k8YzCOusXD8w1y8dfTPAEAAA%3d%3d:1
[  502076ms] [WARNING] !! Há erros de scripts de terceiros !!
Por favor, contate a Empresa responsável pelo script.  @ https://d1hjvew1n9ss7u.cloudfront.net/assets/shjs.js?t=639255987001545277:0
[  502272ms] Uncaught Error: You must pass a string or Handlebars AST to Handlebars.compile. You passed null
    at e.compile (https://d1hjvew1n9ss7u.cloudfront.net/asset.axd?id=PAEAAB-LCAAAAAAAAAOtj0EPwUAQhf-KzLnsKqu64iBu4oSbOKzt0G2qKztTkQi_3abi6Ob43vfem8wDLIMGxjuLytwM2eCuPOvZ0gRCnrd86k8hgSaGNr5llFE40CdTEyZQXKP_EtuuRREhaA5tJLcIJqM8VSqfZlIO1VilWRYT9puwhStAjyZqIKM4fm1HoPeP333qLi5bYn8RS98wNix2JV6QxNrXRizOwRRGrLbi88ygIngm_1k8YzCOusXD8w1y8dfTPAEAAA%3d%3d:1794:49302)
    at i.compile (https://d1hjvew1n9ss7u.cloudfront.net/asset.axd?id=PAEAAB-LCAAAAAAAAAOtj0EPwUAQhf-KzLnsKqu64iBu4oSbOKzt0G2qKztTkQi_3abi6Ob43vfem8wDLIMGxjuLytwM2eCuPOvZ0gRCnrd86k8hgSaGNr5llFE40CdTEyZQXKP_EtuuRREhaA5tJLcIJqM8VSqfZlIO1VilWRYT9puwhStAjyZqIKM4fm1HoPeP333qLi5bYn8RS98wNix2JV6QxNrXRizOwRRGrLbi88ygIngm_1k8YzCOusXD8w1y8dfTPAEAAA%3d%3d:1794:343)
    at renderBasket (https://d1hjvew1n9ss7u.cloudfront.net/asset.axd?id=PAEAAB-LCAAAAAAAAAOtj0EPwUAQhf-KzLnsKqu64iBu4oSbOKzt0G2qKztTkQi_3abi6Ob43vfem8wDLIMGxjuLytwM2eCuPOvZ0gRCnrd86k8hgSaGNr5llFE40CdTEyZQXKP_EtuuRREhaA5tJLcIJqM8VSqfZlIO1VilWRYT9puwhStAjyZqIKM4fm1HoPeP333qLi5bYn8RS98wNix2JV6QxNrXRizOwRRGrLbi88ygIngm_1k8YzCOusXD8w1y8dfTPAEAAA%3d%3d:29:27)
    at <anonymous> (https://d1hjvew1n9ss7u.cloudfront.net/asset.axd?id=PAEAAB-LCAAAAAAAAAOtj0EPwUAQhf-KzLnsKqu64iBu4oSbOKzt0G2qKztTkQi_3abi6Ob43vfem8wDLIMGxjuLytwM2eCuPOvZ0gRCnrd86k8hgSaGNr5llFE40CdTEyZQXKP_EtuuRREhaA5tJLcIJqM8VSqfZlIO1VilWRYT9puwhStAjyZqIKM4fm1HoPeP333qLi5bYn8RS98wNix2JV6QxNrXRizOwRRGrLbi88ygIngm_1k8YzCOusXD8w1y8dfTPAEAAA%3d%3d:220:1)
    at f (https://d1hjvew1n9ss7u.cloudfront.net/assets/shjs.js?t=639255987001545277:0:10382)
    at fireWith (https://d1hjvew1n9ss7u.cloudfront.net/assets/shjs.js?t=639255987001545277:0:11137)
    at ready (https://d1hjvew1n9ss7u.cloudfront.net/assets/shjs.js?t=639255987001545277:0:5238)
    at r (https://d1hjvew1n9ss7u.cloudfront.net/assets/shjs.js?t=639255987001545277:0:9748)
[  502082ms] [VERBOSE] [DOM] Input elements should have autocomplete attributes (suggested: "current-password"): (More info: https://goo.gl/9p2vKq) %o @ https://www.lolacosmetics.com.br/colecoes/tannic-acid:0
[  502083ms] [VERBOSE] [DOM] Input elements should have autocomplete attributes (suggested: "current-password"): (More info: https://goo.gl/9p2vKq) %o @ https://www.lolacosmetics.com.br/colecoes/tannic-acid:0
[  502150ms] [ERROR] Failed to load resource: net::ERR_NAME_NOT_RESOLVED @ https://event.getblue.io/js/blue-tag.min.js:0
[  502191ms] [LOG] AffiseStorage availability: {cookie: true, localStorage: true, sessionStorage: true} @ https://rankmediabrasil.g2afse.com/websdk.js:0
[  502193ms] [LOG] Status RNK Media - ClickId: null UTM: null @ :3
[  502693ms] [WARNING] [Meta Pixel] - Invalid parameter format for currency. Please refer https://developers.facebook.com/docs/meta-pixel/reference/ for valid parameter specifications. @ https://connect.facebook.net/en_US/fbevents.js:203
[  503048ms] [INFO] É necessário definir o storeID no Plugin TrustVox @ https://d1hjvew1n9ss7u.cloudfront.net/asset.axd?id=_woAAB-LCAAAAAAAAAO9lsFunDAQhl-l4rw122w3m1D1lEfooYeqh8HMgrNgW_aYDYrSZ--EaFVgIZWK1aP9__b3Y3uwnxNJSZYQPlH6CC146ZSlLx9kBc4jfQ10_HiXbBLNpu-qKJG23FJJdoTa4yYpLAu_0m_9MM8SJhm5wErLwu3u_ma_v787bLef9p_3N4cDO-TFIQtVJNnudi-23Mgv3con2Y_n5fG-Jz4ET6ZJH4wm1JS-ZfOpamzgYKJBgkuq9FyIYb949MnL5l8JpTFljQI01B0p6YeUqbaO5DtP2AiHEizxhoh2N4TNyOt41pmj4vi1KZUekkZCRIYwEKhaJvVyHN4Za2kaFL4y1qKbY04s67i5M2evdCkkEJbGdQ3qMKTOGlZ_axEkCY_g5HRZB8o6iqxQnkwgkYM_Ic8ZmgZcVyEU43V917guA8_DM76uXg5aj7FTbR3pCJKjU2f5TGKL9ajcr8R4LOVpicRSDE7pTLDXjL470tkvneLflHE03qE5Pc7Jr5XmOla-mq7frCEis8FCgV8kvsnReaIFp4CU0X9F_3FGTMH3tafWPAkHrwW3mGHii5PAOiVxDtkLcRh56PJAZKa34Vj8DyyjUdZKntgUszanZXKtRqQtg1YxCuAXXfBQ8rtLSrQEenwuZg098-fLbwJGClv_CgAA:52
[  503055ms] Uncaught TypeError: Cannot read properties of undefined (reading 'replace')
    at validaFreteGratis (https://d1hjvew1n9ss7u.cloudfront.net/asset.axd?id=PAEAAB-LCAAAAAAAAAOtj0EPwUAQhf-KzLnsKqu64iBu4oSbOKzt0G2qKztTkQi_3abi6Ob43vfem8wDLIMGxjuLytwM2eCuPOvZ0gRCnrd86k8hgSaGNr5llFE40CdTEyZQXKP_EtuuRREhaA5tJLcIJqM8VSqfZlIO1VilWRYT9puwhStAjyZqIKM4fm1HoPeP333qLi5bYn8RS98wNix2JV6QxNrXRizOwRRGrLbi88ygIngm_1k8YzCOusXD8w1y8dfTPAEAAA%3d%3d:1:7633)
    at <anonymous> (https://d1hjvew1n9ss7u.cloudfront.net/asset.axd?id=PAEAAB-LCAAAAAAAAAOtj0EPwUAQhf-KzLnsKqu64iBu4oSbOKzt0G2qKztTkQi_3abi6Ob43vfem8wDLIMGxjuLytwM2eCuPOvZ0gRCnrd86k8hgSaGNr5llFE40CdTEyZQXKP_EtuuRREhaA5tJLcIJqM8VSqfZlIO1VilWRYT9puwhStAjyZqIKM4fm1HoPeP333qLi5bYn8RS98wNix2JV6QxNrXRizOwRRGrLbi88ygIngm_1k8YzCOusXD8w1y8dfTPAEAAA%3d%3d:1:49808)
    at dispatch (https://d1hjvew1n9ss7u.cloudfront.net/assets/shjs.js?t=639255987001545277:0:32701)
    at a (https://d1hjvew1n9ss7u.cloudfront.net/assets/shjs.js?t=639255987001545277:0:28480)
[  503053ms] [LOG] Banner não encontrado: banner-232 @ https://d1hjvew1n9ss7u.cloudfront.net/asset.axd?id=PAEAAB-LCAAAAAAAAAOtj0EPwUAQhf-KzLnsKqu64iBu4oSbOKzt0G2qKztTkQi_3abi6Ob43vfem8wDLIMGxjuLytwM2eCuPOvZ0gRCnrd86k8hgSaGNr5llFE40CdTEyZQXKP_EtuuRREhaA5tJLcIJqM8VSqfZlIO1VilWRYT9puwhStAjyZqIKM4fm1HoPeP333qLi5bYn8RS98wNix2JV6QxNrXRizOwRRGrLbi88ygIngm_1k8YzCOusXD8w1y8dfTPAEAAA%3d%3d:754
[  503087ms] [LOG] %c Widde Video Commerce %c v24604ee %c Build: 21/09/2026 20:39 %c border: 1px solid #2567f8; background: #2567f8; color: #fff; font-weight: bold; padding: 4px 8px; border-radius: 3px 0 0 0; border: 1px solid #2567f8; border-left: none; background: #FFF; color: #2567f8; font-weight: bold; padding: 4px 8px; border: 1px solid #2567f8; border-left: none; background: #f0f0f0; color: #333; font-weight: bold; padding: 4px 8px; border-radius: 0 3px 3px 0; background: transparent @ https://cdn.widde.io/assets/main.utzwjalemu.js:0
[  503159ms] [LOG] %c Tryon Widde.io %c %s %c border: 1px solid #2567f8; background: #2567f8; color: #fff; font-weight: bold; padding: 4px 8px; border-radius: 3px 0 0 3px; border: 1px solid #2567f8; background: #FFF; color: #2567f8; font-weight: bold; padding: 4px 8px; border-radius: 0 3px 3px 0; 47bf7c2 background: transparent @ https://cdn-tryon.widde.io/widde-tryon.js:86
[  503190ms] [LOG] [tryon-tracker] initialized {domain: www.lolacosmetics.com.br} @ https://cdn-tryon.widde.io/widde-tryon.js:8
[  509688ms] [WARNING] Error with Feature-Policy header: Some features are specified in both Feature-Policy and Permissions-Policy header: payment, fullscreen, microphone, camera. Values defined in Permissions-Policy header will be used. @ :0
[  510066ms] [ERROR] Failed to load resource: the server responded with a status of 500 () @ https://fonts.cdnfonts.com/css/leelawade:0
[  510343ms] [ERROR] Failed to load resource: the server responded with a status of 404 () @ https://lolacosmetics.admin.linxcommerce.com.br/Custom/Content/Themes/Lola/Styles/Fonts/FontAwesome/all.css:0
[  510394ms] [LOG] Banner não encontrado: banner-232 @ https://d1hjvew1n9ss7u.cloudfront.net/asset.axd?id=PAEAAB-LCAAAAAAAAAOtj0EPwUAQhf-KzLnsKqu64iBu4oSbOKzt0G2qKztTkQi_3abi6Ob43vfem8wDLIMGxjuLytwM2eCuPOvZ0gRCnrd86k8hgSaGNr5llFE40CdTEyZQXKP_EtuuRREhaA5tJLcIJqM8VSqfZlIO1VilWRYT9puwhStAjyZqIKM4fm1HoPeP333qLi5bYn8RS98wNix2JV6QxNrXRizOwRRGrLbi88ygIngm_1k8YzCOusXD8w1y8dfTPAEAAA%3d%3d:754
[  510395ms] [LOG] [Debug Carrinho] Polling ativo @ https://d1hjvew1n9ss7u.cloudfront.net/asset.axd?id=PAEAAB-LCAAAAAAAAAOtj0EPwUAQhf-KzLnsKqu64iBu4oSbOKzt0G2qKztTkQi_3abi6Ob43vfem8wDLIMGxjuLytwM2eCuPOvZ0gRCnrd86k8hgSaGNr5llFE40CdTEyZQXKP_EtuuRREhaA5tJLcIJqM8VSqfZlIO1VilWRYT9puwhStAjyZqIKM4fm1HoPeP333qLi5bYn8RS98wNix2JV6QxNrXRizOwRRGrLbi88ygIngm_1k8YzCOusXD8w1y8dfTPAEAAA%3d%3d:1790
[  510431ms] [LOG] categoria @ https://d1hjvew1n9ss7u.cloudfront.net/asset.axd?id=PAEAAB-LCAAAAAAAAAOtj0EPwUAQhf-KzLnsKqu64iBu4oSbOKzt0G2qKztTkQi_3abi6Ob43vfem8wDLIMGxjuLytwM2eCuPOvZ0gRCnrd86k8hgSaGNr5llFE40CdTEyZQXKP_EtuuRREhaA5tJLcIJqM8VSqfZlIO1VilWRYT9puwhStAjyZqIKM4fm1HoPeP333qLi5bYn8RS98wNix2JV6QxNrXRizOwRRGrLbi88ygIngm_1k8YzCOusXD8w1y8dfTPAEAAA%3d%3d:1
[  510432ms] [WARNING] !! Há erros de scripts de terceiros !!
Por favor, contate a Empresa responsável pelo script.  @ https://d1hjvew1n9ss7u.cloudfront.net/assets/shjs.js?t=639255987001545277:0
[  510434ms] Uncaught Error: You must pass a string or Handlebars AST to Handlebars.compile. You passed null
    at e.compile (https://d1hjvew1n9ss7u.cloudfront.net/asset.axd?id=PAEAAB-LCAAAAAAAAAOtj0EPwUAQhf-KzLnsKqu64iBu4oSbOKzt0G2qKztTkQi_3abi6Ob43vfem8wDLIMGxjuLytwM2eCuPOvZ0gRCnrd86k8hgSaGNr5llFE40CdTEyZQXKP_EtuuRREhaA5tJLcIJqM8VSqfZlIO1VilWRYT9puwhStAjyZqIKM4fm1HoPeP333qLi5bYn8RS98wNix2JV6QxNrXRizOwRRGrLbi88ygIngm_1k8YzCOusXD8w1y8dfTPAEAAA%3d%3d:1794:49302)
    at i.compile (https://d1hjvew1n9ss7u.cloudfront.net/asset.axd?id=PAEAAB-LCAAAAAAAAAOtj0EPwUAQhf-KzLnsKqu64iBu4oSbOKzt0G2qKztTkQi_3abi6Ob43vfem8wDLIMGxjuLytwM2eCuPOvZ0gRCnrd86k8hgSaGNr5llFE40CdTEyZQXKP_EtuuRREhaA5tJLcIJqM8VSqfZlIO1VilWRYT9puwhStAjyZqIKM4fm1HoPeP333qLi5bYn8RS98wNix2JV6QxNrXRizOwRRGrLbi88ygIngm_1k8YzCOusXD8w1y8dfTPAEAAA%3d%3d:1794:343)
    at renderBasket (https://d1hjvew1n9ss7u.cloudfront.net/asset.axd?id=PAEAAB-LCAAAAAAAAAOtj0EPwUAQhf-KzLnsKqu64iBu4oSbOKzt0G2qKztTkQi_3abi6Ob43vfem8wDLIMGxjuLytwM2eCuPOvZ0gRCnrd86k8hgSaGNr5llFE40CdTEyZQXKP_EtuuRREhaA5tJLcIJqM8VSqfZlIO1VilWRYT9puwhStAjyZqIKM4fm1HoPeP333qLi5bYn8RS98wNix2JV6QxNrXRizOwRRGrLbi88ygIngm_1k8YzCOusXD8w1y8dfTPAEAAA%3d%3d:29:27)
    at <anonymous> (https://d1hjvew1n9ss7u.cloudfront.net/asset.axd?id=PAEAAB-LCAAAAAAAAAOtj0EPwUAQhf-KzLnsKqu64iBu4oSbOKzt0G2qKztTkQi_3abi6Ob43vfem8wDLIMGxjuLytwM2eCuPOvZ0gRCnrd86k8hgSaGNr5llFE40CdTEyZQXKP_EtuuRREhaA5tJLcIJqM8VSqfZlIO1VilWRYT9puwhStAjyZqIKM4fm1HoPeP333qLi5bYn8RS98wNix2JV6QxNrXRizOwRRGrLbi88ygIngm_1k8YzCOusXD8w1y8dfTPAEAAA%3d%3d:220:1)
    at f (https://d1hjvew1n9ss7u.cloudfront.net/assets/shjs.js?t=639255987001545277:0:10382)
    at fireWith (https://d1hjvew1n9ss7u.cloudfront.net/assets/shjs.js?t=639255987001545277:0:11137)
    at ready (https://d1hjvew1n9ss7u.cloudfront.net/assets/shjs.js?t=639255987001545277:0:5238)
    at r (https://d1hjvew1n9ss7u.cloudfront.net/assets/shjs.js?t=639255987001545277:0:9748)
[  510434ms] [VERBOSE] [DOM] Input elements should have autocomplete attributes (suggested: "current-password"): (More info: https://goo.gl/9p2vKq) %o @ https://www.lolacosmetics.com.br/colecoes/tarja-preta:0
[  510434ms] [VERBOSE] [DOM] Input elements should have autocomplete attributes (suggested: "current-password"): (More info: https://goo.gl/9p2vKq) %o @ https://www.lolacosmetics.com.br/colecoes/tarja-preta:0
[  510663ms] [LOG] AffiseStorage availability: {cookie: true, localStorage: true, sessionStorage: true} @ https://rankmediabrasil.g2afse.com/websdk.js:0
[  510664ms] [LOG] Status RNK Media - ClickId: null UTM: null @ :3
[  510726ms] [WARNING] [Meta Pixel] - Invalid parameter format for currency. Please refer https://developers.facebook.com/docs/meta-pixel/reference/ for valid parameter specifications. @ https://connect.facebook.net/en_US/fbevents.js:203
[  510981ms] Uncaught TypeError: Cannot read properties of undefined (reading 'replace')
    at validaFreteGratis (https://d1hjvew1n9ss7u.cloudfront.net/asset.axd?id=PAEAAB-LCAAAAAAAAAOtj0EPwUAQhf-KzLnsKqu64iBu4oSbOKzt0G2qKztTkQi_3abi6Ob43vfem8wDLIMGxjuLytwM2eCuPOvZ0gRCnrd86k8hgSaGNr5llFE40CdTEyZQXKP_EtuuRREhaA5tJLcIJqM8VSqfZlIO1VilWRYT9puwhStAjyZqIKM4fm1HoPeP333qLi5bYn8RS98wNix2JV6QxNrXRizOwRRGrLbi88ygIngm_1k8YzCOusXD8w1y8dfTPAEAAA%3d%3d:1:7633)
    at <anonymous> (https://d1hjvew1n9ss7u.cloudfront.net/asset.axd?id=PAEAAB-LCAAAAAAAAAOtj0EPwUAQhf-KzLnsKqu64iBu4oSbOKzt0G2qKztTkQi_3abi6Ob43vfem8wDLIMGxjuLytwM2eCuPOvZ0gRCnrd86k8hgSaGNr5llFE40CdTEyZQXKP_EtuuRREhaA5tJLcIJqM8VSqfZlIO1VilWRYT9puwhStAjyZqIKM4fm1HoPeP333qLi5bYn8RS98wNix2JV6QxNrXRizOwRRGrLbi88ygIngm_1k8YzCOusXD8w1y8dfTPAEAAA%3d%3d:1:49808)
    at dispatch (https://d1hjvew1n9ss7u.cloudfront.net/assets/shjs.js?t=639255987001545277:0:32701)
    at a (https://d1hjvew1n9ss7u.cloudfront.net/assets/shjs.js?t=639255987001545277:0:28480)
[  510980ms] [LOG] Banner não encontrado: banner-232 @ https://d1hjvew1n9ss7u.cloudfront.net/asset.axd?id=PAEAAB-LCAAAAAAAAAOtj0EPwUAQhf-KzLnsKqu64iBu4oSbOKzt0G2qKztTkQi_3abi6Ob43vfem8wDLIMGxjuLytwM2eCuPOvZ0gRCnrd86k8hgSaGNr5llFE40CdTEyZQXKP_EtuuRREhaA5tJLcIJqM8VSqfZlIO1VilWRYT9puwhStAjyZqIKM4fm1HoPeP333qLi5bYn8RS98wNix2JV6QxNrXRizOwRRGrLbi88ygIngm_1k8YzCOusXD8w1y8dfTPAEAAA%3d%3d:754
[  511001ms] [LOG] %c Widde Video Commerce %c v24604ee %c Build: 21/09/2026 20:39 %c border: 1px solid #2567f8; background: #2567f8; color: #fff; font-weight: bold; padding: 4px 8px; border-radius: 3px 0 0 0; border: 1px solid #2567f8; border-left: none; background: #FFF; color: #2567f8; font-weight: bold; padding: 4px 8px; border: 1px solid #2567f8; border-left: none; background: #f0f0f0; color: #333; font-weight: bold; padding: 4px 8px; border-radius: 0 3px 3px 0; background: transparent @ https://cdn.widde.io/assets/main.utzwjalemu.js:0
[  511084ms] [LOG] %c Tryon Widde.io %c %s %c border: 1px solid #2567f8; background: #2567f8; color: #fff; font-weight: bold; padding: 4px 8px; border-radius: 3px 0 0 3px; border: 1px solid #2567f8; background: #FFF; color: #2567f8; font-weight: bold; padding: 4px 8px; border-radius: 0 3px 3px 0; 47bf7c2 background: transparent @ https://cdn-tryon.widde.io/widde-tryon.js:86
[  511094ms] [LOG] [tryon-tracker] initialized {domain: www.lolacosmetics.com.br} @ https://cdn-tryon.widde.io/widde-tryon.js:8
[  517262ms] [WARNING] Error with Feature-Policy header: Some features are specified in both Feature-Policy and Permissions-Policy header: payment, fullscreen, microphone, camera. Values defined in Permissions-Policy header will be used. @ :0
[  517651ms] [ERROR] Failed to load resource: the server responded with a status of 500 () @ https://fonts.cdnfonts.com/css/leelawade:0
[  517994ms] [ERROR] Failed to load resource: the server responded with a status of 404 () @ https://lolacosmetics.admin.linxcommerce.com.br/Custom/Content/Themes/Lola/Styles/Fonts/FontAwesome/all.css:0
[  518160ms] [LOG] Banner não encontrado: banner-232 @ https://d1hjvew1n9ss7u.cloudfront.net/asset.axd?id=PAEAAB-LCAAAAAAAAAOtj0EPwUAQhf-KzLnsKqu64iBu4oSbOKzt0G2qKztTkQi_3abi6Ob43vfem8wDLIMGxjuLytwM2eCuPOvZ0gRCnrd86k8hgSaGNr5llFE40CdTEyZQXKP_EtuuRREhaA5tJLcIJqM8VSqfZlIO1VilWRYT9puwhStAjyZqIKM4fm1HoPeP333qLi5bYn8RS98wNix2JV6QxNrXRizOwRRGrLbi88ygIngm_1k8YzCOusXD8w1y8dfTPAEAAA%3d%3d:754
[  518164ms] [LOG] [Debug Carrinho] Polling ativo @ https://d1hjvew1n9ss7u.cloudfront.net/asset.axd?id=PAEAAB-LCAAAAAAAAAOtj0EPwUAQhf-KzLnsKqu64iBu4oSbOKzt0G2qKztTkQi_3abi6Ob43vfem8wDLIMGxjuLytwM2eCuPOvZ0gRCnrd86k8hgSaGNr5llFE40CdTEyZQXKP_EtuuRREhaA5tJLcIJqM8VSqfZlIO1VilWRYT9puwhStAjyZqIKM4fm1HoPeP333qLi5bYn8RS98wNix2JV6QxNrXRizOwRRGrLbi88ygIngm_1k8YzCOusXD8w1y8dfTPAEAAA%3d%3d:1790
[  518234ms] [LOG] categoria @ https://d1hjvew1n9ss7u.cloudfront.net/asset.axd?id=PAEAAB-LCAAAAAAAAAOtj0EPwUAQhf-KzLnsKqu64iBu4oSbOKzt0G2qKztTkQi_3abi6Ob43vfem8wDLIMGxjuLytwM2eCuPOvZ0gRCnrd86k8hgSaGNr5llFE40CdTEyZQXKP_EtuuRREhaA5tJLcIJqM8VSqfZlIO1VilWRYT9puwhStAjyZqIKM4fm1HoPeP333qLi5bYn8RS98wNix2JV6QxNrXRizOwRRGrLbi88ygIngm_1k8YzCOusXD8w1y8dfTPAEAAA%3d%3d:1
[  518235ms] [WARNING] !! Há erros de scripts de terceiros !!
Por favor, contate a Empresa responsável pelo script.  @ https://d1hjvew1n9ss7u.cloudfront.net/assets/shjs.js?t=639255987001545277:0
[  519567ms] Uncaught Error: You must pass a string or Handlebars AST to Handlebars.compile. You passed null
    at e.compile (https://d1hjvew1n9ss7u.cloudfront.net/asset.axd?id=PAEAAB-LCAAAAAAAAAOtj0EPwUAQhf-KzLnsKqu64iBu4oSbOKzt0G2qKztTkQi_3abi6Ob43vfem8wDLIMGxjuLytwM2eCuPOvZ0gRCnrd86k8hgSaGNr5llFE40CdTEyZQXKP_EtuuRREhaA5tJLcIJqM8VSqfZlIO1VilWRYT9puwhStAjyZqIKM4fm1HoPeP333qLi5bYn8RS98wNix2JV6QxNrXRizOwRRGrLbi88ygIngm_1k8YzCOusXD8w1y8dfTPAEAAA%3d%3d:1794:49302)
    at i.compile (https://d1hjvew1n9ss7u.cloudfront.net/asset.axd?id=PAEAAB-LCAAAAAAAAAOtj0EPwUAQhf-KzLnsKqu64iBu4oSbOKzt0G2qKztTkQi_3abi6Ob43vfem8wDLIMGxjuLytwM2eCuPOvZ0gRCnrd86k8hgSaGNr5llFE40CdTEyZQXKP_EtuuRREhaA5tJLcIJqM8VSqfZlIO1VilWRYT9puwhStAjyZqIKM4fm1HoPeP333qLi5bYn8RS98wNix2JV6QxNrXRizOwRRGrLbi88ygIngm_1k8YzCOusXD8w1y8dfTPAEAAA%3d%3d:1794:343)
    at renderBasket (https://d1hjvew1n9ss7u.cloudfront.net/asset.axd?id=PAEAAB-LCAAAAAAAAAOtj0EPwUAQhf-KzLnsKqu64iBu4oSbOKzt0G2qKztTkQi_3abi6Ob43vfem8wDLIMGxjuLytwM2eCuPOvZ0gRCnrd86k8hgSaGNr5llFE40CdTEyZQXKP_EtuuRREhaA5tJLcIJqM8VSqfZlIO1VilWRYT9puwhStAjyZqIKM4fm1HoPeP333qLi5bYn8RS98wNix2JV6QxNrXRizOwRRGrLbi88ygIngm_1k8YzCOusXD8w1y8dfTPAEAAA%3d%3d:29:27)
    at <anonymous> (https://d1hjvew1n9ss7u.cloudfront.net/asset.axd?id=PAEAAB-LCAAAAAAAAAOtj0EPwUAQhf-KzLnsKqu64iBu4oSbOKzt0G2qKztTkQi_3abi6Ob43vfem8wDLIMGxjuLytwM2eCuPOvZ0gRCnrd86k8hgSaGNr5llFE40CdTEyZQXKP_EtuuRREhaA5tJLcIJqM8VSqfZlIO1VilWRYT9puwhStAjyZqIKM4fm1HoPeP333qLi5bYn8RS98wNix2JV6QxNrXRizOwRRGrLbi88ygIngm_1k8YzCOusXD8w1y8dfTPAEAAA%3d%3d:220:1)
    at f (https://d1hjvew1n9ss7u.cloudfront.net/assets/shjs.js?t=639255987001545277:0:10382)
    at fireWith (https://d1hjvew1n9ss7u.cloudfront.net/assets/shjs.js?t=639255987001545277:0:11137)
    at ready (https://d1hjvew1n9ss7u.cloudfront.net/assets/shjs.js?t=639255987001545277:0:5238)
    at r (https://d1hjvew1n9ss7u.cloudfront.net/assets/shjs.js?t=639255987001545277:0:9748)
[  518241ms] [VERBOSE] [DOM] Input elements should have autocomplete attributes (suggested: "current-password"): (More info: https://goo.gl/9p2vKq) %o @ https://www.lolacosmetics.com.br/colecoes/transicao:0
[  518241ms] [VERBOSE] [DOM] Input elements should have autocomplete attributes (suggested: "current-password"): (More info: https://goo.gl/9p2vKq) %o @ https://www.lolacosmetics.com.br/colecoes/transicao:0
[  518263ms] [ERROR] Failed to load resource: net::ERR_NAME_NOT_RESOLVED @ https://event.getblue.io/js/blue-tag.min.js:0
[  518332ms] [LOG] AffiseStorage availability: {cookie: true, localStorage: true, sessionStorage: true} @ https://rankmediabrasil.g2afse.com/websdk.js:0
[  518333ms] [LOG] Status RNK Media - ClickId: null UTM: null @ :3
[  519563ms] [INFO] É necessário definir o storeID no Plugin TrustVox @ https://d1hjvew1n9ss7u.cloudfront.net/asset.axd?id=_woAAB-LCAAAAAAAAAO9lsFunDAQhl-l4rw122w3m1D1lEfooYeqh8HMgrNgW_aYDYrSZ--EaFVgIZWK1aP9__b3Y3uwnxNJSZYQPlH6CC146ZSlLx9kBc4jfQ10_HiXbBLNpu-qKJG23FJJdoTa4yYpLAu_0m_9MM8SJhm5wErLwu3u_ma_v787bLef9p_3N4cDO-TFIQtVJNnudi-23Mgv3con2Y_n5fG-Jz4ET6ZJH4wm1JS-ZfOpamzgYKJBgkuq9FyIYb949MnL5l8JpTFljQI01B0p6YeUqbaO5DtP2AiHEizxhoh2N4TNyOt41pmj4vi1KZUekkZCRIYwEKhaJvVyHN4Za2kaFL4y1qKbY04s67i5M2evdCkkEJbGdQ3qMKTOGlZ_axEkCY_g5HRZB8o6iqxQnkwgkYM_Ic8ZmgZcVyEU43V917guA8_DM76uXg5aj7FTbR3pCJKjU2f5TGKL9ajcr8R4LOVpicRSDE7pTLDXjL470tkvneLflHE03qE5Pc7Jr5XmOla-mq7frCEis8FCgV8kvsnReaIFp4CU0X9F_3FGTMH3tafWPAkHrwW3mGHii5PAOiVxDtkLcRh56PJAZKa34Vj8DyyjUdZKntgUszanZXKtRqQtg1YxCuAXXfBQ8rtLSrQEenwuZg098-fLbwJGClv_CgAA:52
[  519597ms] Uncaught TypeError: Cannot read properties of undefined (reading 'replace')
    at validaFreteGratis (https://d1hjvew1n9ss7u.cloudfront.net/asset.axd?id=PAEAAB-LCAAAAAAAAAOtj0EPwUAQhf-KzLnsKqu64iBu4oSbOKzt0G2qKztTkQi_3abi6Ob43vfem8wDLIMGxjuLytwM2eCuPOvZ0gRCnrd86k8hgSaGNr5llFE40CdTEyZQXKP_EtuuRREhaA5tJLcIJqM8VSqfZlIO1VilWRYT9puwhStAjyZqIKM4fm1HoPeP333qLi5bYn8RS98wNix2JV6QxNrXRizOwRRGrLbi88ygIngm_1k8YzCOusXD8w1y8dfTPAEAAA%3d%3d:1:7633)
    at <anonymous> (https://d1hjvew1n9ss7u.cloudfront.net/asset.axd?id=PAEAAB-LCAAAAAAAAAOtj0EPwUAQhf-KzLnsKqu64iBu4oSbOKzt0G2qKztTkQi_3abi6Ob43vfem8wDLIMGxjuLytwM2eCuPOvZ0gRCnrd86k8hgSaGNr5llFE40CdTEyZQXKP_EtuuRREhaA5tJLcIJqM8VSqfZlIO1VilWRYT9puwhStAjyZqIKM4fm1HoPeP333qLi5bYn8RS98wNix2JV6QxNrXRizOwRRGrLbi88ygIngm_1k8YzCOusXD8w1y8dfTPAEAAA%3d%3d:1:49808)
    at dispatch (https://d1hjvew1n9ss7u.cloudfront.net/assets/shjs.js?t=639255987001545277:0:32701)
    at a (https://d1hjvew1n9ss7u.cloudfront.net/assets/shjs.js?t=639255987001545277:0:28480)
[  519569ms] [LOG] Banner não encontrado: banner-232 @ https://d1hjvew1n9ss7u.cloudfront.net/asset.axd?id=PAEAAB-LCAAAAAAAAAOtj0EPwUAQhf-KzLnsKqu64iBu4oSbOKzt0G2qKztTkQi_3abi6Ob43vfem8wDLIMGxjuLytwM2eCuPOvZ0gRCnrd86k8hgSaGNr5llFE40CdTEyZQXKP_EtuuRREhaA5tJLcIJqM8VSqfZlIO1VilWRYT9puwhStAjyZqIKM4fm1HoPeP333qLi5bYn8RS98wNix2JV6QxNrXRizOwRRGrLbi88ygIngm_1k8YzCOusXD8w1y8dfTPAEAAA%3d%3d:754
[  519587ms] [LOG] %c Widde Video Commerce %c v24604ee %c Build: 21/09/2026 20:39 %c border: 1px solid #2567f8; background: #2567f8; color: #fff; font-weight: bold; padding: 4px 8px; border-radius: 3px 0 0 0; border: 1px solid #2567f8; border-left: none; background: #FFF; color: #2567f8; font-weight: bold; padding: 4px 8px; border: 1px solid #2567f8; border-left: none; background: #f0f0f0; color: #333; font-weight: bold; padding: 4px 8px; border-radius: 0 3px 3px 0; background: transparent @ https://cdn.widde.io/assets/main.utzwjalemu.js:0
[  519649ms] [LOG] %c Tryon Widde.io %c %s %c border: 1px solid #2567f8; background: #2567f8; color: #fff; font-weight: bold; padding: 4px 8px; border-radius: 3px 0 0 3px; border: 1px solid #2567f8; background: #FFF; color: #2567f8; font-weight: bold; padding: 4px 8px; border-radius: 0 3px 3px 0; 47bf7c2 background: transparent @ https://cdn-tryon.widde.io/widde-tryon.js:86
[  519665ms] [LOG] [tryon-tracker] initialized {domain: www.lolacosmetics.com.br} @ https://cdn-tryon.widde.io/widde-tryon.js:8
[  526017ms] [WARNING] Error with Feature-Policy header: Some features are specified in both Feature-Policy and Permissions-Policy header: payment, fullscreen, microphone, camera. Values defined in Permissions-Policy header will be used. @ :0
[  526432ms] [ERROR] Failed to load resource: the server responded with a status of 500 () @ https://fonts.cdnfonts.com/css/leelawade:0
[  526821ms] [ERROR] Failed to load resource: the server responded with a status of 404 () @ https://lolacosmetics.admin.linxcommerce.com.br/Custom/Content/Themes/Lola/Styles/Fonts/FontAwesome/all.css:0
[  526898ms] [LOG] Banner não encontrado: banner-232 @ https://d1hjvew1n9ss7u.cloudfront.net/asset.axd?id=PAEAAB-LCAAAAAAAAAOtj0EPwUAQhf-KzLnsKqu64iBu4oSbOKzt0G2qKztTkQi_3abi6Ob43vfem8wDLIMGxjuLytwM2eCuPOvZ0gRCnrd86k8hgSaGNr5llFE40CdTEyZQXKP_EtuuRREhaA5tJLcIJqM8VSqfZlIO1VilWRYT9puwhStAjyZqIKM4fm1HoPeP333qLi5bYn8RS98wNix2JV6QxNrXRizOwRRGrLbi88ygIngm_1k8YzCOusXD8w1y8dfTPAEAAA%3d%3d:754
[  526899ms] [LOG] [Debug Carrinho] Polling ativo @ https://d1hjvew1n9ss7u.cloudfront.net/asset.axd?id=PAEAAB-LCAAAAAAAAAOtj0EPwUAQhf-KzLnsKqu64iBu4oSbOKzt0G2qKztTkQi_3abi6Ob43vfem8wDLIMGxjuLytwM2eCuPOvZ0gRCnrd86k8hgSaGNr5llFE40CdTEyZQXKP_EtuuRREhaA5tJLcIJqM8VSqfZlIO1VilWRYT9puwhStAjyZqIKM4fm1HoPeP333qLi5bYn8RS98wNix2JV6QxNrXRizOwRRGrLbi88ygIngm_1k8YzCOusXD8w1y8dfTPAEAAA%3d%3d:1790
[  526937ms] [LOG] categoria @ https://d1hjvew1n9ss7u.cloudfront.net/asset.axd?id=PAEAAB-LCAAAAAAAAAOtj0EPwUAQhf-KzLnsKqu64iBu4oSbOKzt0G2qKztTkQi_3abi6Ob43vfem8wDLIMGxjuLytwM2eCuPOvZ0gRCnrd86k8hgSaGNr5llFE40CdTEyZQXKP_EtuuRREhaA5tJLcIJqM8VSqfZlIO1VilWRYT9puwhStAjyZqIKM4fm1HoPeP333qLi5bYn8RS98wNix2JV6QxNrXRizOwRRGrLbi88ygIngm_1k8YzCOusXD8w1y8dfTPAEAAA%3d%3d:1
[  526937ms] [WARNING] !! Há erros de scripts de terceiros !!
Por favor, contate a Empresa responsável pelo script.  @ https://d1hjvew1n9ss7u.cloudfront.net/assets/shjs.js?t=639255987001545277:0
[  526939ms] Uncaught Error: You must pass a string or Handlebars AST to Handlebars.compile. You passed null
    at e.compile (https://d1hjvew1n9ss7u.cloudfront.net/asset.axd?id=PAEAAB-LCAAAAAAAAAOtj0EPwUAQhf-KzLnsKqu64iBu4oSbOKzt0G2qKztTkQi_3abi6Ob43vfem8wDLIMGxjuLytwM2eCuPOvZ0gRCnrd86k8hgSaGNr5llFE40CdTEyZQXKP_EtuuRREhaA5tJLcIJqM8VSqfZlIO1VilWRYT9puwhStAjyZqIKM4fm1HoPeP333qLi5bYn8RS98wNix2JV6QxNrXRizOwRRGrLbi88ygIngm_1k8YzCOusXD8w1y8dfTPAEAAA%3d%3d:1794:49302)
    at i.compile (https://d1hjvew1n9ss7u.cloudfront.net/asset.axd?id=PAEAAB-LCAAAAAAAAAOtj0EPwUAQhf-KzLnsKqu64iBu4oSbOKzt0G2qKztTkQi_3abi6Ob43vfem8wDLIMGxjuLytwM2eCuPOvZ0gRCnrd86k8hgSaGNr5llFE40CdTEyZQXKP_EtuuRREhaA5tJLcIJqM8VSqfZlIO1VilWRYT9puwhStAjyZqIKM4fm1HoPeP333qLi5bYn8RS98wNix2JV6QxNrXRizOwRRGrLbi88ygIngm_1k8YzCOusXD8w1y8dfTPAEAAA%3d%3d:1794:343)
    at renderBasket (https://d1hjvew1n9ss7u.cloudfront.net/asset.axd?id=PAEAAB-LCAAAAAAAAAOtj0EPwUAQhf-KzLnsKqu64iBu4oSbOKzt0G2qKztTkQi_3abi6Ob43vfem8wDLIMGxjuLytwM2eCuPOvZ0gRCnrd86k8hgSaGNr5llFE40CdTEyZQXKP_EtuuRREhaA5tJLcIJqM8VSqfZlIO1VilWRYT9puwhStAjyZqIKM4fm1HoPeP333qLi5bYn8RS98wNix2JV6QxNrXRizOwRRGrLbi88ygIngm_1k8YzCOusXD8w1y8dfTPAEAAA%3d%3d:29:27)
    at <anonymous> (https://d1hjvew1n9ss7u.cloudfront.net/asset.axd?id=PAEAAB-LCAAAAAAAAAOtj0EPwUAQhf-KzLnsKqu64iBu4oSbOKzt0G2qKztTkQi_3abi6Ob43vfem8wDLIMGxjuLytwM2eCuPOvZ0gRCnrd86k8hgSaGNr5llFE40CdTEyZQXKP_EtuuRREhaA5tJLcIJqM8VSqfZlIO1VilWRYT9puwhStAjyZqIKM4fm1HoPeP333qLi5bYn8RS98wNix2JV6QxNrXRizOwRRGrLbi88ygIngm_1k8YzCOusXD8w1y8dfTPAEAAA%3d%3d:220:1)
    at f (https://d1hjvew1n9ss7u.cloudfront.net/assets/shjs.js?t=639255987001545277:0:10382)
    at fireWith (https://d1hjvew1n9ss7u.cloudfront.net/assets/shjs.js?t=639255987001545277:0:11137)
    at ready (https://d1hjvew1n9ss7u.cloudfront.net/assets/shjs.js?t=639255987001545277:0:5238)
    at r (https://d1hjvew1n9ss7u.cloudfront.net/assets/shjs.js?t=639255987001545277:0:9748)
[  526940ms] [VERBOSE] [DOM] Input elements should have autocomplete attributes (suggested: "current-password"): (More info: https://goo.gl/9p2vKq) %o @ https://www.lolacosmetics.com.br/colecoes/umectacao:0
[  526940ms] [VERBOSE] [DOM] Input elements should have autocomplete attributes (suggested: "current-password"): (More info: https://goo.gl/9p2vKq) %o @ https://www.lolacosmetics.com.br/colecoes/umectacao:0
[  526971ms] [ERROR] Failed to load resource: net::ERR_NAME_NOT_RESOLVED @ https://event.getblue.io/js/blue-tag.min.js:0
[  527111ms] [LOG] AffiseStorage availability: {cookie: true, localStorage: true, sessionStorage: true} @ https://rankmediabrasil.g2afse.com/websdk.js:0
[  527112ms] [LOG] Status RNK Media - ClickId: null UTM: null @ :3
[  527820ms] [INFO] É necessário definir o storeID no Plugin TrustVox @ https://d1hjvew1n9ss7u.cloudfront.net/asset.axd?id=_woAAB-LCAAAAAAAAAO9lsFunDAQhl-l4rw122w3m1D1lEfooYeqh8HMgrNgW_aYDYrSZ--EaFVgIZWK1aP9__b3Y3uwnxNJSZYQPlH6CC146ZSlLx9kBc4jfQ10_HiXbBLNpu-qKJG23FJJdoTa4yYpLAu_0m_9MM8SJhm5wErLwu3u_ma_v787bLef9p_3N4cDO-TFIQtVJNnudi-23Mgv3con2Y_n5fG-Jz4ET6ZJH4wm1JS-ZfOpamzgYKJBgkuq9FyIYb949MnL5l8JpTFljQI01B0p6YeUqbaO5DtP2AiHEizxhoh2N4TNyOt41pmj4vi1KZUekkZCRIYwEKhaJvVyHN4Za2kaFL4y1qKbY04s67i5M2evdCkkEJbGdQ3qMKTOGlZ_axEkCY_g5HRZB8o6iqxQnkwgkYM_Ic8ZmgZcVyEU43V917guA8_DM76uXg5aj7FTbR3pCJKjU2f5TGKL9ajcr8R4LOVpicRSDE7pTLDXjL470tkvneLflHE03qE5Pc7Jr5XmOla-mq7frCEis8FCgV8kvsnReaIFp4CU0X9F_3FGTMH3tafWPAkHrwW3mGHii5PAOiVxDtkLcRh56PJAZKa34Vj8DyyjUdZKntgUszanZXKtRqQtg1YxCuAXXfBQ8rtLSrQEenwuZg098-fLbwJGClv_CgAA:52
[  528078ms] Uncaught TypeError: Cannot read properties of undefined (reading 'replace')
    at validaFreteGratis (https://d1hjvew1n9ss7u.cloudfront.net/asset.axd?id=PAEAAB-LCAAAAAAAAAOtj0EPwUAQhf-KzLnsKqu64iBu4oSbOKzt0G2qKztTkQi_3abi6Ob43vfem8wDLIMGxjuLytwM2eCuPOvZ0gRCnrd86k8hgSaGNr5llFE40CdTEyZQXKP_EtuuRREhaA5tJLcIJqM8VSqfZlIO1VilWRYT9puwhStAjyZqIKM4fm1HoPeP333qLi5bYn8RS98wNix2JV6QxNrXRizOwRRGrLbi88ygIngm_1k8YzCOusXD8w1y8dfTPAEAAA%3d%3d:1:7633)
    at <anonymous> (https://d1hjvew1n9ss7u.cloudfront.net/asset.axd?id=PAEAAB-LCAAAAAAAAAOtj0EPwUAQhf-KzLnsKqu64iBu4oSbOKzt0G2qKztTkQi_3abi6Ob43vfem8wDLIMGxjuLytwM2eCuPOvZ0gRCnrd86k8hgSaGNr5llFE40CdTEyZQXKP_EtuuRREhaA5tJLcIJqM8VSqfZlIO1VilWRYT9puwhStAjyZqIKM4fm1HoPeP333qLi5bYn8RS98wNix2JV6QxNrXRizOwRRGrLbi88ygIngm_1k8YzCOusXD8w1y8dfTPAEAAA%3d%3d:1:49808)
    at dispatch (https://d1hjvew1n9ss7u.cloudfront.net/assets/shjs.js?t=639255987001545277:0:32701)
    at a (https://d1hjvew1n9ss7u.cloudfront.net/assets/shjs.js?t=639255987001545277:0:28480)
[  527833ms] [LOG] Banner não encontrado: banner-232 @ https://d1hjvew1n9ss7u.cloudfront.net/asset.axd?id=PAEAAB-LCAAAAAAAAAOtj0EPwUAQhf-KzLnsKqu64iBu4oSbOKzt0G2qKztTkQi_3abi6Ob43vfem8wDLIMGxjuLytwM2eCuPOvZ0gRCnrd86k8hgSaGNr5llFE40CdTEyZQXKP_EtuuRREhaA5tJLcIJqM8VSqfZlIO1VilWRYT9puwhStAjyZqIKM4fm1HoPeP333qLi5bYn8RS98wNix2JV6QxNrXRizOwRRGrLbi88ygIngm_1k8YzCOusXD8w1y8dfTPAEAAA%3d%3d:754
[  527856ms] [LOG] %c Widde Video Commerce %c v24604ee %c Build: 21/09/2026 20:39 %c border: 1px solid #2567f8; background: #2567f8; color: #fff; font-weight: bold; padding: 4px 8px; border-radius: 3px 0 0 0; border: 1px solid #2567f8; border-left: none; background: #FFF; color: #2567f8; font-weight: bold; padding: 4px 8px; border: 1px solid #2567f8; border-left: none; background: #f0f0f0; color: #333; font-weight: bold; padding: 4px 8px; border-radius: 0 3px 3px 0; background: transparent @ https://cdn.widde.io/assets/main.utzwjalemu.js:0
[  527879ms] [LOG] %c Tryon Widde.io %c %s %c border: 1px solid #2567f8; background: #2567f8; color: #fff; font-weight: bold; padding: 4px 8px; border-radius: 3px 0 0 3px; border: 1px solid #2567f8; background: #FFF; color: #2567f8; font-weight: bold; padding: 4px 8px; border-radius: 0 3px 3px 0; 47bf7c2 background: transparent @ https://cdn-tryon.widde.io/widde-tryon.js:86
[  527906ms] [LOG] [tryon-tracker] initialized {domain: www.lolacosmetics.com.br} @ https://cdn-tryon.widde.io/widde-tryon.js:8
[  534605ms] [WARNING] Error with Feature-Policy header: Some features are specified in both Feature-Policy and Permissions-Policy header: payment, fullscreen, microphone, camera. Values defined in Permissions-Policy header will be used. @ :0
[  534999ms] [ERROR] Failed to load resource: the server responded with a status of 500 () @ https://fonts.cdnfonts.com/css/leelawade:0
[  535253ms] [ERROR] Failed to load resource: the server responded with a status of 404 () @ https://lolacosmetics.admin.linxcommerce.com.br/Custom/Content/Themes/Lola/Styles/Fonts/FontAwesome/all.css:0
[  535411ms] [LOG] Banner não encontrado: banner-232 @ https://d1hjvew1n9ss7u.cloudfront.net/asset.axd?id=PAEAAB-LCAAAAAAAAAOtj0EPwUAQhf-KzLnsKqu64iBu4oSbOKzt0G2qKztTkQi_3abi6Ob43vfem8wDLIMGxjuLytwM2eCuPOvZ0gRCnrd86k8hgSaGNr5llFE40CdTEyZQXKP_EtuuRREhaA5tJLcIJqM8VSqfZlIO1VilWRYT9puwhStAjyZqIKM4fm1HoPeP333qLi5bYn8RS98wNix2JV6QxNrXRizOwRRGrLbi88ygIngm_1k8YzCOusXD8w1y8dfTPAEAAA%3d%3d:754
[  535414ms] [LOG] [Debug Carrinho] Polling ativo @ https://d1hjvew1n9ss7u.cloudfront.net/asset.axd?id=PAEAAB-LCAAAAAAAAAOtj0EPwUAQhf-KzLnsKqu64iBu4oSbOKzt0G2qKztTkQi_3abi6Ob43vfem8wDLIMGxjuLytwM2eCuPOvZ0gRCnrd86k8hgSaGNr5llFE40CdTEyZQXKP_EtuuRREhaA5tJLcIJqM8VSqfZlIO1VilWRYT9puwhStAjyZqIKM4fm1HoPeP333qLi5bYn8RS98wNix2JV6QxNrXRizOwRRGrLbi88ygIngm_1k8YzCOusXD8w1y8dfTPAEAAA%3d%3d:1790
[  535482ms] [LOG] categoria @ https://d1hjvew1n9ss7u.cloudfront.net/asset.axd?id=PAEAAB-LCAAAAAAAAAOtj0EPwUAQhf-KzLnsKqu64iBu4oSbOKzt0G2qKztTkQi_3abi6Ob43vfem8wDLIMGxjuLytwM2eCuPOvZ0gRCnrd86k8hgSaGNr5llFE40CdTEyZQXKP_EtuuRREhaA5tJLcIJqM8VSqfZlIO1VilWRYT9puwhStAjyZqIKM4fm1HoPeP333qLi5bYn8RS98wNix2JV6QxNrXRizOwRRGrLbi88ygIngm_1k8YzCOusXD8w1y8dfTPAEAAA%3d%3d:1
[  535484ms] [WARNING] !! Há erros de scripts de terceiros !!
Por favor, contate a Empresa responsável pelo script.  @ https://d1hjvew1n9ss7u.cloudfront.net/assets/shjs.js?t=639255987001545277:0
[  535512ms] Uncaught Error: You must pass a string or Handlebars AST to Handlebars.compile. You passed null
    at e.compile (https://d1hjvew1n9ss7u.cloudfront.net/asset.axd?id=PAEAAB-LCAAAAAAAAAOtj0EPwUAQhf-KzLnsKqu64iBu4oSbOKzt0G2qKztTkQi_3abi6Ob43vfem8wDLIMGxjuLytwM2eCuPOvZ0gRCnrd86k8hgSaGNr5llFE40CdTEyZQXKP_EtuuRREhaA5tJLcIJqM8VSqfZlIO1VilWRYT9puwhStAjyZqIKM4fm1HoPeP333qLi5bYn8RS98wNix2JV6QxNrXRizOwRRGrLbi88ygIngm_1k8YzCOusXD8w1y8dfTPAEAAA%3d%3d:1794:49302)
    at i.compile (https://d1hjvew1n9ss7u.cloudfront.net/asset.axd?id=PAEAAB-LCAAAAAAAAAOtj0EPwUAQhf-KzLnsKqu64iBu4oSbOKzt0G2qKztTkQi_3abi6Ob43vfem8wDLIMGxjuLytwM2eCuPOvZ0gRCnrd86k8hgSaGNr5llFE40CdTEyZQXKP_EtuuRREhaA5tJLcIJqM8VSqfZlIO1VilWRYT9puwhStAjyZqIKM4fm1HoPeP333qLi5bYn8RS98wNix2JV6QxNrXRizOwRRGrLbi88ygIngm_1k8YzCOusXD8w1y8dfTPAEAAA%3d%3d:1794:343)
    at renderBasket (https://d1hjvew1n9ss7u.cloudfront.net/asset.axd?id=PAEAAB-LCAAAAAAAAAOtj0EPwUAQhf-KzLnsKqu64iBu4oSbOKzt0G2qKztTkQi_3abi6Ob43vfem8wDLIMGxjuLytwM2eCuPOvZ0gRCnrd86k8hgSaGNr5llFE40CdTEyZQXKP_EtuuRREhaA5tJLcIJqM8VSqfZlIO1VilWRYT9puwhStAjyZqIKM4fm1HoPeP333qLi5bYn8RS98wNix2JV6QxNrXRizOwRRGrLbi88ygIngm_1k8YzCOusXD8w1y8dfTPAEAAA%3d%3d:29:27)
    at <anonymous> (https://d1hjvew1n9ss7u.cloudfront.net/asset.axd?id=PAEAAB-LCAAAAAAAAAOtj0EPwUAQhf-KzLnsKqu64iBu4oSbOKzt0G2qKztTkQi_3abi6Ob43vfem8wDLIMGxjuLytwM2eCuPOvZ0gRCnrd86k8hgSaGNr5llFE40CdTEyZQXKP_EtuuRREhaA5tJLcIJqM8VSqfZlIO1VilWRYT9puwhStAjyZqIKM4fm1HoPeP333qLi5bYn8RS98wNix2JV6QxNrXRizOwRRGrLbi88ygIngm_1k8YzCOusXD8w1y8dfTPAEAAA%3d%3d:220:1)
    at f (https://d1hjvew1n9ss7u.cloudfront.net/assets/shjs.js?t=639255987001545277:0:10382)
    at fireWith (https://d1hjvew1n9ss7u.cloudfront.net/assets/shjs.js?t=639255987001545277:0:11137)
    at ready (https://d1hjvew1n9ss7u.cloudfront.net/assets/shjs.js?t=639255987001545277:0:5238)
    at r (https://d1hjvew1n9ss7u.cloudfront.net/assets/shjs.js?t=639255987001545277:0:9748)
[  535490ms] [VERBOSE] [DOM] Input elements should have autocomplete attributes (suggested: "current-password"): (More info: https://goo.gl/9p2vKq) %o @ https://www.lolacosmetics.com.br/colecoes/volumao:0
[  535490ms] [VERBOSE] [DOM] Input elements should have autocomplete attributes (suggested: "current-password"): (More info: https://goo.gl/9p2vKq) %o @ https://www.lolacosmetics.com.br/colecoes/volumao:0
[  535527ms] [ERROR] Failed to load resource: net::ERR_NAME_NOT_RESOLVED @ https://event.getblue.io/js/blue-tag.min.js:0
[  535548ms] [LOG] AffiseStorage availability: {cookie: true, localStorage: true, sessionStorage: true} @ https://rankmediabrasil.g2afse.com/websdk.js:0
[  535551ms] [LOG] Status RNK Media - ClickId: null UTM: null @ :3
[  536075ms] [WARNING] [Meta Pixel] - Invalid parameter format for currency. Please refer https://developers.facebook.com/docs/meta-pixel/reference/ for valid parameter specifications. @ https://connect.facebook.net/en_US/fbevents.js:203
[  536827ms] [INFO] É necessário definir o storeID no Plugin TrustVox @ https://d1hjvew1n9ss7u.cloudfront.net/asset.axd?id=CQsAAB-LCAAAAAAAAAO9lsFunDAQhl-l4rw122zJJlv1lEfooYeqh8HMgrNgW54xGxSlz16HaBVgoZWK1SP-f_v7MTPYz4nk5JAwPnH6CC2QdMrylw-yAkfIXz0fP94lm0QH03dVlMjb8KSSwxFqwk1S2CD8Sr_10yhImBzY-aC0Qbjd3d9k2f3dfrv9lH3Obvb74JAXhyxUkRx2t5nYhof8MqwoOfx4Xp5PPfHBE5smfTCaUXP6lo1S1VgfgokGGS6p0nMhhuPikZKXzb8SSmPKGgVoqDtWkoaUqbaORB0xNsKhBMvhg4h2N4TNyOt41pmjCvFrUyo9JI2EiAxhwHO1TOrlOLwz1tI0KKgy1qKbY04s67i5M2dSuhQSGEvjuga1H1JnDavftfCSBSE4Od3WgbKOIiuUJ-NZ5EAnDGv6pgHXVQjFeF__aFyXIawTVnzdvRy0HmOn2jrSEWSIzp0NNYkt1qN2vxJjsEpnvL2m9MORarJ0Kvw-jOPxzs3pcSqyVjr0l6KqVsRzhTkyRGQ2WCigReKbHJ0nWnAKWBn9V_S7M2KKcI4St-ZJOHhthMUME1-cBNYpiXPIXojDyH2Xe2YzPaXG4n9gGY2yVvIUTDF7c9om12pE2jJoFaOAcNPyBGW4D0mJlkGP62LWEOtc0HimGpmXzoZ3vSf-fPkNwB1u7QkLAAA%3d:49
[  536897ms] Uncaught TypeError: Cannot read properties of undefined (reading 'replace')
    at validaFreteGratis (https://d1hjvew1n9ss7u.cloudfront.net/asset.axd?id=PAEAAB-LCAAAAAAAAAOtj0EPwUAQhf-KzLnsKqu64iBu4oSbOKzt0G2qKztTkQi_3abi6Ob43vfem8wDLIMGxjuLytwM2eCuPOvZ0gRCnrd86k8hgSaGNr5llFE40CdTEyZQXKP_EtuuRREhaA5tJLcIJqM8VSqfZlIO1VilWRYT9puwhStAjyZqIKM4fm1HoPeP333qLi5bYn8RS98wNix2JV6QxNrXRizOwRRGrLbi88ygIngm_1k8YzCOusXD8w1y8dfTPAEAAA%3d%3d:1:7633)
    at <anonymous> (https://d1hjvew1n9ss7u.cloudfront.net/asset.axd?id=PAEAAB-LCAAAAAAAAAOtj0EPwUAQhf-KzLnsKqu64iBu4oSbOKzt0G2qKztTkQi_3abi6Ob43vfem8wDLIMGxjuLytwM2eCuPOvZ0gRCnrd86k8hgSaGNr5llFE40CdTEyZQXKP_EtuuRREhaA5tJLcIJqM8VSqfZlIO1VilWRYT9puwhStAjyZqIKM4fm1HoPeP333qLi5bYn8RS98wNix2JV6QxNrXRizOwRRGrLbi88ygIngm_1k8YzCOusXD8w1y8dfTPAEAAA%3d%3d:1:49808)
    at dispatch (https://d1hjvew1n9ss7u.cloudfront.net/assets/shjs.js?t=639255987001545277:0:32701)
    at a (https://d1hjvew1n9ss7u.cloudfront.net/assets/shjs.js?t=639255987001545277:0:28480)
[  536843ms] [LOG] Banner não encontrado: banner-232 @ https://d1hjvew1n9ss7u.cloudfront.net/asset.axd?id=PAEAAB-LCAAAAAAAAAOtj0EPwUAQhf-KzLnsKqu64iBu4oSbOKzt0G2qKztTkQi_3abi6Ob43vfem8wDLIMGxjuLytwM2eCuPOvZ0gRCnrd86k8hgSaGNr5llFE40CdTEyZQXKP_EtuuRREhaA5tJLcIJqM8VSqfZlIO1VilWRYT9puwhStAjyZqIKM4fm1HoPeP333qLi5bYn8RS98wNix2JV6QxNrXRizOwRRGrLbi88ygIngm_1k8YzCOusXD8w1y8dfTPAEAAA%3d%3d:754
[  536874ms] [LOG] %c Widde Video Commerce %c v24604ee %c Build: 21/09/2026 20:39 %c border: 1px solid #2567f8; background: #2567f8; color: #fff; font-weight: bold; padding: 4px 8px; border-radius: 3px 0 0 0; border: 1px solid #2567f8; border-left: none; background: #FFF; color: #2567f8; font-weight: bold; padding: 4px 8px; border: 1px solid #2567f8; border-left: none; background: #f0f0f0; color: #333; font-weight: bold; padding: 4px 8px; border-radius: 0 3px 3px 0; background: transparent @ https://cdn.widde.io/assets/main.utzwjalemu.js:0
[  536899ms] [LOG] %c Tryon Widde.io %c %s %c border: 1px solid #2567f8; background: #2567f8; color: #fff; font-weight: bold; padding: 4px 8px; border-radius: 3px 0 0 3px; border: 1px solid #2567f8; background: #FFF; color: #2567f8; font-weight: bold; padding: 4px 8px; border-radius: 0 3px 3px 0; 47bf7c2 background: transparent @ https://cdn-tryon.widde.io/widde-tryon.js:86
[  536962ms] [LOG] [tryon-tracker] initialized {domain: www.lolacosmetics.com.br} @ https://cdn-tryon.widde.io/widde-tryon.js:8
[  545691ms] [WARNING] Error with Feature-Policy header: Some features are specified in both Feature-Policy and Permissions-Policy header: payment, fullscreen, microphone, camera. Values defined in Permissions-Policy header will be used. @ :0
[  546319ms] [ERROR] Failed to load resource: the server responded with a status of 500 () @ https://fonts.cdnfonts.com/css/leelawade:0
[  546598ms] [ERROR] Failed to load resource: the server responded with a status of 404 () @ https://lolacosmetics.admin.linxcommerce.com.br/Custom/Content/Themes/Lola/Styles/Fonts/FontAwesome/all.css:0
[  546794ms] [ERROR] Failed to load resource: net::ERR_NAME_NOT_RESOLVED @ https://event.getblue.io/js/blue-tag.min.js:0
[  546882ms] [LOG] Banner não encontrado: banner-232 @ https://d1hjvew1n9ss7u.cloudfront.net/asset.axd?id=PAEAAB-LCAAAAAAAAAOtj0EPwUAQhf-KzLnsKqu64iBu4oSbOKzt0G2qKztTkQi_3abi6Ob43vfem8wDLIMGxjuLytwM2eCuPOvZ0gRCnrd86k8hgSaGNr5llFE40CdTEyZQXKP_EtuuRREhaA5tJLcIJqM8VSqfZlIO1VilWRYT9puwhStAjyZqIKM4fm1HoPeP333qLi5bYn8RS98wNix2JV6QxNrXRizOwRRGrLbi88ygIngm_1k8YzCOusXD8w1y8dfTPAEAAA%3d%3d:754
[  546885ms] [LOG] [Debug Carrinho] Polling ativo @ https://d1hjvew1n9ss7u.cloudfront.net/asset.axd?id=PAEAAB-LCAAAAAAAAAOtj0EPwUAQhf-KzLnsKqu64iBu4oSbOKzt0G2qKztTkQi_3abi6Ob43vfem8wDLIMGxjuLytwM2eCuPOvZ0gRCnrd86k8hgSaGNr5llFE40CdTEyZQXKP_EtuuRREhaA5tJLcIJqM8VSqfZlIO1VilWRYT9puwhStAjyZqIKM4fm1HoPeP333qLi5bYn8RS98wNix2JV6QxNrXRizOwRRGrLbi88ygIngm_1k8YzCOusXD8w1y8dfTPAEAAA%3d%3d:1790
[  546997ms] [LOG] categoria @ https://d1hjvew1n9ss7u.cloudfront.net/asset.axd?id=PAEAAB-LCAAAAAAAAAOtj0EPwUAQhf-KzLnsKqu64iBu4oSbOKzt0G2qKztTkQi_3abi6Ob43vfem8wDLIMGxjuLytwM2eCuPOvZ0gRCnrd86k8hgSaGNr5llFE40CdTEyZQXKP_EtuuRREhaA5tJLcIJqM8VSqfZlIO1VilWRYT9puwhStAjyZqIKM4fm1HoPeP333qLi5bYn8RS98wNix2JV6QxNrXRizOwRRGrLbi88ygIngm_1k8YzCOusXD8w1y8dfTPAEAAA%3d%3d:1
[  546999ms] [WARNING] !! Há erros de scripts de terceiros !!
Por favor, contate a Empresa responsável pelo script.  @ https://d1hjvew1n9ss7u.cloudfront.net/assets/shjs.js?t=639255987001545277:0
[  547000ms] Uncaught Error: You must pass a string or Handlebars AST to Handlebars.compile. You passed null
    at e.compile (https://d1hjvew1n9ss7u.cloudfront.net/asset.axd?id=PAEAAB-LCAAAAAAAAAOtj0EPwUAQhf-KzLnsKqu64iBu4oSbOKzt0G2qKztTkQi_3abi6Ob43vfem8wDLIMGxjuLytwM2eCuPOvZ0gRCnrd86k8hgSaGNr5llFE40CdTEyZQXKP_EtuuRREhaA5tJLcIJqM8VSqfZlIO1VilWRYT9puwhStAjyZqIKM4fm1HoPeP333qLi5bYn8RS98wNix2JV6QxNrXRizOwRRGrLbi88ygIngm_1k8YzCOusXD8w1y8dfTPAEAAA%3d%3d:1794:49302)
    at i.compile (https://d1hjvew1n9ss7u.cloudfront.net/asset.axd?id=PAEAAB-LCAAAAAAAAAOtj0EPwUAQhf-KzLnsKqu64iBu4oSbOKzt0G2qKztTkQi_3abi6Ob43vfem8wDLIMGxjuLytwM2eCuPOvZ0gRCnrd86k8hgSaGNr5llFE40CdTEyZQXKP_EtuuRREhaA5tJLcIJqM8VSqfZlIO1VilWRYT9puwhStAjyZqIKM4fm1HoPeP333qLi5bYn8RS98wNix2JV6QxNrXRizOwRRGrLbi88ygIngm_1k8YzCOusXD8w1y8dfTPAEAAA%3d%3d:1794:343)
    at renderBasket (https://d1hjvew1n9ss7u.cloudfront.net/asset.axd?id=PAEAAB-LCAAAAAAAAAOtj0EPwUAQhf-KzLnsKqu64iBu4oSbOKzt0G2qKztTkQi_3abi6Ob43vfem8wDLIMGxjuLytwM2eCuPOvZ0gRCnrd86k8hgSaGNr5llFE40CdTEyZQXKP_EtuuRREhaA5tJLcIJqM8VSqfZlIO1VilWRYT9puwhStAjyZqIKM4fm1HoPeP333qLi5bYn8RS98wNix2JV6QxNrXRizOwRRGrLbi88ygIngm_1k8YzCOusXD8w1y8dfTPAEAAA%3d%3d:29:27)
    at <anonymous> (https://d1hjvew1n9ss7u.cloudfront.net/asset.axd?id=PAEAAB-LCAAAAAAAAAOtj0EPwUAQhf-KzLnsKqu64iBu4oSbOKzt0G2qKztTkQi_3abi6Ob43vfem8wDLIMGxjuLytwM2eCuPOvZ0gRCnrd86k8hgSaGNr5llFE40CdTEyZQXKP_EtuuRREhaA5tJLcIJqM8VSqfZlIO1VilWRYT9puwhStAjyZqIKM4fm1HoPeP333qLi5bYn8RS98wNix2JV6QxNrXRizOwRRGrLbi88ygIngm_1k8YzCOusXD8w1y8dfTPAEAAA%3d%3d:220:1)
    at f (https://d1hjvew1n9ss7u.cloudfront.net/assets/shjs.js?t=639255987001545277:0:10382)
    at fireWith (https://d1hjvew1n9ss7u.cloudfront.net/assets/shjs.js?t=639255987001545277:0:11137)
    at ready (https://d1hjvew1n9ss7u.cloudfront.net/assets/shjs.js?t=639255987001545277:0:5238)
    at r (https://d1hjvew1n9ss7u.cloudfront.net/assets/shjs.js?t=639255987001545277:0:9748)
[  547011ms] [VERBOSE] [DOM] Input elements should have autocomplete attributes (suggested: "current-password"): (More info: https://goo.gl/9p2vKq) %o @ https://www.lolacosmetics.com.br/colecoes/xapadinha:0
[  547015ms] [VERBOSE] [DOM] Input elements should have autocomplete attributes (suggested: "current-password"): (More info: https://goo.gl/9p2vKq) %o @ https://www.lolacosmetics.com.br/colecoes/xapadinha:0
[  547059ms] [LOG] AffiseStorage availability: {cookie: true, localStorage: true, sessionStorage: true} @ https://rankmediabrasil.g2afse.com/websdk.js:0
[  547062ms] [LOG] Status RNK Media - ClickId: null UTM: null @ :3
[  551793ms] [WARNING] [Meta Pixel] - Invalid parameter format for currency. Please refer https://developers.facebook.com/docs/meta-pixel/reference/ for valid parameter specifications. @ https://connect.facebook.net/en_US/fbevents.js:203
[  552746ms] [INFO] É necessário definir o storeID no Plugin TrustVox @ https://d1hjvew1n9ss7u.cloudfront.net/asset.axd?id=_woAAB-LCAAAAAAAAAO9lsFunDAQhl-l4rw122w3m1D1lEfooYeqh8HMgrNgW_aYDYrSZ--EaFVgIZWK1aP9__b3Y3uwnxNJSZYQPlH6CC146ZSlLx9kBc4jfQ10_HiXbBLNpu-qKJG23FJJdoTa4yYpLAu_0m_9MM8SJhm5wErLwu3u_ma_v787bLef9p_3N4cDO-TFIQtVJNnudi-23Mgv3con2Y_n5fG-Jz4ET6ZJH4wm1JS-ZfOpamzgYKJBgkuq9FyIYb949MnL5l8JpTFljQI01B0p6YeUqbaO5DtP2AiHEizxhoh2N4TNyOt41pmj4vi1KZUekkZCRIYwEKhaJvVyHN4Za2kaFL4y1qKbY04s67i5M2evdCkkEJbGdQ3qMKTOGlZ_axEkCY_g5HRZB8o6iqxQnkwgkYM_Ic8ZmgZcVyEU43V917guA8_DM76uXg5aj7FTbR3pCJKjU2f5TGKL9ajcr8R4LOVpicRSDE7pTLDXjL470tkvneLflHE03qE5Pc7Jr5XmOla-mq7frCEis8FCgV8kvsnReaIFp4CU0X9F_3FGTMH3tafWPAkHrwW3mGHii5PAOiVxDtkLcRh56PJAZKa34Vj8DyyjUdZKntgUszanZXKtRqQtg1YxCuAXXfBQ8rtLSrQEenwuZg098-fLbwJGClv_CgAA:52
[  553635ms] Uncaught TypeError: Cannot read properties of undefined (reading 'replace')
    at validaFreteGratis (https://d1hjvew1n9ss7u.cloudfront.net/asset.axd?id=PAEAAB-LCAAAAAAAAAOtj0EPwUAQhf-KzLnsKqu64iBu4oSbOKzt0G2qKztTkQi_3abi6Ob43vfem8wDLIMGxjuLytwM2eCuPOvZ0gRCnrd86k8hgSaGNr5llFE40CdTEyZQXKP_EtuuRREhaA5tJLcIJqM8VSqfZlIO1VilWRYT9puwhStAjyZqIKM4fm1HoPeP333qLi5bYn8RS98wNix2JV6QxNrXRizOwRRGrLbi88ygIngm_1k8YzCOusXD8w1y8dfTPAEAAA%3d%3d:1:7633)
    at <anonymous> (https://d1hjvew1n9ss7u.cloudfront.net/asset.axd?id=PAEAAB-LCAAAAAAAAAOtj0EPwUAQhf-KzLnsKqu64iBu4oSbOKzt0G2qKztTkQi_3abi6Ob43vfem8wDLIMGxjuLytwM2eCuPOvZ0gRCnrd86k8hgSaGNr5llFE40CdTEyZQXKP_EtuuRREhaA5tJLcIJqM8VSqfZlIO1VilWRYT9puwhStAjyZqIKM4fm1HoPeP333qLi5bYn8RS98wNix2JV6QxNrXRizOwRRGrLbi88ygIngm_1k8YzCOusXD8w1y8dfTPAEAAA%3d%3d:1:49808)
    at dispatch (https://d1hjvew1n9ss7u.cloudfront.net/assets/shjs.js?t=639255987001545277:0:32701)
    at a (https://d1hjvew1n9ss7u.cloudfront.net/assets/shjs.js?t=639255987001545277:0:28480)
[  552774ms] [LOG] Banner não encontrado: banner-232 @ https://d1hjvew1n9ss7u.cloudfront.net/asset.axd?id=PAEAAB-LCAAAAAAAAAOtj0EPwUAQhf-KzLnsKqu64iBu4oSbOKzt0G2qKztTkQi_3abi6Ob43vfem8wDLIMGxjuLytwM2eCuPOvZ0gRCnrd86k8hgSaGNr5llFE40CdTEyZQXKP_EtuuRREhaA5tJLcIJqM8VSqfZlIO1VilWRYT9puwhStAjyZqIKM4fm1HoPeP333qLi5bYn8RS98wNix2JV6QxNrXRizOwRRGrLbi88ygIngm_1k8YzCOusXD8w1y8dfTPAEAAA%3d%3d:754
[  552927ms] [LOG] %c Widde Video Commerce %c v24604ee %c Build: 21/09/2026 20:39 %c border: 1px solid #2567f8; background: #2567f8; color: #fff; font-weight: bold; padding: 4px 8px; border-radius: 3px 0 0 0; border: 1px solid #2567f8; border-left: none; background: #FFF; color: #2567f8; font-weight: bold; padding: 4px 8px; border: 1px solid #2567f8; border-left: none; background: #f0f0f0; color: #333; font-weight: bold; padding: 4px 8px; border-radius: 0 3px 3px 0; background: transparent @ https://cdn.widde.io/assets/main.utzwjalemu.js:0
[  553075ms] [LOG] %c Tryon Widde.io %c %s %c border: 1px solid #2567f8; background: #2567f8; color: #fff; font-weight: bold; padding: 4px 8px; border-radius: 3px 0 0 3px; border: 1px solid #2567f8; background: #FFF; color: #2567f8; font-weight: bold; padding: 4px 8px; border-radius: 0 3px 3px 0; 47bf7c2 background: transparent @ https://cdn-tryon.widde.io/widde-tryon.js:86
[  553198ms] [LOG] [tryon-tracker] initialized {domain: www.lolacosmetics.com.br} @ https://cdn-tryon.widde.io/widde-tryon.js:8
[  565590ms] [WARNING] The resource https://fonts.cdnfonts.com/css/leelawade was preloaded using link preload but not used within a few seconds from the window's load event. Please make sure it has an appropriate `as` value and it is preloaded intentionally. @ https://www.lolacosmetics.com.br/colecoes/xapadinha:0
[  569067ms] [WARNING] Error with Feature-Policy header: Some features are specified in both Feature-Policy and Permissions-Policy header: payment, fullscreen, microphone, camera. Values defined in Permissions-Policy header will be used. @ :0
[  569659ms] [ERROR] Failed to load resource: the server responded with a status of 500 () @ https://fonts.cdnfonts.com/css/leelawade:0
[  570398ms] [ERROR] Failed to load resource: the server responded with a status of 404 () @ https://lolacosmetics.admin.linxcommerce.com.br/Custom/Content/Themes/Lola/Styles/Fonts/FontAwesome/all.css:0
[  570764ms] [ERROR] Failed to load resource: net::ERR_NAME_NOT_RESOLVED @ https://event.getblue.io/js/blue-tag.min.js:0
[  570983ms] [LOG] AffiseStorage availability: {cookie: true, localStorage: true, sessionStorage: true} @ https://rankmediabrasil.g2afse.com/websdk.js:0
[  571019ms] [LOG] Status RNK Media - ClickId: null UTM: null @ :3
[  571367ms] [LOG] Banner não encontrado: banner-232 @ https://d1hjvew1n9ss7u.cloudfront.net/asset.axd?id=iQEAAB-LCAAAAAAAAAOtkE0PATEQhv-KzHnp-qi1FQdxEyfcxKHaQYWtdKYiEX67WnF04vh-PZPMDQyDAsYri4O-aDLBnXnYMHsdCHkUedscQAZVKs19ZMyTcKC2-kiYgT0n_yEW9YpShKA4xJRcUtDvlh0py0GR523Zk52iSA3zaRjrLKhuX7byJDYf2xGo1e37nuqLk0jsT2LiK8aKxXKPJyQx80ctpgthXna0vnUguGe_wMa7oG3NfH_mn8QdBu2oJq7vT6rQ1QGJAQAA:803
[  571377ms] [LOG] [Debug Carrinho] Polling ativo @ https://d1hjvew1n9ss7u.cloudfront.net/asset.axd?id=iQEAAB-LCAAAAAAAAAOtkE0PATEQhv-KzHnp-qi1FQdxEyfcxKHaQYWtdKYiEX67WnF04vh-PZPMDQyDAsYri4O-aDLBnXnYMHsdCHkUedscQAZVKs19ZMyTcKC2-kiYgT0n_yEW9YpShKA4xJRcUtDvlh0py0GR523Zk52iSA3zaRjrLKhuX7byJDYf2xGo1e37nuqLk0jsT2LiK8aKxXKPJyQx80ctpgthXna0vnUguGe_wMa7oG3NfH_mn8QdBu2oJq7vT6rQ1QGJAQAA:1839
[  571512ms] [LOG] teste @ https://d1hjvew1n9ss7u.cloudfront.net/asset.axd?id=iQEAAB-LCAAAAAAAAAOtkE0PATEQhv-KzHnp-qi1FQdxEyfcxKHaQYWtdKYiEX67WnF04vh-PZPMDQyDAsYri4O-aDLBnXnYMHsdCHkUedscQAZVKs19ZMyTcKC2-kiYgT0n_yEW9YpShKA4xJRcUtDvlh0py0GR523Zk52iSA3zaRjrLKhuX7byJDYf2xGo1e37nuqLk0jsT2LiK8aKxXKPJyQx80ctpgthXna0vnUguGe_wMa7oG3NfH_mn8QdBu2oJq7vT6rQ1QGJAQAA:3
[  571514ms] [LOG] conteudo Ajuda @ https://d1hjvew1n9ss7u.cloudfront.net/asset.axd?id=iQEAAB-LCAAAAAAAAAOtkE0PATEQhv-KzHnp-qi1FQdxEyfcxKHaQYWtdKYiEX67WnF04vh-PZPMDQyDAsYri4O-aDLBnXnYMHsdCHkUedscQAZVKs19ZMyTcKC2-kiYgT0n_yEW9YpShKA4xJRcUtDvlh0py0GR523Zk52iSA3zaRjrLKhuX7byJDYf2xGo1e37nuqLk0jsT2LiK8aKxXKPJyQx80ctpgthXna0vnUguGe_wMa7oG3NfH_mn8QdBu2oJq7vT6rQ1QGJAQAA:36
[  571514ms] [LOG] conteudoNovo Quem somos @ https://d1hjvew1n9ss7u.cloudfront.net/asset.axd?id=iQEAAB-LCAAAAAAAAAOtkE0PATEQhv-KzHnp-qi1FQdxEyfcxKHaQYWtdKYiEX67WnF04vh-PZPMDQyDAsYri4O-aDLBnXnYMHsdCHkUedscQAZVKs19ZMyTcKC2-kiYgT0n_yEW9YpShKA4xJRcUtDvlh0py0GR523Zk52iSA3zaRjrLKhuX7byJDYf2xGo1e37nuqLk0jsT2LiK8aKxXKPJyQx80ctpgthXna0vnUguGe_wMa7oG3NfH_mn8QdBu2oJq7vT6rQ1QGJAQAA:40
[  571514ms] [LOG] conteudoNovo Este site é seguro? @ https://d1hjvew1n9ss7u.cloudfront.net/asset.axd?id=iQEAAB-LCAAAAAAAAAOtkE0PATEQhv-KzHnp-qi1FQdxEyfcxKHaQYWtdKYiEX67WnF04vh-PZPMDQyDAsYri4O-aDLBnXnYMHsdCHkUedscQAZVKs19ZMyTcKC2-kiYgT0n_yEW9YpShKA4xJRcUtDvlh0py0GR523Zk52iSA3zaRjrLKhuX7byJDYf2xGo1e37nuqLk0jsT2LiK8aKxXKPJyQx80ctpgthXna0vnUguGe_wMa7oG3NfH_mn8QdBu2oJq7vT6rQ1QGJAQAA:40
[  571514ms] [LOG] conteudoNovo Política de Cookies @ https://d1hjvew1n9ss7u.cloudfront.net/asset.axd?id=iQEAAB-LCAAAAAAAAAOtkE0PATEQhv-KzHnp-qi1FQdxEyfcxKHaQYWtdKYiEX67WnF04vh-PZPMDQyDAsYri4O-aDLBnXnYMHsdCHkUedscQAZVKs19ZMyTcKC2-kiYgT0n_yEW9YpShKA4xJRcUtDvlh0py0GR523Zk52iSA3zaRjrLKhuX7byJDYf2xGo1e37nuqLk0jsT2LiK8aKxXKPJyQx80ctpgthXna0vnUguGe_wMa7oG3NfH_mn8QdBu2oJq7vT6rQ1QGJAQAA:40
[  571514ms] [LOG] conteudoNovo Política de Privacidade @ https://d1hjvew1n9ss7u.cloudfront.net/asset.axd?id=iQEAAB-LCAAAAAAAAAOtkE0PATEQhv-KzHnp-qi1FQdxEyfcxKHaQYWtdKYiEX67WnF04vh-PZPMDQyDAsYri4O-aDLBnXnYMHsdCHkUedscQAZVKs19ZMyTcKC2-kiYgT0n_yEW9YpShKA4xJRcUtDvlh0py0GR523Zk52iSA3zaRjrLKhuX7byJDYf2xGo1e37nuqLk0jsT2LiK8aKxXKPJyQx80ctpgthXna0vnUguGe_wMa7oG3NfH_mn8QdBu2oJq7vT6rQ1QGJAQAA:40
[  571515ms] [LOG] conteudoNovo Nossa lojas @ https://d1hjvew1n9ss7u.cloudfront.net/asset.axd?id=iQEAAB-LCAAAAAAAAAOtkE0PATEQhv-KzHnp-qi1FQdxEyfcxKHaQYWtdKYiEX67WnF04vh-PZPMDQyDAsYri4O-aDLBnXnYMHsdCHkUedscQAZVKs19ZMyTcKC2-kiYgT0n_yEW9YpShKA4xJRcUtDvlh0py0GR523Zk52iSA3zaRjrLKhuX7byJDYf2xGo1e37nuqLk0jsT2LiK8aKxXKPJyQx80ctpgthXna0vnUguGe_wMa7oG3NfH_mn8QdBu2oJq7vT6rQ1QGJAQAA:40
[  571515ms] [LOG] conteudoNovo Trabalhe Conosco @ https://d1hjvew1n9ss7u.cloudfront.net/asset.axd?id=iQEAAB-LCAAAAAAAAAOtkE0PATEQhv-KzHnp-qi1FQdxEyfcxKHaQYWtdKYiEX67WnF04vh-PZPMDQyDAsYri4O-aDLBnXnYMHsdCHkUedscQAZVKs19ZMyTcKC2-kiYgT0n_yEW9YpShKA4xJRcUtDvlh0py0GR523Zk52iSA3zaRjrLKhuX7byJDYf2xGo1e37nuqLk0jsT2LiK8aKxXKPJyQx80ctpgthXna0vnUguGe_wMa7oG3NfH_mn8QdBu2oJq7vT6rQ1QGJAQAA:40
[  571515ms] [LOG] conteudoNovo Lola Lab @ https://d1hjvew1n9ss7u.cloudfront.net/asset.axd?id=iQEAAB-LCAAAAAAAAAOtkE0PATEQhv-KzHnp-qi1FQdxEyfcxKHaQYWtdKYiEX67WnF04vh-PZPMDQyDAsYri4O-aDLBnXnYMHsdCHkUedscQAZVKs19ZMyTcKC2-kiYgT0n_yEW9YpShKA4xJRcUtDvlh0py0GR523Zk52iSA3zaRjrLKhuX7byJDYf2xGo1e37nuqLk0jsT2LiK8aKxXKPJyQx80ctpgthXna0vnUguGe_wMa7oG3NfH_mn8QdBu2oJq7vT6rQ1QGJAQAA:40
[  571515ms] [LOG] conteudoNovo Revenda @ https://d1hjvew1n9ss7u.cloudfront.net/asset.axd?id=iQEAAB-LCAAAAAAAAAOtkE0PATEQhv-KzHnp-qi1FQdxEyfcxKHaQYWtdKYiEX67WnF04vh-PZPMDQyDAsYri4O-aDLBnXnYMHsdCHkUedscQAZVKs19ZMyTcKC2-kiYgT0n_yEW9YpShKA4xJRcUtDvlh0py0GR523Zk52iSA3zaRjrLKhuX7byJDYf2xGo1e37nuqLk0jsT2LiK8aKxXKPJyQx80ctpgthXna0vnUguGe_wMa7oG3NfH_mn8QdBu2oJq7vT6rQ1QGJAQAA:40
[  571515ms] [LOG] conteudoNovo Afiliados @ https://d1hjvew1n9ss7u.cloudfront.net/asset.axd?id=iQEAAB-LCAAAAAAAAAOtkE0PATEQhv-KzHnp-qi1FQdxEyfcxKHaQYWtdKYiEX67WnF04vh-PZPMDQyDAsYri4O-aDLBnXnYMHsdCHkUedscQAZVKs19ZMyTcKC2-kiYgT0n_yEW9YpShKA4xJRcUtDvlh0py0GR523Zk52iSA3zaRjrLKhuX7byJDYf2xGo1e37nuqLk0jsT2LiK8aKxXKPJyQx80ctpgthXna0vnUguGe_wMa7oG3NfH_mn8QdBu2oJq7vT6rQ1QGJAQAA:40
[  571515ms] [LOG] conteudoNovo Prazos de atendimento @ https://d1hjvew1n9ss7u.cloudfront.net/asset.axd?id=iQEAAB-LCAAAAAAAAAOtkE0PATEQhv-KzHnp-qi1FQdxEyfcxKHaQYWtdKYiEX67WnF04vh-PZPMDQyDAsYri4O-aDLBnXnYMHsdCHkUedscQAZVKs19ZMyTcKC2-kiYgT0n_yEW9YpShKA4xJRcUtDvlh0py0GR523Zk52iSA3zaRjrLKhuX7byJDYf2xGo1e37nuqLk0jsT2LiK8aKxXKPJyQx80ctpgthXna0vnUguGe_wMa7oG3NfH_mn8QdBu2oJq7vT6rQ1QGJAQAA:40
[  571515ms] [LOG] conteudoNovo Entrega e envios @ https://d1hjvew1n9ss7u.cloudfront.net/asset.axd?id=iQEAAB-LCAAAAAAAAAOtkE0PATEQhv-KzHnp-qi1FQdxEyfcxKHaQYWtdKYiEX67WnF04vh-PZPMDQyDAsYri4O-aDLBnXnYMHsdCHkUedscQAZVKs19ZMyTcKC2-kiYgT0n_yEW9YpShKA4xJRcUtDvlh0py0GR523Zk52iSA3zaRjrLKhuX7byJDYf2xGo1e37nuqLk0jsT2LiK8aKxXKPJyQx80ctpgthXna0vnUguGe_wMa7oG3NfH_mn8QdBu2oJq7vT6rQ1QGJAQAA:40
[  571515ms] [LOG] conteudoNovo Pagamento @ https://d1hjvew1n9ss7u.cloudfront.net/asset.axd?id=iQEAAB-LCAAAAAAAAAOtkE0PATEQhv-KzHnp-qi1FQdxEyfcxKHaQYWtdKYiEX67WnF04vh-PZPMDQyDAsYri4O-aDLBnXnYMHsdCHkUedscQAZVKs19ZMyTcKC2-kiYgT0n_yEW9YpShKA4xJRcUtDvlh0py0GR523Zk52iSA3zaRjrLKhuX7byJDYf2xGo1e37nuqLk0jsT2LiK8aKxXKPJyQx80ctpgthXna0vnUguGe_wMa7oG3NfH_mn8QdBu2oJq7vT6rQ1QGJAQAA:40
[  571515ms] [LOG] conteudoNovo Trocas e devoluções @ https://d1hjvew1n9ss7u.cloudfront.net/asset.axd?id=iQEAAB-LCAAAAAAAAAOtkE0PATEQhv-KzHnp-qi1FQdxEyfcxKHaQYWtdKYiEX67WnF04vh-PZPMDQyDAsYri4O-aDLBnXnYMHsdCHkUedscQAZVKs19ZMyTcKC2-kiYgT0n_yEW9YpShKA4xJRcUtDvlh0py0GR523Zk52iSA3zaRjrLKhuX7byJDYf2xGo1e37nuqLk0jsT2LiK8aKxXKPJyQx80ctpgthXna0vnUguGe_wMa7oG3NfH_mn8QdBu2oJq7vT6rQ1QGJAQAA:40
[  571515ms] [LOG] conteudoNovo Perguntas Frequentes @ https://d1hjvew1n9ss7u.cloudfront.net/asset.axd?id=iQEAAB-LCAAAAAAAAAOtkE0PATEQhv-KzHnp-qi1FQdxEyfcxKHaQYWtdKYiEX67WnF04vh-PZPMDQyDAsYri4O-aDLBnXnYMHsdCHkUedscQAZVKs19ZMyTcKC2-kiYgT0n_yEW9YpShKA4xJRcUtDvlh0py0GR523Zk52iSA3zaRjrLKhuX7byJDYf2xGo1e37nuqLk0jsT2LiK8aKxXKPJyQx80ctpgthXna0vnUguGe_wMa7oG3NfH_mn8QdBu2oJq7vT6rQ1QGJAQAA:40
[  571515ms] [LOG] conteudoNovo Como rastrear pedidos @ https://d1hjvew1n9ss7u.cloudfront.net/asset.axd?id=iQEAAB-LCAAAAAAAAAOtkE0PATEQhv-KzHnp-qi1FQdxEyfcxKHaQYWtdKYiEX67WnF04vh-PZPMDQyDAsYri4O-aDLBnXnYMHsdCHkUedscQAZVKs19ZMyTcKC2-kiYgT0n_yEW9YpShKA4xJRcUtDvlh0py0GR523Zk52iSA3zaRjrLKhuX7byJDYf2xGo1e37nuqLk0jsT2LiK8aKxXKPJyQx80ctpgthXna0vnUguGe_wMa7oG3NfH_mn8QdBu2oJq7vT6rQ1QGJAQAA:40
[  571516ms] [LOG] conteudoNovo Regulamento Promocional @ https://d1hjvew1n9ss7u.cloudfront.net/asset.axd?id=iQEAAB-LCAAAAAAAAAOtkE0PATEQhv-KzHnp-qi1FQdxEyfcxKHaQYWtdKYiEX67WnF04vh-PZPMDQyDAsYri4O-aDLBnXnYMHsdCHkUedscQAZVKs19ZMyTcKC2-kiYgT0n_yEW9YpShKA4xJRcUtDvlh0py0GR523Zk52iSA3zaRjrLKhuX7byJDYf2xGo1e37nuqLk0jsT2LiK8aKxXKPJyQx80ctpgthXna0vnUguGe_wMa7oG3NfH_mn8QdBu2oJq7vT6rQ1QGJAQAA:40
[  571516ms] [LOG] conteudoNovo Cashback @ https://d1hjvew1n9ss7u.cloudfront.net/asset.axd?id=iQEAAB-LCAAAAAAAAAOtkE0PATEQhv-KzHnp-qi1FQdxEyfcxKHaQYWtdKYiEX67WnF04vh-PZPMDQyDAsYri4O-aDLBnXnYMHsdCHkUedscQAZVKs19ZMyTcKC2-kiYgT0n_yEW9YpShKA4xJRcUtDvlh0py0GR523Zk52iSA3zaRjrLKhuX7byJDYf2xGo1e37nuqLk0jsT2LiK8aKxXKPJyQx80ctpgthXna0vnUguGe_wMa7oG3NfH_mn8QdBu2oJq7vT6rQ1QGJAQAA:40
[  571520ms] [WARNING] !! Há erros de scripts de terceiros !!
Por favor, contate a Empresa responsável pelo script.  @ https://d1hjvew1n9ss7u.cloudfront.net/assets/shjs.js?t=639255987001545277:0
[  571662ms] Uncaught Error: You must pass a string or Handlebars AST to Handlebars.compile. You passed null
    at e.compile (https://d1hjvew1n9ss7u.cloudfront.net/asset.axd?id=iQEAAB-LCAAAAAAAAAOtkE0PATEQhv-KzHnp-qi1FQdxEyfcxKHaQYWtdKYiEX67WnF04vh-PZPMDQyDAsYri4O-aDLBnXnYMHsdCHkUedscQAZVKs19ZMyTcKC2-kiYgT0n_yEW9YpShKA4xJRcUtDvlh0py0GR523Zk52iSA3zaRjrLKhuX7byJDYf2xGo1e37nuqLk0jsT2LiK8aKxXKPJyQx80ctpgthXna0vnUguGe_wMa7oG3NfH_mn8QdBu2oJq7vT6rQ1QGJAQAA:1843:49302)
    at i.compile (https://d1hjvew1n9ss7u.cloudfront.net/asset.axd?id=iQEAAB-LCAAAAAAAAAOtkE0PATEQhv-KzHnp-qi1FQdxEyfcxKHaQYWtdKYiEX67WnF04vh-PZPMDQyDAsYri4O-aDLBnXnYMHsdCHkUedscQAZVKs19ZMyTcKC2-kiYgT0n_yEW9YpShKA4xJRcUtDvlh0py0GR523Zk52iSA3zaRjrLKhuX7byJDYf2xGo1e37nuqLk0jsT2LiK8aKxXKPJyQx80ctpgthXna0vnUguGe_wMa7oG3NfH_mn8QdBu2oJq7vT6rQ1QGJAQAA:1843:343)
    at renderBasket (https://d1hjvew1n9ss7u.cloudfront.net/asset.axd?id=iQEAAB-LCAAAAAAAAAOtkE0PATEQhv-KzHnp-qi1FQdxEyfcxKHaQYWtdKYiEX67WnF04vh-PZPMDQyDAsYri4O-aDLBnXnYMHsdCHkUedscQAZVKs19ZMyTcKC2-kiYgT0n_yEW9YpShKA4xJRcUtDvlh0py0GR523Zk52iSA3zaRjrLKhuX7byJDYf2xGo1e37nuqLk0jsT2LiK8aKxXKPJyQx80ctpgthXna0vnUguGe_wMa7oG3NfH_mn8QdBu2oJq7vT6rQ1QGJAQAA:78:27)
    at <anonymous> (https://d1hjvew1n9ss7u.cloudfront.net/asset.axd?id=iQEAAB-LCAAAAAAAAAOtkE0PATEQhv-KzHnp-qi1FQdxEyfcxKHaQYWtdKYiEX67WnF04vh-PZPMDQyDAsYri4O-aDLBnXnYMHsdCHkUedscQAZVKs19ZMyTcKC2-kiYgT0n_yEW9YpShKA4xJRcUtDvlh0py0GR523Zk52iSA3zaRjrLKhuX7byJDYf2xGo1e37nuqLk0jsT2LiK8aKxXKPJyQx80ctpgthXna0vnUguGe_wMa7oG3NfH_mn8QdBu2oJq7vT6rQ1QGJAQAA:269:1)
    at f (https://d1hjvew1n9ss7u.cloudfront.net/assets/shjs.js?t=639255987001545277:0:10382)
    at fireWith (https://d1hjvew1n9ss7u.cloudfront.net/assets/shjs.js?t=639255987001545277:0:11137)
    at ready (https://d1hjvew1n9ss7u.cloudfront.net/assets/shjs.js?t=639255987001545277:0:5238)
    at r (https://d1hjvew1n9ss7u.cloudfront.net/assets/shjs.js?t=639255987001545277:0:9748)
[  571664ms] [VERBOSE] [DOM] Input elements should have autocomplete attributes (suggested: "current-password"): (More info: https://goo.gl/9p2vKq) %o @ https://www.lolacosmetics.com.br/conteudo/ajuda:0
[  571664ms] [VERBOSE] [DOM] Input elements should have autocomplete attributes (suggested: "current-password"): (More info: https://goo.gl/9p2vKq) %o @ https://www.lolacosmetics.com.br/conteudo/ajuda:0
[  573549ms] [WARNING] [Meta Pixel] - Invalid parameter format for currency. Please refer https://developers.facebook.com/docs/meta-pixel/reference/ for valid parameter specifications. @ https://connect.facebook.net/en_US/fbevents.js:203
[  576587ms] [LOG] %c Widde Video Commerce %c v24604ee %c Build: 21/09/2026 20:39 %c border: 1px solid #2567f8; background: #2567f8; color: #fff; font-weight: bold; padding: 4px 8px; border-radius: 3px 0 0 0; border: 1px solid #2567f8; border-left: none; background: #FFF; color: #2567f8; font-weight: bold; padding: 4px 8px; border: 1px solid #2567f8; border-left: none; background: #f0f0f0; color: #333; font-weight: bold; padding: 4px 8px; border-radius: 0 3px 3px 0; background: transparent @ https://cdn.widde.io/assets/main.utzwjalemu.js:0
[  576714ms] [LOG] %c Tryon Widde.io %c %s %c border: 1px solid #2567f8; background: #2567f8; color: #fff; font-weight: bold; padding: 4px 8px; border-radius: 3px 0 0 3px; border: 1px solid #2567f8; background: #FFF; color: #2567f8; font-weight: bold; padding: 4px 8px; border-radius: 0 3px 3px 0; 47bf7c2 background: transparent @ https://cdn-tryon.widde.io/widde-tryon.js:86
[  576862ms] [LOG] [tryon-tracker] initialized {domain: www.lolacosmetics.com.br} @ https://cdn-tryon.widde.io/widde-tryon.js:8
[  578097ms] Uncaught TypeError: Cannot read properties of undefined (reading 'replace')
    at validaFreteGratis (https://d1hjvew1n9ss7u.cloudfront.net/asset.axd?id=iQEAAB-LCAAAAAAAAAOtkE0PATEQhv-KzHnp-qi1FQdxEyfcxKHaQYWtdKYiEX67WnF04vh-PZPMDQyDAsYri4O-aDLBnXnYMHsdCHkUedscQAZVKs19ZMyTcKC2-kiYgT0n_yEW9YpShKA4xJRcUtDvlh0py0GR523Zk52iSA3zaRjrLKhuX7byJDYf2xGo1e37nuqLk0jsT2LiK8aKxXKPJyQx80ctpgthXna0vnUguGe_wMa7oG3NfH_mn8QdBu2oJq7vT6rQ1QGJAQAA:50:7633)
    at <anonymous> (https://d1hjvew1n9ss7u.cloudfront.net/asset.axd?id=iQEAAB-LCAAAAAAAAAOtkE0PATEQhv-KzHnp-qi1FQdxEyfcxKHaQYWtdKYiEX67WnF04vh-PZPMDQyDAsYri4O-aDLBnXnYMHsdCHkUedscQAZVKs19ZMyTcKC2-kiYgT0n_yEW9YpShKA4xJRcUtDvlh0py0GR523Zk52iSA3zaRjrLKhuX7byJDYf2xGo1e37nuqLk0jsT2LiK8aKxXKPJyQx80ctpgthXna0vnUguGe_wMa7oG3NfH_mn8QdBu2oJq7vT6rQ1QGJAQAA:50:49808)
    at dispatch (https://d1hjvew1n9ss7u.cloudfront.net/assets/shjs.js?t=639255987001545277:0:32701)
    at a (https://d1hjvew1n9ss7u.cloudfront.net/assets/shjs.js?t=639255987001545277:0:28480)
[  578021ms] [LOG] Banner não encontrado: banner-232 @ https://d1hjvew1n9ss7u.cloudfront.net/asset.axd?id=iQEAAB-LCAAAAAAAAAOtkE0PATEQhv-KzHnp-qi1FQdxEyfcxKHaQYWtdKYiEX67WnF04vh-PZPMDQyDAsYri4O-aDLBnXnYMHsdCHkUedscQAZVKs19ZMyTcKC2-kiYgT0n_yEW9YpShKA4xJRcUtDvlh0py0GR523Zk52iSA3zaRjrLKhuX7byJDYf2xGo1e37nuqLk0jsT2LiK8aKxXKPJyQx80ctpgthXna0vnUguGe_wMa7oG3NfH_mn8QdBu2oJq7vT6rQ1QGJAQAA:803
[  586319ms] [WARNING] Error with Feature-Policy header: Some features are specified in both Feature-Policy and Permissions-Policy header: payment, fullscreen, microphone, camera. Values defined in Permissions-Policy header will be used. @ :0
[  586772ms] [ERROR] Failed to load resource: the server responded with a status of 500 () @ https://fonts.cdnfonts.com/css/leelawade:0
[  587303ms] [ERROR] Failed to load resource: the server responded with a status of 404 () @ https://lolacosmetics.admin.linxcommerce.com.br/Custom/Content/Themes/Lola/Styles/Fonts/FontAwesome/all.css:0
[  587615ms] [ERROR] Failed to load resource: net::ERR_NAME_NOT_RESOLVED @ https://event.getblue.io/js/blue-tag.min.js:0
[  587659ms] [LOG] Banner não encontrado: banner-232 @ https://d1hjvew1n9ss7u.cloudfront.net/asset.axd?id=iQEAAB-LCAAAAAAAAAOtkE0PATEQhv-KzHnp-qi1FQdxEyfcxKHaQYWtdKYiEX67WnF04vh-PZPMDQyDAsYri4O-aDLBnXnYMHsdCHkUedscQAZVKs19ZMyTcKC2-kiYgT0n_yEW9YpShKA4xJRcUtDvlh0py0GR523Zk52iSA3zaRjrLKhuX7byJDYf2xGo1e37nuqLk0jsT2LiK8aKxXKPJyQx80ctpgthXna0vnUguGe_wMa7oG3NfH_mn8QdBu2oJq7vT6rQ1QGJAQAA:803
[  587665ms] [LOG] [Debug Carrinho] Polling ativo @ https://d1hjvew1n9ss7u.cloudfront.net/asset.axd?id=iQEAAB-LCAAAAAAAAAOtkE0PATEQhv-KzHnp-qi1FQdxEyfcxKHaQYWtdKYiEX67WnF04vh-PZPMDQyDAsYri4O-aDLBnXnYMHsdCHkUedscQAZVKs19ZMyTcKC2-kiYgT0n_yEW9YpShKA4xJRcUtDvlh0py0GR523Zk52iSA3zaRjrLKhuX7byJDYf2xGo1e37nuqLk0jsT2LiK8aKxXKPJyQx80ctpgthXna0vnUguGe_wMa7oG3NfH_mn8QdBu2oJq7vT6rQ1QGJAQAA:1839
[  587734ms] [LOG] teste @ https://d1hjvew1n9ss7u.cloudfront.net/asset.axd?id=iQEAAB-LCAAAAAAAAAOtkE0PATEQhv-KzHnp-qi1FQdxEyfcxKHaQYWtdKYiEX67WnF04vh-PZPMDQyDAsYri4O-aDLBnXnYMHsdCHkUedscQAZVKs19ZMyTcKC2-kiYgT0n_yEW9YpShKA4xJRcUtDvlh0py0GR523Zk52iSA3zaRjrLKhuX7byJDYf2xGo1e37nuqLk0jsT2LiK8aKxXKPJyQx80ctpgthXna0vnUguGe_wMa7oG3NfH_mn8QdBu2oJq7vT6rQ1QGJAQAA:3
[  587734ms] [LOG] conteudo Cashback @ https://d1hjvew1n9ss7u.cloudfront.net/asset.axd?id=iQEAAB-LCAAAAAAAAAOtkE0PATEQhv-KzHnp-qi1FQdxEyfcxKHaQYWtdKYiEX67WnF04vh-PZPMDQyDAsYri4O-aDLBnXnYMHsdCHkUedscQAZVKs19ZMyTcKC2-kiYgT0n_yEW9YpShKA4xJRcUtDvlh0py0GR523Zk52iSA3zaRjrLKhuX7byJDYf2xGo1e37nuqLk0jsT2LiK8aKxXKPJyQx80ctpgthXna0vnUguGe_wMa7oG3NfH_mn8QdBu2oJq7vT6rQ1QGJAQAA:36
[  587735ms] [LOG] conteudoNovo Prazos de atendimento @ https://d1hjvew1n9ss7u.cloudfront.net/asset.axd?id=iQEAAB-LCAAAAAAAAAOtkE0PATEQhv-KzHnp-qi1FQdxEyfcxKHaQYWtdKYiEX67WnF04vh-PZPMDQyDAsYri4O-aDLBnXnYMHsdCHkUedscQAZVKs19ZMyTcKC2-kiYgT0n_yEW9YpShKA4xJRcUtDvlh0py0GR523Zk52iSA3zaRjrLKhuX7byJDYf2xGo1e37nuqLk0jsT2LiK8aKxXKPJyQx80ctpgthXna0vnUguGe_wMa7oG3NfH_mn8QdBu2oJq7vT6rQ1QGJAQAA:40
[  587735ms] [LOG] conteudoNovo Entrega e envios @ https://d1hjvew1n9ss7u.cloudfront.net/asset.axd?id=iQEAAB-LCAAAAAAAAAOtkE0PATEQhv-KzHnp-qi1FQdxEyfcxKHaQYWtdKYiEX67WnF04vh-PZPMDQyDAsYri4O-aDLBnXnYMHsdCHkUedscQAZVKs19ZMyTcKC2-kiYgT0n_yEW9YpShKA4xJRcUtDvlh0py0GR523Zk52iSA3zaRjrLKhuX7byJDYf2xGo1e37nuqLk0jsT2LiK8aKxXKPJyQx80ctpgthXna0vnUguGe_wMa7oG3NfH_mn8QdBu2oJq7vT6rQ1QGJAQAA:40
[  587735ms] [LOG] conteudoNovo Pagamento @ https://d1hjvew1n9ss7u.cloudfront.net/asset.axd?id=iQEAAB-LCAAAAAAAAAOtkE0PATEQhv-KzHnp-qi1FQdxEyfcxKHaQYWtdKYiEX67WnF04vh-PZPMDQyDAsYri4O-aDLBnXnYMHsdCHkUedscQAZVKs19ZMyTcKC2-kiYgT0n_yEW9YpShKA4xJRcUtDvlh0py0GR523Zk52iSA3zaRjrLKhuX7byJDYf2xGo1e37nuqLk0jsT2LiK8aKxXKPJyQx80ctpgthXna0vnUguGe_wMa7oG3NfH_mn8QdBu2oJq7vT6rQ1QGJAQAA:40
[  587735ms] [LOG] conteudoNovo Trocas e devoluções @ https://d1hjvew1n9ss7u.cloudfront.net/asset.axd?id=iQEAAB-LCAAAAAAAAAOtkE0PATEQhv-KzHnp-qi1FQdxEyfcxKHaQYWtdKYiEX67WnF04vh-PZPMDQyDAsYri4O-aDLBnXnYMHsdCHkUedscQAZVKs19ZMyTcKC2-kiYgT0n_yEW9YpShKA4xJRcUtDvlh0py0GR523Zk52iSA3zaRjrLKhuX7byJDYf2xGo1e37nuqLk0jsT2LiK8aKxXKPJyQx80ctpgthXna0vnUguGe_wMa7oG3NfH_mn8QdBu2oJq7vT6rQ1QGJAQAA:40
[  587735ms] [LOG] conteudoNovo Perguntas Frequentes @ https://d1hjvew1n9ss7u.cloudfront.net/asset.axd?id=iQEAAB-LCAAAAAAAAAOtkE0PATEQhv-KzHnp-qi1FQdxEyfcxKHaQYWtdKYiEX67WnF04vh-PZPMDQyDAsYri4O-aDLBnXnYMHsdCHkUedscQAZVKs19ZMyTcKC2-kiYgT0n_yEW9YpShKA4xJRcUtDvlh0py0GR523Zk52iSA3zaRjrLKhuX7byJDYf2xGo1e37nuqLk0jsT2LiK8aKxXKPJyQx80ctpgthXna0vnUguGe_wMa7oG3NfH_mn8QdBu2oJq7vT6rQ1QGJAQAA:40
[  587735ms] [LOG] conteudoNovo Como rastrear pedidos @ https://d1hjvew1n9ss7u.cloudfront.net/asset.axd?id=iQEAAB-LCAAAAAAAAAOtkE0PATEQhv-KzHnp-qi1FQdxEyfcxKHaQYWtdKYiEX67WnF04vh-PZPMDQyDAsYri4O-aDLBnXnYMHsdCHkUedscQAZVKs19ZMyTcKC2-kiYgT0n_yEW9YpShKA4xJRcUtDvlh0py0GR523Zk52iSA3zaRjrLKhuX7byJDYf2xGo1e37nuqLk0jsT2LiK8aKxXKPJyQx80ctpgthXna0vnUguGe_wMa7oG3NfH_mn8QdBu2oJq7vT6rQ1QGJAQAA:40
[  587735ms] [LOG] conteudoNovo Regulamento Promocional @ https://d1hjvew1n9ss7u.cloudfront.net/asset.axd?id=iQEAAB-LCAAAAAAAAAOtkE0PATEQhv-KzHnp-qi1FQdxEyfcxKHaQYWtdKYiEX67WnF04vh-PZPMDQyDAsYri4O-aDLBnXnYMHsdCHkUedscQAZVKs19ZMyTcKC2-kiYgT0n_yEW9YpShKA4xJRcUtDvlh0py0GR523Zk52iSA3zaRjrLKhuX7byJDYf2xGo1e37nuqLk0jsT2LiK8aKxXKPJyQx80ctpgthXna0vnUguGe_wMa7oG3NfH_mn8QdBu2oJq7vT6rQ1QGJAQAA:40
[  587735ms] [LOG] conteudoNovo Cashback @ https://d1hjvew1n9ss7u.cloudfront.net/asset.axd?id=iQEAAB-LCAAAAAAAAAOtkE0PATEQhv-KzHnp-qi1FQdxEyfcxKHaQYWtdKYiEX67WnF04vh-PZPMDQyDAsYri4O-aDLBnXnYMHsdCHkUedscQAZVKs19ZMyTcKC2-kiYgT0n_yEW9YpShKA4xJRcUtDvlh0py0GR523Zk52iSA3zaRjrLKhuX7byJDYf2xGo1e37nuqLk0jsT2LiK8aKxXKPJyQx80ctpgthXna0vnUguGe_wMa7oG3NfH_mn8QdBu2oJq7vT6rQ1QGJAQAA:40
[  587736ms] [LOG] conteudoNovo Quem somos @ https://d1hjvew1n9ss7u.cloudfront.net/asset.axd?id=iQEAAB-LCAAAAAAAAAOtkE0PATEQhv-KzHnp-qi1FQdxEyfcxKHaQYWtdKYiEX67WnF04vh-PZPMDQyDAsYri4O-aDLBnXnYMHsdCHkUedscQAZVKs19ZMyTcKC2-kiYgT0n_yEW9YpShKA4xJRcUtDvlh0py0GR523Zk52iSA3zaRjrLKhuX7byJDYf2xGo1e37nuqLk0jsT2LiK8aKxXKPJyQx80ctpgthXna0vnUguGe_wMa7oG3NfH_mn8QdBu2oJq7vT6rQ1QGJAQAA:40
[  587736ms] [LOG] conteudoNovo Este site é seguro? @ https://d1hjvew1n9ss7u.cloudfront.net/asset.axd?id=iQEAAB-LCAAAAAAAAAOtkE0PATEQhv-KzHnp-qi1FQdxEyfcxKHaQYWtdKYiEX67WnF04vh-PZPMDQyDAsYri4O-aDLBnXnYMHsdCHkUedscQAZVKs19ZMyTcKC2-kiYgT0n_yEW9YpShKA4xJRcUtDvlh0py0GR523Zk52iSA3zaRjrLKhuX7byJDYf2xGo1e37nuqLk0jsT2LiK8aKxXKPJyQx80ctpgthXna0vnUguGe_wMa7oG3NfH_mn8QdBu2oJq7vT6rQ1QGJAQAA:40
[  587736ms] [LOG] conteudoNovo Política de Cookies @ https://d1hjvew1n9ss7u.cloudfront.net/asset.axd?id=iQEAAB-LCAAAAAAAAAOtkE0PATEQhv-KzHnp-qi1FQdxEyfcxKHaQYWtdKYiEX67WnF04vh-PZPMDQyDAsYri4O-aDLBnXnYMHsdCHkUedscQAZVKs19ZMyTcKC2-kiYgT0n_yEW9YpShKA4xJRcUtDvlh0py0GR523Zk52iSA3zaRjrLKhuX7byJDYf2xGo1e37nuqLk0jsT2LiK8aKxXKPJyQx80ctpgthXna0vnUguGe_wMa7oG3NfH_mn8QdBu2oJq7vT6rQ1QGJAQAA:40
[  587736ms] [LOG] conteudoNovo Política de Privacidade @ https://d1hjvew1n9ss7u.cloudfront.net/asset.axd?id=iQEAAB-LCAAAAAAAAAOtkE0PATEQhv-KzHnp-qi1FQdxEyfcxKHaQYWtdKYiEX67WnF04vh-PZPMDQyDAsYri4O-aDLBnXnYMHsdCHkUedscQAZVKs19ZMyTcKC2-kiYgT0n_yEW9YpShKA4xJRcUtDvlh0py0GR523Zk52iSA3zaRjrLKhuX7byJDYf2xGo1e37nuqLk0jsT2LiK8aKxXKPJyQx80ctpgthXna0vnUguGe_wMa7oG3NfH_mn8QdBu2oJq7vT6rQ1QGJAQAA:40
[  587736ms] [LOG] conteudoNovo Nossa lojas @ https://d1hjvew1n9ss7u.cloudfront.net/asset.axd?id=iQEAAB-LCAAAAAAAAAOtkE0PATEQhv-KzHnp-qi1FQdxEyfcxKHaQYWtdKYiEX67WnF04vh-PZPMDQyDAsYri4O-aDLBnXnYMHsdCHkUedscQAZVKs19ZMyTcKC2-kiYgT0n_yEW9YpShKA4xJRcUtDvlh0py0GR523Zk52iSA3zaRjrLKhuX7byJDYf2xGo1e37nuqLk0jsT2LiK8aKxXKPJyQx80ctpgthXna0vnUguGe_wMa7oG3NfH_mn8QdBu2oJq7vT6rQ1QGJAQAA:40
[  587736ms] [LOG] conteudoNovo Trabalhe Conosco @ https://d1hjvew1n9ss7u.cloudfront.net/asset.axd?id=iQEAAB-LCAAAAAAAAAOtkE0PATEQhv-KzHnp-qi1FQdxEyfcxKHaQYWtdKYiEX67WnF04vh-PZPMDQyDAsYri4O-aDLBnXnYMHsdCHkUedscQAZVKs19ZMyTcKC2-kiYgT0n_yEW9YpShKA4xJRcUtDvlh0py0GR523Zk52iSA3zaRjrLKhuX7byJDYf2xGo1e37nuqLk0jsT2LiK8aKxXKPJyQx80ctpgthXna0vnUguGe_wMa7oG3NfH_mn8QdBu2oJq7vT6rQ1QGJAQAA:40
[  587736ms] [LOG] conteudoNovo Lola Lab @ https://d1hjvew1n9ss7u.cloudfront.net/asset.axd?id=iQEAAB-LCAAAAAAAAAOtkE0PATEQhv-KzHnp-qi1FQdxEyfcxKHaQYWtdKYiEX67WnF04vh-PZPMDQyDAsYri4O-aDLBnXnYMHsdCHkUedscQAZVKs19ZMyTcKC2-kiYgT0n_yEW9YpShKA4xJRcUtDvlh0py0GR523Zk52iSA3zaRjrLKhuX7byJDYf2xGo1e37nuqLk0jsT2LiK8aKxXKPJyQx80ctpgthXna0vnUguGe_wMa7oG3NfH_mn8QdBu2oJq7vT6rQ1QGJAQAA:40
[  587736ms] [LOG] conteudoNovo Revenda @ https://d1hjvew1n9ss7u.cloudfront.net/asset.axd?id=iQEAAB-LCAAAAAAAAAOtkE0PATEQhv-KzHnp-qi1FQdxEyfcxKHaQYWtdKYiEX67WnF04vh-PZPMDQyDAsYri4O-aDLBnXnYMHsdCHkUedscQAZVKs19ZMyTcKC2-kiYgT0n_yEW9YpShKA4xJRcUtDvlh0py0GR523Zk52iSA3zaRjrLKhuX7byJDYf2xGo1e37nuqLk0jsT2LiK8aKxXKPJyQx80ctpgthXna0vnUguGe_wMa7oG3NfH_mn8QdBu2oJq7vT6rQ1QGJAQAA:40
[  587736ms] [LOG] conteudoNovo Afiliados @ https://d1hjvew1n9ss7u.cloudfront.net/asset.axd?id=iQEAAB-LCAAAAAAAAAOtkE0PATEQhv-KzHnp-qi1FQdxEyfcxKHaQYWtdKYiEX67WnF04vh-PZPMDQyDAsYri4O-aDLBnXnYMHsdCHkUedscQAZVKs19ZMyTcKC2-kiYgT0n_yEW9YpShKA4xJRcUtDvlh0py0GR523Zk52iSA3zaRjrLKhuX7byJDYf2xGo1e37nuqLk0jsT2LiK8aKxXKPJyQx80ctpgthXna0vnUguGe_wMa7oG3NfH_mn8QdBu2oJq7vT6rQ1QGJAQAA:40
[  587736ms] [LOG] conteudoNovo Prazos de atendimento @ https://d1hjvew1n9ss7u.cloudfront.net/asset.axd?id=iQEAAB-LCAAAAAAAAAOtkE0PATEQhv-KzHnp-qi1FQdxEyfcxKHaQYWtdKYiEX67WnF04vh-PZPMDQyDAsYri4O-aDLBnXnYMHsdCHkUedscQAZVKs19ZMyTcKC2-kiYgT0n_yEW9YpShKA4xJRcUtDvlh0py0GR523Zk52iSA3zaRjrLKhuX7byJDYf2xGo1e37nuqLk0jsT2LiK8aKxXKPJyQx80ctpgthXna0vnUguGe_wMa7oG3NfH_mn8QdBu2oJq7vT6rQ1QGJAQAA:40
[  587736ms] [LOG] conteudoNovo Entrega e envios @ https://d1hjvew1n9ss7u.cloudfront.net/asset.axd?id=iQEAAB-LCAAAAAAAAAOtkE0PATEQhv-KzHnp-qi1FQdxEyfcxKHaQYWtdKYiEX67WnF04vh-PZPMDQyDAsYri4O-aDLBnXnYMHsdCHkUedscQAZVKs19ZMyTcKC2-kiYgT0n_yEW9YpShKA4xJRcUtDvlh0py0GR523Zk52iSA3zaRjrLKhuX7byJDYf2xGo1e37nuqLk0jsT2LiK8aKxXKPJyQx80ctpgthXna0vnUguGe_wMa7oG3NfH_mn8QdBu2oJq7vT6rQ1QGJAQAA:40
[  587736ms] [LOG] conteudoNovo Pagamento @ https://d1hjvew1n9ss7u.cloudfront.net/asset.axd?id=iQEAAB-LCAAAAAAAAAOtkE0PATEQhv-KzHnp-qi1FQdxEyfcxKHaQYWtdKYiEX67WnF04vh-PZPMDQyDAsYri4O-aDLBnXnYMHsdCHkUedscQAZVKs19ZMyTcKC2-kiYgT0n_yEW9YpShKA4xJRcUtDvlh0py0GR523Zk52iSA3zaRjrLKhuX7byJDYf2xGo1e37nuqLk0jsT2LiK8aKxXKPJyQx80ctpgthXna0vnUguGe_wMa7oG3NfH_mn8QdBu2oJq7vT6rQ1QGJAQAA:40
[  587736ms] [LOG] conteudoNovo Trocas e devoluções @ https://d1hjvew1n9ss7u.cloudfront.net/asset.axd?id=iQEAAB-LCAAAAAAAAAOtkE0PATEQhv-KzHnp-qi1FQdxEyfcxKHaQYWtdKYiEX67WnF04vh-PZPMDQyDAsYri4O-aDLBnXnYMHsdCHkUedscQAZVKs19ZMyTcKC2-kiYgT0n_yEW9YpShKA4xJRcUtDvlh0py0GR523Zk52iSA3zaRjrLKhuX7byJDYf2xGo1e37nuqLk0jsT2LiK8aKxXKPJyQx80ctpgthXna0vnUguGe_wMa7oG3NfH_mn8QdBu2oJq7vT6rQ1QGJAQAA:40
[  587736ms] [LOG] conteudoNovo Perguntas Frequentes @ https://d1hjvew1n9ss7u.cloudfront.net/asset.axd?id=iQEAAB-LCAAAAAAAAAOtkE0PATEQhv-KzHnp-qi1FQdxEyfcxKHaQYWtdKYiEX67WnF04vh-PZPMDQyDAsYri4O-aDLBnXnYMHsdCHkUedscQAZVKs19ZMyTcKC2-kiYgT0n_yEW9YpShKA4xJRcUtDvlh0py0GR523Zk52iSA3zaRjrLKhuX7byJDYf2xGo1e37nuqLk0jsT2LiK8aKxXKPJyQx80ctpgthXna0vnUguGe_wMa7oG3NfH_mn8QdBu2oJq7vT6rQ1QGJAQAA:40
[  587736ms] [LOG] conteudoNovo Como rastrear pedidos @ https://d1hjvew1n9ss7u.cloudfront.net/asset.axd?id=iQEAAB-LCAAAAAAAAAOtkE0PATEQhv-KzHnp-qi1FQdxEyfcxKHaQYWtdKYiEX67WnF04vh-PZPMDQyDAsYri4O-aDLBnXnYMHsdCHkUedscQAZVKs19ZMyTcKC2-kiYgT0n_yEW9YpShKA4xJRcUtDvlh0py0GR523Zk52iSA3zaRjrLKhuX7byJDYf2xGo1e37nuqLk0jsT2LiK8aKxXKPJyQx80ctpgthXna0vnUguGe_wMa7oG3NfH_mn8QdBu2oJq7vT6rQ1QGJAQAA:40
[  587736ms] [LOG] conteudoNovo Regulamento Promocional @ https://d1hjvew1n9ss7u.cloudfront.net/asset.axd?id=iQEAAB-LCAAAAAAAAAOtkE0PATEQhv-KzHnp-qi1FQdxEyfcxKHaQYWtdKYiEX67WnF04vh-PZPMDQyDAsYri4O-aDLBnXnYMHsdCHkUedscQAZVKs19ZMyTcKC2-kiYgT0n_yEW9YpShKA4xJRcUtDvlh0py0GR523Zk52iSA3zaRjrLKhuX7byJDYf2xGo1e37nuqLk0jsT2LiK8aKxXKPJyQx80ctpgthXna0vnUguGe_wMa7oG3NfH_mn8QdBu2oJq7vT6rQ1QGJAQAA:40
[  587736ms] [LOG] conteudoNovo Cashback @ https://d1hjvew1n9ss7u.cloudfront.net/asset.axd?id=iQEAAB-LCAAAAAAAAAOtkE0PATEQhv-KzHnp-qi1FQdxEyfcxKHaQYWtdKYiEX67WnF04vh-PZPMDQyDAsYri4O-aDLBnXnYMHsdCHkUedscQAZVKs19ZMyTcKC2-kiYgT0n_yEW9YpShKA4xJRcUtDvlh0py0GR523Zk52iSA3zaRjrLKhuX7byJDYf2xGo1e37nuqLk0jsT2LiK8aKxXKPJyQx80ctpgthXna0vnUguGe_wMa7oG3NfH_mn8QdBu2oJq7vT6rQ1QGJAQAA:40
[  587742ms] [WARNING] !! Há erros de scripts de terceiros !!
Por favor, contate a Empresa responsável pelo script.  @ https://d1hjvew1n9ss7u.cloudfront.net/assets/shjs.js?t=639255987001545277:0
[  587760ms] Uncaught Error: You must pass a string or Handlebars AST to Handlebars.compile. You passed null
    at e.compile (https://d1hjvew1n9ss7u.cloudfront.net/asset.axd?id=iQEAAB-LCAAAAAAAAAOtkE0PATEQhv-KzHnp-qi1FQdxEyfcxKHaQYWtdKYiEX67WnF04vh-PZPMDQyDAsYri4O-aDLBnXnYMHsdCHkUedscQAZVKs19ZMyTcKC2-kiYgT0n_yEW9YpShKA4xJRcUtDvlh0py0GR523Zk52iSA3zaRjrLKhuX7byJDYf2xGo1e37nuqLk0jsT2LiK8aKxXKPJyQx80ctpgthXna0vnUguGe_wMa7oG3NfH_mn8QdBu2oJq7vT6rQ1QGJAQAA:1843:49302)
    at i.compile (https://d1hjvew1n9ss7u.cloudfront.net/asset.axd?id=iQEAAB-LCAAAAAAAAAOtkE0PATEQhv-KzHnp-qi1FQdxEyfcxKHaQYWtdKYiEX67WnF04vh-PZPMDQyDAsYri4O-aDLBnXnYMHsdCHkUedscQAZVKs19ZMyTcKC2-kiYgT0n_yEW9YpShKA4xJRcUtDvlh0py0GR523Zk52iSA3zaRjrLKhuX7byJDYf2xGo1e37nuqLk0jsT2LiK8aKxXKPJyQx80ctpgthXna0vnUguGe_wMa7oG3NfH_mn8QdBu2oJq7vT6rQ1QGJAQAA:1843:343)
    at renderBasket (https://d1hjvew1n9ss7u.cloudfront.net/asset.axd?id=iQEAAB-LCAAAAAAAAAOtkE0PATEQhv-KzHnp-qi1FQdxEyfcxKHaQYWtdKYiEX67WnF04vh-PZPMDQyDAsYri4O-aDLBnXnYMHsdCHkUedscQAZVKs19ZMyTcKC2-kiYgT0n_yEW9YpShKA4xJRcUtDvlh0py0GR523Zk52iSA3zaRjrLKhuX7byJDYf2xGo1e37nuqLk0jsT2LiK8aKxXKPJyQx80ctpgthXna0vnUguGe_wMa7oG3NfH_mn8QdBu2oJq7vT6rQ1QGJAQAA:78:27)
    at <anonymous> (https://d1hjvew1n9ss7u.cloudfront.net/asset.axd?id=iQEAAB-LCAAAAAAAAAOtkE0PATEQhv-KzHnp-qi1FQdxEyfcxKHaQYWtdKYiEX67WnF04vh-PZPMDQyDAsYri4O-aDLBnXnYMHsdCHkUedscQAZVKs19ZMyTcKC2-kiYgT0n_yEW9YpShKA4xJRcUtDvlh0py0GR523Zk52iSA3zaRjrLKhuX7byJDYf2xGo1e37nuqLk0jsT2LiK8aKxXKPJyQx80ctpgthXna0vnUguGe_wMa7oG3NfH_mn8QdBu2oJq7vT6rQ1QGJAQAA:269:1)
    at f (https://d1hjvew1n9ss7u.cloudfront.net/assets/shjs.js?t=639255987001545277:0:10382)
    at fireWith (https://d1hjvew1n9ss7u.cloudfront.net/assets/shjs.js?t=639255987001545277:0:11137)
    at ready (https://d1hjvew1n9ss7u.cloudfront.net/assets/shjs.js?t=639255987001545277:0:5238)
    at r (https://d1hjvew1n9ss7u.cloudfront.net/assets/shjs.js?t=639255987001545277:0:9748)
[  587747ms] [VERBOSE] [DOM] Input elements should have autocomplete attributes (suggested: "current-password"): (More info: https://goo.gl/9p2vKq) %o @ https://www.lolacosmetics.com.br/conteudo/ajuda/cashback:0
[  587748ms] [VERBOSE] [DOM] Input elements should have autocomplete attributes (suggested: "current-password"): (More info: https://goo.gl/9p2vKq) %o @ https://www.lolacosmetics.com.br/conteudo/ajuda/cashback:0
[  587824ms] [LOG] AffiseStorage availability: {cookie: true, localStorage: true, sessionStorage: true} @ https://rankmediabrasil.g2afse.com/websdk.js:0
[  587832ms] [LOG] Status RNK Media - ClickId: null UTM: null @ :3
[  588588ms] [WARNING] [Meta Pixel] - Invalid parameter format for currency. Please refer https://developers.facebook.com/docs/meta-pixel/reference/ for valid parameter specifications. @ https://connect.facebook.net/en_US/fbevents.js:203
[  589220ms] Uncaught TypeError: Cannot read properties of undefined (reading 'replace')
    at validaFreteGratis (https://d1hjvew1n9ss7u.cloudfront.net/asset.axd?id=iQEAAB-LCAAAAAAAAAOtkE0PATEQhv-KzHnp-qi1FQdxEyfcxKHaQYWtdKYiEX67WnF04vh-PZPMDQyDAsYri4O-aDLBnXnYMHsdCHkUedscQAZVKs19ZMyTcKC2-kiYgT0n_yEW9YpShKA4xJRcUtDvlh0py0GR523Zk52iSA3zaRjrLKhuX7byJDYf2xGo1e37nuqLk0jsT2LiK8aKxXKPJyQx80ctpgthXna0vnUguGe_wMa7oG3NfH_mn8QdBu2oJq7vT6rQ1QGJAQAA:50:7633)
    at <anonymous> (https://d1hjvew1n9ss7u.cloudfront.net/asset.axd?id=iQEAAB-LCAAAAAAAAAOtkE0PATEQhv-KzHnp-qi1FQdxEyfcxKHaQYWtdKYiEX67WnF04vh-PZPMDQyDAsYri4O-aDLBnXnYMHsdCHkUedscQAZVKs19ZMyTcKC2-kiYgT0n_yEW9YpShKA4xJRcUtDvlh0py0GR523Zk52iSA3zaRjrLKhuX7byJDYf2xGo1e37nuqLk0jsT2LiK8aKxXKPJyQx80ctpgthXna0vnUguGe_wMa7oG3NfH_mn8QdBu2oJq7vT6rQ1QGJAQAA:50:49808)
    at dispatch (https://d1hjvew1n9ss7u.cloudfront.net/assets/shjs.js?t=639255987001545277:0:32701)
    at a (https://d1hjvew1n9ss7u.cloudfront.net/assets/shjs.js?t=639255987001545277:0:28480)
[  589216ms] [LOG] Banner não encontrado: banner-232 @ https://d1hjvew1n9ss7u.cloudfront.net/asset.axd?id=iQEAAB-LCAAAAAAAAAOtkE0PATEQhv-KzHnp-qi1FQdxEyfcxKHaQYWtdKYiEX67WnF04vh-PZPMDQyDAsYri4O-aDLBnXnYMHsdCHkUedscQAZVKs19ZMyTcKC2-kiYgT0n_yEW9YpShKA4xJRcUtDvlh0py0GR523Zk52iSA3zaRjrLKhuX7byJDYf2xGo1e37nuqLk0jsT2LiK8aKxXKPJyQx80ctpgthXna0vnUguGe_wMa7oG3NfH_mn8QdBu2oJq7vT6rQ1QGJAQAA:803
[  589231ms] [LOG] %c Widde Video Commerce %c v24604ee %c Build: 21/09/2026 20:39 %c border: 1px solid #2567f8; background: #2567f8; color: #fff; font-weight: bold; padding: 4px 8px; border-radius: 3px 0 0 0; border: 1px solid #2567f8; border-left: none; background: #FFF; color: #2567f8; font-weight: bold; padding: 4px 8px; border: 1px solid #2567f8; border-left: none; background: #f0f0f0; color: #333; font-weight: bold; padding: 4px 8px; border-radius: 0 3px 3px 0; background: transparent @ https://cdn.widde.io/assets/main.utzwjalemu.js:0
[  589275ms] [LOG] %c Tryon Widde.io %c %s %c border: 1px solid #2567f8; background: #2567f8; color: #fff; font-weight: bold; padding: 4px 8px; border-radius: 3px 0 0 3px; border: 1px solid #2567f8; background: #FFF; color: #2567f8; font-weight: bold; padding: 4px 8px; border-radius: 0 3px 3px 0; 47bf7c2 background: transparent @ https://cdn-tryon.widde.io/widde-tryon.js:86
[  589316ms] [LOG] [tryon-tracker] initialized {domain: www.lolacosmetics.com.br} @ https://cdn-tryon.widde.io/widde-tryon.js:8
[  595799ms] [WARNING] Error with Feature-Policy header: Some features are specified in both Feature-Policy and Permissions-Policy header: payment, fullscreen, microphone, camera. Values defined in Permissions-Policy header will be used. @ :0
[  596179ms] [ERROR] Failed to load resource: the server responded with a status of 500 () @ https://fonts.cdnfonts.com/css/leelawade:0
[  596460ms] [ERROR] Failed to load resource: the server responded with a status of 404 () @ https://lolacosmetics.admin.linxcommerce.com.br/Custom/Content/Themes/Lola/Styles/Fonts/FontAwesome/all.css:0
[  596733ms] [LOG] Banner não encontrado: banner-232 @ https://d1hjvew1n9ss7u.cloudfront.net/asset.axd?id=iQEAAB-LCAAAAAAAAAOtkE0PATEQhv-KzHnp-qi1FQdxEyfcxKHaQYWtdKYiEX67WnF04vh-PZPMDQyDAsYri4O-aDLBnXnYMHsdCHkUedscQAZVKs19ZMyTcKC2-kiYgT0n_yEW9YpShKA4xJRcUtDvlh0py0GR523Zk52iSA3zaRjrLKhuX7byJDYf2xGo1e37nuqLk0jsT2LiK8aKxXKPJyQx80ctpgthXna0vnUguGe_wMa7oG3NfH_mn8QdBu2oJq7vT6rQ1QGJAQAA:803
[  596739ms] [LOG] [Debug Carrinho] Polling ativo @ https://d1hjvew1n9ss7u.cloudfront.net/asset.axd?id=iQEAAB-LCAAAAAAAAAOtkE0PATEQhv-KzHnp-qi1FQdxEyfcxKHaQYWtdKYiEX67WnF04vh-PZPMDQyDAsYri4O-aDLBnXnYMHsdCHkUedscQAZVKs19ZMyTcKC2-kiYgT0n_yEW9YpShKA4xJRcUtDvlh0py0GR523Zk52iSA3zaRjrLKhuX7byJDYf2xGo1e37nuqLk0jsT2LiK8aKxXKPJyQx80ctpgthXna0vnUguGe_wMa7oG3NfH_mn8QdBu2oJq7vT6rQ1QGJAQAA:1839
[  596848ms] [LOG] teste @ https://d1hjvew1n9ss7u.cloudfront.net/asset.axd?id=iQEAAB-LCAAAAAAAAAOtkE0PATEQhv-KzHnp-qi1FQdxEyfcxKHaQYWtdKYiEX67WnF04vh-PZPMDQyDAsYri4O-aDLBnXnYMHsdCHkUedscQAZVKs19ZMyTcKC2-kiYgT0n_yEW9YpShKA4xJRcUtDvlh0py0GR523Zk52iSA3zaRjrLKhuX7byJDYf2xGo1e37nuqLk0jsT2LiK8aKxXKPJyQx80ctpgthXna0vnUguGe_wMa7oG3NfH_mn8QdBu2oJq7vT6rQ1QGJAQAA:3
[  596848ms] [LOG] conteudo Como rastrear pedidos @ https://d1hjvew1n9ss7u.cloudfront.net/asset.axd?id=iQEAAB-LCAAAAAAAAAOtkE0PATEQhv-KzHnp-qi1FQdxEyfcxKHaQYWtdKYiEX67WnF04vh-PZPMDQyDAsYri4O-aDLBnXnYMHsdCHkUedscQAZVKs19ZMyTcKC2-kiYgT0n_yEW9YpShKA4xJRcUtDvlh0py0GR523Zk52iSA3zaRjrLKhuX7byJDYf2xGo1e37nuqLk0jsT2LiK8aKxXKPJyQx80ctpgthXna0vnUguGe_wMa7oG3NfH_mn8QdBu2oJq7vT6rQ1QGJAQAA:36
[  596849ms] [LOG] conteudoNovo Prazos de atendimento @ https://d1hjvew1n9ss7u.cloudfront.net/asset.axd?id=iQEAAB-LCAAAAAAAAAOtkE0PATEQhv-KzHnp-qi1FQdxEyfcxKHaQYWtdKYiEX67WnF04vh-PZPMDQyDAsYri4O-aDLBnXnYMHsdCHkUedscQAZVKs19ZMyTcKC2-kiYgT0n_yEW9YpShKA4xJRcUtDvlh0py0GR523Zk52iSA3zaRjrLKhuX7byJDYf2xGo1e37nuqLk0jsT2LiK8aKxXKPJyQx80ctpgthXna0vnUguGe_wMa7oG3NfH_mn8QdBu2oJq7vT6rQ1QGJAQAA:40
[  596849ms] [LOG] conteudoNovo Entrega e envios @ https://d1hjvew1n9ss7u.cloudfront.net/asset.axd?id=iQEAAB-LCAAAAAAAAAOtkE0PATEQhv-KzHnp-qi1FQdxEyfcxKHaQYWtdKYiEX67WnF04vh-PZPMDQyDAsYri4O-aDLBnXnYMHsdCHkUedscQAZVKs19ZMyTcKC2-kiYgT0n_yEW9YpShKA4xJRcUtDvlh0py0GR523Zk52iSA3zaRjrLKhuX7byJDYf2xGo1e37nuqLk0jsT2LiK8aKxXKPJyQx80ctpgthXna0vnUguGe_wMa7oG3NfH_mn8QdBu2oJq7vT6rQ1QGJAQAA:40
[  596849ms] [LOG] conteudoNovo Pagamento @ https://d1hjvew1n9ss7u.cloudfront.net/asset.axd?id=iQEAAB-LCAAAAAAAAAOtkE0PATEQhv-KzHnp-qi1FQdxEyfcxKHaQYWtdKYiEX67WnF04vh-PZPMDQyDAsYri4O-aDLBnXnYMHsdCHkUedscQAZVKs19ZMyTcKC2-kiYgT0n_yEW9YpShKA4xJRcUtDvlh0py0GR523Zk52iSA3zaRjrLKhuX7byJDYf2xGo1e37nuqLk0jsT2LiK8aKxXKPJyQx80ctpgthXna0vnUguGe_wMa7oG3NfH_mn8QdBu2oJq7vT6rQ1QGJAQAA:40
[  596849ms] [LOG] conteudoNovo Trocas e devoluções @ https://d1hjvew1n9ss7u.cloudfront.net/asset.axd?id=iQEAAB-LCAAAAAAAAAOtkE0PATEQhv-KzHnp-qi1FQdxEyfcxKHaQYWtdKYiEX67WnF04vh-PZPMDQyDAsYri4O-aDLBnXnYMHsdCHkUedscQAZVKs19ZMyTcKC2-kiYgT0n_yEW9YpShKA4xJRcUtDvlh0py0GR523Zk52iSA3zaRjrLKhuX7byJDYf2xGo1e37nuqLk0jsT2LiK8aKxXKPJyQx80ctpgthXna0vnUguGe_wMa7oG3NfH_mn8QdBu2oJq7vT6rQ1QGJAQAA:40
[  596849ms] [LOG] conteudoNovo Perguntas Frequentes @ https://d1hjvew1n9ss7u.cloudfront.net/asset.axd?id=iQEAAB-LCAAAAAAAAAOtkE0PATEQhv-KzHnp-qi1FQdxEyfcxKHaQYWtdKYiEX67WnF04vh-PZPMDQyDAsYri4O-aDLBnXnYMHsdCHkUedscQAZVKs19ZMyTcKC2-kiYgT0n_yEW9YpShKA4xJRcUtDvlh0py0GR523Zk52iSA3zaRjrLKhuX7byJDYf2xGo1e37nuqLk0jsT2LiK8aKxXKPJyQx80ctpgthXna0vnUguGe_wMa7oG3NfH_mn8QdBu2oJq7vT6rQ1QGJAQAA:40
[  596849ms] [LOG] conteudoNovo Como rastrear pedidos @ https://d1hjvew1n9ss7u.cloudfront.net/asset.axd?id=iQEAAB-LCAAAAAAAAAOtkE0PATEQhv-KzHnp-qi1FQdxEyfcxKHaQYWtdKYiEX67WnF04vh-PZPMDQyDAsYri4O-aDLBnXnYMHsdCHkUedscQAZVKs19ZMyTcKC2-kiYgT0n_yEW9YpShKA4xJRcUtDvlh0py0GR523Zk52iSA3zaRjrLKhuX7byJDYf2xGo1e37nuqLk0jsT2LiK8aKxXKPJyQx80ctpgthXna0vnUguGe_wMa7oG3NfH_mn8QdBu2oJq7vT6rQ1QGJAQAA:40
[  596849ms] [LOG] conteudoNovo Regulamento Promocional @ https://d1hjvew1n9ss7u.cloudfront.net/asset.axd?id=iQEAAB-LCAAAAAAAAAOtkE0PATEQhv-KzHnp-qi1FQdxEyfcxKHaQYWtdKYiEX67WnF04vh-PZPMDQyDAsYri4O-aDLBnXnYMHsdCHkUedscQAZVKs19ZMyTcKC2-kiYgT0n_yEW9YpShKA4xJRcUtDvlh0py0GR523Zk52iSA3zaRjrLKhuX7byJDYf2xGo1e37nuqLk0jsT2LiK8aKxXKPJyQx80ctpgthXna0vnUguGe_wMa7oG3NfH_mn8QdBu2oJq7vT6rQ1QGJAQAA:40
[  596849ms] [LOG] conteudoNovo Cashback @ https://d1hjvew1n9ss7u.cloudfront.net/asset.axd?id=iQEAAB-LCAAAAAAAAAOtkE0PATEQhv-KzHnp-qi1FQdxEyfcxKHaQYWtdKYiEX67WnF04vh-PZPMDQyDAsYri4O-aDLBnXnYMHsdCHkUedscQAZVKs19ZMyTcKC2-kiYgT0n_yEW9YpShKA4xJRcUtDvlh0py0GR523Zk52iSA3zaRjrLKhuX7byJDYf2xGo1e37nuqLk0jsT2LiK8aKxXKPJyQx80ctpgthXna0vnUguGe_wMa7oG3NfH_mn8QdBu2oJq7vT6rQ1QGJAQAA:40
[  596849ms] [LOG] conteudoNovo Quem somos @ https://d1hjvew1n9ss7u.cloudfront.net/asset.axd?id=iQEAAB-LCAAAAAAAAAOtkE0PATEQhv-KzHnp-qi1FQdxEyfcxKHaQYWtdKYiEX67WnF04vh-PZPMDQyDAsYri4O-aDLBnXnYMHsdCHkUedscQAZVKs19ZMyTcKC2-kiYgT0n_yEW9YpShKA4xJRcUtDvlh0py0GR523Zk52iSA3zaRjrLKhuX7byJDYf2xGo1e37nuqLk0jsT2LiK8aKxXKPJyQx80ctpgthXna0vnUguGe_wMa7oG3NfH_mn8QdBu2oJq7vT6rQ1QGJAQAA:40
[  596849ms] [LOG] conteudoNovo Este site é seguro? @ https://d1hjvew1n9ss7u.cloudfront.net/asset.axd?id=iQEAAB-LCAAAAAAAAAOtkE0PATEQhv-KzHnp-qi1FQdxEyfcxKHaQYWtdKYiEX67WnF04vh-PZPMDQyDAsYri4O-aDLBnXnYMHsdCHkUedscQAZVKs19ZMyTcKC2-kiYgT0n_yEW9YpShKA4xJRcUtDvlh0py0GR523Zk52iSA3zaRjrLKhuX7byJDYf2xGo1e37nuqLk0jsT2LiK8aKxXKPJyQx80ctpgthXna0vnUguGe_wMa7oG3NfH_mn8QdBu2oJq7vT6rQ1QGJAQAA:40
[  596849ms] [LOG] conteudoNovo Política de Cookies @ https://d1hjvew1n9ss7u.cloudfront.net/asset.axd?id=iQEAAB-LCAAAAAAAAAOtkE0PATEQhv-KzHnp-qi1FQdxEyfcxKHaQYWtdKYiEX67WnF04vh-PZPMDQyDAsYri4O-aDLBnXnYMHsdCHkUedscQAZVKs19ZMyTcKC2-kiYgT0n_yEW9YpShKA4xJRcUtDvlh0py0GR523Zk52iSA3zaRjrLKhuX7byJDYf2xGo1e37nuqLk0jsT2LiK8aKxXKPJyQx80ctpgthXna0vnUguGe_wMa7oG3NfH_mn8QdBu2oJq7vT6rQ1QGJAQAA:40
[  596849ms] [LOG] conteudoNovo Política de Privacidade @ https://d1hjvew1n9ss7u.cloudfront.net/asset.axd?id=iQEAAB-LCAAAAAAAAAOtkE0PATEQhv-KzHnp-qi1FQdxEyfcxKHaQYWtdKYiEX67WnF04vh-PZPMDQyDAsYri4O-aDLBnXnYMHsdCHkUedscQAZVKs19ZMyTcKC2-kiYgT0n_yEW9YpShKA4xJRcUtDvlh0py0GR523Zk52iSA3zaRjrLKhuX7byJDYf2xGo1e37nuqLk0jsT2LiK8aKxXKPJyQx80ctpgthXna0vnUguGe_wMa7oG3NfH_mn8QdBu2oJq7vT6rQ1QGJAQAA:40
[  596849ms] [LOG] conteudoNovo Nossa lojas @ https://d1hjvew1n9ss7u.cloudfront.net/asset.axd?id=iQEAAB-LCAAAAAAAAAOtkE0PATEQhv-KzHnp-qi1FQdxEyfcxKHaQYWtdKYiEX67WnF04vh-PZPMDQyDAsYri4O-aDLBnXnYMHsdCHkUedscQAZVKs19ZMyTcKC2-kiYgT0n_yEW9YpShKA4xJRcUtDvlh0py0GR523Zk52iSA3zaRjrLKhuX7byJDYf2xGo1e37nuqLk0jsT2LiK8aKxXKPJyQx80ctpgthXna0vnUguGe_wMa7oG3NfH_mn8QdBu2oJq7vT6rQ1QGJAQAA:40
[  596849ms] [LOG] conteudoNovo Trabalhe Conosco @ https://d1hjvew1n9ss7u.cloudfront.net/asset.axd?id=iQEAAB-LCAAAAAAAAAOtkE0PATEQhv-KzHnp-qi1FQdxEyfcxKHaQYWtdKYiEX67WnF04vh-PZPMDQyDAsYri4O-aDLBnXnYMHsdCHkUedscQAZVKs19ZMyTcKC2-kiYgT0n_yEW9YpShKA4xJRcUtDvlh0py0GR523Zk52iSA3zaRjrLKhuX7byJDYf2xGo1e37nuqLk0jsT2LiK8aKxXKPJyQx80ctpgthXna0vnUguGe_wMa7oG3NfH_mn8QdBu2oJq7vT6rQ1QGJAQAA:40
[  596849ms] [LOG] conteudoNovo Lola Lab @ https://d1hjvew1n9ss7u.cloudfront.net/asset.axd?id=iQEAAB-LCAAAAAAAAAOtkE0PATEQhv-KzHnp-qi1FQdxEyfcxKHaQYWtdKYiEX67WnF04vh-PZPMDQyDAsYri4O-aDLBnXnYMHsdCHkUedscQAZVKs19ZMyTcKC2-kiYgT0n_yEW9YpShKA4xJRcUtDvlh0py0GR523Zk52iSA3zaRjrLKhuX7byJDYf2xGo1e37nuqLk0jsT2LiK8aKxXKPJyQx80ctpgthXna0vnUguGe_wMa7oG3NfH_mn8QdBu2oJq7vT6rQ1QGJAQAA:40
[  596849ms] [LOG] conteudoNovo Revenda @ https://d1hjvew1n9ss7u.cloudfront.net/asset.axd?id=iQEAAB-LCAAAAAAAAAOtkE0PATEQhv-KzHnp-qi1FQdxEyfcxKHaQYWtdKYiEX67WnF04vh-PZPMDQyDAsYri4O-aDLBnXnYMHsdCHkUedscQAZVKs19ZMyTcKC2-kiYgT0n_yEW9YpShKA4xJRcUtDvlh0py0GR523Zk52iSA3zaRjrLKhuX7byJDYf2xGo1e37nuqLk0jsT2LiK8aKxXKPJyQx80ctpgthXna0vnUguGe_wMa7oG3NfH_mn8QdBu2oJq7vT6rQ1QGJAQAA:40
[  596849ms] [LOG] conteudoNovo Afiliados @ https://d1hjvew1n9ss7u.cloudfront.net/asset.axd?id=iQEAAB-LCAAAAAAAAAOtkE0PATEQhv-KzHnp-qi1FQdxEyfcxKHaQYWtdKYiEX67WnF04vh-PZPMDQyDAsYri4O-aDLBnXnYMHsdCHkUedscQAZVKs19ZMyTcKC2-kiYgT0n_yEW9YpShKA4xJRcUtDvlh0py0GR523Zk52iSA3zaRjrLKhuX7byJDYf2xGo1e37nuqLk0jsT2LiK8aKxXKPJyQx80ctpgthXna0vnUguGe_wMa7oG3NfH_mn8QdBu2oJq7vT6rQ1QGJAQAA:40
[  596849ms] [LOG] conteudoNovo Prazos de atendimento @ https://d1hjvew1n9ss7u.cloudfront.net/asset.axd?id=iQEAAB-LCAAAAAAAAAOtkE0PATEQhv-KzHnp-qi1FQdxEyfcxKHaQYWtdKYiEX67WnF04vh-PZPMDQyDAsYri4O-aDLBnXnYMHsdCHkUedscQAZVKs19ZMyTcKC2-kiYgT0n_yEW9YpShKA4xJRcUtDvlh0py0GR523Zk52iSA3zaRjrLKhuX7byJDYf2xGo1e37nuqLk0jsT2LiK8aKxXKPJyQx80ctpgthXna0vnUguGe_wMa7oG3NfH_mn8QdBu2oJq7vT6rQ1QGJAQAA:40
[  596849ms] [LOG] conteudoNovo Entrega e envios @ https://d1hjvew1n9ss7u.cloudfront.net/asset.axd?id=iQEAAB-LCAAAAAAAAAOtkE0PATEQhv-KzHnp-qi1FQdxEyfcxKHaQYWtdKYiEX67WnF04vh-PZPMDQyDAsYri4O-aDLBnXnYMHsdCHkUedscQAZVKs19ZMyTcKC2-kiYgT0n_yEW9YpShKA4xJRcUtDvlh0py0GR523Zk52iSA3zaRjrLKhuX7byJDYf2xGo1e37nuqLk0jsT2LiK8aKxXKPJyQx80ctpgthXna0vnUguGe_wMa7oG3NfH_mn8QdBu2oJq7vT6rQ1QGJAQAA:40
[  596849ms] [LOG] conteudoNovo Pagamento @ https://d1hjvew1n9ss7u.cloudfront.net/asset.axd?id=iQEAAB-LCAAAAAAAAAOtkE0PATEQhv-KzHnp-qi1FQdxEyfcxKHaQYWtdKYiEX67WnF04vh-PZPMDQyDAsYri4O-aDLBnXnYMHsdCHkUedscQAZVKs19ZMyTcKC2-kiYgT0n_yEW9YpShKA4xJRcUtDvlh0py0GR523Zk52iSA3zaRjrLKhuX7byJDYf2xGo1e37nuqLk0jsT2LiK8aKxXKPJyQx80ctpgthXna0vnUguGe_wMa7oG3NfH_mn8QdBu2oJq7vT6rQ1QGJAQAA:40
[  596849ms] [LOG] conteudoNovo Trocas e devoluções @ https://d1hjvew1n9ss7u.cloudfront.net/asset.axd?id=iQEAAB-LCAAAAAAAAAOtkE0PATEQhv-KzHnp-qi1FQdxEyfcxKHaQYWtdKYiEX67WnF04vh-PZPMDQyDAsYri4O-aDLBnXnYMHsdCHkUedscQAZVKs19ZMyTcKC2-kiYgT0n_yEW9YpShKA4xJRcUtDvlh0py0GR523Zk52iSA3zaRjrLKhuX7byJDYf2xGo1e37nuqLk0jsT2LiK8aKxXKPJyQx80ctpgthXna0vnUguGe_wMa7oG3NfH_mn8QdBu2oJq7vT6rQ1QGJAQAA:40
[  596851ms] [LOG] conteudoNovo Perguntas Frequentes @ https://d1hjvew1n9ss7u.cloudfront.net/asset.axd?id=iQEAAB-LCAAAAAAAAAOtkE0PATEQhv-KzHnp-qi1FQdxEyfcxKHaQYWtdKYiEX67WnF04vh-PZPMDQyDAsYri4O-aDLBnXnYMHsdCHkUedscQAZVKs19ZMyTcKC2-kiYgT0n_yEW9YpShKA4xJRcUtDvlh0py0GR523Zk52iSA3zaRjrLKhuX7byJDYf2xGo1e37nuqLk0jsT2LiK8aKxXKPJyQx80ctpgthXna0vnUguGe_wMa7oG3NfH_mn8QdBu2oJq7vT6rQ1QGJAQAA:40
[  596851ms] [LOG] conteudoNovo Como rastrear pedidos @ https://d1hjvew1n9ss7u.cloudfront.net/asset.axd?id=iQEAAB-LCAAAAAAAAAOtkE0PATEQhv-KzHnp-qi1FQdxEyfcxKHaQYWtdKYiEX67WnF04vh-PZPMDQyDAsYri4O-aDLBnXnYMHsdCHkUedscQAZVKs19ZMyTcKC2-kiYgT0n_yEW9YpShKA4xJRcUtDvlh0py0GR523Zk52iSA3zaRjrLKhuX7byJDYf2xGo1e37nuqLk0jsT2LiK8aKxXKPJyQx80ctpgthXna0vnUguGe_wMa7oG3NfH_mn8QdBu2oJq7vT6rQ1QGJAQAA:40
[  596859ms] [LOG] conteudoNovo Regulamento Promocional @ https://d1hjvew1n9ss7u.cloudfront.net/asset.axd?id=iQEAAB-LCAAAAAAAAAOtkE0PATEQhv-KzHnp-qi1FQdxEyfcxKHaQYWtdKYiEX67WnF04vh-PZPMDQyDAsYri4O-aDLBnXnYMHsdCHkUedscQAZVKs19ZMyTcKC2-kiYgT0n_yEW9YpShKA4xJRcUtDvlh0py0GR523Zk52iSA3zaRjrLKhuX7byJDYf2xGo1e37nuqLk0jsT2LiK8aKxXKPJyQx80ctpgthXna0vnUguGe_wMa7oG3NfH_mn8QdBu2oJq7vT6rQ1QGJAQAA:40
[  596861ms] [LOG] conteudoNovo Cashback @ https://d1hjvew1n9ss7u.cloudfront.net/asset.axd?id=iQEAAB-LCAAAAAAAAAOtkE0PATEQhv-KzHnp-qi1FQdxEyfcxKHaQYWtdKYiEX67WnF04vh-PZPMDQyDAsYri4O-aDLBnXnYMHsdCHkUedscQAZVKs19ZMyTcKC2-kiYgT0n_yEW9YpShKA4xJRcUtDvlh0py0GR523Zk52iSA3zaRjrLKhuX7byJDYf2xGo1e37nuqLk0jsT2LiK8aKxXKPJyQx80ctpgthXna0vnUguGe_wMa7oG3NfH_mn8QdBu2oJq7vT6rQ1QGJAQAA:40
[  596879ms] [WARNING] !! Há erros de scripts de terceiros !!
Por favor, contate a Empresa responsável pelo script.  @ https://d1hjvew1n9ss7u.cloudfront.net/assets/shjs.js?t=639255987001545277:0
[  598187ms] Uncaught Error: You must pass a string or Handlebars AST to Handlebars.compile. You passed null
    at e.compile (https://d1hjvew1n9ss7u.cloudfront.net/asset.axd?id=iQEAAB-LCAAAAAAAAAOtkE0PATEQhv-KzHnp-qi1FQdxEyfcxKHaQYWtdKYiEX67WnF04vh-PZPMDQyDAsYri4O-aDLBnXnYMHsdCHkUedscQAZVKs19ZMyTcKC2-kiYgT0n_yEW9YpShKA4xJRcUtDvlh0py0GR523Zk52iSA3zaRjrLKhuX7byJDYf2xGo1e37nuqLk0jsT2LiK8aKxXKPJyQx80ctpgthXna0vnUguGe_wMa7oG3NfH_mn8QdBu2oJq7vT6rQ1QGJAQAA:1843:49302)
    at i.compile (https://d1hjvew1n9ss7u.cloudfront.net/asset.axd?id=iQEAAB-LCAAAAAAAAAOtkE0PATEQhv-KzHnp-qi1FQdxEyfcxKHaQYWtdKYiEX67WnF04vh-PZPMDQyDAsYri4O-aDLBnXnYMHsdCHkUedscQAZVKs19ZMyTcKC2-kiYgT0n_yEW9YpShKA4xJRcUtDvlh0py0GR523Zk52iSA3zaRjrLKhuX7byJDYf2xGo1e37nuqLk0jsT2LiK8aKxXKPJyQx80ctpgthXna0vnUguGe_wMa7oG3NfH_mn8QdBu2oJq7vT6rQ1QGJAQAA:1843:343)
    at renderBasket (https://d1hjvew1n9ss7u.cloudfront.net/asset.axd?id=iQEAAB-LCAAAAAAAAAOtkE0PATEQhv-KzHnp-qi1FQdxEyfcxKHaQYWtdKYiEX67WnF04vh-PZPMDQyDAsYri4O-aDLBnXnYMHsdCHkUedscQAZVKs19ZMyTcKC2-kiYgT0n_yEW9YpShKA4xJRcUtDvlh0py0GR523Zk52iSA3zaRjrLKhuX7byJDYf2xGo1e37nuqLk0jsT2LiK8aKxXKPJyQx80ctpgthXna0vnUguGe_wMa7oG3NfH_mn8QdBu2oJq7vT6rQ1QGJAQAA:78:27)
    at <anonymous> (https://d1hjvew1n9ss7u.cloudfront.net/asset.axd?id=iQEAAB-LCAAAAAAAAAOtkE0PATEQhv-KzHnp-qi1FQdxEyfcxKHaQYWtdKYiEX67WnF04vh-PZPMDQyDAsYri4O-aDLBnXnYMHsdCHkUedscQAZVKs19ZMyTcKC2-kiYgT0n_yEW9YpShKA4xJRcUtDvlh0py0GR523Zk52iSA3zaRjrLKhuX7byJDYf2xGo1e37nuqLk0jsT2LiK8aKxXKPJyQx80ctpgthXna0vnUguGe_wMa7oG3NfH_mn8QdBu2oJq7vT6rQ1QGJAQAA:269:1)
    at f (https://d1hjvew1n9ss7u.cloudfront.net/assets/shjs.js?t=639255987001545277:0:10382)
    at fireWith (https://d1hjvew1n9ss7u.cloudfront.net/assets/shjs.js?t=639255987001545277:0:11137)
    at ready (https://d1hjvew1n9ss7u.cloudfront.net/assets/shjs.js?t=639255987001545277:0:5238)
    at r (https://d1hjvew1n9ss7u.cloudfront.net/assets/shjs.js?t=639255987001545277:0:9748)
[  596895ms] [VERBOSE] [DOM] Input elements should have autocomplete attributes (suggested: "current-password"): (More info: https://goo.gl/9p2vKq) %o @ https://www.lolacosmetics.com.br/conteudo/ajuda/como-rastrear-pedidos:0
[  596896ms] [VERBOSE] [DOM] Input elements should have autocomplete attributes (suggested: "current-password"): (More info: https://goo.gl/9p2vKq) %o @ https://www.lolacosmetics.com.br/conteudo/ajuda/como-rastrear-pedidos:0
[  596898ms] [ERROR] Failed to load resource: net::ERR_CERT_DATE_INVALID @ https://static.lojalolacosmetics.com.br/biblioteca_media/paginas/20211021143954_1663998337.png:0
[  597057ms] [LOG] AffiseStorage availability: {cookie: true, localStorage: true, sessionStorage: true} @ https://rankmediabrasil.g2afse.com/websdk.js:0
[  597059ms] [LOG] Status RNK Media - ClickId: null UTM: null @ :3
[  598323ms] Uncaught TypeError: Cannot read properties of undefined (reading 'replace')
    at validaFreteGratis (https://d1hjvew1n9ss7u.cloudfront.net/asset.axd?id=iQEAAB-LCAAAAAAAAAOtkE0PATEQhv-KzHnp-qi1FQdxEyfcxKHaQYWtdKYiEX67WnF04vh-PZPMDQyDAsYri4O-aDLBnXnYMHsdCHkUedscQAZVKs19ZMyTcKC2-kiYgT0n_yEW9YpShKA4xJRcUtDvlh0py0GR523Zk52iSA3zaRjrLKhuX7byJDYf2xGo1e37nuqLk0jsT2LiK8aKxXKPJyQx80ctpgthXna0vnUguGe_wMa7oG3NfH_mn8QdBu2oJq7vT6rQ1QGJAQAA:50:7633)
    at <anonymous> (https://d1hjvew1n9ss7u.cloudfront.net/asset.axd?id=iQEAAB-LCAAAAAAAAAOtkE0PATEQhv-KzHnp-qi1FQdxEyfcxKHaQYWtdKYiEX67WnF04vh-PZPMDQyDAsYri4O-aDLBnXnYMHsdCHkUedscQAZVKs19ZMyTcKC2-kiYgT0n_yEW9YpShKA4xJRcUtDvlh0py0GR523Zk52iSA3zaRjrLKhuX7byJDYf2xGo1e37nuqLk0jsT2LiK8aKxXKPJyQx80ctpgthXna0vnUguGe_wMa7oG3NfH_mn8QdBu2oJq7vT6rQ1QGJAQAA:50:49808)
    at dispatch (https://d1hjvew1n9ss7u.cloudfront.net/assets/shjs.js?t=639255987001545277:0:32701)
    at a (https://d1hjvew1n9ss7u.cloudfront.net/assets/shjs.js?t=639255987001545277:0:28480)
[  598321ms] [LOG] Banner não encontrado: banner-232 @ https://d1hjvew1n9ss7u.cloudfront.net/asset.axd?id=iQEAAB-LCAAAAAAAAAOtkE0PATEQhv-KzHnp-qi1FQdxEyfcxKHaQYWtdKYiEX67WnF04vh-PZPMDQyDAsYri4O-aDLBnXnYMHsdCHkUedscQAZVKs19ZMyTcKC2-kiYgT0n_yEW9YpShKA4xJRcUtDvlh0py0GR523Zk52iSA3zaRjrLKhuX7byJDYf2xGo1e37nuqLk0jsT2LiK8aKxXKPJyQx80ctpgthXna0vnUguGe_wMa7oG3NfH_mn8QdBu2oJq7vT6rQ1QGJAQAA:803
[  598334ms] [LOG] %c Widde Video Commerce %c v24604ee %c Build: 21/09/2026 20:39 %c border: 1px solid #2567f8; background: #2567f8; color: #fff; font-weight: bold; padding: 4px 8px; border-radius: 3px 0 0 0; border: 1px solid #2567f8; border-left: none; background: #FFF; color: #2567f8; font-weight: bold; padding: 4px 8px; border: 1px solid #2567f8; border-left: none; background: #f0f0f0; color: #333; font-weight: bold; padding: 4px 8px; border-radius: 0 3px 3px 0; background: transparent @ https://cdn.widde.io/assets/main.utzwjalemu.js:0
[  598412ms] [LOG] %c Tryon Widde.io %c %s %c border: 1px solid #2567f8; background: #2567f8; color: #fff; font-weight: bold; padding: 4px 8px; border-radius: 3px 0 0 3px; border: 1px solid #2567f8; background: #FFF; color: #2567f8; font-weight: bold; padding: 4px 8px; border-radius: 0 3px 3px 0; 47bf7c2 background: transparent @ https://cdn-tryon.widde.io/widde-tryon.js:86
[  598474ms] [LOG] [tryon-tracker] initialized {domain: www.lolacosmetics.com.br} @ https://cdn-tryon.widde.io/widde-tryon.js:8
[  604553ms] [WARNING] Error with Feature-Policy header: Some features are specified in both Feature-Policy and Permissions-Policy header: payment, fullscreen, microphone, camera. Values defined in Permissions-Policy header will be used. @ :0
[  604882ms] [ERROR] Failed to load resource: the server responded with a status of 500 () @ https://fonts.cdnfonts.com/css/leelawade:0
[  605139ms] [ERROR] Failed to load resource: the server responded with a status of 404 () @ https://lolacosmetics.admin.linxcommerce.com.br/Custom/Content/Themes/Lola/Styles/Fonts/FontAwesome/all.css:0
[  605457ms] [ERROR] Failed to load resource: net::ERR_NAME_NOT_RESOLVED @ https://event.getblue.io/js/blue-tag.min.js:0
[  605615ms] [LOG] AffiseStorage availability: {cookie: true, localStorage: true, sessionStorage: true} @ https://rankmediabrasil.g2afse.com/websdk.js:0
[  605625ms] [LOG] Status RNK Media - ClickId: null UTM: null @ :3
[  605803ms] [LOG] Banner não encontrado: banner-232 @ https://d1hjvew1n9ss7u.cloudfront.net/asset.axd?id=iQEAAB-LCAAAAAAAAAOtkE0PATEQhv-KzHnp-qi1FQdxEyfcxKHaQYWtdKYiEX67WnF04vh-PZPMDQyDAsYri4O-aDLBnXnYMHsdCHkUedscQAZVKs19ZMyTcKC2-kiYgT0n_yEW9YpShKA4xJRcUtDvlh0py0GR523Zk52iSA3zaRjrLKhuX7byJDYf2xGo1e37nuqLk0jsT2LiK8aKxXKPJyQx80ctpgthXna0vnUguGe_wMa7oG3NfH_mn8QdBu2oJq7vT6rQ1QGJAQAA:803
[  605807ms] [LOG] [Debug Carrinho] Polling ativo @ https://d1hjvew1n9ss7u.cloudfront.net/asset.axd?id=iQEAAB-LCAAAAAAAAAOtkE0PATEQhv-KzHnp-qi1FQdxEyfcxKHaQYWtdKYiEX67WnF04vh-PZPMDQyDAsYri4O-aDLBnXnYMHsdCHkUedscQAZVKs19ZMyTcKC2-kiYgT0n_yEW9YpShKA4xJRcUtDvlh0py0GR523Zk52iSA3zaRjrLKhuX7byJDYf2xGo1e37nuqLk0jsT2LiK8aKxXKPJyQx80ctpgthXna0vnUguGe_wMa7oG3NfH_mn8QdBu2oJq7vT6rQ1QGJAQAA:1839
[  605878ms] [LOG] teste @ https://d1hjvew1n9ss7u.cloudfront.net/asset.axd?id=iQEAAB-LCAAAAAAAAAOtkE0PATEQhv-KzHnp-qi1FQdxEyfcxKHaQYWtdKYiEX67WnF04vh-PZPMDQyDAsYri4O-aDLBnXnYMHsdCHkUedscQAZVKs19ZMyTcKC2-kiYgT0n_yEW9YpShKA4xJRcUtDvlh0py0GR523Zk52iSA3zaRjrLKhuX7byJDYf2xGo1e37nuqLk0jsT2LiK8aKxXKPJyQx80ctpgthXna0vnUguGe_wMa7oG3NfH_mn8QdBu2oJq7vT6rQ1QGJAQAA:3
[  605879ms] [LOG] conteudo Entrega e envios @ https://d1hjvew1n9ss7u.cloudfront.net/asset.axd?id=iQEAAB-LCAAAAAAAAAOtkE0PATEQhv-KzHnp-qi1FQdxEyfcxKHaQYWtdKYiEX67WnF04vh-PZPMDQyDAsYri4O-aDLBnXnYMHsdCHkUedscQAZVKs19ZMyTcKC2-kiYgT0n_yEW9YpShKA4xJRcUtDvlh0py0GR523Zk52iSA3zaRjrLKhuX7byJDYf2xGo1e37nuqLk0jsT2LiK8aKxXKPJyQx80ctpgthXna0vnUguGe_wMa7oG3NfH_mn8QdBu2oJq7vT6rQ1QGJAQAA:36
[  605879ms] [LOG] conteudoNovo Prazos de atendimento @ https://d1hjvew1n9ss7u.cloudfront.net/asset.axd?id=iQEAAB-LCAAAAAAAAAOtkE0PATEQhv-KzHnp-qi1FQdxEyfcxKHaQYWtdKYiEX67WnF04vh-PZPMDQyDAsYri4O-aDLBnXnYMHsdCHkUedscQAZVKs19ZMyTcKC2-kiYgT0n_yEW9YpShKA4xJRcUtDvlh0py0GR523Zk52iSA3zaRjrLKhuX7byJDYf2xGo1e37nuqLk0jsT2LiK8aKxXKPJyQx80ctpgthXna0vnUguGe_wMa7oG3NfH_mn8QdBu2oJq7vT6rQ1QGJAQAA:40
[  605879ms] [LOG] conteudoNovo Entrega e envios @ https://d1hjvew1n9ss7u.cloudfront.net/asset.axd?id=iQEAAB-LCAAAAAAAAAOtkE0PATEQhv-KzHnp-qi1FQdxEyfcxKHaQYWtdKYiEX67WnF04vh-PZPMDQyDAsYri4O-aDLBnXnYMHsdCHkUedscQAZVKs19ZMyTcKC2-kiYgT0n_yEW9YpShKA4xJRcUtDvlh0py0GR523Zk52iSA3zaRjrLKhuX7byJDYf2xGo1e37nuqLk0jsT2LiK8aKxXKPJyQx80ctpgthXna0vnUguGe_wMa7oG3NfH_mn8QdBu2oJq7vT6rQ1QGJAQAA:40
[  605879ms] [LOG] conteudoNovo Pagamento @ https://d1hjvew1n9ss7u.cloudfront.net/asset.axd?id=iQEAAB-LCAAAAAAAAAOtkE0PATEQhv-KzHnp-qi1FQdxEyfcxKHaQYWtdKYiEX67WnF04vh-PZPMDQyDAsYri4O-aDLBnXnYMHsdCHkUedscQAZVKs19ZMyTcKC2-kiYgT0n_yEW9YpShKA4xJRcUtDvlh0py0GR523Zk52iSA3zaRjrLKhuX7byJDYf2xGo1e37nuqLk0jsT2LiK8aKxXKPJyQx80ctpgthXna0vnUguGe_wMa7oG3NfH_mn8QdBu2oJq7vT6rQ1QGJAQAA:40
[  605879ms] [LOG] conteudoNovo Trocas e devoluções @ https://d1hjvew1n9ss7u.cloudfront.net/asset.axd?id=iQEAAB-LCAAAAAAAAAOtkE0PATEQhv-KzHnp-qi1FQdxEyfcxKHaQYWtdKYiEX67WnF04vh-PZPMDQyDAsYri4O-aDLBnXnYMHsdCHkUedscQAZVKs19ZMyTcKC2-kiYgT0n_yEW9YpShKA4xJRcUtDvlh0py0GR523Zk52iSA3zaRjrLKhuX7byJDYf2xGo1e37nuqLk0jsT2LiK8aKxXKPJyQx80ctpgthXna0vnUguGe_wMa7oG3NfH_mn8QdBu2oJq7vT6rQ1QGJAQAA:40
[  605879ms] [LOG] conteudoNovo Perguntas Frequentes @ https://d1hjvew1n9ss7u.cloudfront.net/asset.axd?id=iQEAAB-LCAAAAAAAAAOtkE0PATEQhv-KzHnp-qi1FQdxEyfcxKHaQYWtdKYiEX67WnF04vh-PZPMDQyDAsYri4O-aDLBnXnYMHsdCHkUedscQAZVKs19ZMyTcKC2-kiYgT0n_yEW9YpShKA4xJRcUtDvlh0py0GR523Zk52iSA3zaRjrLKhuX7byJDYf2xGo1e37nuqLk0jsT2LiK8aKxXKPJyQx80ctpgthXna0vnUguGe_wMa7oG3NfH_mn8QdBu2oJq7vT6rQ1QGJAQAA:40
[  605879ms] [LOG] conteudoNovo Como rastrear pedidos @ https://d1hjvew1n9ss7u.cloudfront.net/asset.axd?id=iQEAAB-LCAAAAAAAAAOtkE0PATEQhv-KzHnp-qi1FQdxEyfcxKHaQYWtdKYiEX67WnF04vh-PZPMDQyDAsYri4O-aDLBnXnYMHsdCHkUedscQAZVKs19ZMyTcKC2-kiYgT0n_yEW9YpShKA4xJRcUtDvlh0py0GR523Zk52iSA3zaRjrLKhuX7byJDYf2xGo1e37nuqLk0jsT2LiK8aKxXKPJyQx80ctpgthXna0vnUguGe_wMa7oG3NfH_mn8QdBu2oJq7vT6rQ1QGJAQAA:40
[  605879ms] [LOG] conteudoNovo Regulamento Promocional @ https://d1hjvew1n9ss7u.cloudfront.net/asset.axd?id=iQEAAB-LCAAAAAAAAAOtkE0PATEQhv-KzHnp-qi1FQdxEyfcxKHaQYWtdKYiEX67WnF04vh-PZPMDQyDAsYri4O-aDLBnXnYMHsdCHkUedscQAZVKs19ZMyTcKC2-kiYgT0n_yEW9YpShKA4xJRcUtDvlh0py0GR523Zk52iSA3zaRjrLKhuX7byJDYf2xGo1e37nuqLk0jsT2LiK8aKxXKPJyQx80ctpgthXna0vnUguGe_wMa7oG3NfH_mn8QdBu2oJq7vT6rQ1QGJAQAA:40
[  605879ms] [LOG] conteudoNovo Cashback @ https://d1hjvew1n9ss7u.cloudfront.net/asset.axd?id=iQEAAB-LCAAAAAAAAAOtkE0PATEQhv-KzHnp-qi1FQdxEyfcxKHaQYWtdKYiEX67WnF04vh-PZPMDQyDAsYri4O-aDLBnXnYMHsdCHkUedscQAZVKs19ZMyTcKC2-kiYgT0n_yEW9YpShKA4xJRcUtDvlh0py0GR523Zk52iSA3zaRjrLKhuX7byJDYf2xGo1e37nuqLk0jsT2LiK8aKxXKPJyQx80ctpgthXna0vnUguGe_wMa7oG3NfH_mn8QdBu2oJq7vT6rQ1QGJAQAA:40
[  605879ms] [LOG] conteudoNovo Quem somos @ https://d1hjvew1n9ss7u.cloudfront.net/asset.axd?id=iQEAAB-LCAAAAAAAAAOtkE0PATEQhv-KzHnp-qi1FQdxEyfcxKHaQYWtdKYiEX67WnF04vh-PZPMDQyDAsYri4O-aDLBnXnYMHsdCHkUedscQAZVKs19ZMyTcKC2-kiYgT0n_yEW9YpShKA4xJRcUtDvlh0py0GR523Zk52iSA3zaRjrLKhuX7byJDYf2xGo1e37nuqLk0jsT2LiK8aKxXKPJyQx80ctpgthXna0vnUguGe_wMa7oG3NfH_mn8QdBu2oJq7vT6rQ1QGJAQAA:40
[  605879ms] [LOG] conteudoNovo Este site é seguro? @ https://d1hjvew1n9ss7u.cloudfront.net/asset.axd?id=iQEAAB-LCAAAAAAAAAOtkE0PATEQhv-KzHnp-qi1FQdxEyfcxKHaQYWtdKYiEX67WnF04vh-PZPMDQyDAsYri4O-aDLBnXnYMHsdCHkUedscQAZVKs19ZMyTcKC2-kiYgT0n_yEW9YpShKA4xJRcUtDvlh0py0GR523Zk52iSA3zaRjrLKhuX7byJDYf2xGo1e37nuqLk0jsT2LiK8aKxXKPJyQx80ctpgthXna0vnUguGe_wMa7oG3NfH_mn8QdBu2oJq7vT6rQ1QGJAQAA:40
[  605880ms] [LOG] conteudoNovo Política de Cookies @ https://d1hjvew1n9ss7u.cloudfront.net/asset.axd?id=iQEAAB-LCAAAAAAAAAOtkE0PATEQhv-KzHnp-qi1FQdxEyfcxKHaQYWtdKYiEX67WnF04vh-PZPMDQyDAsYri4O-aDLBnXnYMHsdCHkUedscQAZVKs19ZMyTcKC2-kiYgT0n_yEW9YpShKA4xJRcUtDvlh0py0GR523Zk52iSA3zaRjrLKhuX7byJDYf2xGo1e37nuqLk0jsT2LiK8aKxXKPJyQx80ctpgthXna0vnUguGe_wMa7oG3NfH_mn8QdBu2oJq7vT6rQ1QGJAQAA:40
[  605880ms] [LOG] conteudoNovo Política de Privacidade @ https://d1hjvew1n9ss7u.cloudfront.net/asset.axd?id=iQEAAB-LCAAAAAAAAAOtkE0PATEQhv-KzHnp-qi1FQdxEyfcxKHaQYWtdKYiEX67WnF04vh-PZPMDQyDAsYri4O-aDLBnXnYMHsdCHkUedscQAZVKs19ZMyTcKC2-kiYgT0n_yEW9YpShKA4xJRcUtDvlh0py0GR523Zk52iSA3zaRjrLKhuX7byJDYf2xGo1e37nuqLk0jsT2LiK8aKxXKPJyQx80ctpgthXna0vnUguGe_wMa7oG3NfH_mn8QdBu2oJq7vT6rQ1QGJAQAA:40
[  605880ms] [LOG] conteudoNovo Nossa lojas @ https://d1hjvew1n9ss7u.cloudfront.net/asset.axd?id=iQEAAB-LCAAAAAAAAAOtkE0PATEQhv-KzHnp-qi1FQdxEyfcxKHaQYWtdKYiEX67WnF04vh-PZPMDQyDAsYri4O-aDLBnXnYMHsdCHkUedscQAZVKs19ZMyTcKC2-kiYgT0n_yEW9YpShKA4xJRcUtDvlh0py0GR523Zk52iSA3zaRjrLKhuX7byJDYf2xGo1e37nuqLk0jsT2LiK8aKxXKPJyQx80ctpgthXna0vnUguGe_wMa7oG3NfH_mn8QdBu2oJq7vT6rQ1QGJAQAA:40
[  605880ms] [LOG] conteudoNovo Trabalhe Conosco @ https://d1hjvew1n9ss7u.cloudfront.net/asset.axd?id=iQEAAB-LCAAAAAAAAAOtkE0PATEQhv-KzHnp-qi1FQdxEyfcxKHaQYWtdKYiEX67WnF04vh-PZPMDQyDAsYri4O-aDLBnXnYMHsdCHkUedscQAZVKs19ZMyTcKC2-kiYgT0n_yEW9YpShKA4xJRcUtDvlh0py0GR523Zk52iSA3zaRjrLKhuX7byJDYf2xGo1e37nuqLk0jsT2LiK8aKxXKPJyQx80ctpgthXna0vnUguGe_wMa7oG3NfH_mn8QdBu2oJq7vT6rQ1QGJAQAA:40
[  605880ms] [LOG] conteudoNovo Lola Lab @ https://d1hjvew1n9ss7u.cloudfront.net/asset.axd?id=iQEAAB-LCAAAAAAAAAOtkE0PATEQhv-KzHnp-qi1FQdxEyfcxKHaQYWtdKYiEX67WnF04vh-PZPMDQyDAsYri4O-aDLBnXnYMHsdCHkUedscQAZVKs19ZMyTcKC2-kiYgT0n_yEW9YpShKA4xJRcUtDvlh0py0GR523Zk52iSA3zaRjrLKhuX7byJDYf2xGo1e37nuqLk0jsT2LiK8aKxXKPJyQx80ctpgthXna0vnUguGe_wMa7oG3NfH_mn8QdBu2oJq7vT6rQ1QGJAQAA:40
[  605880ms] [LOG] conteudoNovo Revenda @ https://d1hjvew1n9ss7u.cloudfront.net/asset.axd?id=iQEAAB-LCAAAAAAAAAOtkE0PATEQhv-KzHnp-qi1FQdxEyfcxKHaQYWtdKYiEX67WnF04vh-PZPMDQyDAsYri4O-aDLBnXnYMHsdCHkUedscQAZVKs19ZMyTcKC2-kiYgT0n_yEW9YpShKA4xJRcUtDvlh0py0GR523Zk52iSA3zaRjrLKhuX7byJDYf2xGo1e37nuqLk0jsT2LiK8aKxXKPJyQx80ctpgthXna0vnUguGe_wMa7oG3NfH_mn8QdBu2oJq7vT6rQ1QGJAQAA:40
[  605880ms] [LOG] conteudoNovo Afiliados @ https://d1hjvew1n9ss7u.cloudfront.net/asset.axd?id=iQEAAB-LCAAAAAAAAAOtkE0PATEQhv-KzHnp-qi1FQdxEyfcxKHaQYWtdKYiEX67WnF04vh-PZPMDQyDAsYri4O-aDLBnXnYMHsdCHkUedscQAZVKs19ZMyTcKC2-kiYgT0n_yEW9YpShKA4xJRcUtDvlh0py0GR523Zk52iSA3zaRjrLKhuX7byJDYf2xGo1e37nuqLk0jsT2LiK8aKxXKPJyQx80ctpgthXna0vnUguGe_wMa7oG3NfH_mn8QdBu2oJq7vT6rQ1QGJAQAA:40
[  605880ms] [LOG] conteudoNovo Prazos de atendimento @ https://d1hjvew1n9ss7u.cloudfront.net/asset.axd?id=iQEAAB-LCAAAAAAAAAOtkE0PATEQhv-KzHnp-qi1FQdxEyfcxKHaQYWtdKYiEX67WnF04vh-PZPMDQyDAsYri4O-aDLBnXnYMHsdCHkUedscQAZVKs19ZMyTcKC2-kiYgT0n_yEW9YpShKA4xJRcUtDvlh0py0GR523Zk52iSA3zaRjrLKhuX7byJDYf2xGo1e37nuqLk0jsT2LiK8aKxXKPJyQx80ctpgthXna0vnUguGe_wMa7oG3NfH_mn8QdBu2oJq7vT6rQ1QGJAQAA:40
[  605880ms] [LOG] conteudoNovo Entrega e envios @ https://d1hjvew1n9ss7u.cloudfront.net/asset.axd?id=iQEAAB-LCAAAAAAAAAOtkE0PATEQhv-KzHnp-qi1FQdxEyfcxKHaQYWtdKYiEX67WnF04vh-PZPMDQyDAsYri4O-aDLBnXnYMHsdCHkUedscQAZVKs19ZMyTcKC2-kiYgT0n_yEW9YpShKA4xJRcUtDvlh0py0GR523Zk52iSA3zaRjrLKhuX7byJDYf2xGo1e37nuqLk0jsT2LiK8aKxXKPJyQx80ctpgthXna0vnUguGe_wMa7oG3NfH_mn8QdBu2oJq7vT6rQ1QGJAQAA:40
[  605880ms] [LOG] conteudoNovo Pagamento @ https://d1hjvew1n9ss7u.cloudfront.net/asset.axd?id=iQEAAB-LCAAAAAAAAAOtkE0PATEQhv-KzHnp-qi1FQdxEyfcxKHaQYWtdKYiEX67WnF04vh-PZPMDQyDAsYri4O-aDLBnXnYMHsdCHkUedscQAZVKs19ZMyTcKC2-kiYgT0n_yEW9YpShKA4xJRcUtDvlh0py0GR523Zk52iSA3zaRjrLKhuX7byJDYf2xGo1e37nuqLk0jsT2LiK8aKxXKPJyQx80ctpgthXna0vnUguGe_wMa7oG3NfH_mn8QdBu2oJq7vT6rQ1QGJAQAA:40
[  605881ms] [LOG] conteudoNovo Trocas e devoluções @ https://d1hjvew1n9ss7u.cloudfront.net/asset.axd?id=iQEAAB-LCAAAAAAAAAOtkE0PATEQhv-KzHnp-qi1FQdxEyfcxKHaQYWtdKYiEX67WnF04vh-PZPMDQyDAsYri4O-aDLBnXnYMHsdCHkUedscQAZVKs19ZMyTcKC2-kiYgT0n_yEW9YpShKA4xJRcUtDvlh0py0GR523Zk52iSA3zaRjrLKhuX7byJDYf2xGo1e37nuqLk0jsT2LiK8aKxXKPJyQx80ctpgthXna0vnUguGe_wMa7oG3NfH_mn8QdBu2oJq7vT6rQ1QGJAQAA:40
[  605881ms] [LOG] conteudoNovo Perguntas Frequentes @ https://d1hjvew1n9ss7u.cloudfront.net/asset.axd?id=iQEAAB-LCAAAAAAAAAOtkE0PATEQhv-KzHnp-qi1FQdxEyfcxKHaQYWtdKYiEX67WnF04vh-PZPMDQyDAsYri4O-aDLBnXnYMHsdCHkUedscQAZVKs19ZMyTcKC2-kiYgT0n_yEW9YpShKA4xJRcUtDvlh0py0GR523Zk52iSA3zaRjrLKhuX7byJDYf2xGo1e37nuqLk0jsT2LiK8aKxXKPJyQx80ctpgthXna0vnUguGe_wMa7oG3NfH_mn8QdBu2oJq7vT6rQ1QGJAQAA:40
[  605881ms] [LOG] conteudoNovo Como rastrear pedidos @ https://d1hjvew1n9ss7u.cloudfront.net/asset.axd?id=iQEAAB-LCAAAAAAAAAOtkE0PATEQhv-KzHnp-qi1FQdxEyfcxKHaQYWtdKYiEX67WnF04vh-PZPMDQyDAsYri4O-aDLBnXnYMHsdCHkUedscQAZVKs19ZMyTcKC2-kiYgT0n_yEW9YpShKA4xJRcUtDvlh0py0GR523Zk52iSA3zaRjrLKhuX7byJDYf2xGo1e37nuqLk0jsT2LiK8aKxXKPJyQx80ctpgthXna0vnUguGe_wMa7oG3NfH_mn8QdBu2oJq7vT6rQ1QGJAQAA:40
[  605881ms] [LOG] conteudoNovo Regulamento Promocional @ https://d1hjvew1n9ss7u.cloudfront.net/asset.axd?id=iQEAAB-LCAAAAAAAAAOtkE0PATEQhv-KzHnp-qi1FQdxEyfcxKHaQYWtdKYiEX67WnF04vh-PZPMDQyDAsYri4O-aDLBnXnYMHsdCHkUedscQAZVKs19ZMyTcKC2-kiYgT0n_yEW9YpShKA4xJRcUtDvlh0py0GR523Zk52iSA3zaRjrLKhuX7byJDYf2xGo1e37nuqLk0jsT2LiK8aKxXKPJyQx80ctpgthXna0vnUguGe_wMa7oG3NfH_mn8QdBu2oJq7vT6rQ1QGJAQAA:40
[  605881ms] [LOG] conteudoNovo Cashback @ https://d1hjvew1n9ss7u.cloudfront.net/asset.axd?id=iQEAAB-LCAAAAAAAAAOtkE0PATEQhv-KzHnp-qi1FQdxEyfcxKHaQYWtdKYiEX67WnF04vh-PZPMDQyDAsYri4O-aDLBnXnYMHsdCHkUedscQAZVKs19ZMyTcKC2-kiYgT0n_yEW9YpShKA4xJRcUtDvlh0py0GR523Zk52iSA3zaRjrLKhuX7byJDYf2xGo1e37nuqLk0jsT2LiK8aKxXKPJyQx80ctpgthXna0vnUguGe_wMa7oG3NfH_mn8QdBu2oJq7vT6rQ1QGJAQAA:40
[  605898ms] [WARNING] !! Há erros de scripts de terceiros !!
Por favor, contate a Empresa responsável pelo script.  @ https://d1hjvew1n9ss7u.cloudfront.net/assets/shjs.js?t=639255987001545277:0
[  605904ms] Uncaught Error: You must pass a string or Handlebars AST to Handlebars.compile. You passed null
    at e.compile (https://d1hjvew1n9ss7u.cloudfront.net/asset.axd?id=iQEAAB-LCAAAAAAAAAOtkE0PATEQhv-KzHnp-qi1FQdxEyfcxKHaQYWtdKYiEX67WnF04vh-PZPMDQyDAsYri4O-aDLBnXnYMHsdCHkUedscQAZVKs19ZMyTcKC2-kiYgT0n_yEW9YpShKA4xJRcUtDvlh0py0GR523Zk52iSA3zaRjrLKhuX7byJDYf2xGo1e37nuqLk0jsT2LiK8aKxXKPJyQx80ctpgthXna0vnUguGe_wMa7oG3NfH_mn8QdBu2oJq7vT6rQ1QGJAQAA:1843:49302)
    at i.compile (https://d1hjvew1n9ss7u.cloudfront.net/asset.axd?id=iQEAAB-LCAAAAAAAAAOtkE0PATEQhv-KzHnp-qi1FQdxEyfcxKHaQYWtdKYiEX67WnF04vh-PZPMDQyDAsYri4O-aDLBnXnYMHsdCHkUedscQAZVKs19ZMyTcKC2-kiYgT0n_yEW9YpShKA4xJRcUtDvlh0py0GR523Zk52iSA3zaRjrLKhuX7byJDYf2xGo1e37nuqLk0jsT2LiK8aKxXKPJyQx80ctpgthXna0vnUguGe_wMa7oG3NfH_mn8QdBu2oJq7vT6rQ1QGJAQAA:1843:343)
    at renderBasket (https://d1hjvew1n9ss7u.cloudfront.net/asset.axd?id=iQEAAB-LCAAAAAAAAAOtkE0PATEQhv-KzHnp-qi1FQdxEyfcxKHaQYWtdKYiEX67WnF04vh-PZPMDQyDAsYri4O-aDLBnXnYMHsdCHkUedscQAZVKs19ZMyTcKC2-kiYgT0n_yEW9YpShKA4xJRcUtDvlh0py0GR523Zk52iSA3zaRjrLKhuX7byJDYf2xGo1e37nuqLk0jsT2LiK8aKxXKPJyQx80ctpgthXna0vnUguGe_wMa7oG3NfH_mn8QdBu2oJq7vT6rQ1QGJAQAA:78:27)
    at <anonymous> (https://d1hjvew1n9ss7u.cloudfront.net/asset.axd?id=iQEAAB-LCAAAAAAAAAOtkE0PATEQhv-KzHnp-qi1FQdxEyfcxKHaQYWtdKYiEX67WnF04vh-PZPMDQyDAsYri4O-aDLBnXnYMHsdCHkUedscQAZVKs19ZMyTcKC2-kiYgT0n_yEW9YpShKA4xJRcUtDvlh0py0GR523Zk52iSA3zaRjrLKhuX7byJDYf2xGo1e37nuqLk0jsT2LiK8aKxXKPJyQx80ctpgthXna0vnUguGe_wMa7oG3NfH_mn8QdBu2oJq7vT6rQ1QGJAQAA:269:1)
    at f (https://d1hjvew1n9ss7u.cloudfront.net/assets/shjs.js?t=639255987001545277:0:10382)
    at fireWith (https://d1hjvew1n9ss7u.cloudfront.net/assets/shjs.js?t=639255987001545277:0:11137)
    at ready (https://d1hjvew1n9ss7u.cloudfront.net/assets/shjs.js?t=639255987001545277:0:5238)
    at r (https://d1hjvew1n9ss7u.cloudfront.net/assets/shjs.js?t=639255987001545277:0:9748)
[  605908ms] [VERBOSE] [DOM] Input elements should have autocomplete attributes (suggested: "current-password"): (More info: https://goo.gl/9p2vKq) %o @ https://www.lolacosmetics.com.br/conteudo/ajuda/entrega-e-envios:0
[  605908ms] [VERBOSE] [DOM] Input elements should have autocomplete attributes (suggested: "current-password"): (More info: https://goo.gl/9p2vKq) %o @ https://www.lolacosmetics.com.br/conteudo/ajuda/entrega-e-envios:0
[  607199ms] Uncaught TypeError: Cannot read properties of undefined (reading 'replace')
    at validaFreteGratis (https://d1hjvew1n9ss7u.cloudfront.net/asset.axd?id=iQEAAB-LCAAAAAAAAAOtkE0PATEQhv-KzHnp-qi1FQdxEyfcxKHaQYWtdKYiEX67WnF04vh-PZPMDQyDAsYri4O-aDLBnXnYMHsdCHkUedscQAZVKs19ZMyTcKC2-kiYgT0n_yEW9YpShKA4xJRcUtDvlh0py0GR523Zk52iSA3zaRjrLKhuX7byJDYf2xGo1e37nuqLk0jsT2LiK8aKxXKPJyQx80ctpgthXna0vnUguGe_wMa7oG3NfH_mn8QdBu2oJq7vT6rQ1QGJAQAA:50:7633)
    at <anonymous> (https://d1hjvew1n9ss7u.cloudfront.net/asset.axd?id=iQEAAB-LCAAAAAAAAAOtkE0PATEQhv-KzHnp-qi1FQdxEyfcxKHaQYWtdKYiEX67WnF04vh-PZPMDQyDAsYri4O-aDLBnXnYMHsdCHkUedscQAZVKs19ZMyTcKC2-kiYgT0n_yEW9YpShKA4xJRcUtDvlh0py0GR523Zk52iSA3zaRjrLKhuX7byJDYf2xGo1e37nuqLk0jsT2LiK8aKxXKPJyQx80ctpgthXna0vnUguGe_wMa7oG3NfH_mn8QdBu2oJq7vT6rQ1QGJAQAA:50:49808)
    at dispatch (https://d1hjvew1n9ss7u.cloudfront.net/assets/shjs.js?t=639255987001545277:0:32701)
    at a (https://d1hjvew1n9ss7u.cloudfront.net/assets/shjs.js?t=639255987001545277:0:28480)
[  607164ms] [LOG] Banner não encontrado: banner-232 @ https://d1hjvew1n9ss7u.cloudfront.net/asset.axd?id=iQEAAB-LCAAAAAAAAAOtkE0PATEQhv-KzHnp-qi1FQdxEyfcxKHaQYWtdKYiEX67WnF04vh-PZPMDQyDAsYri4O-aDLBnXnYMHsdCHkUedscQAZVKs19ZMyTcKC2-kiYgT0n_yEW9YpShKA4xJRcUtDvlh0py0GR523Zk52iSA3zaRjrLKhuX7byJDYf2xGo1e37nuqLk0jsT2LiK8aKxXKPJyQx80ctpgthXna0vnUguGe_wMa7oG3NfH_mn8QdBu2oJq7vT6rQ1QGJAQAA:803
[  607185ms] [LOG] %c Widde Video Commerce %c v24604ee %c Build: 21/09/2026 20:39 %c border: 1px solid #2567f8; background: #2567f8; color: #fff; font-weight: bold; padding: 4px 8px; border-radius: 3px 0 0 0; border: 1px solid #2567f8; border-left: none; background: #FFF; color: #2567f8; font-weight: bold; padding: 4px 8px; border: 1px solid #2567f8; border-left: none; background: #f0f0f0; color: #333; font-weight: bold; padding: 4px 8px; border-radius: 0 3px 3px 0; background: transparent @ https://cdn.widde.io/assets/main.utzwjalemu.js:0
[  607236ms] [LOG] %c Tryon Widde.io %c %s %c border: 1px solid #2567f8; background: #2567f8; color: #fff; font-weight: bold; padding: 4px 8px; border-radius: 3px 0 0 3px; border: 1px solid #2567f8; background: #FFF; color: #2567f8; font-weight: bold; padding: 4px 8px; border-radius: 0 3px 3px 0; 47bf7c2 background: transparent @ https://cdn-tryon.widde.io/widde-tryon.js:86
[  607284ms] [LOG] [tryon-tracker] initialized {domain: www.lolacosmetics.com.br} @ https://cdn-tryon.widde.io/widde-tryon.js:8
[  615608ms] [WARNING] Error with Feature-Policy header: Some features are specified in both Feature-Policy and Permissions-Policy header: payment, fullscreen, microphone, camera. Values defined in Permissions-Policy header will be used. @ :0
[  616030ms] [ERROR] Failed to load resource: the server responded with a status of 500 () @ https://fonts.cdnfonts.com/css/leelawade:0
[  616300ms] [ERROR] Failed to load resource: the server responded with a status of 404 () @ https://lolacosmetics.admin.linxcommerce.com.br/Custom/Content/Themes/Lola/Styles/Fonts/FontAwesome/all.css:0
[  616643ms] [ERROR] Failed to load resource: net::ERR_NAME_NOT_RESOLVED @ https://event.getblue.io/js/blue-tag.min.js:0
[  616780ms] [LOG] AffiseStorage availability: {cookie: true, localStorage: true, sessionStorage: true} @ https://rankmediabrasil.g2afse.com/websdk.js:0
[  616876ms] [LOG] Status RNK Media - ClickId: null UTM: null @ :3
[  617150ms] [LOG] Banner não encontrado: banner-232 @ https://d1hjvew1n9ss7u.cloudfront.net/asset.axd?id=iQEAAB-LCAAAAAAAAAOtkE0PATEQhv-KzHnp-qi1FQdxEyfcxKHaQYWtdKYiEX67WnF04vh-PZPMDQyDAsYri4O-aDLBnXnYMHsdCHkUedscQAZVKs19ZMyTcKC2-kiYgT0n_yEW9YpShKA4xJRcUtDvlh0py0GR523Zk52iSA3zaRjrLKhuX7byJDYf2xGo1e37nuqLk0jsT2LiK8aKxXKPJyQx80ctpgthXna0vnUguGe_wMa7oG3NfH_mn8QdBu2oJq7vT6rQ1QGJAQAA:803
[  617179ms] [LOG] [Debug Carrinho] Polling ativo @ https://d1hjvew1n9ss7u.cloudfront.net/asset.axd?id=iQEAAB-LCAAAAAAAAAOtkE0PATEQhv-KzHnp-qi1FQdxEyfcxKHaQYWtdKYiEX67WnF04vh-PZPMDQyDAsYri4O-aDLBnXnYMHsdCHkUedscQAZVKs19ZMyTcKC2-kiYgT0n_yEW9YpShKA4xJRcUtDvlh0py0GR523Zk52iSA3zaRjrLKhuX7byJDYf2xGo1e37nuqLk0jsT2LiK8aKxXKPJyQx80ctpgthXna0vnUguGe_wMa7oG3NfH_mn8QdBu2oJq7vT6rQ1QGJAQAA:1839
[  617454ms] [LOG] teste @ https://d1hjvew1n9ss7u.cloudfront.net/asset.axd?id=iQEAAB-LCAAAAAAAAAOtkE0PATEQhv-KzHnp-qi1FQdxEyfcxKHaQYWtdKYiEX67WnF04vh-PZPMDQyDAsYri4O-aDLBnXnYMHsdCHkUedscQAZVKs19ZMyTcKC2-kiYgT0n_yEW9YpShKA4xJRcUtDvlh0py0GR523Zk52iSA3zaRjrLKhuX7byJDYf2xGo1e37nuqLk0jsT2LiK8aKxXKPJyQx80ctpgthXna0vnUguGe_wMa7oG3NfH_mn8QdBu2oJq7vT6rQ1QGJAQAA:3
[  617455ms] [LOG] conteudo Pagamento @ https://d1hjvew1n9ss7u.cloudfront.net/asset.axd?id=iQEAAB-LCAAAAAAAAAOtkE0PATEQhv-KzHnp-qi1FQdxEyfcxKHaQYWtdKYiEX67WnF04vh-PZPMDQyDAsYri4O-aDLBnXnYMHsdCHkUedscQAZVKs19ZMyTcKC2-kiYgT0n_yEW9YpShKA4xJRcUtDvlh0py0GR523Zk52iSA3zaRjrLKhuX7byJDYf2xGo1e37nuqLk0jsT2LiK8aKxXKPJyQx80ctpgthXna0vnUguGe_wMa7oG3NfH_mn8QdBu2oJq7vT6rQ1QGJAQAA:36
[  617455ms] [LOG] conteudoNovo Prazos de atendimento @ https://d1hjvew1n9ss7u.cloudfront.net/asset.axd?id=iQEAAB-LCAAAAAAAAAOtkE0PATEQhv-KzHnp-qi1FQdxEyfcxKHaQYWtdKYiEX67WnF04vh-PZPMDQyDAsYri4O-aDLBnXnYMHsdCHkUedscQAZVKs19ZMyTcKC2-kiYgT0n_yEW9YpShKA4xJRcUtDvlh0py0GR523Zk52iSA3zaRjrLKhuX7byJDYf2xGo1e37nuqLk0jsT2LiK8aKxXKPJyQx80ctpgthXna0vnUguGe_wMa7oG3NfH_mn8QdBu2oJq7vT6rQ1QGJAQAA:40
[  617455ms] [LOG] conteudoNovo Entrega e envios @ https://d1hjvew1n9ss7u.cloudfront.net/asset.axd?id=iQEAAB-LCAAAAAAAAAOtkE0PATEQhv-KzHnp-qi1FQdxEyfcxKHaQYWtdKYiEX67WnF04vh-PZPMDQyDAsYri4O-aDLBnXnYMHsdCHkUedscQAZVKs19ZMyTcKC2-kiYgT0n_yEW9YpShKA4xJRcUtDvlh0py0GR523Zk52iSA3zaRjrLKhuX7byJDYf2xGo1e37nuqLk0jsT2LiK8aKxXKPJyQx80ctpgthXna0vnUguGe_wMa7oG3NfH_mn8QdBu2oJq7vT6rQ1QGJAQAA:40
[  617455ms] [LOG] conteudoNovo Pagamento @ https://d1hjvew1n9ss7u.cloudfront.net/asset.axd?id=iQEAAB-LCAAAAAAAAAOtkE0PATEQhv-KzHnp-qi1FQdxEyfcxKHaQYWtdKYiEX67WnF04vh-PZPMDQyDAsYri4O-aDLBnXnYMHsdCHkUedscQAZVKs19ZMyTcKC2-kiYgT0n_yEW9YpShKA4xJRcUtDvlh0py0GR523Zk52iSA3zaRjrLKhuX7byJDYf2xGo1e37nuqLk0jsT2LiK8aKxXKPJyQx80ctpgthXna0vnUguGe_wMa7oG3NfH_mn8QdBu2oJq7vT6rQ1QGJAQAA:40
[  617455ms] [LOG] conteudoNovo Trocas e devoluções @ https://d1hjvew1n9ss7u.cloudfront.net/asset.axd?id=iQEAAB-LCAAAAAAAAAOtkE0PATEQhv-KzHnp-qi1FQdxEyfcxKHaQYWtdKYiEX67WnF04vh-PZPMDQyDAsYri4O-aDLBnXnYMHsdCHkUedscQAZVKs19ZMyTcKC2-kiYgT0n_yEW9YpShKA4xJRcUtDvlh0py0GR523Zk52iSA3zaRjrLKhuX7byJDYf2xGo1e37nuqLk0jsT2LiK8aKxXKPJyQx80ctpgthXna0vnUguGe_wMa7oG3NfH_mn8QdBu2oJq7vT6rQ1QGJAQAA:40
[  617455ms] [LOG] conteudoNovo Perguntas Frequentes @ https://d1hjvew1n9ss7u.cloudfront.net/asset.axd?id=iQEAAB-LCAAAAAAAAAOtkE0PATEQhv-KzHnp-qi1FQdxEyfcxKHaQYWtdKYiEX67WnF04vh-PZPMDQyDAsYri4O-aDLBnXnYMHsdCHkUedscQAZVKs19ZMyTcKC2-kiYgT0n_yEW9YpShKA4xJRcUtDvlh0py0GR523Zk52iSA3zaRjrLKhuX7byJDYf2xGo1e37nuqLk0jsT2LiK8aKxXKPJyQx80ctpgthXna0vnUguGe_wMa7oG3NfH_mn8QdBu2oJq7vT6rQ1QGJAQAA:40
[  617455ms] [LOG] conteudoNovo Como rastrear pedidos @ https://d1hjvew1n9ss7u.cloudfront.net/asset.axd?id=iQEAAB-LCAAAAAAAAAOtkE0PATEQhv-KzHnp-qi1FQdxEyfcxKHaQYWtdKYiEX67WnF04vh-PZPMDQyDAsYri4O-aDLBnXnYMHsdCHkUedscQAZVKs19ZMyTcKC2-kiYgT0n_yEW9YpShKA4xJRcUtDvlh0py0GR523Zk52iSA3zaRjrLKhuX7byJDYf2xGo1e37nuqLk0jsT2LiK8aKxXKPJyQx80ctpgthXna0vnUguGe_wMa7oG3NfH_mn8QdBu2oJq7vT6rQ1QGJAQAA:40
[  617455ms] [LOG] conteudoNovo Regulamento Promocional @ https://d1hjvew1n9ss7u.cloudfront.net/asset.axd?id=iQEAAB-LCAAAAAAAAAOtkE0PATEQhv-KzHnp-qi1FQdxEyfcxKHaQYWtdKYiEX67WnF04vh-PZPMDQyDAsYri4O-aDLBnXnYMHsdCHkUedscQAZVKs19ZMyTcKC2-kiYgT0n_yEW9YpShKA4xJRcUtDvlh0py0GR523Zk52iSA3zaRjrLKhuX7byJDYf2xGo1e37nuqLk0jsT2LiK8aKxXKPJyQx80ctpgthXna0vnUguGe_wMa7oG3NfH_mn8QdBu2oJq7vT6rQ1QGJAQAA:40
[  617455ms] [LOG] conteudoNovo Cashback @ https://d1hjvew1n9ss7u.cloudfront.net/asset.axd?id=iQEAAB-LCAAAAAAAAAOtkE0PATEQhv-KzHnp-qi1FQdxEyfcxKHaQYWtdKYiEX67WnF04vh-PZPMDQyDAsYri4O-aDLBnXnYMHsdCHkUedscQAZVKs19ZMyTcKC2-kiYgT0n_yEW9YpShKA4xJRcUtDvlh0py0GR523Zk52iSA3zaRjrLKhuX7byJDYf2xGo1e37nuqLk0jsT2LiK8aKxXKPJyQx80ctpgthXna0vnUguGe_wMa7oG3NfH_mn8QdBu2oJq7vT6rQ1QGJAQAA:40
[  617455ms] [LOG] conteudoNovo Quem somos @ https://d1hjvew1n9ss7u.cloudfront.net/asset.axd?id=iQEAAB-LCAAAAAAAAAOtkE0PATEQhv-KzHnp-qi1FQdxEyfcxKHaQYWtdKYiEX67WnF04vh-PZPMDQyDAsYri4O-aDLBnXnYMHsdCHkUedscQAZVKs19ZMyTcKC2-kiYgT0n_yEW9YpShKA4xJRcUtDvlh0py0GR523Zk52iSA3zaRjrLKhuX7byJDYf2xGo1e37nuqLk0jsT2LiK8aKxXKPJyQx80ctpgthXna0vnUguGe_wMa7oG3NfH_mn8QdBu2oJq7vT6rQ1QGJAQAA:40
[  617455ms] [LOG] conteudoNovo Este site é seguro? @ https://d1hjvew1n9ss7u.cloudfront.net/asset.axd?id=iQEAAB-LCAAAAAAAAAOtkE0PATEQhv-KzHnp-qi1FQdxEyfcxKHaQYWtdKYiEX67WnF04vh-PZPMDQyDAsYri4O-aDLBnXnYMHsdCHkUedscQAZVKs19ZMyTcKC2-kiYgT0n_yEW9YpShKA4xJRcUtDvlh0py0GR523Zk52iSA3zaRjrLKhuX7byJDYf2xGo1e37nuqLk0jsT2LiK8aKxXKPJyQx80ctpgthXna0vnUguGe_wMa7oG3NfH_mn8QdBu2oJq7vT6rQ1QGJAQAA:40
[  617455ms] [LOG] conteudoNovo Política de Cookies @ https://d1hjvew1n9ss7u.cloudfront.net/asset.axd?id=iQEAAB-LCAAAAAAAAAOtkE0PATEQhv-KzHnp-qi1FQdxEyfcxKHaQYWtdKYiEX67WnF04vh-PZPMDQyDAsYri4O-aDLBnXnYMHsdCHkUedscQAZVKs19ZMyTcKC2-kiYgT0n_yEW9YpShKA4xJRcUtDvlh0py0GR523Zk52iSA3zaRjrLKhuX7byJDYf2xGo1e37nuqLk0jsT2LiK8aKxXKPJyQx80ctpgthXna0vnUguGe_wMa7oG3NfH_mn8QdBu2oJq7vT6rQ1QGJAQAA:40
[  617455ms] [LOG] conteudoNovo Política de Privacidade @ https://d1hjvew1n9ss7u.cloudfront.net/asset.axd?id=iQEAAB-LCAAAAAAAAAOtkE0PATEQhv-KzHnp-qi1FQdxEyfcxKHaQYWtdKYiEX67WnF04vh-PZPMDQyDAsYri4O-aDLBnXnYMHsdCHkUedscQAZVKs19ZMyTcKC2-kiYgT0n_yEW9YpShKA4xJRcUtDvlh0py0GR523Zk52iSA3zaRjrLKhuX7byJDYf2xGo1e37nuqLk0jsT2LiK8aKxXKPJyQx80ctpgthXna0vnUguGe_wMa7oG3NfH_mn8QdBu2oJq7vT6rQ1QGJAQAA:40
[  617455ms] [LOG] conteudoNovo Nossa lojas @ https://d1hjvew1n9ss7u.cloudfront.net/asset.axd?id=iQEAAB-LCAAAAAAAAAOtkE0PATEQhv-KzHnp-qi1FQdxEyfcxKHaQYWtdKYiEX67WnF04vh-PZPMDQyDAsYri4O-aDLBnXnYMHsdCHkUedscQAZVKs19ZMyTcKC2-kiYgT0n_yEW9YpShKA4xJRcUtDvlh0py0GR523Zk52iSA3zaRjrLKhuX7byJDYf2xGo1e37nuqLk0jsT2LiK8aKxXKPJyQx80ctpgthXna0vnUguGe_wMa7oG3NfH_mn8QdBu2oJq7vT6rQ1QGJAQAA:40
[  617455ms] [LOG] conteudoNovo Trabalhe Conosco @ https://d1hjvew1n9ss7u.cloudfront.net/asset.axd?id=iQEAAB-LCAAAAAAAAAOtkE0PATEQhv-KzHnp-qi1FQdxEyfcxKHaQYWtdKYiEX67WnF04vh-PZPMDQyDAsYri4O-aDLBnXnYMHsdCHkUedscQAZVKs19ZMyTcKC2-kiYgT0n_yEW9YpShKA4xJRcUtDvlh0py0GR523Zk52iSA3zaRjrLKhuX7byJDYf2xGo1e37nuqLk0jsT2LiK8aKxXKPJyQx80ctpgthXna0vnUguGe_wMa7oG3NfH_mn8QdBu2oJq7vT6rQ1QGJAQAA:40
[  617455ms] [LOG] conteudoNovo Lola Lab @ https://d1hjvew1n9ss7u.cloudfront.net/asset.axd?id=iQEAAB-LCAAAAAAAAAOtkE0PATEQhv-KzHnp-qi1FQdxEyfcxKHaQYWtdKYiEX67WnF04vh-PZPMDQyDAsYri4O-aDLBnXnYMHsdCHkUedscQAZVKs19ZMyTcKC2-kiYgT0n_yEW9YpShKA4xJRcUtDvlh0py0GR523Zk52iSA3zaRjrLKhuX7byJDYf2xGo1e37nuqLk0jsT2LiK8aKxXKPJyQx80ctpgthXna0vnUguGe_wMa7oG3NfH_mn8QdBu2oJq7vT6rQ1QGJAQAA:40
[  617455ms] [LOG] conteudoNovo Revenda @ https://d1hjvew1n9ss7u.cloudfront.net/asset.axd?id=iQEAAB-LCAAAAAAAAAOtkE0PATEQhv-KzHnp-qi1FQdxEyfcxKHaQYWtdKYiEX67WnF04vh-PZPMDQyDAsYri4O-aDLBnXnYMHsdCHkUedscQAZVKs19ZMyTcKC2-kiYgT0n_yEW9YpShKA4xJRcUtDvlh0py0GR523Zk52iSA3zaRjrLKhuX7byJDYf2xGo1e37nuqLk0jsT2LiK8aKxXKPJyQx80ctpgthXna0vnUguGe_wMa7oG3NfH_mn8QdBu2oJq7vT6rQ1QGJAQAA:40
[  617455ms] [LOG] conteudoNovo Afiliados @ https://d1hjvew1n9ss7u.cloudfront.net/asset.axd?id=iQEAAB-LCAAAAAAAAAOtkE0PATEQhv-KzHnp-qi1FQdxEyfcxKHaQYWtdKYiEX67WnF04vh-PZPMDQyDAsYri4O-aDLBnXnYMHsdCHkUedscQAZVKs19ZMyTcKC2-kiYgT0n_yEW9YpShKA4xJRcUtDvlh0py0GR523Zk52iSA3zaRjrLKhuX7byJDYf2xGo1e37nuqLk0jsT2LiK8aKxXKPJyQx80ctpgthXna0vnUguGe_wMa7oG3NfH_mn8QdBu2oJq7vT6rQ1QGJAQAA:40
[  617456ms] [LOG] conteudoNovo Prazos de atendimento @ https://d1hjvew1n9ss7u.cloudfront.net/asset.axd?id=iQEAAB-LCAAAAAAAAAOtkE0PATEQhv-KzHnp-qi1FQdxEyfcxKHaQYWtdKYiEX67WnF04vh-PZPMDQyDAsYri4O-aDLBnXnYMHsdCHkUedscQAZVKs19ZMyTcKC2-kiYgT0n_yEW9YpShKA4xJRcUtDvlh0py0GR523Zk52iSA3zaRjrLKhuX7byJDYf2xGo1e37nuqLk0jsT2LiK8aKxXKPJyQx80ctpgthXna0vnUguGe_wMa7oG3NfH_mn8QdBu2oJq7vT6rQ1QGJAQAA:40
[  617456ms] [LOG] conteudoNovo Entrega e envios @ https://d1hjvew1n9ss7u.cloudfront.net/asset.axd?id=iQEAAB-LCAAAAAAAAAOtkE0PATEQhv-KzHnp-qi1FQdxEyfcxKHaQYWtdKYiEX67WnF04vh-PZPMDQyDAsYri4O-aDLBnXnYMHsdCHkUedscQAZVKs19ZMyTcKC2-kiYgT0n_yEW9YpShKA4xJRcUtDvlh0py0GR523Zk52iSA3zaRjrLKhuX7byJDYf2xGo1e37nuqLk0jsT2LiK8aKxXKPJyQx80ctpgthXna0vnUguGe_wMa7oG3NfH_mn8QdBu2oJq7vT6rQ1QGJAQAA:40
[  617456ms] [LOG] conteudoNovo Pagamento @ https://d1hjvew1n9ss7u.cloudfront.net/asset.axd?id=iQEAAB-LCAAAAAAAAAOtkE0PATEQhv-KzHnp-qi1FQdxEyfcxKHaQYWtdKYiEX67WnF04vh-PZPMDQyDAsYri4O-aDLBnXnYMHsdCHkUedscQAZVKs19ZMyTcKC2-kiYgT0n_yEW9YpShKA4xJRcUtDvlh0py0GR523Zk52iSA3zaRjrLKhuX7byJDYf2xGo1e37nuqLk0jsT2LiK8aKxXKPJyQx80ctpgthXna0vnUguGe_wMa7oG3NfH_mn8QdBu2oJq7vT6rQ1QGJAQAA:40
[  617456ms] [LOG] conteudoNovo Trocas e devoluções @ https://d1hjvew1n9ss7u.cloudfront.net/asset.axd?id=iQEAAB-LCAAAAAAAAAOtkE0PATEQhv-KzHnp-qi1FQdxEyfcxKHaQYWtdKYiEX67WnF04vh-PZPMDQyDAsYri4O-aDLBnXnYMHsdCHkUedscQAZVKs19ZMyTcKC2-kiYgT0n_yEW9YpShKA4xJRcUtDvlh0py0GR523Zk52iSA3zaRjrLKhuX7byJDYf2xGo1e37nuqLk0jsT2LiK8aKxXKPJyQx80ctpgthXna0vnUguGe_wMa7oG3NfH_mn8QdBu2oJq7vT6rQ1QGJAQAA:40
[  617456ms] [LOG] conteudoNovo Perguntas Frequentes @ https://d1hjvew1n9ss7u.cloudfront.net/asset.axd?id=iQEAAB-LCAAAAAAAAAOtkE0PATEQhv-KzHnp-qi1FQdxEyfcxKHaQYWtdKYiEX67WnF04vh-PZPMDQyDAsYri4O-aDLBnXnYMHsdCHkUedscQAZVKs19ZMyTcKC2-kiYgT0n_yEW9YpShKA4xJRcUtDvlh0py0GR523Zk52iSA3zaRjrLKhuX7byJDYf2xGo1e37nuqLk0jsT2LiK8aKxXKPJyQx80ctpgthXna0vnUguGe_wMa7oG3NfH_mn8QdBu2oJq7vT6rQ1QGJAQAA:40
[  617456ms] [LOG] conteudoNovo Como rastrear pedidos @ https://d1hjvew1n9ss7u.cloudfront.net/asset.axd?id=iQEAAB-LCAAAAAAAAAOtkE0PATEQhv-KzHnp-qi1FQdxEyfcxKHaQYWtdKYiEX67WnF04vh-PZPMDQyDAsYri4O-aDLBnXnYMHsdCHkUedscQAZVKs19ZMyTcKC2-kiYgT0n_yEW9YpShKA4xJRcUtDvlh0py0GR523Zk52iSA3zaRjrLKhuX7byJDYf2xGo1e37nuqLk0jsT2LiK8aKxXKPJyQx80ctpgthXna0vnUguGe_wMa7oG3NfH_mn8QdBu2oJq7vT6rQ1QGJAQAA:40
[  617456ms] [LOG] conteudoNovo Regulamento Promocional @ https://d1hjvew1n9ss7u.cloudfront.net/asset.axd?id=iQEAAB-LCAAAAAAAAAOtkE0PATEQhv-KzHnp-qi1FQdxEyfcxKHaQYWtdKYiEX67WnF04vh-PZPMDQyDAsYri4O-aDLBnXnYMHsdCHkUedscQAZVKs19ZMyTcKC2-kiYgT0n_yEW9YpShKA4xJRcUtDvlh0py0GR523Zk52iSA3zaRjrLKhuX7byJDYf2xGo1e37nuqLk0jsT2LiK8aKxXKPJyQx80ctpgthXna0vnUguGe_wMa7oG3NfH_mn8QdBu2oJq7vT6rQ1QGJAQAA:40
[  617456ms] [LOG] conteudoNovo Cashback @ https://d1hjvew1n9ss7u.cloudfront.net/asset.axd?id=iQEAAB-LCAAAAAAAAAOtkE0PATEQhv-KzHnp-qi1FQdxEyfcxKHaQYWtdKYiEX67WnF04vh-PZPMDQyDAsYri4O-aDLBnXnYMHsdCHkUedscQAZVKs19ZMyTcKC2-kiYgT0n_yEW9YpShKA4xJRcUtDvlh0py0GR523Zk52iSA3zaRjrLKhuX7byJDYf2xGo1e37nuqLk0jsT2LiK8aKxXKPJyQx80ctpgthXna0vnUguGe_wMa7oG3NfH_mn8QdBu2oJq7vT6rQ1QGJAQAA:40
[  617512ms] [WARNING] !! Há erros de scripts de terceiros !!
Por favor, contate a Empresa responsável pelo script.  @ https://d1hjvew1n9ss7u.cloudfront.net/assets/shjs.js?t=639255987001545277:0
[  617756ms] Uncaught Error: You must pass a string or Handlebars AST to Handlebars.compile. You passed null
    at e.compile (https://d1hjvew1n9ss7u.cloudfront.net/asset.axd?id=iQEAAB-LCAAAAAAAAAOtkE0PATEQhv-KzHnp-qi1FQdxEyfcxKHaQYWtdKYiEX67WnF04vh-PZPMDQyDAsYri4O-aDLBnXnYMHsdCHkUedscQAZVKs19ZMyTcKC2-kiYgT0n_yEW9YpShKA4xJRcUtDvlh0py0GR523Zk52iSA3zaRjrLKhuX7byJDYf2xGo1e37nuqLk0jsT2LiK8aKxXKPJyQx80ctpgthXna0vnUguGe_wMa7oG3NfH_mn8QdBu2oJq7vT6rQ1QGJAQAA:1843:49302)
    at i.compile (https://d1hjvew1n9ss7u.cloudfront.net/asset.axd?id=iQEAAB-LCAAAAAAAAAOtkE0PATEQhv-KzHnp-qi1FQdxEyfcxKHaQYWtdKYiEX67WnF04vh-PZPMDQyDAsYri4O-aDLBnXnYMHsdCHkUedscQAZVKs19ZMyTcKC2-kiYgT0n_yEW9YpShKA4xJRcUtDvlh0py0GR523Zk52iSA3zaRjrLKhuX7byJDYf2xGo1e37nuqLk0jsT2LiK8aKxXKPJyQx80ctpgthXna0vnUguGe_wMa7oG3NfH_mn8QdBu2oJq7vT6rQ1QGJAQAA:1843:343)
    at renderBasket (https://d1hjvew1n9ss7u.cloudfront.net/asset.axd?id=iQEAAB-LCAAAAAAAAAOtkE0PATEQhv-KzHnp-qi1FQdxEyfcxKHaQYWtdKYiEX67WnF04vh-PZPMDQyDAsYri4O-aDLBnXnYMHsdCHkUedscQAZVKs19ZMyTcKC2-kiYgT0n_yEW9YpShKA4xJRcUtDvlh0py0GR523Zk52iSA3zaRjrLKhuX7byJDYf2xGo1e37nuqLk0jsT2LiK8aKxXKPJyQx80ctpgthXna0vnUguGe_wMa7oG3NfH_mn8QdBu2oJq7vT6rQ1QGJAQAA:78:27)
    at <anonymous> (https://d1hjvew1n9ss7u.cloudfront.net/asset.axd?id=iQEAAB-LCAAAAAAAAAOtkE0PATEQhv-KzHnp-qi1FQdxEyfcxKHaQYWtdKYiEX67WnF04vh-PZPMDQyDAsYri4O-aDLBnXnYMHsdCHkUedscQAZVKs19ZMyTcKC2-kiYgT0n_yEW9YpShKA4xJRcUtDvlh0py0GR523Zk52iSA3zaRjrLKhuX7byJDYf2xGo1e37nuqLk0jsT2LiK8aKxXKPJyQx80ctpgthXna0vnUguGe_wMa7oG3NfH_mn8QdBu2oJq7vT6rQ1QGJAQAA:269:1)
    at f (https://d1hjvew1n9ss7u.cloudfront.net/assets/shjs.js?t=639255987001545277:0:10382)
    at fireWith (https://d1hjvew1n9ss7u.cloudfront.net/assets/shjs.js?t=639255987001545277:0:11137)
    at ready (https://d1hjvew1n9ss7u.cloudfront.net/assets/shjs.js?t=639255987001545277:0:5238)
    at r (https://d1hjvew1n9ss7u.cloudfront.net/assets/shjs.js?t=639255987001545277:0:9748)
[  617759ms] [VERBOSE] [DOM] Input elements should have autocomplete attributes (suggested: "current-password"): (More info: https://goo.gl/9p2vKq) %o @ https://www.lolacosmetics.com.br/conteudo/ajuda/pagamento:0
[  617759ms] [VERBOSE] [DOM] Input elements should have autocomplete attributes (suggested: "current-password"): (More info: https://goo.gl/9p2vKq) %o @ https://www.lolacosmetics.com.br/conteudo/ajuda/pagamento:0
[  618900ms] [WARNING] [Meta Pixel] - Invalid parameter format for currency. Please refer https://developers.facebook.com/docs/meta-pixel/reference/ for valid parameter specifications. @ https://connect.facebook.net/en_US/fbevents.js:203
[  619369ms] Uncaught TypeError: Cannot read properties of undefined (reading 'replace')
    at validaFreteGratis (https://d1hjvew1n9ss7u.cloudfront.net/asset.axd?id=iQEAAB-LCAAAAAAAAAOtkE0PATEQhv-KzHnp-qi1FQdxEyfcxKHaQYWtdKYiEX67WnF04vh-PZPMDQyDAsYri4O-aDLBnXnYMHsdCHkUedscQAZVKs19ZMyTcKC2-kiYgT0n_yEW9YpShKA4xJRcUtDvlh0py0GR523Zk52iSA3zaRjrLKhuX7byJDYf2xGo1e37nuqLk0jsT2LiK8aKxXKPJyQx80ctpgthXna0vnUguGe_wMa7oG3NfH_mn8QdBu2oJq7vT6rQ1QGJAQAA:50:7633)
    at <anonymous> (https://d1hjvew1n9ss7u.cloudfront.net/asset.axd?id=iQEAAB-LCAAAAAAAAAOtkE0PATEQhv-KzHnp-qi1FQdxEyfcxKHaQYWtdKYiEX67WnF04vh-PZPMDQyDAsYri4O-aDLBnXnYMHsdCHkUedscQAZVKs19ZMyTcKC2-kiYgT0n_yEW9YpShKA4xJRcUtDvlh0py0GR523Zk52iSA3zaRjrLKhuX7byJDYf2xGo1e37nuqLk0jsT2LiK8aKxXKPJyQx80ctpgthXna0vnUguGe_wMa7oG3NfH_mn8QdBu2oJq7vT6rQ1QGJAQAA:50:49808)
    at dispatch (https://d1hjvew1n9ss7u.cloudfront.net/assets/shjs.js?t=639255987001545277:0:32701)
    at a (https://d1hjvew1n9ss7u.cloudfront.net/assets/shjs.js?t=639255987001545277:0:28480)
[  619356ms] [LOG] Banner não encontrado: banner-232 @ https://d1hjvew1n9ss7u.cloudfront.net/asset.axd?id=iQEAAB-LCAAAAAAAAAOtkE0PATEQhv-KzHnp-qi1FQdxEyfcxKHaQYWtdKYiEX67WnF04vh-PZPMDQyDAsYri4O-aDLBnXnYMHsdCHkUedscQAZVKs19ZMyTcKC2-kiYgT0n_yEW9YpShKA4xJRcUtDvlh0py0GR523Zk52iSA3zaRjrLKhuX7byJDYf2xGo1e37nuqLk0jsT2LiK8aKxXKPJyQx80ctpgthXna0vnUguGe_wMa7oG3NfH_mn8QdBu2oJq7vT6rQ1QGJAQAA:803
[  619397ms] [LOG] %c Widde Video Commerce %c v24604ee %c Build: 21/09/2026 20:39 %c border: 1px solid #2567f8; background: #2567f8; color: #fff; font-weight: bold; padding: 4px 8px; border-radius: 3px 0 0 0; border: 1px solid #2567f8; border-left: none; background: #FFF; color: #2567f8; font-weight: bold; padding: 4px 8px; border: 1px solid #2567f8; border-left: none; background: #f0f0f0; color: #333; font-weight: bold; padding: 4px 8px; border-radius: 0 3px 3px 0; background: transparent @ https://cdn.widde.io/assets/main.utzwjalemu.js:0
[  619489ms] [LOG] %c Tryon Widde.io %c %s %c border: 1px solid #2567f8; background: #2567f8; color: #fff; font-weight: bold; padding: 4px 8px; border-radius: 3px 0 0 3px; border: 1px solid #2567f8; background: #FFF; color: #2567f8; font-weight: bold; padding: 4px 8px; border-radius: 0 3px 3px 0; 47bf7c2 background: transparent @ https://cdn-tryon.widde.io/widde-tryon.js:86
[  619690ms] [LOG] [tryon-tracker] initialized {domain: www.lolacosmetics.com.br} @ https://cdn-tryon.widde.io/widde-tryon.js:8
[  627139ms] [WARNING] Error with Feature-Policy header: Some features are specified in both Feature-Policy and Permissions-Policy header: payment, fullscreen, microphone, camera. Values defined in Permissions-Policy header will be used. @ :0
[  627604ms] [ERROR] Failed to load resource: the server responded with a status of 500 () @ https://fonts.cdnfonts.com/css/leelawade:0
[  627900ms] [ERROR] Failed to load resource: the server responded with a status of 404 () @ https://lolacosmetics.admin.linxcommerce.com.br/Custom/Content/Themes/Lola/Styles/Fonts/FontAwesome/all.css:0
[  628070ms] [ERROR] Failed to load resource: net::ERR_NAME_NOT_RESOLVED @ https://event.getblue.io/js/blue-tag.min.js:0
[  628242ms] [LOG] Banner não encontrado: banner-232 @ https://d1hjvew1n9ss7u.cloudfront.net/asset.axd?id=iQEAAB-LCAAAAAAAAAOtkE0PATEQhv-KzHnp-qi1FQdxEyfcxKHaQYWtdKYiEX67WnF04vh-PZPMDQyDAsYri4O-aDLBnXnYMHsdCHkUedscQAZVKs19ZMyTcKC2-kiYgT0n_yEW9YpShKA4xJRcUtDvlh0py0GR523Zk52iSA3zaRjrLKhuX7byJDYf2xGo1e37nuqLk0jsT2LiK8aKxXKPJyQx80ctpgthXna0vnUguGe_wMa7oG3NfH_mn8QdBu2oJq7vT6rQ1QGJAQAA:803
[  628272ms] [LOG] [Debug Carrinho] Polling ativo @ https://d1hjvew1n9ss7u.cloudfront.net/asset.axd?id=iQEAAB-LCAAAAAAAAAOtkE0PATEQhv-KzHnp-qi1FQdxEyfcxKHaQYWtdKYiEX67WnF04vh-PZPMDQyDAsYri4O-aDLBnXnYMHsdCHkUedscQAZVKs19ZMyTcKC2-kiYgT0n_yEW9YpShKA4xJRcUtDvlh0py0GR523Zk52iSA3zaRjrLKhuX7byJDYf2xGo1e37nuqLk0jsT2LiK8aKxXKPJyQx80ctpgthXna0vnUguGe_wMa7oG3NfH_mn8QdBu2oJq7vT6rQ1QGJAQAA:1839
[  628420ms] [LOG] teste @ https://d1hjvew1n9ss7u.cloudfront.net/asset.axd?id=iQEAAB-LCAAAAAAAAAOtkE0PATEQhv-KzHnp-qi1FQdxEyfcxKHaQYWtdKYiEX67WnF04vh-PZPMDQyDAsYri4O-aDLBnXnYMHsdCHkUedscQAZVKs19ZMyTcKC2-kiYgT0n_yEW9YpShKA4xJRcUtDvlh0py0GR523Zk52iSA3zaRjrLKhuX7byJDYf2xGo1e37nuqLk0jsT2LiK8aKxXKPJyQx80ctpgthXna0vnUguGe_wMa7oG3NfH_mn8QdBu2oJq7vT6rQ1QGJAQAA:3
[  628420ms] [LOG] conteudo Perguntas Frequentes @ https://d1hjvew1n9ss7u.cloudfront.net/asset.axd?id=iQEAAB-LCAAAAAAAAAOtkE0PATEQhv-KzHnp-qi1FQdxEyfcxKHaQYWtdKYiEX67WnF04vh-PZPMDQyDAsYri4O-aDLBnXnYMHsdCHkUedscQAZVKs19ZMyTcKC2-kiYgT0n_yEW9YpShKA4xJRcUtDvlh0py0GR523Zk52iSA3zaRjrLKhuX7byJDYf2xGo1e37nuqLk0jsT2LiK8aKxXKPJyQx80ctpgthXna0vnUguGe_wMa7oG3NfH_mn8QdBu2oJq7vT6rQ1QGJAQAA:36
[  628420ms] [LOG] conteudoNovo Prazos de atendimento @ https://d1hjvew1n9ss7u.cloudfront.net/asset.axd?id=iQEAAB-LCAAAAAAAAAOtkE0PATEQhv-KzHnp-qi1FQdxEyfcxKHaQYWtdKYiEX67WnF04vh-PZPMDQyDAsYri4O-aDLBnXnYMHsdCHkUedscQAZVKs19ZMyTcKC2-kiYgT0n_yEW9YpShKA4xJRcUtDvlh0py0GR523Zk52iSA3zaRjrLKhuX7byJDYf2xGo1e37nuqLk0jsT2LiK8aKxXKPJyQx80ctpgthXna0vnUguGe_wMa7oG3NfH_mn8QdBu2oJq7vT6rQ1QGJAQAA:40
[  628420ms] [LOG] conteudoNovo Entrega e envios @ https://d1hjvew1n9ss7u.cloudfront.net/asset.axd?id=iQEAAB-LCAAAAAAAAAOtkE0PATEQhv-KzHnp-qi1FQdxEyfcxKHaQYWtdKYiEX67WnF04vh-PZPMDQyDAsYri4O-aDLBnXnYMHsdCHkUedscQAZVKs19ZMyTcKC2-kiYgT0n_yEW9YpShKA4xJRcUtDvlh0py0GR523Zk52iSA3zaRjrLKhuX7byJDYf2xGo1e37nuqLk0jsT2LiK8aKxXKPJyQx80ctpgthXna0vnUguGe_wMa7oG3NfH_mn8QdBu2oJq7vT6rQ1QGJAQAA:40
[  628421ms] [LOG] conteudoNovo Pagamento @ https://d1hjvew1n9ss7u.cloudfront.net/asset.axd?id=iQEAAB-LCAAAAAAAAAOtkE0PATEQhv-KzHnp-qi1FQdxEyfcxKHaQYWtdKYiEX67WnF04vh-PZPMDQyDAsYri4O-aDLBnXnYMHsdCHkUedscQAZVKs19ZMyTcKC2-kiYgT0n_yEW9YpShKA4xJRcUtDvlh0py0GR523Zk52iSA3zaRjrLKhuX7byJDYf2xGo1e37nuqLk0jsT2LiK8aKxXKPJyQx80ctpgthXna0vnUguGe_wMa7oG3NfH_mn8QdBu2oJq7vT6rQ1QGJAQAA:40
[  628421ms] [LOG] conteudoNovo Trocas e devoluções @ https://d1hjvew1n9ss7u.cloudfront.net/asset.axd?id=iQEAAB-LCAAAAAAAAAOtkE0PATEQhv-KzHnp-qi1FQdxEyfcxKHaQYWtdKYiEX67WnF04vh-PZPMDQyDAsYri4O-aDLBnXnYMHsdCHkUedscQAZVKs19ZMyTcKC2-kiYgT0n_yEW9YpShKA4xJRcUtDvlh0py0GR523Zk52iSA3zaRjrLKhuX7byJDYf2xGo1e37nuqLk0jsT2LiK8aKxXKPJyQx80ctpgthXna0vnUguGe_wMa7oG3NfH_mn8QdBu2oJq7vT6rQ1QGJAQAA:40
[  628421ms] [LOG] conteudoNovo Perguntas Frequentes @ https://d1hjvew1n9ss7u.cloudfront.net/asset.axd?id=iQEAAB-LCAAAAAAAAAOtkE0PATEQhv-KzHnp-qi1FQdxEyfcxKHaQYWtdKYiEX67WnF04vh-PZPMDQyDAsYri4O-aDLBnXnYMHsdCHkUedscQAZVKs19ZMyTcKC2-kiYgT0n_yEW9YpShKA4xJRcUtDvlh0py0GR523Zk52iSA3zaRjrLKhuX7byJDYf2xGo1e37nuqLk0jsT2LiK8aKxXKPJyQx80ctpgthXna0vnUguGe_wMa7oG3NfH_mn8QdBu2oJq7vT6rQ1QGJAQAA:40
[  628421ms] [LOG] conteudoNovo Como rastrear pedidos @ https://d1hjvew1n9ss7u.cloudfront.net/asset.axd?id=iQEAAB-LCAAAAAAAAAOtkE0PATEQhv-KzHnp-qi1FQdxEyfcxKHaQYWtdKYiEX67WnF04vh-PZPMDQyDAsYri4O-aDLBnXnYMHsdCHkUedscQAZVKs19ZMyTcKC2-kiYgT0n_yEW9YpShKA4xJRcUtDvlh0py0GR523Zk52iSA3zaRjrLKhuX7byJDYf2xGo1e37nuqLk0jsT2LiK8aKxXKPJyQx80ctpgthXna0vnUguGe_wMa7oG3NfH_mn8QdBu2oJq7vT6rQ1QGJAQAA:40
[  628421ms] [LOG] conteudoNovo Regulamento Promocional @ https://d1hjvew1n9ss7u.cloudfront.net/asset.axd?id=iQEAAB-LCAAAAAAAAAOtkE0PATEQhv-KzHnp-qi1FQdxEyfcxKHaQYWtdKYiEX67WnF04vh-PZPMDQyDAsYri4O-aDLBnXnYMHsdCHkUedscQAZVKs19ZMyTcKC2-kiYgT0n_yEW9YpShKA4xJRcUtDvlh0py0GR523Zk52iSA3zaRjrLKhuX7byJDYf2xGo1e37nuqLk0jsT2LiK8aKxXKPJyQx80ctpgthXna0vnUguGe_wMa7oG3NfH_mn8QdBu2oJq7vT6rQ1QGJAQAA:40
[  628421ms] [LOG] conteudoNovo Cashback @ https://d1hjvew1n9ss7u.cloudfront.net/asset.axd?id=iQEAAB-LCAAAAAAAAAOtkE0PATEQhv-KzHnp-qi1FQdxEyfcxKHaQYWtdKYiEX67WnF04vh-PZPMDQyDAsYri4O-aDLBnXnYMHsdCHkUedscQAZVKs19ZMyTcKC2-kiYgT0n_yEW9YpShKA4xJRcUtDvlh0py0GR523Zk52iSA3zaRjrLKhuX7byJDYf2xGo1e37nuqLk0jsT2LiK8aKxXKPJyQx80ctpgthXna0vnUguGe_wMa7oG3NfH_mn8QdBu2oJq7vT6rQ1QGJAQAA:40
[  628421ms] [LOG] conteudoNovo Quem somos @ https://d1hjvew1n9ss7u.cloudfront.net/asset.axd?id=iQEAAB-LCAAAAAAAAAOtkE0PATEQhv-KzHnp-qi1FQdxEyfcxKHaQYWtdKYiEX67WnF04vh-PZPMDQyDAsYri4O-aDLBnXnYMHsdCHkUedscQAZVKs19ZMyTcKC2-kiYgT0n_yEW9YpShKA4xJRcUtDvlh0py0GR523Zk52iSA3zaRjrLKhuX7byJDYf2xGo1e37nuqLk0jsT2LiK8aKxXKPJyQx80ctpgthXna0vnUguGe_wMa7oG3NfH_mn8QdBu2oJq7vT6rQ1QGJAQAA:40
[  628421ms] [LOG] conteudoNovo Este site é seguro? @ https://d1hjvew1n9ss7u.cloudfront.net/asset.axd?id=iQEAAB-LCAAAAAAAAAOtkE0PATEQhv-KzHnp-qi1FQdxEyfcxKHaQYWtdKYiEX67WnF04vh-PZPMDQyDAsYri4O-aDLBnXnYMHsdCHkUedscQAZVKs19ZMyTcKC2-kiYgT0n_yEW9YpShKA4xJRcUtDvlh0py0GR523Zk52iSA3zaRjrLKhuX7byJDYf2xGo1e37nuqLk0jsT2LiK8aKxXKPJyQx80ctpgthXna0vnUguGe_wMa7oG3NfH_mn8QdBu2oJq7vT6rQ1QGJAQAA:40
[  628422ms] [LOG] conteudoNovo Política de Cookies @ https://d1hjvew1n9ss7u.cloudfront.net/asset.axd?id=iQEAAB-LCAAAAAAAAAOtkE0PATEQhv-KzHnp-qi1FQdxEyfcxKHaQYWtdKYiEX67WnF04vh-PZPMDQyDAsYri4O-aDLBnXnYMHsdCHkUedscQAZVKs19ZMyTcKC2-kiYgT0n_yEW9YpShKA4xJRcUtDvlh0py0GR523Zk52iSA3zaRjrLKhuX7byJDYf2xGo1e37nuqLk0jsT2LiK8aKxXKPJyQx80ctpgthXna0vnUguGe_wMa7oG3NfH_mn8QdBu2oJq7vT6rQ1QGJAQAA:40
[  628422ms] [LOG] conteudoNovo Política de Privacidade @ https://d1hjvew1n9ss7u.cloudfront.net/asset.axd?id=iQEAAB-LCAAAAAAAAAOtkE0PATEQhv-KzHnp-qi1FQdxEyfcxKHaQYWtdKYiEX67WnF04vh-PZPMDQyDAsYri4O-aDLBnXnYMHsdCHkUedscQAZVKs19ZMyTcKC2-kiYgT0n_yEW9YpShKA4xJRcUtDvlh0py0GR523Zk52iSA3zaRjrLKhuX7byJDYf2xGo1e37nuqLk0jsT2LiK8aKxXKPJyQx80ctpgthXna0vnUguGe_wMa7oG3NfH_mn8QdBu2oJq7vT6rQ1QGJAQAA:40
[  628422ms] [LOG] conteudoNovo Nossa lojas @ https://d1hjvew1n9ss7u.cloudfront.net/asset.axd?id=iQEAAB-LCAAAAAAAAAOtkE0PATEQhv-KzHnp-qi1FQdxEyfcxKHaQYWtdKYiEX67WnF04vh-PZPMDQyDAsYri4O-aDLBnXnYMHsdCHkUedscQAZVKs19ZMyTcKC2-kiYgT0n_yEW9YpShKA4xJRcUtDvlh0py0GR523Zk52iSA3zaRjrLKhuX7byJDYf2xGo1e37nuqLk0jsT2LiK8aKxXKPJyQx80ctpgthXna0vnUguGe_wMa7oG3NfH_mn8QdBu2oJq7vT6rQ1QGJAQAA:40
[  628422ms] [LOG] conteudoNovo Trabalhe Conosco @ https://d1hjvew1n9ss7u.cloudfront.net/asset.axd?id=iQEAAB-LCAAAAAAAAAOtkE0PATEQhv-KzHnp-qi1FQdxEyfcxKHaQYWtdKYiEX67WnF04vh-PZPMDQyDAsYri4O-aDLBnXnYMHsdCHkUedscQAZVKs19ZMyTcKC2-kiYgT0n_yEW9YpShKA4xJRcUtDvlh0py0GR523Zk52iSA3zaRjrLKhuX7byJDYf2xGo1e37nuqLk0jsT2LiK8aKxXKPJyQx80ctpgthXna0vnUguGe_wMa7oG3NfH_mn8QdBu2oJq7vT6rQ1QGJAQAA:40
[  628422ms] [LOG] conteudoNovo Lola Lab @ https://d1hjvew1n9ss7u.cloudfront.net/asset.axd?id=iQEAAB-LCAAAAAAAAAOtkE0PATEQhv-KzHnp-qi1FQdxEyfcxKHaQYWtdKYiEX67WnF04vh-PZPMDQyDAsYri4O-aDLBnXnYMHsdCHkUedscQAZVKs19ZMyTcKC2-kiYgT0n_yEW9YpShKA4xJRcUtDvlh0py0GR523Zk52iSA3zaRjrLKhuX7byJDYf2xGo1e37nuqLk0jsT2LiK8aKxXKPJyQx80ctpgthXna0vnUguGe_wMa7oG3NfH_mn8QdBu2oJq7vT6rQ1QGJAQAA:40
[  628422ms] [LOG] conteudoNovo Revenda @ https://d1hjvew1n9ss7u.cloudfront.net/asset.axd?id=iQEAAB-LCAAAAAAAAAOtkE0PATEQhv-KzHnp-qi1FQdxEyfcxKHaQYWtdKYiEX67WnF04vh-PZPMDQyDAsYri4O-aDLBnXnYMHsdCHkUedscQAZVKs19ZMyTcKC2-kiYgT0n_yEW9YpShKA4xJRcUtDvlh0py0GR523Zk52iSA3zaRjrLKhuX7byJDYf2xGo1e37nuqLk0jsT2LiK8aKxXKPJyQx80ctpgthXna0vnUguGe_wMa7oG3NfH_mn8QdBu2oJq7vT6rQ1QGJAQAA:40
[  628422ms] [LOG] conteudoNovo Afiliados @ https://d1hjvew1n9ss7u.cloudfront.net/asset.axd?id=iQEAAB-LCAAAAAAAAAOtkE0PATEQhv-KzHnp-qi1FQdxEyfcxKHaQYWtdKYiEX67WnF04vh-PZPMDQyDAsYri4O-aDLBnXnYMHsdCHkUedscQAZVKs19ZMyTcKC2-kiYgT0n_yEW9YpShKA4xJRcUtDvlh0py0GR523Zk52iSA3zaRjrLKhuX7byJDYf2xGo1e37nuqLk0jsT2LiK8aKxXKPJyQx80ctpgthXna0vnUguGe_wMa7oG3NfH_mn8QdBu2oJq7vT6rQ1QGJAQAA:40
[  628422ms] [LOG] conteudoNovo Prazos de atendimento @ https://d1hjvew1n9ss7u.cloudfront.net/asset.axd?id=iQEAAB-LCAAAAAAAAAOtkE0PATEQhv-KzHnp-qi1FQdxEyfcxKHaQYWtdKYiEX67WnF04vh-PZPMDQyDAsYri4O-aDLBnXnYMHsdCHkUedscQAZVKs19ZMyTcKC2-kiYgT0n_yEW9YpShKA4xJRcUtDvlh0py0GR523Zk52iSA3zaRjrLKhuX7byJDYf2xGo1e37nuqLk0jsT2LiK8aKxXKPJyQx80ctpgthXna0vnUguGe_wMa7oG3NfH_mn8QdBu2oJq7vT6rQ1QGJAQAA:40
[  628422ms] [LOG] conteudoNovo Entrega e envios @ https://d1hjvew1n9ss7u.cloudfront.net/asset.axd?id=iQEAAB-LCAAAAAAAAAOtkE0PATEQhv-KzHnp-qi1FQdxEyfcxKHaQYWtdKYiEX67WnF04vh-PZPMDQyDAsYri4O-aDLBnXnYMHsdCHkUedscQAZVKs19ZMyTcKC2-kiYgT0n_yEW9YpShKA4xJRcUtDvlh0py0GR523Zk52iSA3zaRjrLKhuX7byJDYf2xGo1e37nuqLk0jsT2LiK8aKxXKPJyQx80ctpgthXna0vnUguGe_wMa7oG3NfH_mn8QdBu2oJq7vT6rQ1QGJAQAA:40
[  628422ms] [LOG] conteudoNovo Pagamento @ https://d1hjvew1n9ss7u.cloudfront.net/asset.axd?id=iQEAAB-LCAAAAAAAAAOtkE0PATEQhv-KzHnp-qi1FQdxEyfcxKHaQYWtdKYiEX67WnF04vh-PZPMDQyDAsYri4O-aDLBnXnYMHsdCHkUedscQAZVKs19ZMyTcKC2-kiYgT0n_yEW9YpShKA4xJRcUtDvlh0py0GR523Zk52iSA3zaRjrLKhuX7byJDYf2xGo1e37nuqLk0jsT2LiK8aKxXKPJyQx80ctpgthXna0vnUguGe_wMa7oG3NfH_mn8QdBu2oJq7vT6rQ1QGJAQAA:40
[  628422ms] [LOG] conteudoNovo Trocas e devoluções @ https://d1hjvew1n9ss7u.cloudfront.net/asset.axd?id=iQEAAB-LCAAAAAAAAAOtkE0PATEQhv-KzHnp-qi1FQdxEyfcxKHaQYWtdKYiEX67WnF04vh-PZPMDQyDAsYri4O-aDLBnXnYMHsdCHkUedscQAZVKs19ZMyTcKC2-kiYgT0n_yEW9YpShKA4xJRcUtDvlh0py0GR523Zk52iSA3zaRjrLKhuX7byJDYf2xGo1e37nuqLk0jsT2LiK8aKxXKPJyQx80ctpgthXna0vnUguGe_wMa7oG3NfH_mn8QdBu2oJq7vT6rQ1QGJAQAA:40
[  628422ms] [LOG] conteudoNovo Perguntas Frequentes @ https://d1hjvew1n9ss7u.cloudfront.net/asset.axd?id=iQEAAB-LCAAAAAAAAAOtkE0PATEQhv-KzHnp-qi1FQdxEyfcxKHaQYWtdKYiEX67WnF04vh-PZPMDQyDAsYri4O-aDLBnXnYMHsdCHkUedscQAZVKs19ZMyTcKC2-kiYgT0n_yEW9YpShKA4xJRcUtDvlh0py0GR523Zk52iSA3zaRjrLKhuX7byJDYf2xGo1e37nuqLk0jsT2LiK8aKxXKPJyQx80ctpgthXna0vnUguGe_wMa7oG3NfH_mn8QdBu2oJq7vT6rQ1QGJAQAA:40
[  628422ms] [LOG] conteudoNovo Como rastrear pedidos @ https://d1hjvew1n9ss7u.cloudfront.net/asset.axd?id=iQEAAB-LCAAAAAAAAAOtkE0PATEQhv-KzHnp-qi1FQdxEyfcxKHaQYWtdKYiEX67WnF04vh-PZPMDQyDAsYri4O-aDLBnXnYMHsdCHkUedscQAZVKs19ZMyTcKC2-kiYgT0n_yEW9YpShKA4xJRcUtDvlh0py0GR523Zk52iSA3zaRjrLKhuX7byJDYf2xGo1e37nuqLk0jsT2LiK8aKxXKPJyQx80ctpgthXna0vnUguGe_wMa7oG3NfH_mn8QdBu2oJq7vT6rQ1QGJAQAA:40
[  628422ms] [LOG] conteudoNovo Regulamento Promocional @ https://d1hjvew1n9ss7u.cloudfront.net/asset.axd?id=iQEAAB-LCAAAAAAAAAOtkE0PATEQhv-KzHnp-qi1FQdxEyfcxKHaQYWtdKYiEX67WnF04vh-PZPMDQyDAsYri4O-aDLBnXnYMHsdCHkUedscQAZVKs19ZMyTcKC2-kiYgT0n_yEW9YpShKA4xJRcUtDvlh0py0GR523Zk52iSA3zaRjrLKhuX7byJDYf2xGo1e37nuqLk0jsT2LiK8aKxXKPJyQx80ctpgthXna0vnUguGe_wMa7oG3NfH_mn8QdBu2oJq7vT6rQ1QGJAQAA:40
[  628422ms] [LOG] conteudoNovo Cashback @ https://d1hjvew1n9ss7u.cloudfront.net/asset.axd?id=iQEAAB-LCAAAAAAAAAOtkE0PATEQhv-KzHnp-qi1FQdxEyfcxKHaQYWtdKYiEX67WnF04vh-PZPMDQyDAsYri4O-aDLBnXnYMHsdCHkUedscQAZVKs19ZMyTcKC2-kiYgT0n_yEW9YpShKA4xJRcUtDvlh0py0GR523Zk52iSA3zaRjrLKhuX7byJDYf2xGo1e37nuqLk0jsT2LiK8aKxXKPJyQx80ctpgthXna0vnUguGe_wMa7oG3NfH_mn8QdBu2oJq7vT6rQ1QGJAQAA:40
[  628448ms] [WARNING] !! Há erros de scripts de terceiros !!
Por favor, contate a Empresa responsável pelo script.  @ https://d1hjvew1n9ss7u.cloudfront.net/assets/shjs.js?t=639255987001545277:0
[  628454ms] Uncaught Error: You must pass a string or Handlebars AST to Handlebars.compile. You passed null
    at e.compile (https://d1hjvew1n9ss7u.cloudfront.net/asset.axd?id=iQEAAB-LCAAAAAAAAAOtkE0PATEQhv-KzHnp-qi1FQdxEyfcxKHaQYWtdKYiEX67WnF04vh-PZPMDQyDAsYri4O-aDLBnXnYMHsdCHkUedscQAZVKs19ZMyTcKC2-kiYgT0n_yEW9YpShKA4xJRcUtDvlh0py0GR523Zk52iSA3zaRjrLKhuX7byJDYf2xGo1e37nuqLk0jsT2LiK8aKxXKPJyQx80ctpgthXna0vnUguGe_wMa7oG3NfH_mn8QdBu2oJq7vT6rQ1QGJAQAA:1843:49302)
    at i.compile (https://d1hjvew1n9ss7u.cloudfront.net/asset.axd?id=iQEAAB-LCAAAAAAAAAOtkE0PATEQhv-KzHnp-qi1FQdxEyfcxKHaQYWtdKYiEX67WnF04vh-PZPMDQyDAsYri4O-aDLBnXnYMHsdCHkUedscQAZVKs19ZMyTcKC2-kiYgT0n_yEW9YpShKA4xJRcUtDvlh0py0GR523Zk52iSA3zaRjrLKhuX7byJDYf2xGo1e37nuqLk0jsT2LiK8aKxXKPJyQx80ctpgthXna0vnUguGe_wMa7oG3NfH_mn8QdBu2oJq7vT6rQ1QGJAQAA:1843:343)
    at renderBasket (https://d1hjvew1n9ss7u.cloudfront.net/asset.axd?id=iQEAAB-LCAAAAAAAAAOtkE0PATEQhv-KzHnp-qi1FQdxEyfcxKHaQYWtdKYiEX67WnF04vh-PZPMDQyDAsYri4O-aDLBnXnYMHsdCHkUedscQAZVKs19ZMyTcKC2-kiYgT0n_yEW9YpShKA4xJRcUtDvlh0py0GR523Zk52iSA3zaRjrLKhuX7byJDYf2xGo1e37nuqLk0jsT2LiK8aKxXKPJyQx80ctpgthXna0vnUguGe_wMa7oG3NfH_mn8QdBu2oJq7vT6rQ1QGJAQAA:78:27)
    at <anonymous> (https://d1hjvew1n9ss7u.cloudfront.net/asset.axd?id=iQEAAB-LCAAAAAAAAAOtkE0PATEQhv-KzHnp-qi1FQdxEyfcxKHaQYWtdKYiEX67WnF04vh-PZPMDQyDAsYri4O-aDLBnXnYMHsdCHkUedscQAZVKs19ZMyTcKC2-kiYgT0n_yEW9YpShKA4xJRcUtDvlh0py0GR523Zk52iSA3zaRjrLKhuX7byJDYf2xGo1e37nuqLk0jsT2LiK8aKxXKPJyQx80ctpgthXna0vnUguGe_wMa7oG3NfH_mn8QdBu2oJq7vT6rQ1QGJAQAA:269:1)
    at f (https://d1hjvew1n9ss7u.cloudfront.net/assets/shjs.js?t=639255987001545277:0:10382)
    at fireWith (https://d1hjvew1n9ss7u.cloudfront.net/assets/shjs.js?t=639255987001545277:0:11137)
    at ready (https://d1hjvew1n9ss7u.cloudfront.net/assets/shjs.js?t=639255987001545277:0:5238)
    at r (https://d1hjvew1n9ss7u.cloudfront.net/assets/shjs.js?t=639255987001545277:0:9748)
[  628456ms] [VERBOSE] [DOM] Input elements should have autocomplete attributes (suggested: "current-password"): (More info: https://goo.gl/9p2vKq) %o @ https://www.lolacosmetics.com.br/conteudo/ajuda/perguntas-frequentes:0
[  628456ms] [VERBOSE] [DOM] Input elements should have autocomplete attributes (suggested: "current-password"): (More info: https://goo.gl/9p2vKq) %o @ https://www.lolacosmetics.com.br/conteudo/ajuda/perguntas-frequentes:0
[  628539ms] [LOG] AffiseStorage availability: {cookie: true, localStorage: true, sessionStorage: true} @ https://rankmediabrasil.g2afse.com/websdk.js:0
[  628551ms] [LOG] Status RNK Media - ClickId: null UTM: null @ :3
[  630806ms] Uncaught TypeError: Cannot read properties of undefined (reading 'replace')
    at validaFreteGratis (https://d1hjvew1n9ss7u.cloudfront.net/asset.axd?id=iQEAAB-LCAAAAAAAAAOtkE0PATEQhv-KzHnp-qi1FQdxEyfcxKHaQYWtdKYiEX67WnF04vh-PZPMDQyDAsYri4O-aDLBnXnYMHsdCHkUedscQAZVKs19ZMyTcKC2-kiYgT0n_yEW9YpShKA4xJRcUtDvlh0py0GR523Zk52iSA3zaRjrLKhuX7byJDYf2xGo1e37nuqLk0jsT2LiK8aKxXKPJyQx80ctpgthXna0vnUguGe_wMa7oG3NfH_mn8QdBu2oJq7vT6rQ1QGJAQAA:50:7633)
    at <anonymous> (https://d1hjvew1n9ss7u.cloudfront.net/asset.axd?id=iQEAAB-LCAAAAAAAAAOtkE0PATEQhv-KzHnp-qi1FQdxEyfcxKHaQYWtdKYiEX67WnF04vh-PZPMDQyDAsYri4O-aDLBnXnYMHsdCHkUedscQAZVKs19ZMyTcKC2-kiYgT0n_yEW9YpShKA4xJRcUtDvlh0py0GR523Zk52iSA3zaRjrLKhuX7byJDYf2xGo1e37nuqLk0jsT2LiK8aKxXKPJyQx80ctpgthXna0vnUguGe_wMa7oG3NfH_mn8QdBu2oJq7vT6rQ1QGJAQAA:50:49808)
    at dispatch (https://d1hjvew1n9ss7u.cloudfront.net/assets/shjs.js?t=639255987001545277:0:32701)
    at a (https://d1hjvew1n9ss7u.cloudfront.net/assets/shjs.js?t=639255987001545277:0:28480)
[  630765ms] [LOG] Banner não encontrado: banner-232 @ https://d1hjvew1n9ss7u.cloudfront.net/asset.axd?id=iQEAAB-LCAAAAAAAAAOtkE0PATEQhv-KzHnp-qi1FQdxEyfcxKHaQYWtdKYiEX67WnF04vh-PZPMDQyDAsYri4O-aDLBnXnYMHsdCHkUedscQAZVKs19ZMyTcKC2-kiYgT0n_yEW9YpShKA4xJRcUtDvlh0py0GR523Zk52iSA3zaRjrLKhuX7byJDYf2xGo1e37nuqLk0jsT2LiK8aKxXKPJyQx80ctpgthXna0vnUguGe_wMa7oG3NfH_mn8QdBu2oJq7vT6rQ1QGJAQAA:803
[  630814ms] [LOG] %c Widde Video Commerce %c v24604ee %c Build: 21/09/2026 20:39 %c border: 1px solid #2567f8; background: #2567f8; color: #fff; font-weight: bold; padding: 4px 8px; border-radius: 3px 0 0 0; border: 1px solid #2567f8; border-left: none; background: #FFF; color: #2567f8; font-weight: bold; padding: 4px 8px; border: 1px solid #2567f8; border-left: none; background: #f0f0f0; color: #333; font-weight: bold; padding: 4px 8px; border-radius: 0 3px 3px 0; background: transparent @ https://cdn.widde.io/assets/main.utzwjalemu.js:0
[  630886ms] [LOG] %c Tryon Widde.io %c %s %c border: 1px solid #2567f8; background: #2567f8; color: #fff; font-weight: bold; padding: 4px 8px; border-radius: 3px 0 0 3px; border: 1px solid #2567f8; background: #FFF; color: #2567f8; font-weight: bold; padding: 4px 8px; border-radius: 0 3px 3px 0; 47bf7c2 background: transparent @ https://cdn-tryon.widde.io/widde-tryon.js:86
[  631145ms] [LOG] [tryon-tracker] initialized {domain: www.lolacosmetics.com.br} @ https://cdn-tryon.widde.io/widde-tryon.js:8
[  638024ms] [WARNING] Error with Feature-Policy header: Some features are specified in both Feature-Policy and Permissions-Policy header: payment, fullscreen, microphone, camera. Values defined in Permissions-Policy header will be used. @ :0
[  638338ms] [ERROR] Failed to load resource: the server responded with a status of 500 () @ https://fonts.cdnfonts.com/css/leelawade:0
[  638595ms] [ERROR] Failed to load resource: the server responded with a status of 404 () @ https://lolacosmetics.admin.linxcommerce.com.br/Custom/Content/Themes/Lola/Styles/Fonts/FontAwesome/all.css:0
[  638963ms] [ERROR] Failed to load resource: net::ERR_NAME_NOT_RESOLVED @ https://event.getblue.io/js/blue-tag.min.js:0
[  639131ms] [LOG] Banner não encontrado: banner-232 @ https://d1hjvew1n9ss7u.cloudfront.net/asset.axd?id=iQEAAB-LCAAAAAAAAAOtkE0PATEQhv-KzHnp-qi1FQdxEyfcxKHaQYWtdKYiEX67WnF04vh-PZPMDQyDAsYri4O-aDLBnXnYMHsdCHkUedscQAZVKs19ZMyTcKC2-kiYgT0n_yEW9YpShKA4xJRcUtDvlh0py0GR523Zk52iSA3zaRjrLKhuX7byJDYf2xGo1e37nuqLk0jsT2LiK8aKxXKPJyQx80ctpgthXna0vnUguGe_wMa7oG3NfH_mn8QdBu2oJq7vT6rQ1QGJAQAA:803
[  639186ms] [LOG] [Debug Carrinho] Polling ativo @ https://d1hjvew1n9ss7u.cloudfront.net/asset.axd?id=iQEAAB-LCAAAAAAAAAOtkE0PATEQhv-KzHnp-qi1FQdxEyfcxKHaQYWtdKYiEX67WnF04vh-PZPMDQyDAsYri4O-aDLBnXnYMHsdCHkUedscQAZVKs19ZMyTcKC2-kiYgT0n_yEW9YpShKA4xJRcUtDvlh0py0GR523Zk52iSA3zaRjrLKhuX7byJDYf2xGo1e37nuqLk0jsT2LiK8aKxXKPJyQx80ctpgthXna0vnUguGe_wMa7oG3NfH_mn8QdBu2oJq7vT6rQ1QGJAQAA:1839
[  639269ms] [LOG] teste @ https://d1hjvew1n9ss7u.cloudfront.net/asset.axd?id=iQEAAB-LCAAAAAAAAAOtkE0PATEQhv-KzHnp-qi1FQdxEyfcxKHaQYWtdKYiEX67WnF04vh-PZPMDQyDAsYri4O-aDLBnXnYMHsdCHkUedscQAZVKs19ZMyTcKC2-kiYgT0n_yEW9YpShKA4xJRcUtDvlh0py0GR523Zk52iSA3zaRjrLKhuX7byJDYf2xGo1e37nuqLk0jsT2LiK8aKxXKPJyQx80ctpgthXna0vnUguGe_wMa7oG3NfH_mn8QdBu2oJq7vT6rQ1QGJAQAA:3
[  639270ms] [LOG] conteudo Prazos de atendimento @ https://d1hjvew1n9ss7u.cloudfront.net/asset.axd?id=iQEAAB-LCAAAAAAAAAOtkE0PATEQhv-KzHnp-qi1FQdxEyfcxKHaQYWtdKYiEX67WnF04vh-PZPMDQyDAsYri4O-aDLBnXnYMHsdCHkUedscQAZVKs19ZMyTcKC2-kiYgT0n_yEW9YpShKA4xJRcUtDvlh0py0GR523Zk52iSA3zaRjrLKhuX7byJDYf2xGo1e37nuqLk0jsT2LiK8aKxXKPJyQx80ctpgthXna0vnUguGe_wMa7oG3NfH_mn8QdBu2oJq7vT6rQ1QGJAQAA:36
[  639270ms] [LOG] conteudoNovo Prazos de atendimento @ https://d1hjvew1n9ss7u.cloudfront.net/asset.axd?id=iQEAAB-LCAAAAAAAAAOtkE0PATEQhv-KzHnp-qi1FQdxEyfcxKHaQYWtdKYiEX67WnF04vh-PZPMDQyDAsYri4O-aDLBnXnYMHsdCHkUedscQAZVKs19ZMyTcKC2-kiYgT0n_yEW9YpShKA4xJRcUtDvlh0py0GR523Zk52iSA3zaRjrLKhuX7byJDYf2xGo1e37nuqLk0jsT2LiK8aKxXKPJyQx80ctpgthXna0vnUguGe_wMa7oG3NfH_mn8QdBu2oJq7vT6rQ1QGJAQAA:40
[  639271ms] [LOG] conteudoNovo Entrega e envios @ https://d1hjvew1n9ss7u.cloudfront.net/asset.axd?id=iQEAAB-LCAAAAAAAAAOtkE0PATEQhv-KzHnp-qi1FQdxEyfcxKHaQYWtdKYiEX67WnF04vh-PZPMDQyDAsYri4O-aDLBnXnYMHsdCHkUedscQAZVKs19ZMyTcKC2-kiYgT0n_yEW9YpShKA4xJRcUtDvlh0py0GR523Zk52iSA3zaRjrLKhuX7byJDYf2xGo1e37nuqLk0jsT2LiK8aKxXKPJyQx80ctpgthXna0vnUguGe_wMa7oG3NfH_mn8QdBu2oJq7vT6rQ1QGJAQAA:40
[  639271ms] [LOG] conteudoNovo Pagamento @ https://d1hjvew1n9ss7u.cloudfront.net/asset.axd?id=iQEAAB-LCAAAAAAAAAOtkE0PATEQhv-KzHnp-qi1FQdxEyfcxKHaQYWtdKYiEX67WnF04vh-PZPMDQyDAsYri4O-aDLBnXnYMHsdCHkUedscQAZVKs19ZMyTcKC2-kiYgT0n_yEW9YpShKA4xJRcUtDvlh0py0GR523Zk52iSA3zaRjrLKhuX7byJDYf2xGo1e37nuqLk0jsT2LiK8aKxXKPJyQx80ctpgthXna0vnUguGe_wMa7oG3NfH_mn8QdBu2oJq7vT6rQ1QGJAQAA:40
[  639271ms] [LOG] conteudoNovo Trocas e devoluções @ https://d1hjvew1n9ss7u.cloudfront.net/asset.axd?id=iQEAAB-LCAAAAAAAAAOtkE0PATEQhv-KzHnp-qi1FQdxEyfcxKHaQYWtdKYiEX67WnF04vh-PZPMDQyDAsYri4O-aDLBnXnYMHsdCHkUedscQAZVKs19ZMyTcKC2-kiYgT0n_yEW9YpShKA4xJRcUtDvlh0py0GR523Zk52iSA3zaRjrLKhuX7byJDYf2xGo1e37nuqLk0jsT2LiK8aKxXKPJyQx80ctpgthXna0vnUguGe_wMa7oG3NfH_mn8QdBu2oJq7vT6rQ1QGJAQAA:40
[  639271ms] [LOG] conteudoNovo Perguntas Frequentes @ https://d1hjvew1n9ss7u.cloudfront.net/asset.axd?id=iQEAAB-LCAAAAAAAAAOtkE0PATEQhv-KzHnp-qi1FQdxEyfcxKHaQYWtdKYiEX67WnF04vh-PZPMDQyDAsYri4O-aDLBnXnYMHsdCHkUedscQAZVKs19ZMyTcKC2-kiYgT0n_yEW9YpShKA4xJRcUtDvlh0py0GR523Zk52iSA3zaRjrLKhuX7byJDYf2xGo1e37nuqLk0jsT2LiK8aKxXKPJyQx80ctpgthXna0vnUguGe_wMa7oG3NfH_mn8QdBu2oJq7vT6rQ1QGJAQAA:40
[  639271ms] [LOG] conteudoNovo Como rastrear pedidos @ https://d1hjvew1n9ss7u.cloudfront.net/asset.axd?id=iQEAAB-LCAAAAAAAAAOtkE0PATEQhv-KzHnp-qi1FQdxEyfcxKHaQYWtdKYiEX67WnF04vh-PZPMDQyDAsYri4O-aDLBnXnYMHsdCHkUedscQAZVKs19ZMyTcKC2-kiYgT0n_yEW9YpShKA4xJRcUtDvlh0py0GR523Zk52iSA3zaRjrLKhuX7byJDYf2xGo1e37nuqLk0jsT2LiK8aKxXKPJyQx80ctpgthXna0vnUguGe_wMa7oG3NfH_mn8QdBu2oJq7vT6rQ1QGJAQAA:40
[  639271ms] [LOG] conteudoNovo Regulamento Promocional @ https://d1hjvew1n9ss7u.cloudfront.net/asset.axd?id=iQEAAB-LCAAAAAAAAAOtkE0PATEQhv-KzHnp-qi1FQdxEyfcxKHaQYWtdKYiEX67WnF04vh-PZPMDQyDAsYri4O-aDLBnXnYMHsdCHkUedscQAZVKs19ZMyTcKC2-kiYgT0n_yEW9YpShKA4xJRcUtDvlh0py0GR523Zk52iSA3zaRjrLKhuX7byJDYf2xGo1e37nuqLk0jsT2LiK8aKxXKPJyQx80ctpgthXna0vnUguGe_wMa7oG3NfH_mn8QdBu2oJq7vT6rQ1QGJAQAA:40
[  639271ms] [LOG] conteudoNovo Cashback @ https://d1hjvew1n9ss7u.cloudfront.net/asset.axd?id=iQEAAB-LCAAAAAAAAAOtkE0PATEQhv-KzHnp-qi1FQdxEyfcxKHaQYWtdKYiEX67WnF04vh-PZPMDQyDAsYri4O-aDLBnXnYMHsdCHkUedscQAZVKs19ZMyTcKC2-kiYgT0n_yEW9YpShKA4xJRcUtDvlh0py0GR523Zk52iSA3zaRjrLKhuX7byJDYf2xGo1e37nuqLk0jsT2LiK8aKxXKPJyQx80ctpgthXna0vnUguGe_wMa7oG3NfH_mn8QdBu2oJq7vT6rQ1QGJAQAA:40
[  639272ms] [LOG] conteudoNovo Quem somos @ https://d1hjvew1n9ss7u.cloudfront.net/asset.axd?id=iQEAAB-LCAAAAAAAAAOtkE0PATEQhv-KzHnp-qi1FQdxEyfcxKHaQYWtdKYiEX67WnF04vh-PZPMDQyDAsYri4O-aDLBnXnYMHsdCHkUedscQAZVKs19ZMyTcKC2-kiYgT0n_yEW9YpShKA4xJRcUtDvlh0py0GR523Zk52iSA3zaRjrLKhuX7byJDYf2xGo1e37nuqLk0jsT2LiK8aKxXKPJyQx80ctpgthXna0vnUguGe_wMa7oG3NfH_mn8QdBu2oJq7vT6rQ1QGJAQAA:40
[  639272ms] [LOG] conteudoNovo Este site é seguro? @ https://d1hjvew1n9ss7u.cloudfront.net/asset.axd?id=iQEAAB-LCAAAAAAAAAOtkE0PATEQhv-KzHnp-qi1FQdxEyfcxKHaQYWtdKYiEX67WnF04vh-PZPMDQyDAsYri4O-aDLBnXnYMHsdCHkUedscQAZVKs19ZMyTcKC2-kiYgT0n_yEW9YpShKA4xJRcUtDvlh0py0GR523Zk52iSA3zaRjrLKhuX7byJDYf2xGo1e37nuqLk0jsT2LiK8aKxXKPJyQx80ctpgthXna0vnUguGe_wMa7oG3NfH_mn8QdBu2oJq7vT6rQ1QGJAQAA:40
[  639272ms] [LOG] conteudoNovo Política de Cookies @ https://d1hjvew1n9ss7u.cloudfront.net/asset.axd?id=iQEAAB-LCAAAAAAAAAOtkE0PATEQhv-KzHnp-qi1FQdxEyfcxKHaQYWtdKYiEX67WnF04vh-PZPMDQyDAsYri4O-aDLBnXnYMHsdCHkUedscQAZVKs19ZMyTcKC2-kiYgT0n_yEW9YpShKA4xJRcUtDvlh0py0GR523Zk52iSA3zaRjrLKhuX7byJDYf2xGo1e37nuqLk0jsT2LiK8aKxXKPJyQx80ctpgthXna0vnUguGe_wMa7oG3NfH_mn8QdBu2oJq7vT6rQ1QGJAQAA:40
[  639272ms] [LOG] conteudoNovo Política de Privacidade @ https://d1hjvew1n9ss7u.cloudfront.net/asset.axd?id=iQEAAB-LCAAAAAAAAAOtkE0PATEQhv-KzHnp-qi1FQdxEyfcxKHaQYWtdKYiEX67WnF04vh-PZPMDQyDAsYri4O-aDLBnXnYMHsdCHkUedscQAZVKs19ZMyTcKC2-kiYgT0n_yEW9YpShKA4xJRcUtDvlh0py0GR523Zk52iSA3zaRjrLKhuX7byJDYf2xGo1e37nuqLk0jsT2LiK8aKxXKPJyQx80ctpgthXna0vnUguGe_wMa7oG3NfH_mn8QdBu2oJq7vT6rQ1QGJAQAA:40
[  639272ms] [LOG] conteudoNovo Nossa lojas @ https://d1hjvew1n9ss7u.cloudfront.net/asset.axd?id=iQEAAB-LCAAAAAAAAAOtkE0PATEQhv-KzHnp-qi1FQdxEyfcxKHaQYWtdKYiEX67WnF04vh-PZPMDQyDAsYri4O-aDLBnXnYMHsdCHkUedscQAZVKs19ZMyTcKC2-kiYgT0n_yEW9YpShKA4xJRcUtDvlh0py0GR523Zk52iSA3zaRjrLKhuX7byJDYf2xGo1e37nuqLk0jsT2LiK8aKxXKPJyQx80ctpgthXna0vnUguGe_wMa7oG3NfH_mn8QdBu2oJq7vT6rQ1QGJAQAA:40
[  639273ms] [LOG] conteudoNovo Trabalhe Conosco @ https://d1hjvew1n9ss7u.cloudfront.net/asset.axd?id=iQEAAB-LCAAAAAAAAAOtkE0PATEQhv-KzHnp-qi1FQdxEyfcxKHaQYWtdKYiEX67WnF04vh-PZPMDQyDAsYri4O-aDLBnXnYMHsdCHkUedscQAZVKs19ZMyTcKC2-kiYgT0n_yEW9YpShKA4xJRcUtDvlh0py0GR523Zk52iSA3zaRjrLKhuX7byJDYf2xGo1e37nuqLk0jsT2LiK8aKxXKPJyQx80ctpgthXna0vnUguGe_wMa7oG3NfH_mn8QdBu2oJq7vT6rQ1QGJAQAA:40
[  639273ms] [LOG] conteudoNovo Lola Lab @ https://d1hjvew1n9ss7u.cloudfront.net/asset.axd?id=iQEAAB-LCAAAAAAAAAOtkE0PATEQhv-KzHnp-qi1FQdxEyfcxKHaQYWtdKYiEX67WnF04vh-PZPMDQyDAsYri4O-aDLBnXnYMHsdCHkUedscQAZVKs19ZMyTcKC2-kiYgT0n_yEW9YpShKA4xJRcUtDvlh0py0GR523Zk52iSA3zaRjrLKhuX7byJDYf2xGo1e37nuqLk0jsT2LiK8aKxXKPJyQx80ctpgthXna0vnUguGe_wMa7oG3NfH_mn8QdBu2oJq7vT6rQ1QGJAQAA:40
[  639273ms] [LOG] conteudoNovo Revenda @ https://d1hjvew1n9ss7u.cloudfront.net/asset.axd?id=iQEAAB-LCAAAAAAAAAOtkE0PATEQhv-KzHnp-qi1FQdxEyfcxKHaQYWtdKYiEX67WnF04vh-PZPMDQyDAsYri4O-aDLBnXnYMHsdCHkUedscQAZVKs19ZMyTcKC2-kiYgT0n_yEW9YpShKA4xJRcUtDvlh0py0GR523Zk52iSA3zaRjrLKhuX7byJDYf2xGo1e37nuqLk0jsT2LiK8aKxXKPJyQx80ctpgthXna0vnUguGe_wMa7oG3NfH_mn8QdBu2oJq7vT6rQ1QGJAQAA:40
[  639273ms] [LOG] conteudoNovo Afiliados @ https://d1hjvew1n9ss7u.cloudfront.net/asset.axd?id=iQEAAB-LCAAAAAAAAAOtkE0PATEQhv-KzHnp-qi1FQdxEyfcxKHaQYWtdKYiEX67WnF04vh-PZPMDQyDAsYri4O-aDLBnXnYMHsdCHkUedscQAZVKs19ZMyTcKC2-kiYgT0n_yEW9YpShKA4xJRcUtDvlh0py0GR523Zk52iSA3zaRjrLKhuX7byJDYf2xGo1e37nuqLk0jsT2LiK8aKxXKPJyQx80ctpgthXna0vnUguGe_wMa7oG3NfH_mn8QdBu2oJq7vT6rQ1QGJAQAA:40
[  639273ms] [LOG] conteudoNovo Prazos de atendimento @ https://d1hjvew1n9ss7u.cloudfront.net/asset.axd?id=iQEAAB-LCAAAAAAAAAOtkE0PATEQhv-KzHnp-qi1FQdxEyfcxKHaQYWtdKYiEX67WnF04vh-PZPMDQyDAsYri4O-aDLBnXnYMHsdCHkUedscQAZVKs19ZMyTcKC2-kiYgT0n_yEW9YpShKA4xJRcUtDvlh0py0GR523Zk52iSA3zaRjrLKhuX7byJDYf2xGo1e37nuqLk0jsT2LiK8aKxXKPJyQx80ctpgthXna0vnUguGe_wMa7oG3NfH_mn8QdBu2oJq7vT6rQ1QGJAQAA:40
[  639273ms] [LOG] conteudoNovo Entrega e envios @ https://d1hjvew1n9ss7u.cloudfront.net/asset.axd?id=iQEAAB-LCAAAAAAAAAOtkE0PATEQhv-KzHnp-qi1FQdxEyfcxKHaQYWtdKYiEX67WnF04vh-PZPMDQyDAsYri4O-aDLBnXnYMHsdCHkUedscQAZVKs19ZMyTcKC2-kiYgT0n_yEW9YpShKA4xJRcUtDvlh0py0GR523Zk52iSA3zaRjrLKhuX7byJDYf2xGo1e37nuqLk0jsT2LiK8aKxXKPJyQx80ctpgthXna0vnUguGe_wMa7oG3NfH_mn8QdBu2oJq7vT6rQ1QGJAQAA:40
[  639273ms] [LOG] conteudoNovo Pagamento @ https://d1hjvew1n9ss7u.cloudfront.net/asset.axd?id=iQEAAB-LCAAAAAAAAAOtkE0PATEQhv-KzHnp-qi1FQdxEyfcxKHaQYWtdKYiEX67WnF04vh-PZPMDQyDAsYri4O-aDLBnXnYMHsdCHkUedscQAZVKs19ZMyTcKC2-kiYgT0n_yEW9YpShKA4xJRcUtDvlh0py0GR523Zk52iSA3zaRjrLKhuX7byJDYf2xGo1e37nuqLk0jsT2LiK8aKxXKPJyQx80ctpgthXna0vnUguGe_wMa7oG3NfH_mn8QdBu2oJq7vT6rQ1QGJAQAA:40
[  639273ms] [LOG] conteudoNovo Trocas e devoluções @ https://d1hjvew1n9ss7u.cloudfront.net/asset.axd?id=iQEAAB-LCAAAAAAAAAOtkE0PATEQhv-KzHnp-qi1FQdxEyfcxKHaQYWtdKYiEX67WnF04vh-PZPMDQyDAsYri4O-aDLBnXnYMHsdCHkUedscQAZVKs19ZMyTcKC2-kiYgT0n_yEW9YpShKA4xJRcUtDvlh0py0GR523Zk52iSA3zaRjrLKhuX7byJDYf2xGo1e37nuqLk0jsT2LiK8aKxXKPJyQx80ctpgthXna0vnUguGe_wMa7oG3NfH_mn8QdBu2oJq7vT6rQ1QGJAQAA:40
[  639273ms] [LOG] conteudoNovo Perguntas Frequentes @ https://d1hjvew1n9ss7u.cloudfront.net/asset.axd?id=iQEAAB-LCAAAAAAAAAOtkE0PATEQhv-KzHnp-qi1FQdxEyfcxKHaQYWtdKYiEX67WnF04vh-PZPMDQyDAsYri4O-aDLBnXnYMHsdCHkUedscQAZVKs19ZMyTcKC2-kiYgT0n_yEW9YpShKA4xJRcUtDvlh0py0GR523Zk52iSA3zaRjrLKhuX7byJDYf2xGo1e37nuqLk0jsT2LiK8aKxXKPJyQx80ctpgthXna0vnUguGe_wMa7oG3NfH_mn8QdBu2oJq7vT6rQ1QGJAQAA:40
[  639273ms] [LOG] conteudoNovo Como rastrear pedidos @ https://d1hjvew1n9ss7u.cloudfront.net/asset.axd?id=iQEAAB-LCAAAAAAAAAOtkE0PATEQhv-KzHnp-qi1FQdxEyfcxKHaQYWtdKYiEX67WnF04vh-PZPMDQyDAsYri4O-aDLBnXnYMHsdCHkUedscQAZVKs19ZMyTcKC2-kiYgT0n_yEW9YpShKA4xJRcUtDvlh0py0GR523Zk52iSA3zaRjrLKhuX7byJDYf2xGo1e37nuqLk0jsT2LiK8aKxXKPJyQx80ctpgthXna0vnUguGe_wMa7oG3NfH_mn8QdBu2oJq7vT6rQ1QGJAQAA:40
[  639273ms] [LOG] conteudoNovo Regulamento Promocional @ https://d1hjvew1n9ss7u.cloudfront.net/asset.axd?id=iQEAAB-LCAAAAAAAAAOtkE0PATEQhv-KzHnp-qi1FQdxEyfcxKHaQYWtdKYiEX67WnF04vh-PZPMDQyDAsYri4O-aDLBnXnYMHsdCHkUedscQAZVKs19ZMyTcKC2-kiYgT0n_yEW9YpShKA4xJRcUtDvlh0py0GR523Zk52iSA3zaRjrLKhuX7byJDYf2xGo1e37nuqLk0jsT2LiK8aKxXKPJyQx80ctpgthXna0vnUguGe_wMa7oG3NfH_mn8QdBu2oJq7vT6rQ1QGJAQAA:40
[  639273ms] [LOG] conteudoNovo Cashback @ https://d1hjvew1n9ss7u.cloudfront.net/asset.axd?id=iQEAAB-LCAAAAAAAAAOtkE0PATEQhv-KzHnp-qi1FQdxEyfcxKHaQYWtdKYiEX67WnF04vh-PZPMDQyDAsYri4O-aDLBnXnYMHsdCHkUedscQAZVKs19ZMyTcKC2-kiYgT0n_yEW9YpShKA4xJRcUtDvlh0py0GR523Zk52iSA3zaRjrLKhuX7byJDYf2xGo1e37nuqLk0jsT2LiK8aKxXKPJyQx80ctpgthXna0vnUguGe_wMa7oG3NfH_mn8QdBu2oJq7vT6rQ1QGJAQAA:40
[  639313ms] [WARNING] !! Há erros de scripts de terceiros !!
Por favor, contate a Empresa responsável pelo script.  @ https://d1hjvew1n9ss7u.cloudfront.net/assets/shjs.js?t=639255987001545277:0
[  639321ms] Uncaught Error: You must pass a string or Handlebars AST to Handlebars.compile. You passed null
    at e.compile (https://d1hjvew1n9ss7u.cloudfront.net/asset.axd?id=iQEAAB-LCAAAAAAAAAOtkE0PATEQhv-KzHnp-qi1FQdxEyfcxKHaQYWtdKYiEX67WnF04vh-PZPMDQyDAsYri4O-aDLBnXnYMHsdCHkUedscQAZVKs19ZMyTcKC2-kiYgT0n_yEW9YpShKA4xJRcUtDvlh0py0GR523Zk52iSA3zaRjrLKhuX7byJDYf2xGo1e37nuqLk0jsT2LiK8aKxXKPJyQx80ctpgthXna0vnUguGe_wMa7oG3NfH_mn8QdBu2oJq7vT6rQ1QGJAQAA:1843:49302)
    at i.compile (https://d1hjvew1n9ss7u.cloudfront.net/asset.axd?id=iQEAAB-LCAAAAAAAAAOtkE0PATEQhv-KzHnp-qi1FQdxEyfcxKHaQYWtdKYiEX67WnF04vh-PZPMDQyDAsYri4O-aDLBnXnYMHsdCHkUedscQAZVKs19ZMyTcKC2-kiYgT0n_yEW9YpShKA4xJRcUtDvlh0py0GR523Zk52iSA3zaRjrLKhuX7byJDYf2xGo1e37nuqLk0jsT2LiK8aKxXKPJyQx80ctpgthXna0vnUguGe_wMa7oG3NfH_mn8QdBu2oJq7vT6rQ1QGJAQAA:1843:343)
    at renderBasket (https://d1hjvew1n9ss7u.cloudfront.net/asset.axd?id=iQEAAB-LCAAAAAAAAAOtkE0PATEQhv-KzHnp-qi1FQdxEyfcxKHaQYWtdKYiEX67WnF04vh-PZPMDQyDAsYri4O-aDLBnXnYMHsdCHkUedscQAZVKs19ZMyTcKC2-kiYgT0n_yEW9YpShKA4xJRcUtDvlh0py0GR523Zk52iSA3zaRjrLKhuX7byJDYf2xGo1e37nuqLk0jsT2LiK8aKxXKPJyQx80ctpgthXna0vnUguGe_wMa7oG3NfH_mn8QdBu2oJq7vT6rQ1QGJAQAA:78:27)
    at <anonymous> (https://d1hjvew1n9ss7u.cloudfront.net/asset.axd?id=iQEAAB-LCAAAAAAAAAOtkE0PATEQhv-KzHnp-qi1FQdxEyfcxKHaQYWtdKYiEX67WnF04vh-PZPMDQyDAsYri4O-aDLBnXnYMHsdCHkUedscQAZVKs19ZMyTcKC2-kiYgT0n_yEW9YpShKA4xJRcUtDvlh0py0GR523Zk52iSA3zaRjrLKhuX7byJDYf2xGo1e37nuqLk0jsT2LiK8aKxXKPJyQx80ctpgthXna0vnUguGe_wMa7oG3NfH_mn8QdBu2oJq7vT6rQ1QGJAQAA:269:1)
    at f (https://d1hjvew1n9ss7u.cloudfront.net/assets/shjs.js?t=639255987001545277:0:10382)
    at fireWith (https://d1hjvew1n9ss7u.cloudfront.net/assets/shjs.js?t=639255987001545277:0:11137)
    at ready (https://d1hjvew1n9ss7u.cloudfront.net/assets/shjs.js?t=639255987001545277:0:5238)
    at r (https://d1hjvew1n9ss7u.cloudfront.net/assets/shjs.js?t=639255987001545277:0:9748)
[  639323ms] [VERBOSE] [DOM] Input elements should have autocomplete attributes (suggested: "current-password"): (More info: https://goo.gl/9p2vKq) %o @ https://www.lolacosmetics.com.br/conteudo/ajuda/prazos-de-atendimento:0
[  639324ms] [VERBOSE] [DOM] Input elements should have autocomplete attributes (suggested: "current-password"): (More info: https://goo.gl/9p2vKq) %o @ https://www.lolacosmetics.com.br/conteudo/ajuda/prazos-de-atendimento:0
[  639366ms] [LOG] AffiseStorage availability: {cookie: true, localStorage: true, sessionStorage: true} @ https://rankmediabrasil.g2afse.com/websdk.js:0
[  639380ms] [LOG] Status RNK Media - ClickId: null UTM: null @ :3
[  640799ms] Uncaught TypeError: Cannot read properties of undefined (reading 'replace')
    at validaFreteGratis (https://d1hjvew1n9ss7u.cloudfront.net/asset.axd?id=iQEAAB-LCAAAAAAAAAOtkE0PATEQhv-KzHnp-qi1FQdxEyfcxKHaQYWtdKYiEX67WnF04vh-PZPMDQyDAsYri4O-aDLBnXnYMHsdCHkUedscQAZVKs19ZMyTcKC2-kiYgT0n_yEW9YpShKA4xJRcUtDvlh0py0GR523Zk52iSA3zaRjrLKhuX7byJDYf2xGo1e37nuqLk0jsT2LiK8aKxXKPJyQx80ctpgthXna0vnUguGe_wMa7oG3NfH_mn8QdBu2oJq7vT6rQ1QGJAQAA:50:7633)
    at <anonymous> (https://d1hjvew1n9ss7u.cloudfront.net/asset.axd?id=iQEAAB-LCAAAAAAAAAOtkE0PATEQhv-KzHnp-qi1FQdxEyfcxKHaQYWtdKYiEX67WnF04vh-PZPMDQyDAsYri4O-aDLBnXnYMHsdCHkUedscQAZVKs19ZMyTcKC2-kiYgT0n_yEW9YpShKA4xJRcUtDvlh0py0GR523Zk52iSA3zaRjrLKhuX7byJDYf2xGo1e37nuqLk0jsT2LiK8aKxXKPJyQx80ctpgthXna0vnUguGe_wMa7oG3NfH_mn8QdBu2oJq7vT6rQ1QGJAQAA:50:49808)
    at dispatch (https://d1hjvew1n9ss7u.cloudfront.net/assets/shjs.js?t=639255987001545277:0:32701)
    at a (https://d1hjvew1n9ss7u.cloudfront.net/assets/shjs.js?t=639255987001545277:0:28480)
[  640617ms] [LOG] Banner não encontrado: banner-232 @ https://d1hjvew1n9ss7u.cloudfront.net/asset.axd?id=iQEAAB-LCAAAAAAAAAOtkE0PATEQhv-KzHnp-qi1FQdxEyfcxKHaQYWtdKYiEX67WnF04vh-PZPMDQyDAsYri4O-aDLBnXnYMHsdCHkUedscQAZVKs19ZMyTcKC2-kiYgT0n_yEW9YpShKA4xJRcUtDvlh0py0GR523Zk52iSA3zaRjrLKhuX7byJDYf2xGo1e37nuqLk0jsT2LiK8aKxXKPJyQx80ctpgthXna0vnUguGe_wMa7oG3NfH_mn8QdBu2oJq7vT6rQ1QGJAQAA:803
[  640669ms] [LOG] %c Widde Video Commerce %c v24604ee %c Build: 21/09/2026 20:39 %c border: 1px solid #2567f8; background: #2567f8; color: #fff; font-weight: bold; padding: 4px 8px; border-radius: 3px 0 0 0; border: 1px solid #2567f8; border-left: none; background: #FFF; color: #2567f8; font-weight: bold; padding: 4px 8px; border: 1px solid #2567f8; border-left: none; background: #f0f0f0; color: #333; font-weight: bold; padding: 4px 8px; border-radius: 0 3px 3px 0; background: transparent @ https://cdn.widde.io/assets/main.utzwjalemu.js:0
[  640734ms] [LOG] %c Tryon Widde.io %c %s %c border: 1px solid #2567f8; background: #2567f8; color: #fff; font-weight: bold; padding: 4px 8px; border-radius: 3px 0 0 3px; border: 1px solid #2567f8; background: #FFF; color: #2567f8; font-weight: bold; padding: 4px 8px; border-radius: 0 3px 3px 0; 47bf7c2 background: transparent @ https://cdn-tryon.widde.io/widde-tryon.js:86
[  640827ms] [LOG] [tryon-tracker] initialized {domain: www.lolacosmetics.com.br} @ https://cdn-tryon.widde.io/widde-tryon.js:8
[  647918ms] [WARNING] Error with Feature-Policy header: Some features are specified in both Feature-Policy and Permissions-Policy header: payment, fullscreen, microphone, camera. Values defined in Permissions-Policy header will be used. @ :0
[  648229ms] [ERROR] Failed to load resource: the server responded with a status of 500 () @ https://fonts.cdnfonts.com/css/leelawade:0
[  648474ms] [ERROR] Failed to load resource: the server responded with a status of 404 () @ https://lolacosmetics.admin.linxcommerce.com.br/Custom/Content/Themes/Lola/Styles/Fonts/FontAwesome/all.css:0
[  648783ms] [LOG] Banner não encontrado: banner-232 @ https://d1hjvew1n9ss7u.cloudfront.net/asset.axd?id=iQEAAB-LCAAAAAAAAAOtkE0PATEQhv-KzHnp-qi1FQdxEyfcxKHaQYWtdKYiEX67WnF04vh-PZPMDQyDAsYri4O-aDLBnXnYMHsdCHkUedscQAZVKs19ZMyTcKC2-kiYgT0n_yEW9YpShKA4xJRcUtDvlh0py0GR523Zk52iSA3zaRjrLKhuX7byJDYf2xGo1e37nuqLk0jsT2LiK8aKxXKPJyQx80ctpgthXna0vnUguGe_wMa7oG3NfH_mn8QdBu2oJq7vT6rQ1QGJAQAA:803
[  648791ms] [LOG] [Debug Carrinho] Polling ativo @ https://d1hjvew1n9ss7u.cloudfront.net/asset.axd?id=iQEAAB-LCAAAAAAAAAOtkE0PATEQhv-KzHnp-qi1FQdxEyfcxKHaQYWtdKYiEX67WnF04vh-PZPMDQyDAsYri4O-aDLBnXnYMHsdCHkUedscQAZVKs19ZMyTcKC2-kiYgT0n_yEW9YpShKA4xJRcUtDvlh0py0GR523Zk52iSA3zaRjrLKhuX7byJDYf2xGo1e37nuqLk0jsT2LiK8aKxXKPJyQx80ctpgthXna0vnUguGe_wMa7oG3NfH_mn8QdBu2oJq7vT6rQ1QGJAQAA:1839
[  648947ms] [LOG] teste @ https://d1hjvew1n9ss7u.cloudfront.net/asset.axd?id=iQEAAB-LCAAAAAAAAAOtkE0PATEQhv-KzHnp-qi1FQdxEyfcxKHaQYWtdKYiEX67WnF04vh-PZPMDQyDAsYri4O-aDLBnXnYMHsdCHkUedscQAZVKs19ZMyTcKC2-kiYgT0n_yEW9YpShKA4xJRcUtDvlh0py0GR523Zk52iSA3zaRjrLKhuX7byJDYf2xGo1e37nuqLk0jsT2LiK8aKxXKPJyQx80ctpgthXna0vnUguGe_wMa7oG3NfH_mn8QdBu2oJq7vT6rQ1QGJAQAA:3
[  648948ms] [LOG] conteudo Regulamento Promocional @ https://d1hjvew1n9ss7u.cloudfront.net/asset.axd?id=iQEAAB-LCAAAAAAAAAOtkE0PATEQhv-KzHnp-qi1FQdxEyfcxKHaQYWtdKYiEX67WnF04vh-PZPMDQyDAsYri4O-aDLBnXnYMHsdCHkUedscQAZVKs19ZMyTcKC2-kiYgT0n_yEW9YpShKA4xJRcUtDvlh0py0GR523Zk52iSA3zaRjrLKhuX7byJDYf2xGo1e37nuqLk0jsT2LiK8aKxXKPJyQx80ctpgthXna0vnUguGe_wMa7oG3NfH_mn8QdBu2oJq7vT6rQ1QGJAQAA:36
[  648948ms] [LOG] conteudoNovo Prazos de atendimento @ https://d1hjvew1n9ss7u.cloudfront.net/asset.axd?id=iQEAAB-LCAAAAAAAAAOtkE0PATEQhv-KzHnp-qi1FQdxEyfcxKHaQYWtdKYiEX67WnF04vh-PZPMDQyDAsYri4O-aDLBnXnYMHsdCHkUedscQAZVKs19ZMyTcKC2-kiYgT0n_yEW9YpShKA4xJRcUtDvlh0py0GR523Zk52iSA3zaRjrLKhuX7byJDYf2xGo1e37nuqLk0jsT2LiK8aKxXKPJyQx80ctpgthXna0vnUguGe_wMa7oG3NfH_mn8QdBu2oJq7vT6rQ1QGJAQAA:40
[  648948ms] [LOG] conteudoNovo Entrega e envios @ https://d1hjvew1n9ss7u.cloudfront.net/asset.axd?id=iQEAAB-LCAAAAAAAAAOtkE0PATEQhv-KzHnp-qi1FQdxEyfcxKHaQYWtdKYiEX67WnF04vh-PZPMDQyDAsYri4O-aDLBnXnYMHsdCHkUedscQAZVKs19ZMyTcKC2-kiYgT0n_yEW9YpShKA4xJRcUtDvlh0py0GR523Zk52iSA3zaRjrLKhuX7byJDYf2xGo1e37nuqLk0jsT2LiK8aKxXKPJyQx80ctpgthXna0vnUguGe_wMa7oG3NfH_mn8QdBu2oJq7vT6rQ1QGJAQAA:40
[  648948ms] [LOG] conteudoNovo Pagamento @ https://d1hjvew1n9ss7u.cloudfront.net/asset.axd?id=iQEAAB-LCAAAAAAAAAOtkE0PATEQhv-KzHnp-qi1FQdxEyfcxKHaQYWtdKYiEX67WnF04vh-PZPMDQyDAsYri4O-aDLBnXnYMHsdCHkUedscQAZVKs19ZMyTcKC2-kiYgT0n_yEW9YpShKA4xJRcUtDvlh0py0GR523Zk52iSA3zaRjrLKhuX7byJDYf2xGo1e37nuqLk0jsT2LiK8aKxXKPJyQx80ctpgthXna0vnUguGe_wMa7oG3NfH_mn8QdBu2oJq7vT6rQ1QGJAQAA:40
[  648948ms] [LOG] conteudoNovo Trocas e devoluções @ https://d1hjvew1n9ss7u.cloudfront.net/asset.axd?id=iQEAAB-LCAAAAAAAAAOtkE0PATEQhv-KzHnp-qi1FQdxEyfcxKHaQYWtdKYiEX67WnF04vh-PZPMDQyDAsYri4O-aDLBnXnYMHsdCHkUedscQAZVKs19ZMyTcKC2-kiYgT0n_yEW9YpShKA4xJRcUtDvlh0py0GR523Zk52iSA3zaRjrLKhuX7byJDYf2xGo1e37nuqLk0jsT2LiK8aKxXKPJyQx80ctpgthXna0vnUguGe_wMa7oG3NfH_mn8QdBu2oJq7vT6rQ1QGJAQAA:40
[  648948ms] [LOG] conteudoNovo Perguntas Frequentes @ https://d1hjvew1n9ss7u.cloudfront.net/asset.axd?id=iQEAAB-LCAAAAAAAAAOtkE0PATEQhv-KzHnp-qi1FQdxEyfcxKHaQYWtdKYiEX67WnF04vh-PZPMDQyDAsYri4O-aDLBnXnYMHsdCHkUedscQAZVKs19ZMyTcKC2-kiYgT0n_yEW9YpShKA4xJRcUtDvlh0py0GR523Zk52iSA3zaRjrLKhuX7byJDYf2xGo1e37nuqLk0jsT2LiK8aKxXKPJyQx80ctpgthXna0vnUguGe_wMa7oG3NfH_mn8QdBu2oJq7vT6rQ1QGJAQAA:40
[  648948ms] [LOG] conteudoNovo Como rastrear pedidos @ https://d1hjvew1n9ss7u.cloudfront.net/asset.axd?id=iQEAAB-LCAAAAAAAAAOtkE0PATEQhv-KzHnp-qi1FQdxEyfcxKHaQYWtdKYiEX67WnF04vh-PZPMDQyDAsYri4O-aDLBnXnYMHsdCHkUedscQAZVKs19ZMyTcKC2-kiYgT0n_yEW9YpShKA4xJRcUtDvlh0py0GR523Zk52iSA3zaRjrLKhuX7byJDYf2xGo1e37nuqLk0jsT2LiK8aKxXKPJyQx80ctpgthXna0vnUguGe_wMa7oG3NfH_mn8QdBu2oJq7vT6rQ1QGJAQAA:40
[  648948ms] [LOG] conteudoNovo Regulamento Promocional @ https://d1hjvew1n9ss7u.cloudfront.net/asset.axd?id=iQEAAB-LCAAAAAAAAAOtkE0PATEQhv-KzHnp-qi1FQdxEyfcxKHaQYWtdKYiEX67WnF04vh-PZPMDQyDAsYri4O-aDLBnXnYMHsdCHkUedscQAZVKs19ZMyTcKC2-kiYgT0n_yEW9YpShKA4xJRcUtDvlh0py0GR523Zk52iSA3zaRjrLKhuX7byJDYf2xGo1e37nuqLk0jsT2LiK8aKxXKPJyQx80ctpgthXna0vnUguGe_wMa7oG3NfH_mn8QdBu2oJq7vT6rQ1QGJAQAA:40
[  648948ms] [LOG] conteudoNovo Cashback @ https://d1hjvew1n9ss7u.cloudfront.net/asset.axd?id=iQEAAB-LCAAAAAAAAAOtkE0PATEQhv-KzHnp-qi1FQdxEyfcxKHaQYWtdKYiEX67WnF04vh-PZPMDQyDAsYri4O-aDLBnXnYMHsdCHkUedscQAZVKs19ZMyTcKC2-kiYgT0n_yEW9YpShKA4xJRcUtDvlh0py0GR523Zk52iSA3zaRjrLKhuX7byJDYf2xGo1e37nuqLk0jsT2LiK8aKxXKPJyQx80ctpgthXna0vnUguGe_wMa7oG3NfH_mn8QdBu2oJq7vT6rQ1QGJAQAA:40
[  648948ms] [LOG] conteudoNovo Quem somos @ https://d1hjvew1n9ss7u.cloudfront.net/asset.axd?id=iQEAAB-LCAAAAAAAAAOtkE0PATEQhv-KzHnp-qi1FQdxEyfcxKHaQYWtdKYiEX67WnF04vh-PZPMDQyDAsYri4O-aDLBnXnYMHsdCHkUedscQAZVKs19ZMyTcKC2-kiYgT0n_yEW9YpShKA4xJRcUtDvlh0py0GR523Zk52iSA3zaRjrLKhuX7byJDYf2xGo1e37nuqLk0jsT2LiK8aKxXKPJyQx80ctpgthXna0vnUguGe_wMa7oG3NfH_mn8QdBu2oJq7vT6rQ1QGJAQAA:40
[  648948ms] [LOG] conteudoNovo Este site é seguro? @ https://d1hjvew1n9ss7u.cloudfront.net/asset.axd?id=iQEAAB-LCAAAAAAAAAOtkE0PATEQhv-KzHnp-qi1FQdxEyfcxKHaQYWtdKYiEX67WnF04vh-PZPMDQyDAsYri4O-aDLBnXnYMHsdCHkUedscQAZVKs19ZMyTcKC2-kiYgT0n_yEW9YpShKA4xJRcUtDvlh0py0GR523Zk52iSA3zaRjrLKhuX7byJDYf2xGo1e37nuqLk0jsT2LiK8aKxXKPJyQx80ctpgthXna0vnUguGe_wMa7oG3NfH_mn8QdBu2oJq7vT6rQ1QGJAQAA:40
[  648948ms] [LOG] conteudoNovo Política de Cookies @ https://d1hjvew1n9ss7u.cloudfront.net/asset.axd?id=iQEAAB-LCAAAAAAAAAOtkE0PATEQhv-KzHnp-qi1FQdxEyfcxKHaQYWtdKYiEX67WnF04vh-PZPMDQyDAsYri4O-aDLBnXnYMHsdCHkUedscQAZVKs19ZMyTcKC2-kiYgT0n_yEW9YpShKA4xJRcUtDvlh0py0GR523Zk52iSA3zaRjrLKhuX7byJDYf2xGo1e37nuqLk0jsT2LiK8aKxXKPJyQx80ctpgthXna0vnUguGe_wMa7oG3NfH_mn8QdBu2oJq7vT6rQ1QGJAQAA:40
[  648948ms] [LOG] conteudoNovo Política de Privacidade @ https://d1hjvew1n9ss7u.cloudfront.net/asset.axd?id=iQEAAB-LCAAAAAAAAAOtkE0PATEQhv-KzHnp-qi1FQdxEyfcxKHaQYWtdKYiEX67WnF04vh-PZPMDQyDAsYri4O-aDLBnXnYMHsdCHkUedscQAZVKs19ZMyTcKC2-kiYgT0n_yEW9YpShKA4xJRcUtDvlh0py0GR523Zk52iSA3zaRjrLKhuX7byJDYf2xGo1e37nuqLk0jsT2LiK8aKxXKPJyQx80ctpgthXna0vnUguGe_wMa7oG3NfH_mn8QdBu2oJq7vT6rQ1QGJAQAA:40
[  648948ms] [LOG] conteudoNovo Nossa lojas @ https://d1hjvew1n9ss7u.cloudfront.net/asset.axd?id=iQEAAB-LCAAAAAAAAAOtkE0PATEQhv-KzHnp-qi1FQdxEyfcxKHaQYWtdKYiEX67WnF04vh-PZPMDQyDAsYri4O-aDLBnXnYMHsdCHkUedscQAZVKs19ZMyTcKC2-kiYgT0n_yEW9YpShKA4xJRcUtDvlh0py0GR523Zk52iSA3zaRjrLKhuX7byJDYf2xGo1e37nuqLk0jsT2LiK8aKxXKPJyQx80ctpgthXna0vnUguGe_wMa7oG3NfH_mn8QdBu2oJq7vT6rQ1QGJAQAA:40
[  648948ms] [LOG] conteudoNovo Trabalhe Conosco @ https://d1hjvew1n9ss7u.cloudfront.net/asset.axd?id=iQEAAB-LCAAAAAAAAAOtkE0PATEQhv-KzHnp-qi1FQdxEyfcxKHaQYWtdKYiEX67WnF04vh-PZPMDQyDAsYri4O-aDLBnXnYMHsdCHkUedscQAZVKs19ZMyTcKC2-kiYgT0n_yEW9YpShKA4xJRcUtDvlh0py0GR523Zk52iSA3zaRjrLKhuX7byJDYf2xGo1e37nuqLk0jsT2LiK8aKxXKPJyQx80ctpgthXna0vnUguGe_wMa7oG3NfH_mn8QdBu2oJq7vT6rQ1QGJAQAA:40
[  648948ms] [LOG] conteudoNovo Lola Lab @ https://d1hjvew1n9ss7u.cloudfront.net/asset.axd?id=iQEAAB-LCAAAAAAAAAOtkE0PATEQhv-KzHnp-qi1FQdxEyfcxKHaQYWtdKYiEX67WnF04vh-PZPMDQyDAsYri4O-aDLBnXnYMHsdCHkUedscQAZVKs19ZMyTcKC2-kiYgT0n_yEW9YpShKA4xJRcUtDvlh0py0GR523Zk52iSA3zaRjrLKhuX7byJDYf2xGo1e37nuqLk0jsT2LiK8aKxXKPJyQx80ctpgthXna0vnUguGe_wMa7oG3NfH_mn8QdBu2oJq7vT6rQ1QGJAQAA:40
[  648948ms] [LOG] conteudoNovo Revenda @ https://d1hjvew1n9ss7u.cloudfront.net/asset.axd?id=iQEAAB-LCAAAAAAAAAOtkE0PATEQhv-KzHnp-qi1FQdxEyfcxKHaQYWtdKYiEX67WnF04vh-PZPMDQyDAsYri4O-aDLBnXnYMHsdCHkUedscQAZVKs19ZMyTcKC2-kiYgT0n_yEW9YpShKA4xJRcUtDvlh0py0GR523Zk52iSA3zaRjrLKhuX7byJDYf2xGo1e37nuqLk0jsT2LiK8aKxXKPJyQx80ctpgthXna0vnUguGe_wMa7oG3NfH_mn8QdBu2oJq7vT6rQ1QGJAQAA:40
[  648948ms] [LOG] conteudoNovo Afiliados @ https://d1hjvew1n9ss7u.cloudfront.net/asset.axd?id=iQEAAB-LCAAAAAAAAAOtkE0PATEQhv-KzHnp-qi1FQdxEyfcxKHaQYWtdKYiEX67WnF04vh-PZPMDQyDAsYri4O-aDLBnXnYMHsdCHkUedscQAZVKs19ZMyTcKC2-kiYgT0n_yEW9YpShKA4xJRcUtDvlh0py0GR523Zk52iSA3zaRjrLKhuX7byJDYf2xGo1e37nuqLk0jsT2LiK8aKxXKPJyQx80ctpgthXna0vnUguGe_wMa7oG3NfH_mn8QdBu2oJq7vT6rQ1QGJAQAA:40
[  648948ms] [LOG] conteudoNovo Prazos de atendimento @ https://d1hjvew1n9ss7u.cloudfront.net/asset.axd?id=iQEAAB-LCAAAAAAAAAOtkE0PATEQhv-KzHnp-qi1FQdxEyfcxKHaQYWtdKYiEX67WnF04vh-PZPMDQyDAsYri4O-aDLBnXnYMHsdCHkUedscQAZVKs19ZMyTcKC2-kiYgT0n_yEW9YpShKA4xJRcUtDvlh0py0GR523Zk52iSA3zaRjrLKhuX7byJDYf2xGo1e37nuqLk0jsT2LiK8aKxXKPJyQx80ctpgthXna0vnUguGe_wMa7oG3NfH_mn8QdBu2oJq7vT6rQ1QGJAQAA:40
[  648948ms] [LOG] conteudoNovo Entrega e envios @ https://d1hjvew1n9ss7u.cloudfront.net/asset.axd?id=iQEAAB-LCAAAAAAAAAOtkE0PATEQhv-KzHnp-qi1FQdxEyfcxKHaQYWtdKYiEX67WnF04vh-PZPMDQyDAsYri4O-aDLBnXnYMHsdCHkUedscQAZVKs19ZMyTcKC2-kiYgT0n_yEW9YpShKA4xJRcUtDvlh0py0GR523Zk52iSA3zaRjrLKhuX7byJDYf2xGo1e37nuqLk0jsT2LiK8aKxXKPJyQx80ctpgthXna0vnUguGe_wMa7oG3NfH_mn8QdBu2oJq7vT6rQ1QGJAQAA:40
[  648948ms] [LOG] conteudoNovo Pagamento @ https://d1hjvew1n9ss7u.cloudfront.net/asset.axd?id=iQEAAB-LCAAAAAAAAAOtkE0PATEQhv-KzHnp-qi1FQdxEyfcxKHaQYWtdKYiEX67WnF04vh-PZPMDQyDAsYri4O-aDLBnXnYMHsdCHkUedscQAZVKs19ZMyTcKC2-kiYgT0n_yEW9YpShKA4xJRcUtDvlh0py0GR523Zk52iSA3zaRjrLKhuX7byJDYf2xGo1e37nuqLk0jsT2LiK8aKxXKPJyQx80ctpgthXna0vnUguGe_wMa7oG3NfH_mn8QdBu2oJq7vT6rQ1QGJAQAA:40
[  648948ms] [LOG] conteudoNovo Trocas e devoluções @ https://d1hjvew1n9ss7u.cloudfront.net/asset.axd?id=iQEAAB-LCAAAAAAAAAOtkE0PATEQhv-KzHnp-qi1FQdxEyfcxKHaQYWtdKYiEX67WnF04vh-PZPMDQyDAsYri4O-aDLBnXnYMHsdCHkUedscQAZVKs19ZMyTcKC2-kiYgT0n_yEW9YpShKA4xJRcUtDvlh0py0GR523Zk52iSA3zaRjrLKhuX7byJDYf2xGo1e37nuqLk0jsT2LiK8aKxXKPJyQx80ctpgthXna0vnUguGe_wMa7oG3NfH_mn8QdBu2oJq7vT6rQ1QGJAQAA:40
[  648948ms] [LOG] conteudoNovo Perguntas Frequentes @ https://d1hjvew1n9ss7u.cloudfront.net/asset.axd?id=iQEAAB-LCAAAAAAAAAOtkE0PATEQhv-KzHnp-qi1FQdxEyfcxKHaQYWtdKYiEX67WnF04vh-PZPMDQyDAsYri4O-aDLBnXnYMHsdCHkUedscQAZVKs19ZMyTcKC2-kiYgT0n_yEW9YpShKA4xJRcUtDvlh0py0GR523Zk52iSA3zaRjrLKhuX7byJDYf2xGo1e37nuqLk0jsT2LiK8aKxXKPJyQx80ctpgthXna0vnUguGe_wMa7oG3NfH_mn8QdBu2oJq7vT6rQ1QGJAQAA:40
[  648948ms] [LOG] conteudoNovo Como rastrear pedidos @ https://d1hjvew1n9ss7u.cloudfront.net/asset.axd?id=iQEAAB-LCAAAAAAAAAOtkE0PATEQhv-KzHnp-qi1FQdxEyfcxKHaQYWtdKYiEX67WnF04vh-PZPMDQyDAsYri4O-aDLBnXnYMHsdCHkUedscQAZVKs19ZMyTcKC2-kiYgT0n_yEW9YpShKA4xJRcUtDvlh0py0GR523Zk52iSA3zaRjrLKhuX7byJDYf2xGo1e37nuqLk0jsT2LiK8aKxXKPJyQx80ctpgthXna0vnUguGe_wMa7oG3NfH_mn8QdBu2oJq7vT6rQ1QGJAQAA:40
[  648948ms] [LOG] conteudoNovo Regulamento Promocional @ https://d1hjvew1n9ss7u.cloudfront.net/asset.axd?id=iQEAAB-LCAAAAAAAAAOtkE0PATEQhv-KzHnp-qi1FQdxEyfcxKHaQYWtdKYiEX67WnF04vh-PZPMDQyDAsYri4O-aDLBnXnYMHsdCHkUedscQAZVKs19ZMyTcKC2-kiYgT0n_yEW9YpShKA4xJRcUtDvlh0py0GR523Zk52iSA3zaRjrLKhuX7byJDYf2xGo1e37nuqLk0jsT2LiK8aKxXKPJyQx80ctpgthXna0vnUguGe_wMa7oG3NfH_mn8QdBu2oJq7vT6rQ1QGJAQAA:40
[  648949ms] [LOG] conteudoNovo Cashback @ https://d1hjvew1n9ss7u.cloudfront.net/asset.axd?id=iQEAAB-LCAAAAAAAAAOtkE0PATEQhv-KzHnp-qi1FQdxEyfcxKHaQYWtdKYiEX67WnF04vh-PZPMDQyDAsYri4O-aDLBnXnYMHsdCHkUedscQAZVKs19ZMyTcKC2-kiYgT0n_yEW9YpShKA4xJRcUtDvlh0py0GR523Zk52iSA3zaRjrLKhuX7byJDYf2xGo1e37nuqLk0jsT2LiK8aKxXKPJyQx80ctpgthXna0vnUguGe_wMa7oG3NfH_mn8QdBu2oJq7vT6rQ1QGJAQAA:40
[  648984ms] [WARNING] !! Há erros de scripts de terceiros !!
Por favor, contate a Empresa responsável pelo script.  @ https://d1hjvew1n9ss7u.cloudfront.net/assets/shjs.js?t=639255987001545277:0
[  648998ms] Uncaught Error: You must pass a string or Handlebars AST to Handlebars.compile. You passed null
    at e.compile (https://d1hjvew1n9ss7u.cloudfront.net/asset.axd?id=iQEAAB-LCAAAAAAAAAOtkE0PATEQhv-KzHnp-qi1FQdxEyfcxKHaQYWtdKYiEX67WnF04vh-PZPMDQyDAsYri4O-aDLBnXnYMHsdCHkUedscQAZVKs19ZMyTcKC2-kiYgT0n_yEW9YpShKA4xJRcUtDvlh0py0GR523Zk52iSA3zaRjrLKhuX7byJDYf2xGo1e37nuqLk0jsT2LiK8aKxXKPJyQx80ctpgthXna0vnUguGe_wMa7oG3NfH_mn8QdBu2oJq7vT6rQ1QGJAQAA:1843:49302)
    at i.compile (https://d1hjvew1n9ss7u.cloudfront.net/asset.axd?id=iQEAAB-LCAAAAAAAAAOtkE0PATEQhv-KzHnp-qi1FQdxEyfcxKHaQYWtdKYiEX67WnF04vh-PZPMDQyDAsYri4O-aDLBnXnYMHsdCHkUedscQAZVKs19ZMyTcKC2-kiYgT0n_yEW9YpShKA4xJRcUtDvlh0py0GR523Zk52iSA3zaRjrLKhuX7byJDYf2xGo1e37nuqLk0jsT2LiK8aKxXKPJyQx80ctpgthXna0vnUguGe_wMa7oG3NfH_mn8QdBu2oJq7vT6rQ1QGJAQAA:1843:343)
    at renderBasket (https://d1hjvew1n9ss7u.cloudfront.net/asset.axd?id=iQEAAB-LCAAAAAAAAAOtkE0PATEQhv-KzHnp-qi1FQdxEyfcxKHaQYWtdKYiEX67WnF04vh-PZPMDQyDAsYri4O-aDLBnXnYMHsdCHkUedscQAZVKs19ZMyTcKC2-kiYgT0n_yEW9YpShKA4xJRcUtDvlh0py0GR523Zk52iSA3zaRjrLKhuX7byJDYf2xGo1e37nuqLk0jsT2LiK8aKxXKPJyQx80ctpgthXna0vnUguGe_wMa7oG3NfH_mn8QdBu2oJq7vT6rQ1QGJAQAA:78:27)
    at <anonymous> (https://d1hjvew1n9ss7u.cloudfront.net/asset.axd?id=iQEAAB-LCAAAAAAAAAOtkE0PATEQhv-KzHnp-qi1FQdxEyfcxKHaQYWtdKYiEX67WnF04vh-PZPMDQyDAsYri4O-aDLBnXnYMHsdCHkUedscQAZVKs19ZMyTcKC2-kiYgT0n_yEW9YpShKA4xJRcUtDvlh0py0GR523Zk52iSA3zaRjrLKhuX7byJDYf2xGo1e37nuqLk0jsT2LiK8aKxXKPJyQx80ctpgthXna0vnUguGe_wMa7oG3NfH_mn8QdBu2oJq7vT6rQ1QGJAQAA:269:1)
    at f (https://d1hjvew1n9ss7u.cloudfront.net/assets/shjs.js?t=639255987001545277:0:10382)
    at fireWith (https://d1hjvew1n9ss7u.cloudfront.net/assets/shjs.js?t=639255987001545277:0:11137)
    at ready (https://d1hjvew1n9ss7u.cloudfront.net/assets/shjs.js?t=639255987001545277:0:5238)
    at r (https://d1hjvew1n9ss7u.cloudfront.net/assets/shjs.js?t=639255987001545277:0:9748)
[  649002ms] [VERBOSE] [DOM] Input elements should have autocomplete attributes (suggested: "current-password"): (More info: https://goo.gl/9p2vKq) %o @ https://www.lolacosmetics.com.br/conteudo/ajuda/regulamento-promocional:0
[  649002ms] [VERBOSE] [DOM] Input elements should have autocomplete attributes (suggested: "current-password"): (More info: https://goo.gl/9p2vKq) %o @ https://www.lolacosmetics.com.br/conteudo/ajuda/regulamento-promocional:0
[  649048ms] [LOG] AffiseStorage availability: {cookie: true, localStorage: true, sessionStorage: true} @ https://rankmediabrasil.g2afse.com/websdk.js:0
[  649051ms] [LOG] Status RNK Media - ClickId: null UTM: null @ :3
[  649739ms] Uncaught TypeError: Cannot read properties of undefined (reading 'replace')
    at validaFreteGratis (https://d1hjvew1n9ss7u.cloudfront.net/asset.axd?id=iQEAAB-LCAAAAAAAAAOtkE0PATEQhv-KzHnp-qi1FQdxEyfcxKHaQYWtdKYiEX67WnF04vh-PZPMDQyDAsYri4O-aDLBnXnYMHsdCHkUedscQAZVKs19ZMyTcKC2-kiYgT0n_yEW9YpShKA4xJRcUtDvlh0py0GR523Zk52iSA3zaRjrLKhuX7byJDYf2xGo1e37nuqLk0jsT2LiK8aKxXKPJyQx80ctpgthXna0vnUguGe_wMa7oG3NfH_mn8QdBu2oJq7vT6rQ1QGJAQAA:50:7633)
    at <anonymous> (https://d1hjvew1n9ss7u.cloudfront.net/asset.axd?id=iQEAAB-LCAAAAAAAAAOtkE0PATEQhv-KzHnp-qi1FQdxEyfcxKHaQYWtdKYiEX67WnF04vh-PZPMDQyDAsYri4O-aDLBnXnYMHsdCHkUedscQAZVKs19ZMyTcKC2-kiYgT0n_yEW9YpShKA4xJRcUtDvlh0py0GR523Zk52iSA3zaRjrLKhuX7byJDYf2xGo1e37nuqLk0jsT2LiK8aKxXKPJyQx80ctpgthXna0vnUguGe_wMa7oG3NfH_mn8QdBu2oJq7vT6rQ1QGJAQAA:50:49808)
    at dispatch (https://d1hjvew1n9ss7u.cloudfront.net/assets/shjs.js?t=639255987001545277:0:32701)
    at a (https://d1hjvew1n9ss7u.cloudfront.net/assets/shjs.js?t=639255987001545277:0:28480)
[  649719ms] [LOG] Banner não encontrado: banner-232 @ https://d1hjvew1n9ss7u.cloudfront.net/asset.axd?id=iQEAAB-LCAAAAAAAAAOtkE0PATEQhv-KzHnp-qi1FQdxEyfcxKHaQYWtdKYiEX67WnF04vh-PZPMDQyDAsYri4O-aDLBnXnYMHsdCHkUedscQAZVKs19ZMyTcKC2-kiYgT0n_yEW9YpShKA4xJRcUtDvlh0py0GR523Zk52iSA3zaRjrLKhuX7byJDYf2xGo1e37nuqLk0jsT2LiK8aKxXKPJyQx80ctpgthXna0vnUguGe_wMa7oG3NfH_mn8QdBu2oJq7vT6rQ1QGJAQAA:803
[  649775ms] [LOG] %c Widde Video Commerce %c v24604ee %c Build: 21/09/2026 20:39 %c border: 1px solid #2567f8; background: #2567f8; color: #fff; font-weight: bold; padding: 4px 8px; border-radius: 3px 0 0 0; border: 1px solid #2567f8; border-left: none; background: #FFF; color: #2567f8; font-weight: bold; padding: 4px 8px; border: 1px solid #2567f8; border-left: none; background: #f0f0f0; color: #333; font-weight: bold; padding: 4px 8px; border-radius: 0 3px 3px 0; background: transparent @ https://cdn.widde.io/assets/main.utzwjalemu.js:0
[  649901ms] [LOG] %c Tryon Widde.io %c %s %c border: 1px solid #2567f8; background: #2567f8; color: #fff; font-weight: bold; padding: 4px 8px; border-radius: 3px 0 0 3px; border: 1px solid #2567f8; background: #FFF; color: #2567f8; font-weight: bold; padding: 4px 8px; border-radius: 0 3px 3px 0; 47bf7c2 background: transparent @ https://cdn-tryon.widde.io/widde-tryon.js:86
[  650053ms] [LOG] [tryon-tracker] initialized {domain: www.lolacosmetics.com.br} @ https://cdn-tryon.widde.io/widde-tryon.js:8
[  657714ms] [WARNING] Error with Feature-Policy header: Some features are specified in both Feature-Policy and Permissions-Policy header: payment, fullscreen, microphone, camera. Values defined in Permissions-Policy header will be used. @ :0
[  658048ms] [ERROR] Failed to load resource: the server responded with a status of 500 () @ https://fonts.cdnfonts.com/css/leelawade:0
[  658321ms] [ERROR] Failed to load resource: the server responded with a status of 404 () @ https://lolacosmetics.admin.linxcommerce.com.br/Custom/Content/Themes/Lola/Styles/Fonts/FontAwesome/all.css:0
[  658525ms] [LOG] Banner não encontrado: banner-232 @ https://d1hjvew1n9ss7u.cloudfront.net/asset.axd?id=iQEAAB-LCAAAAAAAAAOtkE0PATEQhv-KzHnp-qi1FQdxEyfcxKHaQYWtdKYiEX67WnF04vh-PZPMDQyDAsYri4O-aDLBnXnYMHsdCHkUedscQAZVKs19ZMyTcKC2-kiYgT0n_yEW9YpShKA4xJRcUtDvlh0py0GR523Zk52iSA3zaRjrLKhuX7byJDYf2xGo1e37nuqLk0jsT2LiK8aKxXKPJyQx80ctpgthXna0vnUguGe_wMa7oG3NfH_mn8QdBu2oJq7vT6rQ1QGJAQAA:803
[  658527ms] [LOG] [Debug Carrinho] Polling ativo @ https://d1hjvew1n9ss7u.cloudfront.net/asset.axd?id=iQEAAB-LCAAAAAAAAAOtkE0PATEQhv-KzHnp-qi1FQdxEyfcxKHaQYWtdKYiEX67WnF04vh-PZPMDQyDAsYri4O-aDLBnXnYMHsdCHkUedscQAZVKs19ZMyTcKC2-kiYgT0n_yEW9YpShKA4xJRcUtDvlh0py0GR523Zk52iSA3zaRjrLKhuX7byJDYf2xGo1e37nuqLk0jsT2LiK8aKxXKPJyQx80ctpgthXna0vnUguGe_wMa7oG3NfH_mn8QdBu2oJq7vT6rQ1QGJAQAA:1839
[  658609ms] [LOG] teste @ https://d1hjvew1n9ss7u.cloudfront.net/asset.axd?id=iQEAAB-LCAAAAAAAAAOtkE0PATEQhv-KzHnp-qi1FQdxEyfcxKHaQYWtdKYiEX67WnF04vh-PZPMDQyDAsYri4O-aDLBnXnYMHsdCHkUedscQAZVKs19ZMyTcKC2-kiYgT0n_yEW9YpShKA4xJRcUtDvlh0py0GR523Zk52iSA3zaRjrLKhuX7byJDYf2xGo1e37nuqLk0jsT2LiK8aKxXKPJyQx80ctpgthXna0vnUguGe_wMa7oG3NfH_mn8QdBu2oJq7vT6rQ1QGJAQAA:3
[  658610ms] [LOG] conteudo Trocas e devoluções @ https://d1hjvew1n9ss7u.cloudfront.net/asset.axd?id=iQEAAB-LCAAAAAAAAAOtkE0PATEQhv-KzHnp-qi1FQdxEyfcxKHaQYWtdKYiEX67WnF04vh-PZPMDQyDAsYri4O-aDLBnXnYMHsdCHkUedscQAZVKs19ZMyTcKC2-kiYgT0n_yEW9YpShKA4xJRcUtDvlh0py0GR523Zk52iSA3zaRjrLKhuX7byJDYf2xGo1e37nuqLk0jsT2LiK8aKxXKPJyQx80ctpgthXna0vnUguGe_wMa7oG3NfH_mn8QdBu2oJq7vT6rQ1QGJAQAA:36
[  658610ms] [LOG] conteudoNovo Prazos de atendimento @ https://d1hjvew1n9ss7u.cloudfront.net/asset.axd?id=iQEAAB-LCAAAAAAAAAOtkE0PATEQhv-KzHnp-qi1FQdxEyfcxKHaQYWtdKYiEX67WnF04vh-PZPMDQyDAsYri4O-aDLBnXnYMHsdCHkUedscQAZVKs19ZMyTcKC2-kiYgT0n_yEW9YpShKA4xJRcUtDvlh0py0GR523Zk52iSA3zaRjrLKhuX7byJDYf2xGo1e37nuqLk0jsT2LiK8aKxXKPJyQx80ctpgthXna0vnUguGe_wMa7oG3NfH_mn8QdBu2oJq7vT6rQ1QGJAQAA:40
[  658610ms] [LOG] conteudoNovo Entrega e envios @ https://d1hjvew1n9ss7u.cloudfront.net/asset.axd?id=iQEAAB-LCAAAAAAAAAOtkE0PATEQhv-KzHnp-qi1FQdxEyfcxKHaQYWtdKYiEX67WnF04vh-PZPMDQyDAsYri4O-aDLBnXnYMHsdCHkUedscQAZVKs19ZMyTcKC2-kiYgT0n_yEW9YpShKA4xJRcUtDvlh0py0GR523Zk52iSA3zaRjrLKhuX7byJDYf2xGo1e37nuqLk0jsT2LiK8aKxXKPJyQx80ctpgthXna0vnUguGe_wMa7oG3NfH_mn8QdBu2oJq7vT6rQ1QGJAQAA:40
[  658610ms] [LOG] conteudoNovo Pagamento @ https://d1hjvew1n9ss7u.cloudfront.net/asset.axd?id=iQEAAB-LCAAAAAAAAAOtkE0PATEQhv-KzHnp-qi1FQdxEyfcxKHaQYWtdKYiEX67WnF04vh-PZPMDQyDAsYri4O-aDLBnXnYMHsdCHkUedscQAZVKs19ZMyTcKC2-kiYgT0n_yEW9YpShKA4xJRcUtDvlh0py0GR523Zk52iSA3zaRjrLKhuX7byJDYf2xGo1e37nuqLk0jsT2LiK8aKxXKPJyQx80ctpgthXna0vnUguGe_wMa7oG3NfH_mn8QdBu2oJq7vT6rQ1QGJAQAA:40
[  658611ms] [LOG] conteudoNovo Trocas e devoluções @ https://d1hjvew1n9ss7u.cloudfront.net/asset.axd?id=iQEAAB-LCAAAAAAAAAOtkE0PATEQhv-KzHnp-qi1FQdxEyfcxKHaQYWtdKYiEX67WnF04vh-PZPMDQyDAsYri4O-aDLBnXnYMHsdCHkUedscQAZVKs19ZMyTcKC2-kiYgT0n_yEW9YpShKA4xJRcUtDvlh0py0GR523Zk52iSA3zaRjrLKhuX7byJDYf2xGo1e37nuqLk0jsT2LiK8aKxXKPJyQx80ctpgthXna0vnUguGe_wMa7oG3NfH_mn8QdBu2oJq7vT6rQ1QGJAQAA:40
[  658611ms] [LOG] conteudoNovo Perguntas Frequentes @ https://d1hjvew1n9ss7u.cloudfront.net/asset.axd?id=iQEAAB-LCAAAAAAAAAOtkE0PATEQhv-KzHnp-qi1FQdxEyfcxKHaQYWtdKYiEX67WnF04vh-PZPMDQyDAsYri4O-aDLBnXnYMHsdCHkUedscQAZVKs19ZMyTcKC2-kiYgT0n_yEW9YpShKA4xJRcUtDvlh0py0GR523Zk52iSA3zaRjrLKhuX7byJDYf2xGo1e37nuqLk0jsT2LiK8aKxXKPJyQx80ctpgthXna0vnUguGe_wMa7oG3NfH_mn8QdBu2oJq7vT6rQ1QGJAQAA:40
[  658611ms] [LOG] conteudoNovo Como rastrear pedidos @ https://d1hjvew1n9ss7u.cloudfront.net/asset.axd?id=iQEAAB-LCAAAAAAAAAOtkE0PATEQhv-KzHnp-qi1FQdxEyfcxKHaQYWtdKYiEX67WnF04vh-PZPMDQyDAsYri4O-aDLBnXnYMHsdCHkUedscQAZVKs19ZMyTcKC2-kiYgT0n_yEW9YpShKA4xJRcUtDvlh0py0GR523Zk52iSA3zaRjrLKhuX7byJDYf2xGo1e37nuqLk0jsT2LiK8aKxXKPJyQx80ctpgthXna0vnUguGe_wMa7oG3NfH_mn8QdBu2oJq7vT6rQ1QGJAQAA:40
[  658611ms] [LOG] conteudoNovo Regulamento Promocional @ https://d1hjvew1n9ss7u.cloudfront.net/asset.axd?id=iQEAAB-LCAAAAAAAAAOtkE0PATEQhv-KzHnp-qi1FQdxEyfcxKHaQYWtdKYiEX67WnF04vh-PZPMDQyDAsYri4O-aDLBnXnYMHsdCHkUedscQAZVKs19ZMyTcKC2-kiYgT0n_yEW9YpShKA4xJRcUtDvlh0py0GR523Zk52iSA3zaRjrLKhuX7byJDYf2xGo1e37nuqLk0jsT2LiK8aKxXKPJyQx80ctpgthXna0vnUguGe_wMa7oG3NfH_mn8QdBu2oJq7vT6rQ1QGJAQAA:40
[  658612ms] [LOG] conteudoNovo Cashback @ https://d1hjvew1n9ss7u.cloudfront.net/asset.axd?id=iQEAAB-LCAAAAAAAAAOtkE0PATEQhv-KzHnp-qi1FQdxEyfcxKHaQYWtdKYiEX67WnF04vh-PZPMDQyDAsYri4O-aDLBnXnYMHsdCHkUedscQAZVKs19ZMyTcKC2-kiYgT0n_yEW9YpShKA4xJRcUtDvlh0py0GR523Zk52iSA3zaRjrLKhuX7byJDYf2xGo1e37nuqLk0jsT2LiK8aKxXKPJyQx80ctpgthXna0vnUguGe_wMa7oG3NfH_mn8QdBu2oJq7vT6rQ1QGJAQAA:40
[  658612ms] [LOG] conteudoNovo Quem somos @ https://d1hjvew1n9ss7u.cloudfront.net/asset.axd?id=iQEAAB-LCAAAAAAAAAOtkE0PATEQhv-KzHnp-qi1FQdxEyfcxKHaQYWtdKYiEX67WnF04vh-PZPMDQyDAsYri4O-aDLBnXnYMHsdCHkUedscQAZVKs19ZMyTcKC2-kiYgT0n_yEW9YpShKA4xJRcUtDvlh0py0GR523Zk52iSA3zaRjrLKhuX7byJDYf2xGo1e37nuqLk0jsT2LiK8aKxXKPJyQx80ctpgthXna0vnUguGe_wMa7oG3NfH_mn8QdBu2oJq7vT6rQ1QGJAQAA:40
[  658612ms] [LOG] conteudoNovo Este site é seguro? @ https://d1hjvew1n9ss7u.cloudfront.net/asset.axd?id=iQEAAB-LCAAAAAAAAAOtkE0PATEQhv-KzHnp-qi1FQdxEyfcxKHaQYWtdKYiEX67WnF04vh-PZPMDQyDAsYri4O-aDLBnXnYMHsdCHkUedscQAZVKs19ZMyTcKC2-kiYgT0n_yEW9YpShKA4xJRcUtDvlh0py0GR523Zk52iSA3zaRjrLKhuX7byJDYf2xGo1e37nuqLk0jsT2LiK8aKxXKPJyQx80ctpgthXna0vnUguGe_wMa7oG3NfH_mn8QdBu2oJq7vT6rQ1QGJAQAA:40
[  658612ms] [LOG] conteudoNovo Política de Cookies @ https://d1hjvew1n9ss7u.cloudfront.net/asset.axd?id=iQEAAB-LCAAAAAAAAAOtkE0PATEQhv-KzHnp-qi1FQdxEyfcxKHaQYWtdKYiEX67WnF04vh-PZPMDQyDAsYri4O-aDLBnXnYMHsdCHkUedscQAZVKs19ZMyTcKC2-kiYgT0n_yEW9YpShKA4xJRcUtDvlh0py0GR523Zk52iSA3zaRjrLKhuX7byJDYf2xGo1e37nuqLk0jsT2LiK8aKxXKPJyQx80ctpgthXna0vnUguGe_wMa7oG3NfH_mn8QdBu2oJq7vT6rQ1QGJAQAA:40
[  658612ms] [LOG] conteudoNovo Política de Privacidade @ https://d1hjvew1n9ss7u.cloudfront.net/asset.axd?id=iQEAAB-LCAAAAAAAAAOtkE0PATEQhv-KzHnp-qi1FQdxEyfcxKHaQYWtdKYiEX67WnF04vh-PZPMDQyDAsYri4O-aDLBnXnYMHsdCHkUedscQAZVKs19ZMyTcKC2-kiYgT0n_yEW9YpShKA4xJRcUtDvlh0py0GR523Zk52iSA3zaRjrLKhuX7byJDYf2xGo1e37nuqLk0jsT2LiK8aKxXKPJyQx80ctpgthXna0vnUguGe_wMa7oG3NfH_mn8QdBu2oJq7vT6rQ1QGJAQAA:40
[  658613ms] [LOG] conteudoNovo Nossa lojas @ https://d1hjvew1n9ss7u.cloudfront.net/asset.axd?id=iQEAAB-LCAAAAAAAAAOtkE0PATEQhv-KzHnp-qi1FQdxEyfcxKHaQYWtdKYiEX67WnF04vh-PZPMDQyDAsYri4O-aDLBnXnYMHsdCHkUedscQAZVKs19ZMyTcKC2-kiYgT0n_yEW9YpShKA4xJRcUtDvlh0py0GR523Zk52iSA3zaRjrLKhuX7byJDYf2xGo1e37nuqLk0jsT2LiK8aKxXKPJyQx80ctpgthXna0vnUguGe_wMa7oG3NfH_mn8QdBu2oJq7vT6rQ1QGJAQAA:40
[  658613ms] [LOG] conteudoNovo Trabalhe Conosco @ https://d1hjvew1n9ss7u.cloudfront.net/asset.axd?id=iQEAAB-LCAAAAAAAAAOtkE0PATEQhv-KzHnp-qi1FQdxEyfcxKHaQYWtdKYiEX67WnF04vh-PZPMDQyDAsYri4O-aDLBnXnYMHsdCHkUedscQAZVKs19ZMyTcKC2-kiYgT0n_yEW9YpShKA4xJRcUtDvlh0py0GR523Zk52iSA3zaRjrLKhuX7byJDYf2xGo1e37nuqLk0jsT2LiK8aKxXKPJyQx80ctpgthXna0vnUguGe_wMa7oG3NfH_mn8QdBu2oJq7vT6rQ1QGJAQAA:40
[  658613ms] [LOG] conteudoNovo Lola Lab @ https://d1hjvew1n9ss7u.cloudfront.net/asset.axd?id=iQEAAB-LCAAAAAAAAAOtkE0PATEQhv-KzHnp-qi1FQdxEyfcxKHaQYWtdKYiEX67WnF04vh-PZPMDQyDAsYri4O-aDLBnXnYMHsdCHkUedscQAZVKs19ZMyTcKC2-kiYgT0n_yEW9YpShKA4xJRcUtDvlh0py0GR523Zk52iSA3zaRjrLKhuX7byJDYf2xGo1e37nuqLk0jsT2LiK8aKxXKPJyQx80ctpgthXna0vnUguGe_wMa7oG3NfH_mn8QdBu2oJq7vT6rQ1QGJAQAA:40
[  658613ms] [LOG] conteudoNovo Revenda @ https://d1hjvew1n9ss7u.cloudfront.net/asset.axd?id=iQEAAB-LCAAAAAAAAAOtkE0PATEQhv-KzHnp-qi1FQdxEyfcxKHaQYWtdKYiEX67WnF04vh-PZPMDQyDAsYri4O-aDLBnXnYMHsdCHkUedscQAZVKs19ZMyTcKC2-kiYgT0n_yEW9YpShKA4xJRcUtDvlh0py0GR523Zk52iSA3zaRjrLKhuX7byJDYf2xGo1e37nuqLk0jsT2LiK8aKxXKPJyQx80ctpgthXna0vnUguGe_wMa7oG3NfH_mn8QdBu2oJq7vT6rQ1QGJAQAA:40
[  658613ms] [LOG] conteudoNovo Afiliados @ https://d1hjvew1n9ss7u.cloudfront.net/asset.axd?id=iQEAAB-LCAAAAAAAAAOtkE0PATEQhv-KzHnp-qi1FQdxEyfcxKHaQYWtdKYiEX67WnF04vh-PZPMDQyDAsYri4O-aDLBnXnYMHsdCHkUedscQAZVKs19ZMyTcKC2-kiYgT0n_yEW9YpShKA4xJRcUtDvlh0py0GR523Zk52iSA3zaRjrLKhuX7byJDYf2xGo1e37nuqLk0jsT2LiK8aKxXKPJyQx80ctpgthXna0vnUguGe_wMa7oG3NfH_mn8QdBu2oJq7vT6rQ1QGJAQAA:40
[  658613ms] [LOG] conteudoNovo Prazos de atendimento @ https://d1hjvew1n9ss7u.cloudfront.net/asset.axd?id=iQEAAB-LCAAAAAAAAAOtkE0PATEQhv-KzHnp-qi1FQdxEyfcxKHaQYWtdKYiEX67WnF04vh-PZPMDQyDAsYri4O-aDLBnXnYMHsdCHkUedscQAZVKs19ZMyTcKC2-kiYgT0n_yEW9YpShKA4xJRcUtDvlh0py0GR523Zk52iSA3zaRjrLKhuX7byJDYf2xGo1e37nuqLk0jsT2LiK8aKxXKPJyQx80ctpgthXna0vnUguGe_wMa7oG3NfH_mn8QdBu2oJq7vT6rQ1QGJAQAA:40
[  658613ms] [LOG] conteudoNovo Entrega e envios @ https://d1hjvew1n9ss7u.cloudfront.net/asset.axd?id=iQEAAB-LCAAAAAAAAAOtkE0PATEQhv-KzHnp-qi1FQdxEyfcxKHaQYWtdKYiEX67WnF04vh-PZPMDQyDAsYri4O-aDLBnXnYMHsdCHkUedscQAZVKs19ZMyTcKC2-kiYgT0n_yEW9YpShKA4xJRcUtDvlh0py0GR523Zk52iSA3zaRjrLKhuX7byJDYf2xGo1e37nuqLk0jsT2LiK8aKxXKPJyQx80ctpgthXna0vnUguGe_wMa7oG3NfH_mn8QdBu2oJq7vT6rQ1QGJAQAA:40
[  658613ms] [LOG] conteudoNovo Pagamento @ https://d1hjvew1n9ss7u.cloudfront.net/asset.axd?id=iQEAAB-LCAAAAAAAAAOtkE0PATEQhv-KzHnp-qi1FQdxEyfcxKHaQYWtdKYiEX67WnF04vh-PZPMDQyDAsYri4O-aDLBnXnYMHsdCHkUedscQAZVKs19ZMyTcKC2-kiYgT0n_yEW9YpShKA4xJRcUtDvlh0py0GR523Zk52iSA3zaRjrLKhuX7byJDYf2xGo1e37nuqLk0jsT2LiK8aKxXKPJyQx80ctpgthXna0vnUguGe_wMa7oG3NfH_mn8QdBu2oJq7vT6rQ1QGJAQAA:40
[  658613ms] [LOG] conteudoNovo Trocas e devoluções @ https://d1hjvew1n9ss7u.cloudfront.net/asset.axd?id=iQEAAB-LCAAAAAAAAAOtkE0PATEQhv-KzHnp-qi1FQdxEyfcxKHaQYWtdKYiEX67WnF04vh-PZPMDQyDAsYri4O-aDLBnXnYMHsdCHkUedscQAZVKs19ZMyTcKC2-kiYgT0n_yEW9YpShKA4xJRcUtDvlh0py0GR523Zk52iSA3zaRjrLKhuX7byJDYf2xGo1e37nuqLk0jsT2LiK8aKxXKPJyQx80ctpgthXna0vnUguGe_wMa7oG3NfH_mn8QdBu2oJq7vT6rQ1QGJAQAA:40
[  658613ms] [LOG] conteudoNovo Perguntas Frequentes @ https://d1hjvew1n9ss7u.cloudfront.net/asset.axd?id=iQEAAB-LCAAAAAAAAAOtkE0PATEQhv-KzHnp-qi1FQdxEyfcxKHaQYWtdKYiEX67WnF04vh-PZPMDQyDAsYri4O-aDLBnXnYMHsdCHkUedscQAZVKs19ZMyTcKC2-kiYgT0n_yEW9YpShKA4xJRcUtDvlh0py0GR523Zk52iSA3zaRjrLKhuX7byJDYf2xGo1e37nuqLk0jsT2LiK8aKxXKPJyQx80ctpgthXna0vnUguGe_wMa7oG3NfH_mn8QdBu2oJq7vT6rQ1QGJAQAA:40
[  658614ms] [LOG] conteudoNovo Como rastrear pedidos @ https://d1hjvew1n9ss7u.cloudfront.net/asset.axd?id=iQEAAB-LCAAAAAAAAAOtkE0PATEQhv-KzHnp-qi1FQdxEyfcxKHaQYWtdKYiEX67WnF04vh-PZPMDQyDAsYri4O-aDLBnXnYMHsdCHkUedscQAZVKs19ZMyTcKC2-kiYgT0n_yEW9YpShKA4xJRcUtDvlh0py0GR523Zk52iSA3zaRjrLKhuX7byJDYf2xGo1e37nuqLk0jsT2LiK8aKxXKPJyQx80ctpgthXna0vnUguGe_wMa7oG3NfH_mn8QdBu2oJq7vT6rQ1QGJAQAA:40
[  658614ms] [LOG] conteudoNovo Regulamento Promocional @ https://d1hjvew1n9ss7u.cloudfront.net/asset.axd?id=iQEAAB-LCAAAAAAAAAOtkE0PATEQhv-KzHnp-qi1FQdxEyfcxKHaQYWtdKYiEX67WnF04vh-PZPMDQyDAsYri4O-aDLBnXnYMHsdCHkUedscQAZVKs19ZMyTcKC2-kiYgT0n_yEW9YpShKA4xJRcUtDvlh0py0GR523Zk52iSA3zaRjrLKhuX7byJDYf2xGo1e37nuqLk0jsT2LiK8aKxXKPJyQx80ctpgthXna0vnUguGe_wMa7oG3NfH_mn8QdBu2oJq7vT6rQ1QGJAQAA:40
[  658614ms] [LOG] conteudoNovo Cashback @ https://d1hjvew1n9ss7u.cloudfront.net/asset.axd?id=iQEAAB-LCAAAAAAAAAOtkE0PATEQhv-KzHnp-qi1FQdxEyfcxKHaQYWtdKYiEX67WnF04vh-PZPMDQyDAsYri4O-aDLBnXnYMHsdCHkUedscQAZVKs19ZMyTcKC2-kiYgT0n_yEW9YpShKA4xJRcUtDvlh0py0GR523Zk52iSA3zaRjrLKhuX7byJDYf2xGo1e37nuqLk0jsT2LiK8aKxXKPJyQx80ctpgthXna0vnUguGe_wMa7oG3NfH_mn8QdBu2oJq7vT6rQ1QGJAQAA:40
[  658620ms] [WARNING] !! Há erros de scripts de terceiros !!
Por favor, contate a Empresa responsável pelo script.  @ https://d1hjvew1n9ss7u.cloudfront.net/assets/shjs.js?t=639255987001545277:0
[  660489ms] Uncaught Error: You must pass a string or Handlebars AST to Handlebars.compile. You passed null
    at e.compile (https://d1hjvew1n9ss7u.cloudfront.net/asset.axd?id=iQEAAB-LCAAAAAAAAAOtkE0PATEQhv-KzHnp-qi1FQdxEyfcxKHaQYWtdKYiEX67WnF04vh-PZPMDQyDAsYri4O-aDLBnXnYMHsdCHkUedscQAZVKs19ZMyTcKC2-kiYgT0n_yEW9YpShKA4xJRcUtDvlh0py0GR523Zk52iSA3zaRjrLKhuX7byJDYf2xGo1e37nuqLk0jsT2LiK8aKxXKPJyQx80ctpgthXna0vnUguGe_wMa7oG3NfH_mn8QdBu2oJq7vT6rQ1QGJAQAA:1843:49302)
    at i.compile (https://d1hjvew1n9ss7u.cloudfront.net/asset.axd?id=iQEAAB-LCAAAAAAAAAOtkE0PATEQhv-KzHnp-qi1FQdxEyfcxKHaQYWtdKYiEX67WnF04vh-PZPMDQyDAsYri4O-aDLBnXnYMHsdCHkUedscQAZVKs19ZMyTcKC2-kiYgT0n_yEW9YpShKA4xJRcUtDvlh0py0GR523Zk52iSA3zaRjrLKhuX7byJDYf2xGo1e37nuqLk0jsT2LiK8aKxXKPJyQx80ctpgthXna0vnUguGe_wMa7oG3NfH_mn8QdBu2oJq7vT6rQ1QGJAQAA:1843:343)
    at renderBasket (https://d1hjvew1n9ss7u.cloudfront.net/asset.axd?id=iQEAAB-LCAAAAAAAAAOtkE0PATEQhv-KzHnp-qi1FQdxEyfcxKHaQYWtdKYiEX67WnF04vh-PZPMDQyDAsYri4O-aDLBnXnYMHsdCHkUedscQAZVKs19ZMyTcKC2-kiYgT0n_yEW9YpShKA4xJRcUtDvlh0py0GR523Zk52iSA3zaRjrLKhuX7byJDYf2xGo1e37nuqLk0jsT2LiK8aKxXKPJyQx80ctpgthXna0vnUguGe_wMa7oG3NfH_mn8QdBu2oJq7vT6rQ1QGJAQAA:78:27)
    at <anonymous> (https://d1hjvew1n9ss7u.cloudfront.net/asset.axd?id=iQEAAB-LCAAAAAAAAAOtkE0PATEQhv-KzHnp-qi1FQdxEyfcxKHaQYWtdKYiEX67WnF04vh-PZPMDQyDAsYri4O-aDLBnXnYMHsdCHkUedscQAZVKs19ZMyTcKC2-kiYgT0n_yEW9YpShKA4xJRcUtDvlh0py0GR523Zk52iSA3zaRjrLKhuX7byJDYf2xGo1e37nuqLk0jsT2LiK8aKxXKPJyQx80ctpgthXna0vnUguGe_wMa7oG3NfH_mn8QdBu2oJq7vT6rQ1QGJAQAA:269:1)
    at f (https://d1hjvew1n9ss7u.cloudfront.net/assets/shjs.js?t=639255987001545277:0:10382)
    at fireWith (https://d1hjvew1n9ss7u.cloudfront.net/assets/shjs.js?t=639255987001545277:0:11137)
    at ready (https://d1hjvew1n9ss7u.cloudfront.net/assets/shjs.js?t=639255987001545277:0:5238)
    at r (https://d1hjvew1n9ss7u.cloudfront.net/assets/shjs.js?t=639255987001545277:0:9748)
[  658680ms] [VERBOSE] [DOM] Input elements should have autocomplete attributes (suggested: "current-password"): (More info: https://goo.gl/9p2vKq) %o @ https://www.lolacosmetics.com.br/conteudo/ajuda/trocas-e-devolucoes:0
[  658680ms] [VERBOSE] [DOM] Input elements should have autocomplete attributes (suggested: "current-password"): (More info: https://goo.gl/9p2vKq) %o @ https://www.lolacosmetics.com.br/conteudo/ajuda/trocas-e-devolucoes:0
[  658712ms] [ERROR] Failed to load resource: net::ERR_NAME_NOT_RESOLVED @ https://event.getblue.io/js/blue-tag.min.js:0
[  658729ms] [LOG] AffiseStorage availability: {cookie: true, localStorage: true, sessionStorage: true} @ https://rankmediabrasil.g2afse.com/websdk.js:0
[  658732ms] [LOG] Status RNK Media - ClickId: null UTM: null @ :3
[  659663ms] [WARNING] [Meta Pixel] - Invalid parameter format for currency. Please refer https://developers.facebook.com/docs/meta-pixel/reference/ for valid parameter specifications. @ https://connect.facebook.net/en_US/fbevents.js:203
[  660567ms] Uncaught TypeError: Cannot read properties of undefined (reading 'replace')
    at validaFreteGratis (https://d1hjvew1n9ss7u.cloudfront.net/asset.axd?id=iQEAAB-LCAAAAAAAAAOtkE0PATEQhv-KzHnp-qi1FQdxEyfcxKHaQYWtdKYiEX67WnF04vh-PZPMDQyDAsYri4O-aDLBnXnYMHsdCHkUedscQAZVKs19ZMyTcKC2-kiYgT0n_yEW9YpShKA4xJRcUtDvlh0py0GR523Zk52iSA3zaRjrLKhuX7byJDYf2xGo1e37nuqLk0jsT2LiK8aKxXKPJyQx80ctpgthXna0vnUguGe_wMa7oG3NfH_mn8QdBu2oJq7vT6rQ1QGJAQAA:50:7633)
    at <anonymous> (https://d1hjvew1n9ss7u.cloudfront.net/asset.axd?id=iQEAAB-LCAAAAAAAAAOtkE0PATEQhv-KzHnp-qi1FQdxEyfcxKHaQYWtdKYiEX67WnF04vh-PZPMDQyDAsYri4O-aDLBnXnYMHsdCHkUedscQAZVKs19ZMyTcKC2-kiYgT0n_yEW9YpShKA4xJRcUtDvlh0py0GR523Zk52iSA3zaRjrLKhuX7byJDYf2xGo1e37nuqLk0jsT2LiK8aKxXKPJyQx80ctpgthXna0vnUguGe_wMa7oG3NfH_mn8QdBu2oJq7vT6rQ1QGJAQAA:50:49808)
    at dispatch (https://d1hjvew1n9ss7u.cloudfront.net/assets/shjs.js?t=639255987001545277:0:32701)
    at a (https://d1hjvew1n9ss7u.cloudfront.net/assets/shjs.js?t=639255987001545277:0:28480)
[  660303ms] [LOG] Banner não encontrado: banner-232 @ https://d1hjvew1n9ss7u.cloudfront.net/asset.axd?id=iQEAAB-LCAAAAAAAAAOtkE0PATEQhv-KzHnp-qi1FQdxEyfcxKHaQYWtdKYiEX67WnF04vh-PZPMDQyDAsYri4O-aDLBnXnYMHsdCHkUedscQAZVKs19ZMyTcKC2-kiYgT0n_yEW9YpShKA4xJRcUtDvlh0py0GR523Zk52iSA3zaRjrLKhuX7byJDYf2xGo1e37nuqLk0jsT2LiK8aKxXKPJyQx80ctpgthXna0vnUguGe_wMa7oG3NfH_mn8QdBu2oJq7vT6rQ1QGJAQAA:803
[  660318ms] [LOG] %c Widde Video Commerce %c v24604ee %c Build: 21/09/2026 20:39 %c border: 1px solid #2567f8; background: #2567f8; color: #fff; font-weight: bold; padding: 4px 8px; border-radius: 3px 0 0 0; border: 1px solid #2567f8; border-left: none; background: #FFF; color: #2567f8; font-weight: bold; padding: 4px 8px; border: 1px solid #2567f8; border-left: none; background: #f0f0f0; color: #333; font-weight: bold; padding: 4px 8px; border-radius: 0 3px 3px 0; background: transparent @ https://cdn.widde.io/assets/main.utzwjalemu.js:0
[  660361ms] [LOG] %c Tryon Widde.io %c %s %c border: 1px solid #2567f8; background: #2567f8; color: #fff; font-weight: bold; padding: 4px 8px; border-radius: 3px 0 0 3px; border: 1px solid #2567f8; background: #FFF; color: #2567f8; font-weight: bold; padding: 4px 8px; border-radius: 0 3px 3px 0; 47bf7c2 background: transparent @ https://cdn-tryon.widde.io/widde-tryon.js:86
[  660387ms] [LOG] [tryon-tracker] initialized {domain: www.lolacosmetics.com.br} @ https://cdn-tryon.widde.io/widde-tryon.js:8
[  667333ms] [WARNING] Error with Feature-Policy header: Some features are specified in both Feature-Policy and Permissions-Policy header: payment, fullscreen, microphone, camera. Values defined in Permissions-Policy header will be used. @ :0
[  667639ms] [ERROR] Failed to load resource: the server responded with a status of 500 () @ https://fonts.cdnfonts.com/css/leelawade:0
[  667908ms] [ERROR] Failed to load resource: the server responded with a status of 404 () @ https://lolacosmetics.admin.linxcommerce.com.br/Custom/Content/Themes/Lola/Styles/Fonts/FontAwesome/all.css:0
[  668008ms] [LOG] Banner não encontrado: banner-232 @ https://d1hjvew1n9ss7u.cloudfront.net/asset.axd?id=iQEAAB-LCAAAAAAAAAOtkE0PATEQhv-KzHnp-qi1FQdxEyfcxKHaQYWtdKYiEX67WnF04vh-PZPMDQyDAsYri4O-aDLBnXnYMHsdCHkUedscQAZVKs19ZMyTcKC2-kiYgT0n_yEW9YpShKA4xJRcUtDvlh0py0GR523Zk52iSA3zaRjrLKhuX7byJDYf2xGo1e37nuqLk0jsT2LiK8aKxXKPJyQx80ctpgthXna0vnUguGe_wMa7oG3NfH_mn8QdBu2oJq7vT6rQ1QGJAQAA:803
[  668010ms] [LOG] [Debug Carrinho] Polling ativo @ https://d1hjvew1n9ss7u.cloudfront.net/asset.axd?id=iQEAAB-LCAAAAAAAAAOtkE0PATEQhv-KzHnp-qi1FQdxEyfcxKHaQYWtdKYiEX67WnF04vh-PZPMDQyDAsYri4O-aDLBnXnYMHsdCHkUedscQAZVKs19ZMyTcKC2-kiYgT0n_yEW9YpShKA4xJRcUtDvlh0py0GR523Zk52iSA3zaRjrLKhuX7byJDYf2xGo1e37nuqLk0jsT2LiK8aKxXKPJyQx80ctpgthXna0vnUguGe_wMa7oG3NfH_mn8QdBu2oJq7vT6rQ1QGJAQAA:1839
[  668050ms] [LOG] teste @ https://d1hjvew1n9ss7u.cloudfront.net/asset.axd?id=iQEAAB-LCAAAAAAAAAOtkE0PATEQhv-KzHnp-qi1FQdxEyfcxKHaQYWtdKYiEX67WnF04vh-PZPMDQyDAsYri4O-aDLBnXnYMHsdCHkUedscQAZVKs19ZMyTcKC2-kiYgT0n_yEW9YpShKA4xJRcUtDvlh0py0GR523Zk52iSA3zaRjrLKhuX7byJDYf2xGo1e37nuqLk0jsT2LiK8aKxXKPJyQx80ctpgthXna0vnUguGe_wMa7oG3NfH_mn8QdBu2oJq7vT6rQ1QGJAQAA:3
[  668050ms] [LOG] conteudo Sobre @ https://d1hjvew1n9ss7u.cloudfront.net/asset.axd?id=iQEAAB-LCAAAAAAAAAOtkE0PATEQhv-KzHnp-qi1FQdxEyfcxKHaQYWtdKYiEX67WnF04vh-PZPMDQyDAsYri4O-aDLBnXnYMHsdCHkUedscQAZVKs19ZMyTcKC2-kiYgT0n_yEW9YpShKA4xJRcUtDvlh0py0GR523Zk52iSA3zaRjrLKhuX7byJDYf2xGo1e37nuqLk0jsT2LiK8aKxXKPJyQx80ctpgthXna0vnUguGe_wMa7oG3NfH_mn8QdBu2oJq7vT6rQ1QGJAQAA:36
[  668050ms] [LOG] conteudoNovo Quem somos @ https://d1hjvew1n9ss7u.cloudfront.net/asset.axd?id=iQEAAB-LCAAAAAAAAAOtkE0PATEQhv-KzHnp-qi1FQdxEyfcxKHaQYWtdKYiEX67WnF04vh-PZPMDQyDAsYri4O-aDLBnXnYMHsdCHkUedscQAZVKs19ZMyTcKC2-kiYgT0n_yEW9YpShKA4xJRcUtDvlh0py0GR523Zk52iSA3zaRjrLKhuX7byJDYf2xGo1e37nuqLk0jsT2LiK8aKxXKPJyQx80ctpgthXna0vnUguGe_wMa7oG3NfH_mn8QdBu2oJq7vT6rQ1QGJAQAA:40
[  668050ms] [LOG] conteudoNovo Este site é seguro? @ https://d1hjvew1n9ss7u.cloudfront.net/asset.axd?id=iQEAAB-LCAAAAAAAAAOtkE0PATEQhv-KzHnp-qi1FQdxEyfcxKHaQYWtdKYiEX67WnF04vh-PZPMDQyDAsYri4O-aDLBnXnYMHsdCHkUedscQAZVKs19ZMyTcKC2-kiYgT0n_yEW9YpShKA4xJRcUtDvlh0py0GR523Zk52iSA3zaRjrLKhuX7byJDYf2xGo1e37nuqLk0jsT2LiK8aKxXKPJyQx80ctpgthXna0vnUguGe_wMa7oG3NfH_mn8QdBu2oJq7vT6rQ1QGJAQAA:40
[  668050ms] [LOG] conteudoNovo Política de Cookies @ https://d1hjvew1n9ss7u.cloudfront.net/asset.axd?id=iQEAAB-LCAAAAAAAAAOtkE0PATEQhv-KzHnp-qi1FQdxEyfcxKHaQYWtdKYiEX67WnF04vh-PZPMDQyDAsYri4O-aDLBnXnYMHsdCHkUedscQAZVKs19ZMyTcKC2-kiYgT0n_yEW9YpShKA4xJRcUtDvlh0py0GR523Zk52iSA3zaRjrLKhuX7byJDYf2xGo1e37nuqLk0jsT2LiK8aKxXKPJyQx80ctpgthXna0vnUguGe_wMa7oG3NfH_mn8QdBu2oJq7vT6rQ1QGJAQAA:40
[  668050ms] [LOG] conteudoNovo Política de Privacidade @ https://d1hjvew1n9ss7u.cloudfront.net/asset.axd?id=iQEAAB-LCAAAAAAAAAOtkE0PATEQhv-KzHnp-qi1FQdxEyfcxKHaQYWtdKYiEX67WnF04vh-PZPMDQyDAsYri4O-aDLBnXnYMHsdCHkUedscQAZVKs19ZMyTcKC2-kiYgT0n_yEW9YpShKA4xJRcUtDvlh0py0GR523Zk52iSA3zaRjrLKhuX7byJDYf2xGo1e37nuqLk0jsT2LiK8aKxXKPJyQx80ctpgthXna0vnUguGe_wMa7oG3NfH_mn8QdBu2oJq7vT6rQ1QGJAQAA:40
[  668050ms] [LOG] conteudoNovo Nossa lojas @ https://d1hjvew1n9ss7u.cloudfront.net/asset.axd?id=iQEAAB-LCAAAAAAAAAOtkE0PATEQhv-KzHnp-qi1FQdxEyfcxKHaQYWtdKYiEX67WnF04vh-PZPMDQyDAsYri4O-aDLBnXnYMHsdCHkUedscQAZVKs19ZMyTcKC2-kiYgT0n_yEW9YpShKA4xJRcUtDvlh0py0GR523Zk52iSA3zaRjrLKhuX7byJDYf2xGo1e37nuqLk0jsT2LiK8aKxXKPJyQx80ctpgthXna0vnUguGe_wMa7oG3NfH_mn8QdBu2oJq7vT6rQ1QGJAQAA:40
[  668050ms] [LOG] conteudoNovo Trabalhe Conosco @ https://d1hjvew1n9ss7u.cloudfront.net/asset.axd?id=iQEAAB-LCAAAAAAAAAOtkE0PATEQhv-KzHnp-qi1FQdxEyfcxKHaQYWtdKYiEX67WnF04vh-PZPMDQyDAsYri4O-aDLBnXnYMHsdCHkUedscQAZVKs19ZMyTcKC2-kiYgT0n_yEW9YpShKA4xJRcUtDvlh0py0GR523Zk52iSA3zaRjrLKhuX7byJDYf2xGo1e37nuqLk0jsT2LiK8aKxXKPJyQx80ctpgthXna0vnUguGe_wMa7oG3NfH_mn8QdBu2oJq7vT6rQ1QGJAQAA:40
[  668050ms] [LOG] conteudoNovo Lola Lab @ https://d1hjvew1n9ss7u.cloudfront.net/asset.axd?id=iQEAAB-LCAAAAAAAAAOtkE0PATEQhv-KzHnp-qi1FQdxEyfcxKHaQYWtdKYiEX67WnF04vh-PZPMDQyDAsYri4O-aDLBnXnYMHsdCHkUedscQAZVKs19ZMyTcKC2-kiYgT0n_yEW9YpShKA4xJRcUtDvlh0py0GR523Zk52iSA3zaRjrLKhuX7byJDYf2xGo1e37nuqLk0jsT2LiK8aKxXKPJyQx80ctpgthXna0vnUguGe_wMa7oG3NfH_mn8QdBu2oJq7vT6rQ1QGJAQAA:40
[  668050ms] [LOG] conteudoNovo Revenda @ https://d1hjvew1n9ss7u.cloudfront.net/asset.axd?id=iQEAAB-LCAAAAAAAAAOtkE0PATEQhv-KzHnp-qi1FQdxEyfcxKHaQYWtdKYiEX67WnF04vh-PZPMDQyDAsYri4O-aDLBnXnYMHsdCHkUedscQAZVKs19ZMyTcKC2-kiYgT0n_yEW9YpShKA4xJRcUtDvlh0py0GR523Zk52iSA3zaRjrLKhuX7byJDYf2xGo1e37nuqLk0jsT2LiK8aKxXKPJyQx80ctpgthXna0vnUguGe_wMa7oG3NfH_mn8QdBu2oJq7vT6rQ1QGJAQAA:40
[  668050ms] [LOG] conteudoNovo Afiliados @ https://d1hjvew1n9ss7u.cloudfront.net/asset.axd?id=iQEAAB-LCAAAAAAAAAOtkE0PATEQhv-KzHnp-qi1FQdxEyfcxKHaQYWtdKYiEX67WnF04vh-PZPMDQyDAsYri4O-aDLBnXnYMHsdCHkUedscQAZVKs19ZMyTcKC2-kiYgT0n_yEW9YpShKA4xJRcUtDvlh0py0GR523Zk52iSA3zaRjrLKhuX7byJDYf2xGo1e37nuqLk0jsT2LiK8aKxXKPJyQx80ctpgthXna0vnUguGe_wMa7oG3NfH_mn8QdBu2oJq7vT6rQ1QGJAQAA:40
[  668050ms] [LOG] conteudoNovo Prazos de atendimento @ https://d1hjvew1n9ss7u.cloudfront.net/asset.axd?id=iQEAAB-LCAAAAAAAAAOtkE0PATEQhv-KzHnp-qi1FQdxEyfcxKHaQYWtdKYiEX67WnF04vh-PZPMDQyDAsYri4O-aDLBnXnYMHsdCHkUedscQAZVKs19ZMyTcKC2-kiYgT0n_yEW9YpShKA4xJRcUtDvlh0py0GR523Zk52iSA3zaRjrLKhuX7byJDYf2xGo1e37nuqLk0jsT2LiK8aKxXKPJyQx80ctpgthXna0vnUguGe_wMa7oG3NfH_mn8QdBu2oJq7vT6rQ1QGJAQAA:40
[  668051ms] [LOG] conteudoNovo Entrega e envios @ https://d1hjvew1n9ss7u.cloudfront.net/asset.axd?id=iQEAAB-LCAAAAAAAAAOtkE0PATEQhv-KzHnp-qi1FQdxEyfcxKHaQYWtdKYiEX67WnF04vh-PZPMDQyDAsYri4O-aDLBnXnYMHsdCHkUedscQAZVKs19ZMyTcKC2-kiYgT0n_yEW9YpShKA4xJRcUtDvlh0py0GR523Zk52iSA3zaRjrLKhuX7byJDYf2xGo1e37nuqLk0jsT2LiK8aKxXKPJyQx80ctpgthXna0vnUguGe_wMa7oG3NfH_mn8QdBu2oJq7vT6rQ1QGJAQAA:40
[  668051ms] [LOG] conteudoNovo Pagamento @ https://d1hjvew1n9ss7u.cloudfront.net/asset.axd?id=iQEAAB-LCAAAAAAAAAOtkE0PATEQhv-KzHnp-qi1FQdxEyfcxKHaQYWtdKYiEX67WnF04vh-PZPMDQyDAsYri4O-aDLBnXnYMHsdCHkUedscQAZVKs19ZMyTcKC2-kiYgT0n_yEW9YpShKA4xJRcUtDvlh0py0GR523Zk52iSA3zaRjrLKhuX7byJDYf2xGo1e37nuqLk0jsT2LiK8aKxXKPJyQx80ctpgthXna0vnUguGe_wMa7oG3NfH_mn8QdBu2oJq7vT6rQ1QGJAQAA:40
[  668051ms] [LOG] conteudoNovo Trocas e devoluções @ https://d1hjvew1n9ss7u.cloudfront.net/asset.axd?id=iQEAAB-LCAAAAAAAAAOtkE0PATEQhv-KzHnp-qi1FQdxEyfcxKHaQYWtdKYiEX67WnF04vh-PZPMDQyDAsYri4O-aDLBnXnYMHsdCHkUedscQAZVKs19ZMyTcKC2-kiYgT0n_yEW9YpShKA4xJRcUtDvlh0py0GR523Zk52iSA3zaRjrLKhuX7byJDYf2xGo1e37nuqLk0jsT2LiK8aKxXKPJyQx80ctpgthXna0vnUguGe_wMa7oG3NfH_mn8QdBu2oJq7vT6rQ1QGJAQAA:40
[  668051ms] [LOG] conteudoNovo Perguntas Frequentes @ https://d1hjvew1n9ss7u.cloudfront.net/asset.axd?id=iQEAAB-LCAAAAAAAAAOtkE0PATEQhv-KzHnp-qi1FQdxEyfcxKHaQYWtdKYiEX67WnF04vh-PZPMDQyDAsYri4O-aDLBnXnYMHsdCHkUedscQAZVKs19ZMyTcKC2-kiYgT0n_yEW9YpShKA4xJRcUtDvlh0py0GR523Zk52iSA3zaRjrLKhuX7byJDYf2xGo1e37nuqLk0jsT2LiK8aKxXKPJyQx80ctpgthXna0vnUguGe_wMa7oG3NfH_mn8QdBu2oJq7vT6rQ1QGJAQAA:40
[  668051ms] [LOG] conteudoNovo Como rastrear pedidos @ https://d1hjvew1n9ss7u.cloudfront.net/asset.axd?id=iQEAAB-LCAAAAAAAAAOtkE0PATEQhv-KzHnp-qi1FQdxEyfcxKHaQYWtdKYiEX67WnF04vh-PZPMDQyDAsYri4O-aDLBnXnYMHsdCHkUedscQAZVKs19ZMyTcKC2-kiYgT0n_yEW9YpShKA4xJRcUtDvlh0py0GR523Zk52iSA3zaRjrLKhuX7byJDYf2xGo1e37nuqLk0jsT2LiK8aKxXKPJyQx80ctpgthXna0vnUguGe_wMa7oG3NfH_mn8QdBu2oJq7vT6rQ1QGJAQAA:40
[  668051ms] [LOG] conteudoNovo Regulamento Promocional @ https://d1hjvew1n9ss7u.cloudfront.net/asset.axd?id=iQEAAB-LCAAAAAAAAAOtkE0PATEQhv-KzHnp-qi1FQdxEyfcxKHaQYWtdKYiEX67WnF04vh-PZPMDQyDAsYri4O-aDLBnXnYMHsdCHkUedscQAZVKs19ZMyTcKC2-kiYgT0n_yEW9YpShKA4xJRcUtDvlh0py0GR523Zk52iSA3zaRjrLKhuX7byJDYf2xGo1e37nuqLk0jsT2LiK8aKxXKPJyQx80ctpgthXna0vnUguGe_wMa7oG3NfH_mn8QdBu2oJq7vT6rQ1QGJAQAA:40
[  668051ms] [LOG] conteudoNovo Cashback @ https://d1hjvew1n9ss7u.cloudfront.net/asset.axd?id=iQEAAB-LCAAAAAAAAAOtkE0PATEQhv-KzHnp-qi1FQdxEyfcxKHaQYWtdKYiEX67WnF04vh-PZPMDQyDAsYri4O-aDLBnXnYMHsdCHkUedscQAZVKs19ZMyTcKC2-kiYgT0n_yEW9YpShKA4xJRcUtDvlh0py0GR523Zk52iSA3zaRjrLKhuX7byJDYf2xGo1e37nuqLk0jsT2LiK8aKxXKPJyQx80ctpgthXna0vnUguGe_wMa7oG3NfH_mn8QdBu2oJq7vT6rQ1QGJAQAA:40
[  668052ms] [WARNING] !! Há erros de scripts de terceiros !!
Por favor, contate a Empresa responsável pelo script.  @ https://d1hjvew1n9ss7u.cloudfront.net/assets/shjs.js?t=639255987001545277:0
[  668060ms] Uncaught Error: You must pass a string or Handlebars AST to Handlebars.compile. You passed null
    at e.compile (https://d1hjvew1n9ss7u.cloudfront.net/asset.axd?id=iQEAAB-LCAAAAAAAAAOtkE0PATEQhv-KzHnp-qi1FQdxEyfcxKHaQYWtdKYiEX67WnF04vh-PZPMDQyDAsYri4O-aDLBnXnYMHsdCHkUedscQAZVKs19ZMyTcKC2-kiYgT0n_yEW9YpShKA4xJRcUtDvlh0py0GR523Zk52iSA3zaRjrLKhuX7byJDYf2xGo1e37nuqLk0jsT2LiK8aKxXKPJyQx80ctpgthXna0vnUguGe_wMa7oG3NfH_mn8QdBu2oJq7vT6rQ1QGJAQAA:1843:49302)
    at i.compile (https://d1hjvew1n9ss7u.cloudfront.net/asset.axd?id=iQEAAB-LCAAAAAAAAAOtkE0PATEQhv-KzHnp-qi1FQdxEyfcxKHaQYWtdKYiEX67WnF04vh-PZPMDQyDAsYri4O-aDLBnXnYMHsdCHkUedscQAZVKs19ZMyTcKC2-kiYgT0n_yEW9YpShKA4xJRcUtDvlh0py0GR523Zk52iSA3zaRjrLKhuX7byJDYf2xGo1e37nuqLk0jsT2LiK8aKxXKPJyQx80ctpgthXna0vnUguGe_wMa7oG3NfH_mn8QdBu2oJq7vT6rQ1QGJAQAA:1843:343)
    at renderBasket (https://d1hjvew1n9ss7u.cloudfront.net/asset.axd?id=iQEAAB-LCAAAAAAAAAOtkE0PATEQhv-KzHnp-qi1FQdxEyfcxKHaQYWtdKYiEX67WnF04vh-PZPMDQyDAsYri4O-aDLBnXnYMHsdCHkUedscQAZVKs19ZMyTcKC2-kiYgT0n_yEW9YpShKA4xJRcUtDvlh0py0GR523Zk52iSA3zaRjrLKhuX7byJDYf2xGo1e37nuqLk0jsT2LiK8aKxXKPJyQx80ctpgthXna0vnUguGe_wMa7oG3NfH_mn8QdBu2oJq7vT6rQ1QGJAQAA:78:27)
    at <anonymous> (https://d1hjvew1n9ss7u.cloudfront.net/asset.axd?id=iQEAAB-LCAAAAAAAAAOtkE0PATEQhv-KzHnp-qi1FQdxEyfcxKHaQYWtdKYiEX67WnF04vh-PZPMDQyDAsYri4O-aDLBnXnYMHsdCHkUedscQAZVKs19ZMyTcKC2-kiYgT0n_yEW9YpShKA4xJRcUtDvlh0py0GR523Zk52iSA3zaRjrLKhuX7byJDYf2xGo1e37nuqLk0jsT2LiK8aKxXKPJyQx80ctpgthXna0vnUguGe_wMa7oG3NfH_mn8QdBu2oJq7vT6rQ1QGJAQAA:269:1)
    at f (https://d1hjvew1n9ss7u.cloudfront.net/assets/shjs.js?t=639255987001545277:0:10382)
    at fireWith (https://d1hjvew1n9ss7u.cloudfront.net/assets/shjs.js?t=639255987001545277:0:11137)
    at ready (https://d1hjvew1n9ss7u.cloudfront.net/assets/shjs.js?t=639255987001545277:0:5238)
    at r (https://d1hjvew1n9ss7u.cloudfront.net/assets/shjs.js?t=639255987001545277:0:9748)
[  668062ms] [VERBOSE] [DOM] Input elements should have autocomplete attributes (suggested: "current-password"): (More info: https://goo.gl/9p2vKq) %o @ https://www.lolacosmetics.com.br/conteudo/sobre:0
[  668062ms] [VERBOSE] [DOM] Input elements should have autocomplete attributes (suggested: "current-password"): (More info: https://goo.gl/9p2vKq) %o @ https://www.lolacosmetics.com.br/conteudo/sobre:0
[  668078ms] [ERROR] Failed to load resource: net::ERR_NAME_NOT_RESOLVED @ https://event.getblue.io/js/blue-tag.min.js:0
[  668471ms] [LOG] AffiseStorage availability: {cookie: true, localStorage: true, sessionStorage: true} @ https://rankmediabrasil.g2afse.com/websdk.js:0
[  668472ms] [LOG] Status RNK Media - ClickId: null UTM: null @ :3
[  669057ms] Uncaught TypeError: Cannot read properties of undefined (reading 'replace')
    at validaFreteGratis (https://d1hjvew1n9ss7u.cloudfront.net/asset.axd?id=iQEAAB-LCAAAAAAAAAOtkE0PATEQhv-KzHnp-qi1FQdxEyfcxKHaQYWtdKYiEX67WnF04vh-PZPMDQyDAsYri4O-aDLBnXnYMHsdCHkUedscQAZVKs19ZMyTcKC2-kiYgT0n_yEW9YpShKA4xJRcUtDvlh0py0GR523Zk52iSA3zaRjrLKhuX7byJDYf2xGo1e37nuqLk0jsT2LiK8aKxXKPJyQx80ctpgthXna0vnUguGe_wMa7oG3NfH_mn8QdBu2oJq7vT6rQ1QGJAQAA:50:7633)
    at <anonymous> (https://d1hjvew1n9ss7u.cloudfront.net/asset.axd?id=iQEAAB-LCAAAAAAAAAOtkE0PATEQhv-KzHnp-qi1FQdxEyfcxKHaQYWtdKYiEX67WnF04vh-PZPMDQyDAsYri4O-aDLBnXnYMHsdCHkUedscQAZVKs19ZMyTcKC2-kiYgT0n_yEW9YpShKA4xJRcUtDvlh0py0GR523Zk52iSA3zaRjrLKhuX7byJDYf2xGo1e37nuqLk0jsT2LiK8aKxXKPJyQx80ctpgthXna0vnUguGe_wMa7oG3NfH_mn8QdBu2oJq7vT6rQ1QGJAQAA:50:49808)
    at dispatch (https://d1hjvew1n9ss7u.cloudfront.net/assets/shjs.js?t=639255987001545277:0:32701)
    at a (https://d1hjvew1n9ss7u.cloudfront.net/assets/shjs.js?t=639255987001545277:0:28480)
[  669030ms] [LOG] Banner não encontrado: banner-232 @ https://d1hjvew1n9ss7u.cloudfront.net/asset.axd?id=iQEAAB-LCAAAAAAAAAOtkE0PATEQhv-KzHnp-qi1FQdxEyfcxKHaQYWtdKYiEX67WnF04vh-PZPMDQyDAsYri4O-aDLBnXnYMHsdCHkUedscQAZVKs19ZMyTcKC2-kiYgT0n_yEW9YpShKA4xJRcUtDvlh0py0GR523Zk52iSA3zaRjrLKhuX7byJDYf2xGo1e37nuqLk0jsT2LiK8aKxXKPJyQx80ctpgthXna0vnUguGe_wMa7oG3NfH_mn8QdBu2oJq7vT6rQ1QGJAQAA:803
[  669089ms] [LOG] %c Widde Video Commerce %c v24604ee %c Build: 21/09/2026 20:39 %c border: 1px solid #2567f8; background: #2567f8; color: #fff; font-weight: bold; padding: 4px 8px; border-radius: 3px 0 0 0; border: 1px solid #2567f8; border-left: none; background: #FFF; color: #2567f8; font-weight: bold; padding: 4px 8px; border: 1px solid #2567f8; border-left: none; background: #f0f0f0; color: #333; font-weight: bold; padding: 4px 8px; border-radius: 0 3px 3px 0; background: transparent @ https://cdn.widde.io/assets/main.utzwjalemu.js:0
[  669171ms] [LOG] %c Tryon Widde.io %c %s %c border: 1px solid #2567f8; background: #2567f8; color: #fff; font-weight: bold; padding: 4px 8px; border-radius: 3px 0 0 3px; border: 1px solid #2567f8; background: #FFF; color: #2567f8; font-weight: bold; padding: 4px 8px; border-radius: 0 3px 3px 0; 47bf7c2 background: transparent @ https://cdn-tryon.widde.io/widde-tryon.js:86
[  669193ms] [LOG] [tryon-tracker] initialized {domain: www.lolacosmetics.com.br} @ https://cdn-tryon.widde.io/widde-tryon.js:8
[  675032ms] [WARNING] Error with Feature-Policy header: Some features are specified in both Feature-Policy and Permissions-Policy header: payment, fullscreen, microphone, camera. Values defined in Permissions-Policy header will be used. @ :0
[  675342ms] [ERROR] Failed to load resource: the server responded with a status of 500 () @ https://fonts.cdnfonts.com/css/leelawade:0
[  675716ms] [ERROR] Failed to load resource: the server responded with a status of 404 () @ https://lolacosmetics.admin.linxcommerce.com.br/Custom/Content/Themes/Lola/Styles/Fonts/FontAwesome/all.css:0
[  675799ms] [LOG] Banner não encontrado: banner-232 @ https://d1hjvew1n9ss7u.cloudfront.net/asset.axd?id=iQEAAB-LCAAAAAAAAAOtkE0PATEQhv-KzHnp-qi1FQdxEyfcxKHaQYWtdKYiEX67WnF04vh-PZPMDQyDAsYri4O-aDLBnXnYMHsdCHkUedscQAZVKs19ZMyTcKC2-kiYgT0n_yEW9YpShKA4xJRcUtDvlh0py0GR523Zk52iSA3zaRjrLKhuX7byJDYf2xGo1e37nuqLk0jsT2LiK8aKxXKPJyQx80ctpgthXna0vnUguGe_wMa7oG3NfH_mn8QdBu2oJq7vT6rQ1QGJAQAA:803
[  675800ms] [LOG] [Debug Carrinho] Polling ativo @ https://d1hjvew1n9ss7u.cloudfront.net/asset.axd?id=iQEAAB-LCAAAAAAAAAOtkE0PATEQhv-KzHnp-qi1FQdxEyfcxKHaQYWtdKYiEX67WnF04vh-PZPMDQyDAsYri4O-aDLBnXnYMHsdCHkUedscQAZVKs19ZMyTcKC2-kiYgT0n_yEW9YpShKA4xJRcUtDvlh0py0GR523Zk52iSA3zaRjrLKhuX7byJDYf2xGo1e37nuqLk0jsT2LiK8aKxXKPJyQx80ctpgthXna0vnUguGe_wMa7oG3NfH_mn8QdBu2oJq7vT6rQ1QGJAQAA:1839
[  675829ms] [LOG] teste @ https://d1hjvew1n9ss7u.cloudfront.net/asset.axd?id=iQEAAB-LCAAAAAAAAAOtkE0PATEQhv-KzHnp-qi1FQdxEyfcxKHaQYWtdKYiEX67WnF04vh-PZPMDQyDAsYri4O-aDLBnXnYMHsdCHkUedscQAZVKs19ZMyTcKC2-kiYgT0n_yEW9YpShKA4xJRcUtDvlh0py0GR523Zk52iSA3zaRjrLKhuX7byJDYf2xGo1e37nuqLk0jsT2LiK8aKxXKPJyQx80ctpgthXna0vnUguGe_wMa7oG3NfH_mn8QdBu2oJq7vT6rQ1QGJAQAA:3
[  675830ms] [LOG] conteudo Afiliados @ https://d1hjvew1n9ss7u.cloudfront.net/asset.axd?id=iQEAAB-LCAAAAAAAAAOtkE0PATEQhv-KzHnp-qi1FQdxEyfcxKHaQYWtdKYiEX67WnF04vh-PZPMDQyDAsYri4O-aDLBnXnYMHsdCHkUedscQAZVKs19ZMyTcKC2-kiYgT0n_yEW9YpShKA4xJRcUtDvlh0py0GR523Zk52iSA3zaRjrLKhuX7byJDYf2xGo1e37nuqLk0jsT2LiK8aKxXKPJyQx80ctpgthXna0vnUguGe_wMa7oG3NfH_mn8QdBu2oJq7vT6rQ1QGJAQAA:36
[  675830ms] [LOG] conteudoNovo Quem somos @ https://d1hjvew1n9ss7u.cloudfront.net/asset.axd?id=iQEAAB-LCAAAAAAAAAOtkE0PATEQhv-KzHnp-qi1FQdxEyfcxKHaQYWtdKYiEX67WnF04vh-PZPMDQyDAsYri4O-aDLBnXnYMHsdCHkUedscQAZVKs19ZMyTcKC2-kiYgT0n_yEW9YpShKA4xJRcUtDvlh0py0GR523Zk52iSA3zaRjrLKhuX7byJDYf2xGo1e37nuqLk0jsT2LiK8aKxXKPJyQx80ctpgthXna0vnUguGe_wMa7oG3NfH_mn8QdBu2oJq7vT6rQ1QGJAQAA:40
[  675830ms] [LOG] conteudoNovo Este site é seguro? @ https://d1hjvew1n9ss7u.cloudfront.net/asset.axd?id=iQEAAB-LCAAAAAAAAAOtkE0PATEQhv-KzHnp-qi1FQdxEyfcxKHaQYWtdKYiEX67WnF04vh-PZPMDQyDAsYri4O-aDLBnXnYMHsdCHkUedscQAZVKs19ZMyTcKC2-kiYgT0n_yEW9YpShKA4xJRcUtDvlh0py0GR523Zk52iSA3zaRjrLKhuX7byJDYf2xGo1e37nuqLk0jsT2LiK8aKxXKPJyQx80ctpgthXna0vnUguGe_wMa7oG3NfH_mn8QdBu2oJq7vT6rQ1QGJAQAA:40
[  675830ms] [LOG] conteudoNovo Política de Cookies @ https://d1hjvew1n9ss7u.cloudfront.net/asset.axd?id=iQEAAB-LCAAAAAAAAAOtkE0PATEQhv-KzHnp-qi1FQdxEyfcxKHaQYWtdKYiEX67WnF04vh-PZPMDQyDAsYri4O-aDLBnXnYMHsdCHkUedscQAZVKs19ZMyTcKC2-kiYgT0n_yEW9YpShKA4xJRcUtDvlh0py0GR523Zk52iSA3zaRjrLKhuX7byJDYf2xGo1e37nuqLk0jsT2LiK8aKxXKPJyQx80ctpgthXna0vnUguGe_wMa7oG3NfH_mn8QdBu2oJq7vT6rQ1QGJAQAA:40
[  675830ms] [LOG] conteudoNovo Política de Privacidade @ https://d1hjvew1n9ss7u.cloudfront.net/asset.axd?id=iQEAAB-LCAAAAAAAAAOtkE0PATEQhv-KzHnp-qi1FQdxEyfcxKHaQYWtdKYiEX67WnF04vh-PZPMDQyDAsYri4O-aDLBnXnYMHsdCHkUedscQAZVKs19ZMyTcKC2-kiYgT0n_yEW9YpShKA4xJRcUtDvlh0py0GR523Zk52iSA3zaRjrLKhuX7byJDYf2xGo1e37nuqLk0jsT2LiK8aKxXKPJyQx80ctpgthXna0vnUguGe_wMa7oG3NfH_mn8QdBu2oJq7vT6rQ1QGJAQAA:40
[  675830ms] [LOG] conteudoNovo Nossa lojas @ https://d1hjvew1n9ss7u.cloudfront.net/asset.axd?id=iQEAAB-LCAAAAAAAAAOtkE0PATEQhv-KzHnp-qi1FQdxEyfcxKHaQYWtdKYiEX67WnF04vh-PZPMDQyDAsYri4O-aDLBnXnYMHsdCHkUedscQAZVKs19ZMyTcKC2-kiYgT0n_yEW9YpShKA4xJRcUtDvlh0py0GR523Zk52iSA3zaRjrLKhuX7byJDYf2xGo1e37nuqLk0jsT2LiK8aKxXKPJyQx80ctpgthXna0vnUguGe_wMa7oG3NfH_mn8QdBu2oJq7vT6rQ1QGJAQAA:40
[  675830ms] [LOG] conteudoNovo Trabalhe Conosco @ https://d1hjvew1n9ss7u.cloudfront.net/asset.axd?id=iQEAAB-LCAAAAAAAAAOtkE0PATEQhv-KzHnp-qi1FQdxEyfcxKHaQYWtdKYiEX67WnF04vh-PZPMDQyDAsYri4O-aDLBnXnYMHsdCHkUedscQAZVKs19ZMyTcKC2-kiYgT0n_yEW9YpShKA4xJRcUtDvlh0py0GR523Zk52iSA3zaRjrLKhuX7byJDYf2xGo1e37nuqLk0jsT2LiK8aKxXKPJyQx80ctpgthXna0vnUguGe_wMa7oG3NfH_mn8QdBu2oJq7vT6rQ1QGJAQAA:40
[  675830ms] [LOG] conteudoNovo Lola Lab @ https://d1hjvew1n9ss7u.cloudfront.net/asset.axd?id=iQEAAB-LCAAAAAAAAAOtkE0PATEQhv-KzHnp-qi1FQdxEyfcxKHaQYWtdKYiEX67WnF04vh-PZPMDQyDAsYri4O-aDLBnXnYMHsdCHkUedscQAZVKs19ZMyTcKC2-kiYgT0n_yEW9YpShKA4xJRcUtDvlh0py0GR523Zk52iSA3zaRjrLKhuX7byJDYf2xGo1e37nuqLk0jsT2LiK8aKxXKPJyQx80ctpgthXna0vnUguGe_wMa7oG3NfH_mn8QdBu2oJq7vT6rQ1QGJAQAA:40
[  675830ms] [LOG] conteudoNovo Revenda @ https://d1hjvew1n9ss7u.cloudfront.net/asset.axd?id=iQEAAB-LCAAAAAAAAAOtkE0PATEQhv-KzHnp-qi1FQdxEyfcxKHaQYWtdKYiEX67WnF04vh-PZPMDQyDAsYri4O-aDLBnXnYMHsdCHkUedscQAZVKs19ZMyTcKC2-kiYgT0n_yEW9YpShKA4xJRcUtDvlh0py0GR523Zk52iSA3zaRjrLKhuX7byJDYf2xGo1e37nuqLk0jsT2LiK8aKxXKPJyQx80ctpgthXna0vnUguGe_wMa7oG3NfH_mn8QdBu2oJq7vT6rQ1QGJAQAA:40
[  675830ms] [LOG] conteudoNovo Afiliados @ https://d1hjvew1n9ss7u.cloudfront.net/asset.axd?id=iQEAAB-LCAAAAAAAAAOtkE0PATEQhv-KzHnp-qi1FQdxEyfcxKHaQYWtdKYiEX67WnF04vh-PZPMDQyDAsYri4O-aDLBnXnYMHsdCHkUedscQAZVKs19ZMyTcKC2-kiYgT0n_yEW9YpShKA4xJRcUtDvlh0py0GR523Zk52iSA3zaRjrLKhuX7byJDYf2xGo1e37nuqLk0jsT2LiK8aKxXKPJyQx80ctpgthXna0vnUguGe_wMa7oG3NfH_mn8QdBu2oJq7vT6rQ1QGJAQAA:40
[  675830ms] [LOG] conteudoNovo Prazos de atendimento @ https://d1hjvew1n9ss7u.cloudfront.net/asset.axd?id=iQEAAB-LCAAAAAAAAAOtkE0PATEQhv-KzHnp-qi1FQdxEyfcxKHaQYWtdKYiEX67WnF04vh-PZPMDQyDAsYri4O-aDLBnXnYMHsdCHkUedscQAZVKs19ZMyTcKC2-kiYgT0n_yEW9YpShKA4xJRcUtDvlh0py0GR523Zk52iSA3zaRjrLKhuX7byJDYf2xGo1e37nuqLk0jsT2LiK8aKxXKPJyQx80ctpgthXna0vnUguGe_wMa7oG3NfH_mn8QdBu2oJq7vT6rQ1QGJAQAA:40
[  675830ms] [LOG] conteudoNovo Entrega e envios @ https://d1hjvew1n9ss7u.cloudfront.net/asset.axd?id=iQEAAB-LCAAAAAAAAAOtkE0PATEQhv-KzHnp-qi1FQdxEyfcxKHaQYWtdKYiEX67WnF04vh-PZPMDQyDAsYri4O-aDLBnXnYMHsdCHkUedscQAZVKs19ZMyTcKC2-kiYgT0n_yEW9YpShKA4xJRcUtDvlh0py0GR523Zk52iSA3zaRjrLKhuX7byJDYf2xGo1e37nuqLk0jsT2LiK8aKxXKPJyQx80ctpgthXna0vnUguGe_wMa7oG3NfH_mn8QdBu2oJq7vT6rQ1QGJAQAA:40
[  675830ms] [LOG] conteudoNovo Pagamento @ https://d1hjvew1n9ss7u.cloudfront.net/asset.axd?id=iQEAAB-LCAAAAAAAAAOtkE0PATEQhv-KzHnp-qi1FQdxEyfcxKHaQYWtdKYiEX67WnF04vh-PZPMDQyDAsYri4O-aDLBnXnYMHsdCHkUedscQAZVKs19ZMyTcKC2-kiYgT0n_yEW9YpShKA4xJRcUtDvlh0py0GR523Zk52iSA3zaRjrLKhuX7byJDYf2xGo1e37nuqLk0jsT2LiK8aKxXKPJyQx80ctpgthXna0vnUguGe_wMa7oG3NfH_mn8QdBu2oJq7vT6rQ1QGJAQAA:40
[  675830ms] [LOG] conteudoNovo Trocas e devoluções @ https://d1hjvew1n9ss7u.cloudfront.net/asset.axd?id=iQEAAB-LCAAAAAAAAAOtkE0PATEQhv-KzHnp-qi1FQdxEyfcxKHaQYWtdKYiEX67WnF04vh-PZPMDQyDAsYri4O-aDLBnXnYMHsdCHkUedscQAZVKs19ZMyTcKC2-kiYgT0n_yEW9YpShKA4xJRcUtDvlh0py0GR523Zk52iSA3zaRjrLKhuX7byJDYf2xGo1e37nuqLk0jsT2LiK8aKxXKPJyQx80ctpgthXna0vnUguGe_wMa7oG3NfH_mn8QdBu2oJq7vT6rQ1QGJAQAA:40
[  675830ms] [LOG] conteudoNovo Perguntas Frequentes @ https://d1hjvew1n9ss7u.cloudfront.net/asset.axd?id=iQEAAB-LCAAAAAAAAAOtkE0PATEQhv-KzHnp-qi1FQdxEyfcxKHaQYWtdKYiEX67WnF04vh-PZPMDQyDAsYri4O-aDLBnXnYMHsdCHkUedscQAZVKs19ZMyTcKC2-kiYgT0n_yEW9YpShKA4xJRcUtDvlh0py0GR523Zk52iSA3zaRjrLKhuX7byJDYf2xGo1e37nuqLk0jsT2LiK8aKxXKPJyQx80ctpgthXna0vnUguGe_wMa7oG3NfH_mn8QdBu2oJq7vT6rQ1QGJAQAA:40
[  675831ms] [LOG] conteudoNovo Como rastrear pedidos @ https://d1hjvew1n9ss7u.cloudfront.net/asset.axd?id=iQEAAB-LCAAAAAAAAAOtkE0PATEQhv-KzHnp-qi1FQdxEyfcxKHaQYWtdKYiEX67WnF04vh-PZPMDQyDAsYri4O-aDLBnXnYMHsdCHkUedscQAZVKs19ZMyTcKC2-kiYgT0n_yEW9YpShKA4xJRcUtDvlh0py0GR523Zk52iSA3zaRjrLKhuX7byJDYf2xGo1e37nuqLk0jsT2LiK8aKxXKPJyQx80ctpgthXna0vnUguGe_wMa7oG3NfH_mn8QdBu2oJq7vT6rQ1QGJAQAA:40
[  675831ms] [LOG] conteudoNovo Regulamento Promocional @ https://d1hjvew1n9ss7u.cloudfront.net/asset.axd?id=iQEAAB-LCAAAAAAAAAOtkE0PATEQhv-KzHnp-qi1FQdxEyfcxKHaQYWtdKYiEX67WnF04vh-PZPMDQyDAsYri4O-aDLBnXnYMHsdCHkUedscQAZVKs19ZMyTcKC2-kiYgT0n_yEW9YpShKA4xJRcUtDvlh0py0GR523Zk52iSA3zaRjrLKhuX7byJDYf2xGo1e37nuqLk0jsT2LiK8aKxXKPJyQx80ctpgthXna0vnUguGe_wMa7oG3NfH_mn8QdBu2oJq7vT6rQ1QGJAQAA:40
[  675831ms] [LOG] conteudoNovo Cashback @ https://d1hjvew1n9ss7u.cloudfront.net/asset.axd?id=iQEAAB-LCAAAAAAAAAOtkE0PATEQhv-KzHnp-qi1FQdxEyfcxKHaQYWtdKYiEX67WnF04vh-PZPMDQyDAsYri4O-aDLBnXnYMHsdCHkUedscQAZVKs19ZMyTcKC2-kiYgT0n_yEW9YpShKA4xJRcUtDvlh0py0GR523Zk52iSA3zaRjrLKhuX7byJDYf2xGo1e37nuqLk0jsT2LiK8aKxXKPJyQx80ctpgthXna0vnUguGe_wMa7oG3NfH_mn8QdBu2oJq7vT6rQ1QGJAQAA:40
[  675831ms] [WARNING] !! Há erros de scripts de terceiros !!
Por favor, contate a Empresa responsável pelo script.  @ https://d1hjvew1n9ss7u.cloudfront.net/assets/shjs.js?t=639255987001545277:0
[  675874ms] Uncaught Error: You must pass a string or Handlebars AST to Handlebars.compile. You passed null
    at e.compile (https://d1hjvew1n9ss7u.cloudfront.net/asset.axd?id=iQEAAB-LCAAAAAAAAAOtkE0PATEQhv-KzHnp-qi1FQdxEyfcxKHaQYWtdKYiEX67WnF04vh-PZPMDQyDAsYri4O-aDLBnXnYMHsdCHkUedscQAZVKs19ZMyTcKC2-kiYgT0n_yEW9YpShKA4xJRcUtDvlh0py0GR523Zk52iSA3zaRjrLKhuX7byJDYf2xGo1e37nuqLk0jsT2LiK8aKxXKPJyQx80ctpgthXna0vnUguGe_wMa7oG3NfH_mn8QdBu2oJq7vT6rQ1QGJAQAA:1843:49302)
    at i.compile (https://d1hjvew1n9ss7u.cloudfront.net/asset.axd?id=iQEAAB-LCAAAAAAAAAOtkE0PATEQhv-KzHnp-qi1FQdxEyfcxKHaQYWtdKYiEX67WnF04vh-PZPMDQyDAsYri4O-aDLBnXnYMHsdCHkUedscQAZVKs19ZMyTcKC2-kiYgT0n_yEW9YpShKA4xJRcUtDvlh0py0GR523Zk52iSA3zaRjrLKhuX7byJDYf2xGo1e37nuqLk0jsT2LiK8aKxXKPJyQx80ctpgthXna0vnUguGe_wMa7oG3NfH_mn8QdBu2oJq7vT6rQ1QGJAQAA:1843:343)
    at renderBasket (https://d1hjvew1n9ss7u.cloudfront.net/asset.axd?id=iQEAAB-LCAAAAAAAAAOtkE0PATEQhv-KzHnp-qi1FQdxEyfcxKHaQYWtdKYiEX67WnF04vh-PZPMDQyDAsYri4O-aDLBnXnYMHsdCHkUedscQAZVKs19ZMyTcKC2-kiYgT0n_yEW9YpShKA4xJRcUtDvlh0py0GR523Zk52iSA3zaRjrLKhuX7byJDYf2xGo1e37nuqLk0jsT2LiK8aKxXKPJyQx80ctpgthXna0vnUguGe_wMa7oG3NfH_mn8QdBu2oJq7vT6rQ1QGJAQAA:78:27)
    at <anonymous> (https://d1hjvew1n9ss7u.cloudfront.net/asset.axd?id=iQEAAB-LCAAAAAAAAAOtkE0PATEQhv-KzHnp-qi1FQdxEyfcxKHaQYWtdKYiEX67WnF04vh-PZPMDQyDAsYri4O-aDLBnXnYMHsdCHkUedscQAZVKs19ZMyTcKC2-kiYgT0n_yEW9YpShKA4xJRcUtDvlh0py0GR523Zk52iSA3zaRjrLKhuX7byJDYf2xGo1e37nuqLk0jsT2LiK8aKxXKPJyQx80ctpgthXna0vnUguGe_wMa7oG3NfH_mn8QdBu2oJq7vT6rQ1QGJAQAA:269:1)
    at f (https://d1hjvew1n9ss7u.cloudfront.net/assets/shjs.js?t=639255987001545277:0:10382)
    at fireWith (https://d1hjvew1n9ss7u.cloudfront.net/assets/shjs.js?t=639255987001545277:0:11137)
    at ready (https://d1hjvew1n9ss7u.cloudfront.net/assets/shjs.js?t=639255987001545277:0:5238)
    at r (https://d1hjvew1n9ss7u.cloudfront.net/assets/shjs.js?t=639255987001545277:0:9748)
[  675835ms] [VERBOSE] [DOM] Input elements should have autocomplete attributes (suggested: "current-password"): (More info: https://goo.gl/9p2vKq) %o @ https://www.lolacosmetics.com.br/conteudo/sobre/afiliados:0
[  675835ms] [VERBOSE] [DOM] Input elements should have autocomplete attributes (suggested: "current-password"): (More info: https://goo.gl/9p2vKq) %o @ https://www.lolacosmetics.com.br/conteudo/sobre/afiliados:0
[  675853ms] [ERROR] Failed to load resource: net::ERR_NAME_NOT_RESOLVED @ https://event.getblue.io/js/blue-tag.min.js:0
[  676012ms] [LOG] AffiseStorage availability: {cookie: true, localStorage: true, sessionStorage: true} @ https://rankmediabrasil.g2afse.com/websdk.js:0
[  676013ms] [LOG] Status RNK Media - ClickId: null UTM: null @ :3
[  676140ms] [WARNING] [Meta Pixel] - Invalid parameter format for currency. Please refer https://developers.facebook.com/docs/meta-pixel/reference/ for valid parameter specifications. @ https://connect.facebook.net/en_US/fbevents.js:203
[  676921ms] Uncaught TypeError: Cannot read properties of undefined (reading 'replace')
    at validaFreteGratis (https://d1hjvew1n9ss7u.cloudfront.net/asset.axd?id=iQEAAB-LCAAAAAAAAAOtkE0PATEQhv-KzHnp-qi1FQdxEyfcxKHaQYWtdKYiEX67WnF04vh-PZPMDQyDAsYri4O-aDLBnXnYMHsdCHkUedscQAZVKs19ZMyTcKC2-kiYgT0n_yEW9YpShKA4xJRcUtDvlh0py0GR523Zk52iSA3zaRjrLKhuX7byJDYf2xGo1e37nuqLk0jsT2LiK8aKxXKPJyQx80ctpgthXna0vnUguGe_wMa7oG3NfH_mn8QdBu2oJq7vT6rQ1QGJAQAA:50:7633)
    at <anonymous> (https://d1hjvew1n9ss7u.cloudfront.net/asset.axd?id=iQEAAB-LCAAAAAAAAAOtkE0PATEQhv-KzHnp-qi1FQdxEyfcxKHaQYWtdKYiEX67WnF04vh-PZPMDQyDAsYri4O-aDLBnXnYMHsdCHkUedscQAZVKs19ZMyTcKC2-kiYgT0n_yEW9YpShKA4xJRcUtDvlh0py0GR523Zk52iSA3zaRjrLKhuX7byJDYf2xGo1e37nuqLk0jsT2LiK8aKxXKPJyQx80ctpgthXna0vnUguGe_wMa7oG3NfH_mn8QdBu2oJq7vT6rQ1QGJAQAA:50:49808)
    at dispatch (https://d1hjvew1n9ss7u.cloudfront.net/assets/shjs.js?t=639255987001545277:0:32701)
    at a (https://d1hjvew1n9ss7u.cloudfront.net/assets/shjs.js?t=639255987001545277:0:28480)
[  676918ms] [LOG] Banner não encontrado: banner-232 @ https://d1hjvew1n9ss7u.cloudfront.net/asset.axd?id=iQEAAB-LCAAAAAAAAAOtkE0PATEQhv-KzHnp-qi1FQdxEyfcxKHaQYWtdKYiEX67WnF04vh-PZPMDQyDAsYri4O-aDLBnXnYMHsdCHkUedscQAZVKs19ZMyTcKC2-kiYgT0n_yEW9YpShKA4xJRcUtDvlh0py0GR523Zk52iSA3zaRjrLKhuX7byJDYf2xGo1e37nuqLk0jsT2LiK8aKxXKPJyQx80ctpgthXna0vnUguGe_wMa7oG3NfH_mn8QdBu2oJq7vT6rQ1QGJAQAA:803
[  676924ms] [ERROR] Access to fetch at 'https://www.afiliados.lolacosmetics.com.br/customer-hub/store?id=65756&undefined' from origin 'https://www.lolacosmetics.com.br' has been blocked by CORS policy: No 'Access-Control-Allow-Origin' header is present on the requested resource. @ https://www.lolacosmetics.com.br/conteudo/sobre/afiliados:0
[  676925ms] [ERROR] Failed to load resource: net::ERR_FAILED @ https://www.afiliados.lolacosmetics.com.br/customer-hub/store?id=65756&undefined:0
[  676935ms] Uncaught (in promise) TypeError: Failed to fetch
    at <anonymous> (https://cdn.jsdelivr.net/npm/@mailbiz/onsite-linxcommerce-vendor:120:466)
    at d (https://cdn.jsdelivr.net/npm/@mailbiz/onsite-linxcommerce-vendor:23:160)
    at <anonymous> (https://cdn.jsdelivr.net/npm/@mailbiz/onsite-linxcommerce-vendor:21:448)
    at <anonymous> (https://cdn.jsdelivr.net/npm/@mailbiz/onsite-linxcommerce-vendor:21:386)
    at M (https://cdn.jsdelivr.net/npm/@mailbiz/onsite-linxcommerce-vendor:21:102)
    at window.fetch (https://cdn.jsdelivr.net/npm/@mailbiz/onsite-linxcommerce-vendor:120:334)
    at getStoreAffiliate (https://www.afiliados.lolacosmetics.com.br/customer-hub/files/script/Kl748Y2S.js?id=13063:77:31)
    at handleScriptLoad (https://www.afiliados.lolacosmetics.com.br/customer-hub/files/Kl748Y2S/SetCookieMais.js:29:22)
[  676942ms] [LOG] %c Widde Video Commerce %c v24604ee %c Build: 21/09/2026 20:39 %c border: 1px solid #2567f8; background: #2567f8; color: #fff; font-weight: bold; padding: 4px 8px; border-radius: 3px 0 0 0; border: 1px solid #2567f8; border-left: none; background: #FFF; color: #2567f8; font-weight: bold; padding: 4px 8px; border: 1px solid #2567f8; border-left: none; background: #f0f0f0; color: #333; font-weight: bold; padding: 4px 8px; border-radius: 0 3px 3px 0; background: transparent @ https://cdn.widde.io/assets/main.utzwjalemu.js:0
[  677028ms] [LOG] %c Tryon Widde.io %c %s %c border: 1px solid #2567f8; background: #2567f8; color: #fff; font-weight: bold; padding: 4px 8px; border-radius: 3px 0 0 3px; border: 1px solid #2567f8; background: #FFF; color: #2567f8; font-weight: bold; padding: 4px 8px; border-radius: 0 3px 3px 0; 47bf7c2 background: transparent @ https://cdn-tryon.widde.io/widde-tryon.js:86
[  677043ms] [LOG] [tryon-tracker] initialized {domain: www.lolacosmetics.com.br} @ https://cdn-tryon.widde.io/widde-tryon.js:8
[  685556ms] [WARNING] Error with Feature-Policy header: Some features are specified in both Feature-Policy and Permissions-Policy header: payment, fullscreen, microphone, camera. Values defined in Permissions-Policy header will be used. @ :0
[  685903ms] [ERROR] Failed to load resource: the server responded with a status of 500 () @ https://fonts.cdnfonts.com/css/leelawade:0
[  686249ms] [ERROR] Failed to load resource: the server responded with a status of 404 () @ https://lolacosmetics.admin.linxcommerce.com.br/Custom/Content/Themes/Lola/Styles/Fonts/FontAwesome/all.css:0
[  686626ms] [ERROR] Failed to load resource: net::ERR_NAME_NOT_RESOLVED @ https://event.getblue.io/js/blue-tag.min.js:0
[  686645ms] [LOG] Banner não encontrado: banner-232 @ https://d1hjvew1n9ss7u.cloudfront.net/asset.axd?id=iQEAAB-LCAAAAAAAAAOtkE0PATEQhv-KzHnp-qi1FQdxEyfcxKHaQYWtdKYiEX67WnF04vh-PZPMDQyDAsYri4O-aDLBnXnYMHsdCHkUedscQAZVKs19ZMyTcKC2-kiYgT0n_yEW9YpShKA4xJRcUtDvlh0py0GR523Zk52iSA3zaRjrLKhuX7byJDYf2xGo1e37nuqLk0jsT2LiK8aKxXKPJyQx80ctpgthXna0vnUguGe_wMa7oG3NfH_mn8QdBu2oJq7vT6rQ1QGJAQAA:803
[  686650ms] [LOG] [Debug Carrinho] Polling ativo @ https://d1hjvew1n9ss7u.cloudfront.net/asset.axd?id=iQEAAB-LCAAAAAAAAAOtkE0PATEQhv-KzHnp-qi1FQdxEyfcxKHaQYWtdKYiEX67WnF04vh-PZPMDQyDAsYri4O-aDLBnXnYMHsdCHkUedscQAZVKs19ZMyTcKC2-kiYgT0n_yEW9YpShKA4xJRcUtDvlh0py0GR523Zk52iSA3zaRjrLKhuX7byJDYf2xGo1e37nuqLk0jsT2LiK8aKxXKPJyQx80ctpgthXna0vnUguGe_wMa7oG3NfH_mn8QdBu2oJq7vT6rQ1QGJAQAA:1839
[  686751ms] [LOG] teste @ https://d1hjvew1n9ss7u.cloudfront.net/asset.axd?id=iQEAAB-LCAAAAAAAAAOtkE0PATEQhv-KzHnp-qi1FQdxEyfcxKHaQYWtdKYiEX67WnF04vh-PZPMDQyDAsYri4O-aDLBnXnYMHsdCHkUedscQAZVKs19ZMyTcKC2-kiYgT0n_yEW9YpShKA4xJRcUtDvlh0py0GR523Zk52iSA3zaRjrLKhuX7byJDYf2xGo1e37nuqLk0jsT2LiK8aKxXKPJyQx80ctpgthXna0vnUguGe_wMa7oG3NfH_mn8QdBu2oJq7vT6rQ1QGJAQAA:3
[  686752ms] [LOG] conteudo Este site é seguro? @ https://d1hjvew1n9ss7u.cloudfront.net/asset.axd?id=iQEAAB-LCAAAAAAAAAOtkE0PATEQhv-KzHnp-qi1FQdxEyfcxKHaQYWtdKYiEX67WnF04vh-PZPMDQyDAsYri4O-aDLBnXnYMHsdCHkUedscQAZVKs19ZMyTcKC2-kiYgT0n_yEW9YpShKA4xJRcUtDvlh0py0GR523Zk52iSA3zaRjrLKhuX7byJDYf2xGo1e37nuqLk0jsT2LiK8aKxXKPJyQx80ctpgthXna0vnUguGe_wMa7oG3NfH_mn8QdBu2oJq7vT6rQ1QGJAQAA:36
[  686752ms] [LOG] conteudoNovo Quem somos @ https://d1hjvew1n9ss7u.cloudfront.net/asset.axd?id=iQEAAB-LCAAAAAAAAAOtkE0PATEQhv-KzHnp-qi1FQdxEyfcxKHaQYWtdKYiEX67WnF04vh-PZPMDQyDAsYri4O-aDLBnXnYMHsdCHkUedscQAZVKs19ZMyTcKC2-kiYgT0n_yEW9YpShKA4xJRcUtDvlh0py0GR523Zk52iSA3zaRjrLKhuX7byJDYf2xGo1e37nuqLk0jsT2LiK8aKxXKPJyQx80ctpgthXna0vnUguGe_wMa7oG3NfH_mn8QdBu2oJq7vT6rQ1QGJAQAA:40
[  686752ms] [LOG] conteudoNovo Este site é seguro? @ https://d1hjvew1n9ss7u.cloudfront.net/asset.axd?id=iQEAAB-LCAAAAAAAAAOtkE0PATEQhv-KzHnp-qi1FQdxEyfcxKHaQYWtdKYiEX67WnF04vh-PZPMDQyDAsYri4O-aDLBnXnYMHsdCHkUedscQAZVKs19ZMyTcKC2-kiYgT0n_yEW9YpShKA4xJRcUtDvlh0py0GR523Zk52iSA3zaRjrLKhuX7byJDYf2xGo1e37nuqLk0jsT2LiK8aKxXKPJyQx80ctpgthXna0vnUguGe_wMa7oG3NfH_mn8QdBu2oJq7vT6rQ1QGJAQAA:40
[  686753ms] [LOG] conteudoNovo Política de Cookies @ https://d1hjvew1n9ss7u.cloudfront.net/asset.axd?id=iQEAAB-LCAAAAAAAAAOtkE0PATEQhv-KzHnp-qi1FQdxEyfcxKHaQYWtdKYiEX67WnF04vh-PZPMDQyDAsYri4O-aDLBnXnYMHsdCHkUedscQAZVKs19ZMyTcKC2-kiYgT0n_yEW9YpShKA4xJRcUtDvlh0py0GR523Zk52iSA3zaRjrLKhuX7byJDYf2xGo1e37nuqLk0jsT2LiK8aKxXKPJyQx80ctpgthXna0vnUguGe_wMa7oG3NfH_mn8QdBu2oJq7vT6rQ1QGJAQAA:40
[  686753ms] [LOG] conteudoNovo Política de Privacidade @ https://d1hjvew1n9ss7u.cloudfront.net/asset.axd?id=iQEAAB-LCAAAAAAAAAOtkE0PATEQhv-KzHnp-qi1FQdxEyfcxKHaQYWtdKYiEX67WnF04vh-PZPMDQyDAsYri4O-aDLBnXnYMHsdCHkUedscQAZVKs19ZMyTcKC2-kiYgT0n_yEW9YpShKA4xJRcUtDvlh0py0GR523Zk52iSA3zaRjrLKhuX7byJDYf2xGo1e37nuqLk0jsT2LiK8aKxXKPJyQx80ctpgthXna0vnUguGe_wMa7oG3NfH_mn8QdBu2oJq7vT6rQ1QGJAQAA:40
[  686753ms] [LOG] conteudoNovo Nossa lojas @ https://d1hjvew1n9ss7u.cloudfront.net/asset.axd?id=iQEAAB-LCAAAAAAAAAOtkE0PATEQhv-KzHnp-qi1FQdxEyfcxKHaQYWtdKYiEX67WnF04vh-PZPMDQyDAsYri4O-aDLBnXnYMHsdCHkUedscQAZVKs19ZMyTcKC2-kiYgT0n_yEW9YpShKA4xJRcUtDvlh0py0GR523Zk52iSA3zaRjrLKhuX7byJDYf2xGo1e37nuqLk0jsT2LiK8aKxXKPJyQx80ctpgthXna0vnUguGe_wMa7oG3NfH_mn8QdBu2oJq7vT6rQ1QGJAQAA:40
[  686753ms] [LOG] conteudoNovo Trabalhe Conosco @ https://d1hjvew1n9ss7u.cloudfront.net/asset.axd?id=iQEAAB-LCAAAAAAAAAOtkE0PATEQhv-KzHnp-qi1FQdxEyfcxKHaQYWtdKYiEX67WnF04vh-PZPMDQyDAsYri4O-aDLBnXnYMHsdCHkUedscQAZVKs19ZMyTcKC2-kiYgT0n_yEW9YpShKA4xJRcUtDvlh0py0GR523Zk52iSA3zaRjrLKhuX7byJDYf2xGo1e37nuqLk0jsT2LiK8aKxXKPJyQx80ctpgthXna0vnUguGe_wMa7oG3NfH_mn8QdBu2oJq7vT6rQ1QGJAQAA:40
[  686753ms] [LOG] conteudoNovo Lola Lab @ https://d1hjvew1n9ss7u.cloudfront.net/asset.axd?id=iQEAAB-LCAAAAAAAAAOtkE0PATEQhv-KzHnp-qi1FQdxEyfcxKHaQYWtdKYiEX67WnF04vh-PZPMDQyDAsYri4O-aDLBnXnYMHsdCHkUedscQAZVKs19ZMyTcKC2-kiYgT0n_yEW9YpShKA4xJRcUtDvlh0py0GR523Zk52iSA3zaRjrLKhuX7byJDYf2xGo1e37nuqLk0jsT2LiK8aKxXKPJyQx80ctpgthXna0vnUguGe_wMa7oG3NfH_mn8QdBu2oJq7vT6rQ1QGJAQAA:40
[  686753ms] [LOG] conteudoNovo Revenda @ https://d1hjvew1n9ss7u.cloudfront.net/asset.axd?id=iQEAAB-LCAAAAAAAAAOtkE0PATEQhv-KzHnp-qi1FQdxEyfcxKHaQYWtdKYiEX67WnF04vh-PZPMDQyDAsYri4O-aDLBnXnYMHsdCHkUedscQAZVKs19ZMyTcKC2-kiYgT0n_yEW9YpShKA4xJRcUtDvlh0py0GR523Zk52iSA3zaRjrLKhuX7byJDYf2xGo1e37nuqLk0jsT2LiK8aKxXKPJyQx80ctpgthXna0vnUguGe_wMa7oG3NfH_mn8QdBu2oJq7vT6rQ1QGJAQAA:40
[  686753ms] [LOG] conteudoNovo Afiliados @ https://d1hjvew1n9ss7u.cloudfront.net/asset.axd?id=iQEAAB-LCAAAAAAAAAOtkE0PATEQhv-KzHnp-qi1FQdxEyfcxKHaQYWtdKYiEX67WnF04vh-PZPMDQyDAsYri4O-aDLBnXnYMHsdCHkUedscQAZVKs19ZMyTcKC2-kiYgT0n_yEW9YpShKA4xJRcUtDvlh0py0GR523Zk52iSA3zaRjrLKhuX7byJDYf2xGo1e37nuqLk0jsT2LiK8aKxXKPJyQx80ctpgthXna0vnUguGe_wMa7oG3NfH_mn8QdBu2oJq7vT6rQ1QGJAQAA:40
[  686753ms] [LOG] conteudoNovo Prazos de atendimento @ https://d1hjvew1n9ss7u.cloudfront.net/asset.axd?id=iQEAAB-LCAAAAAAAAAOtkE0PATEQhv-KzHnp-qi1FQdxEyfcxKHaQYWtdKYiEX67WnF04vh-PZPMDQyDAsYri4O-aDLBnXnYMHsdCHkUedscQAZVKs19ZMyTcKC2-kiYgT0n_yEW9YpShKA4xJRcUtDvlh0py0GR523Zk52iSA3zaRjrLKhuX7byJDYf2xGo1e37nuqLk0jsT2LiK8aKxXKPJyQx80ctpgthXna0vnUguGe_wMa7oG3NfH_mn8QdBu2oJq7vT6rQ1QGJAQAA:40
[  686753ms] [LOG] conteudoNovo Entrega e envios @ https://d1hjvew1n9ss7u.cloudfront.net/asset.axd?id=iQEAAB-LCAAAAAAAAAOtkE0PATEQhv-KzHnp-qi1FQdxEyfcxKHaQYWtdKYiEX67WnF04vh-PZPMDQyDAsYri4O-aDLBnXnYMHsdCHkUedscQAZVKs19ZMyTcKC2-kiYgT0n_yEW9YpShKA4xJRcUtDvlh0py0GR523Zk52iSA3zaRjrLKhuX7byJDYf2xGo1e37nuqLk0jsT2LiK8aKxXKPJyQx80ctpgthXna0vnUguGe_wMa7oG3NfH_mn8QdBu2oJq7vT6rQ1QGJAQAA:40
[  686753ms] [LOG] conteudoNovo Pagamento @ https://d1hjvew1n9ss7u.cloudfront.net/asset.axd?id=iQEAAB-LCAAAAAAAAAOtkE0PATEQhv-KzHnp-qi1FQdxEyfcxKHaQYWtdKYiEX67WnF04vh-PZPMDQyDAsYri4O-aDLBnXnYMHsdCHkUedscQAZVKs19ZMyTcKC2-kiYgT0n_yEW9YpShKA4xJRcUtDvlh0py0GR523Zk52iSA3zaRjrLKhuX7byJDYf2xGo1e37nuqLk0jsT2LiK8aKxXKPJyQx80ctpgthXna0vnUguGe_wMa7oG3NfH_mn8QdBu2oJq7vT6rQ1QGJAQAA:40
[  686753ms] [LOG] conteudoNovo Trocas e devoluções @ https://d1hjvew1n9ss7u.cloudfront.net/asset.axd?id=iQEAAB-LCAAAAAAAAAOtkE0PATEQhv-KzHnp-qi1FQdxEyfcxKHaQYWtdKYiEX67WnF04vh-PZPMDQyDAsYri4O-aDLBnXnYMHsdCHkUedscQAZVKs19ZMyTcKC2-kiYgT0n_yEW9YpShKA4xJRcUtDvlh0py0GR523Zk52iSA3zaRjrLKhuX7byJDYf2xGo1e37nuqLk0jsT2LiK8aKxXKPJyQx80ctpgthXna0vnUguGe_wMa7oG3NfH_mn8QdBu2oJq7vT6rQ1QGJAQAA:40
[  686753ms] [LOG] conteudoNovo Perguntas Frequentes @ https://d1hjvew1n9ss7u.cloudfront.net/asset.axd?id=iQEAAB-LCAAAAAAAAAOtkE0PATEQhv-KzHnp-qi1FQdxEyfcxKHaQYWtdKYiEX67WnF04vh-PZPMDQyDAsYri4O-aDLBnXnYMHsdCHkUedscQAZVKs19ZMyTcKC2-kiYgT0n_yEW9YpShKA4xJRcUtDvlh0py0GR523Zk52iSA3zaRjrLKhuX7byJDYf2xGo1e37nuqLk0jsT2LiK8aKxXKPJyQx80ctpgthXna0vnUguGe_wMa7oG3NfH_mn8QdBu2oJq7vT6rQ1QGJAQAA:40
[  686754ms] [LOG] conteudoNovo Como rastrear pedidos @ https://d1hjvew1n9ss7u.cloudfront.net/asset.axd?id=iQEAAB-LCAAAAAAAAAOtkE0PATEQhv-KzHnp-qi1FQdxEyfcxKHaQYWtdKYiEX67WnF04vh-PZPMDQyDAsYri4O-aDLBnXnYMHsdCHkUedscQAZVKs19ZMyTcKC2-kiYgT0n_yEW9YpShKA4xJRcUtDvlh0py0GR523Zk52iSA3zaRjrLKhuX7byJDYf2xGo1e37nuqLk0jsT2LiK8aKxXKPJyQx80ctpgthXna0vnUguGe_wMa7oG3NfH_mn8QdBu2oJq7vT6rQ1QGJAQAA:40
[  686754ms] [LOG] conteudoNovo Regulamento Promocional @ https://d1hjvew1n9ss7u.cloudfront.net/asset.axd?id=iQEAAB-LCAAAAAAAAAOtkE0PATEQhv-KzHnp-qi1FQdxEyfcxKHaQYWtdKYiEX67WnF04vh-PZPMDQyDAsYri4O-aDLBnXnYMHsdCHkUedscQAZVKs19ZMyTcKC2-kiYgT0n_yEW9YpShKA4xJRcUtDvlh0py0GR523Zk52iSA3zaRjrLKhuX7byJDYf2xGo1e37nuqLk0jsT2LiK8aKxXKPJyQx80ctpgthXna0vnUguGe_wMa7oG3NfH_mn8QdBu2oJq7vT6rQ1QGJAQAA:40
[  686754ms] [LOG] conteudoNovo Cashback @ https://d1hjvew1n9ss7u.cloudfront.net/asset.axd?id=iQEAAB-LCAAAAAAAAAOtkE0PATEQhv-KzHnp-qi1FQdxEyfcxKHaQYWtdKYiEX67WnF04vh-PZPMDQyDAsYri4O-aDLBnXnYMHsdCHkUedscQAZVKs19ZMyTcKC2-kiYgT0n_yEW9YpShKA4xJRcUtDvlh0py0GR523Zk52iSA3zaRjrLKhuX7byJDYf2xGo1e37nuqLk0jsT2LiK8aKxXKPJyQx80ctpgthXna0vnUguGe_wMa7oG3NfH_mn8QdBu2oJq7vT6rQ1QGJAQAA:40
[  686756ms] [WARNING] !! Há erros de scripts de terceiros !!
Por favor, contate a Empresa responsável pelo script.  @ https://d1hjvew1n9ss7u.cloudfront.net/assets/shjs.js?t=639255987001545277:0
[  686862ms] Uncaught Error: You must pass a string or Handlebars AST to Handlebars.compile. You passed null
    at e.compile (https://d1hjvew1n9ss7u.cloudfront.net/asset.axd?id=iQEAAB-LCAAAAAAAAAOtkE0PATEQhv-KzHnp-qi1FQdxEyfcxKHaQYWtdKYiEX67WnF04vh-PZPMDQyDAsYri4O-aDLBnXnYMHsdCHkUedscQAZVKs19ZMyTcKC2-kiYgT0n_yEW9YpShKA4xJRcUtDvlh0py0GR523Zk52iSA3zaRjrLKhuX7byJDYf2xGo1e37nuqLk0jsT2LiK8aKxXKPJyQx80ctpgthXna0vnUguGe_wMa7oG3NfH_mn8QdBu2oJq7vT6rQ1QGJAQAA:1843:49302)
    at i.compile (https://d1hjvew1n9ss7u.cloudfront.net/asset.axd?id=iQEAAB-LCAAAAAAAAAOtkE0PATEQhv-KzHnp-qi1FQdxEyfcxKHaQYWtdKYiEX67WnF04vh-PZPMDQyDAsYri4O-aDLBnXnYMHsdCHkUedscQAZVKs19ZMyTcKC2-kiYgT0n_yEW9YpShKA4xJRcUtDvlh0py0GR523Zk52iSA3zaRjrLKhuX7byJDYf2xGo1e37nuqLk0jsT2LiK8aKxXKPJyQx80ctpgthXna0vnUguGe_wMa7oG3NfH_mn8QdBu2oJq7vT6rQ1QGJAQAA:1843:343)
    at renderBasket (https://d1hjvew1n9ss7u.cloudfront.net/asset.axd?id=iQEAAB-LCAAAAAAAAAOtkE0PATEQhv-KzHnp-qi1FQdxEyfcxKHaQYWtdKYiEX67WnF04vh-PZPMDQyDAsYri4O-aDLBnXnYMHsdCHkUedscQAZVKs19ZMyTcKC2-kiYgT0n_yEW9YpShKA4xJRcUtDvlh0py0GR523Zk52iSA3zaRjrLKhuX7byJDYf2xGo1e37nuqLk0jsT2LiK8aKxXKPJyQx80ctpgthXna0vnUguGe_wMa7oG3NfH_mn8QdBu2oJq7vT6rQ1QGJAQAA:78:27)
    at <anonymous> (https://d1hjvew1n9ss7u.cloudfront.net/asset.axd?id=iQEAAB-LCAAAAAAAAAOtkE0PATEQhv-KzHnp-qi1FQdxEyfcxKHaQYWtdKYiEX67WnF04vh-PZPMDQyDAsYri4O-aDLBnXnYMHsdCHkUedscQAZVKs19ZMyTcKC2-kiYgT0n_yEW9YpShKA4xJRcUtDvlh0py0GR523Zk52iSA3zaRjrLKhuX7byJDYf2xGo1e37nuqLk0jsT2LiK8aKxXKPJyQx80ctpgthXna0vnUguGe_wMa7oG3NfH_mn8QdBu2oJq7vT6rQ1QGJAQAA:269:1)
    at f (https://d1hjvew1n9ss7u.cloudfront.net/assets/shjs.js?t=639255987001545277:0:10382)
    at fireWith (https://d1hjvew1n9ss7u.cloudfront.net/assets/shjs.js?t=639255987001545277:0:11137)
    at ready (https://d1hjvew1n9ss7u.cloudfront.net/assets/shjs.js?t=639255987001545277:0:5238)
    at r (https://d1hjvew1n9ss7u.cloudfront.net/assets/shjs.js?t=639255987001545277:0:9748)
[  686780ms] [VERBOSE] [DOM] Input elements should have autocomplete attributes (suggested: "current-password"): (More info: https://goo.gl/9p2vKq) %o @ https://www.lolacosmetics.com.br/conteudo/sobre/este-site-e-seguro:0
[  686783ms] [VERBOSE] [DOM] Input elements should have autocomplete attributes (suggested: "current-password"): (More info: https://goo.gl/9p2vKq) %o @ https://www.lolacosmetics.com.br/conteudo/sobre/este-site-e-seguro:0
[  686810ms] [LOG] AffiseStorage availability: {cookie: true, localStorage: true, sessionStorage: true} @ https://rankmediabrasil.g2afse.com/websdk.js:0
[  686814ms] [LOG] Status RNK Media - ClickId: null UTM: null @ :3
[  688017ms] [WARNING] [Meta Pixel] - Invalid parameter format for currency. Please refer https://developers.facebook.com/docs/meta-pixel/reference/ for valid parameter specifications. @ https://connect.facebook.net/en_US/fbevents.js:203
[  689513ms] Uncaught TypeError: Cannot read properties of undefined (reading 'replace')
    at validaFreteGratis (https://d1hjvew1n9ss7u.cloudfront.net/asset.axd?id=iQEAAB-LCAAAAAAAAAOtkE0PATEQhv-KzHnp-qi1FQdxEyfcxKHaQYWtdKYiEX67WnF04vh-PZPMDQyDAsYri4O-aDLBnXnYMHsdCHkUedscQAZVKs19ZMyTcKC2-kiYgT0n_yEW9YpShKA4xJRcUtDvlh0py0GR523Zk52iSA3zaRjrLKhuX7byJDYf2xGo1e37nuqLk0jsT2LiK8aKxXKPJyQx80ctpgthXna0vnUguGe_wMa7oG3NfH_mn8QdBu2oJq7vT6rQ1QGJAQAA:50:7633)
    at <anonymous> (https://d1hjvew1n9ss7u.cloudfront.net/asset.axd?id=iQEAAB-LCAAAAAAAAAOtkE0PATEQhv-KzHnp-qi1FQdxEyfcxKHaQYWtdKYiEX67WnF04vh-PZPMDQyDAsYri4O-aDLBnXnYMHsdCHkUedscQAZVKs19ZMyTcKC2-kiYgT0n_yEW9YpShKA4xJRcUtDvlh0py0GR523Zk52iSA3zaRjrLKhuX7byJDYf2xGo1e37nuqLk0jsT2LiK8aKxXKPJyQx80ctpgthXna0vnUguGe_wMa7oG3NfH_mn8QdBu2oJq7vT6rQ1QGJAQAA:50:49808)
    at dispatch (https://d1hjvew1n9ss7u.cloudfront.net/assets/shjs.js?t=639255987001545277:0:32701)
    at a (https://d1hjvew1n9ss7u.cloudfront.net/assets/shjs.js?t=639255987001545277:0:28480)
[  689501ms] [LOG] Banner não encontrado: banner-232 @ https://d1hjvew1n9ss7u.cloudfront.net/asset.axd?id=iQEAAB-LCAAAAAAAAAOtkE0PATEQhv-KzHnp-qi1FQdxEyfcxKHaQYWtdKYiEX67WnF04vh-PZPMDQyDAsYri4O-aDLBnXnYMHsdCHkUedscQAZVKs19ZMyTcKC2-kiYgT0n_yEW9YpShKA4xJRcUtDvlh0py0GR523Zk52iSA3zaRjrLKhuX7byJDYf2xGo1e37nuqLk0jsT2LiK8aKxXKPJyQx80ctpgthXna0vnUguGe_wMa7oG3NfH_mn8QdBu2oJq7vT6rQ1QGJAQAA:803
[  689545ms] [LOG] %c Widde Video Commerce %c v24604ee %c Build: 21/09/2026 20:39 %c border: 1px solid #2567f8; background: #2567f8; color: #fff; font-weight: bold; padding: 4px 8px; border-radius: 3px 0 0 0; border: 1px solid #2567f8; border-left: none; background: #FFF; color: #2567f8; font-weight: bold; padding: 4px 8px; border: 1px solid #2567f8; border-left: none; background: #f0f0f0; color: #333; font-weight: bold; padding: 4px 8px; border-radius: 0 3px 3px 0; background: transparent @ https://cdn.widde.io/assets/main.utzwjalemu.js:0
[  689614ms] [LOG] %c Tryon Widde.io %c %s %c border: 1px solid #2567f8; background: #2567f8; color: #fff; font-weight: bold; padding: 4px 8px; border-radius: 3px 0 0 3px; border: 1px solid #2567f8; background: #FFF; color: #2567f8; font-weight: bold; padding: 4px 8px; border-radius: 0 3px 3px 0; 47bf7c2 background: transparent @ https://cdn-tryon.widde.io/widde-tryon.js:86
[  689712ms] [LOG] [tryon-tracker] initialized {domain: www.lolacosmetics.com.br} @ https://cdn-tryon.widde.io/widde-tryon.js:8
[  696400ms] [WARNING] Error with Feature-Policy header: Some features are specified in both Feature-Policy and Permissions-Policy header: payment, fullscreen, microphone, camera. Values defined in Permissions-Policy header will be used. @ :0
[  696699ms] [ERROR] Failed to load resource: the server responded with a status of 500 () @ https://fonts.cdnfonts.com/css/leelawade:0
[  696980ms] [ERROR] Failed to load resource: the server responded with a status of 404 () @ https://lolacosmetics.admin.linxcommerce.com.br/Custom/Content/Themes/Lola/Styles/Fonts/FontAwesome/all.css:0
[  697213ms] [ERROR] Failed to load resource: net::ERR_NAME_NOT_RESOLVED @ https://event.getblue.io/js/blue-tag.min.js:0
[  697291ms] [LOG] Banner não encontrado: banner-232 @ https://d1hjvew1n9ss7u.cloudfront.net/asset.axd?id=PAEAAB-LCAAAAAAAAAOtj0EPwUAQhf-KzLnsKqu64iBu4oSbOKzt0G2qKztTkQi_3abi6Ob43vfem8wDLIMGxjuLytwM2eCuPOvZ0gRCnrd86k8hgSaGNr5llFE40CdTEyZQXKP_EtuuRREhaA5tJLcIJqM8VSqfZlIO1VilWRYT9puwhStAjyZqIKM4fm1HoPeP333qLi5bYn8RS98wNix2JV6QxNrXRizOwRRGrLbi88ygIngm_1k8YzCOusXD8w1y8dfTPAEAAA%3d%3d:754
[  697302ms] [LOG] [Debug Carrinho] Polling ativo @ https://d1hjvew1n9ss7u.cloudfront.net/asset.axd?id=PAEAAB-LCAAAAAAAAAOtj0EPwUAQhf-KzLnsKqu64iBu4oSbOKzt0G2qKztTkQi_3abi6Ob43vfem8wDLIMGxjuLytwM2eCuPOvZ0gRCnrd86k8hgSaGNr5llFE40CdTEyZQXKP_EtuuRREhaA5tJLcIJqM8VSqfZlIO1VilWRYT9puwhStAjyZqIKM4fm1HoPeP333qLi5bYn8RS98wNix2JV6QxNrXRizOwRRGrLbi88ygIngm_1k8YzCOusXD8w1y8dfTPAEAAA%3d%3d:1790
[  697393ms] [WARNING] !! Há erros de scripts de terceiros !!
Por favor, contate a Empresa responsável pelo script.  @ https://d1hjvew1n9ss7u.cloudfront.net/assets/shjs.js?t=639255987001545277:0
[  697399ms] Uncaught Error: You must pass a string or Handlebars AST to Handlebars.compile. You passed null
    at e.compile (https://d1hjvew1n9ss7u.cloudfront.net/asset.axd?id=PAEAAB-LCAAAAAAAAAOtj0EPwUAQhf-KzLnsKqu64iBu4oSbOKzt0G2qKztTkQi_3abi6Ob43vfem8wDLIMGxjuLytwM2eCuPOvZ0gRCnrd86k8hgSaGNr5llFE40CdTEyZQXKP_EtuuRREhaA5tJLcIJqM8VSqfZlIO1VilWRYT9puwhStAjyZqIKM4fm1HoPeP333qLi5bYn8RS98wNix2JV6QxNrXRizOwRRGrLbi88ygIngm_1k8YzCOusXD8w1y8dfTPAEAAA%3d%3d:1794:49302)
    at i.compile (https://d1hjvew1n9ss7u.cloudfront.net/asset.axd?id=PAEAAB-LCAAAAAAAAAOtj0EPwUAQhf-KzLnsKqu64iBu4oSbOKzt0G2qKztTkQi_3abi6Ob43vfem8wDLIMGxjuLytwM2eCuPOvZ0gRCnrd86k8hgSaGNr5llFE40CdTEyZQXKP_EtuuRREhaA5tJLcIJqM8VSqfZlIO1VilWRYT9puwhStAjyZqIKM4fm1HoPeP333qLi5bYn8RS98wNix2JV6QxNrXRizOwRRGrLbi88ygIngm_1k8YzCOusXD8w1y8dfTPAEAAA%3d%3d:1794:343)
    at renderBasket (https://d1hjvew1n9ss7u.cloudfront.net/asset.axd?id=PAEAAB-LCAAAAAAAAAOtj0EPwUAQhf-KzLnsKqu64iBu4oSbOKzt0G2qKztTkQi_3abi6Ob43vfem8wDLIMGxjuLytwM2eCuPOvZ0gRCnrd86k8hgSaGNr5llFE40CdTEyZQXKP_EtuuRREhaA5tJLcIJqM8VSqfZlIO1VilWRYT9puwhStAjyZqIKM4fm1HoPeP333qLi5bYn8RS98wNix2JV6QxNrXRizOwRRGrLbi88ygIngm_1k8YzCOusXD8w1y8dfTPAEAAA%3d%3d:29:27)
    at <anonymous> (https://d1hjvew1n9ss7u.cloudfront.net/asset.axd?id=PAEAAB-LCAAAAAAAAAOtj0EPwUAQhf-KzLnsKqu64iBu4oSbOKzt0G2qKztTkQi_3abi6Ob43vfem8wDLIMGxjuLytwM2eCuPOvZ0gRCnrd86k8hgSaGNr5llFE40CdTEyZQXKP_EtuuRREhaA5tJLcIJqM8VSqfZlIO1VilWRYT9puwhStAjyZqIKM4fm1HoPeP333qLi5bYn8RS98wNix2JV6QxNrXRizOwRRGrLbi88ygIngm_1k8YzCOusXD8w1y8dfTPAEAAA%3d%3d:220:1)
    at f (https://d1hjvew1n9ss7u.cloudfront.net/assets/shjs.js?t=639255987001545277:0:10382)
    at fireWith (https://d1hjvew1n9ss7u.cloudfront.net/assets/shjs.js?t=639255987001545277:0:11137)
    at ready (https://d1hjvew1n9ss7u.cloudfront.net/assets/shjs.js?t=639255987001545277:0:5238)
    at r (https://d1hjvew1n9ss7u.cloudfront.net/assets/shjs.js?t=639255987001545277:0:9748)
[  697397ms] [VERBOSE] [DOM] Input elements should have autocomplete attributes (suggested: "current-password"): (More info: https://goo.gl/9p2vKq) %o @ https://www.lolacosmetics.com.br/lola-lab:0
[  697397ms] [VERBOSE] [DOM] Input elements should have autocomplete attributes (suggested: "current-password"): (More info: https://goo.gl/9p2vKq) %o @ https://www.lolacosmetics.com.br/lola-lab:0
[  697464ms] [LOG] AffiseStorage availability: {cookie: true, localStorage: true, sessionStorage: true} @ https://rankmediabrasil.g2afse.com/websdk.js:0
[  697470ms] [LOG] Status RNK Media - ClickId: null UTM: null @ :3
[  698024ms] [WARNING] [Meta Pixel] - Invalid parameter format for currency. Please refer https://developers.facebook.com/docs/meta-pixel/reference/ for valid parameter specifications. @ https://connect.facebook.net/en_US/fbevents.js:203
[  700422ms] [LOG] %c Widde Video Commerce %c v24604ee %c Build: 21/09/2026 20:39 %c border: 1px solid #2567f8; background: #2567f8; color: #fff; font-weight: bold; padding: 4px 8px; border-radius: 3px 0 0 0; border: 1px solid #2567f8; border-left: none; background: #FFF; color: #2567f8; font-weight: bold; padding: 4px 8px; border: 1px solid #2567f8; border-left: none; background: #f0f0f0; color: #333; font-weight: bold; padding: 4px 8px; border-radius: 0 3px 3px 0; background: transparent @ https://cdn.widde.io/assets/main.utzwjalemu.js:0
[  700512ms] [LOG] %c Tryon Widde.io %c %s %c border: 1px solid #2567f8; background: #2567f8; color: #fff; font-weight: bold; padding: 4px 8px; border-radius: 3px 0 0 3px; border: 1px solid #2567f8; background: #FFF; color: #2567f8; font-weight: bold; padding: 4px 8px; border-radius: 0 3px 3px 0; 47bf7c2 background: transparent @ https://cdn-tryon.widde.io/widde-tryon.js:86
[  700552ms] [LOG] [tryon-tracker] initialized {domain: www.lolacosmetics.com.br} @ https://cdn-tryon.widde.io/widde-tryon.js:8
[  702070ms] Uncaught TypeError: Cannot read properties of undefined (reading 'replace')
    at validaFreteGratis (https://d1hjvew1n9ss7u.cloudfront.net/asset.axd?id=PAEAAB-LCAAAAAAAAAOtj0EPwUAQhf-KzLnsKqu64iBu4oSbOKzt0G2qKztTkQi_3abi6Ob43vfem8wDLIMGxjuLytwM2eCuPOvZ0gRCnrd86k8hgSaGNr5llFE40CdTEyZQXKP_EtuuRREhaA5tJLcIJqM8VSqfZlIO1VilWRYT9puwhStAjyZqIKM4fm1HoPeP333qLi5bYn8RS98wNix2JV6QxNrXRizOwRRGrLbi88ygIngm_1k8YzCOusXD8w1y8dfTPAEAAA%3d%3d:1:7633)
    at <anonymous> (https://d1hjvew1n9ss7u.cloudfront.net/asset.axd?id=PAEAAB-LCAAAAAAAAAOtj0EPwUAQhf-KzLnsKqu64iBu4oSbOKzt0G2qKztTkQi_3abi6Ob43vfem8wDLIMGxjuLytwM2eCuPOvZ0gRCnrd86k8hgSaGNr5llFE40CdTEyZQXKP_EtuuRREhaA5tJLcIJqM8VSqfZlIO1VilWRYT9puwhStAjyZqIKM4fm1HoPeP333qLi5bYn8RS98wNix2JV6QxNrXRizOwRRGrLbi88ygIngm_1k8YzCOusXD8w1y8dfTPAEAAA%3d%3d:1:49808)
    at dispatch (https://d1hjvew1n9ss7u.cloudfront.net/assets/shjs.js?t=639255987001545277:0:32701)
    at a (https://d1hjvew1n9ss7u.cloudfront.net/assets/shjs.js?t=639255987001545277:0:28480)
[  702062ms] [LOG] Banner não encontrado: banner-232 @ https://d1hjvew1n9ss7u.cloudfront.net/asset.axd?id=PAEAAB-LCAAAAAAAAAOtj0EPwUAQhf-KzLnsKqu64iBu4oSbOKzt0G2qKztTkQi_3abi6Ob43vfem8wDLIMGxjuLytwM2eCuPOvZ0gRCnrd86k8hgSaGNr5llFE40CdTEyZQXKP_EtuuRREhaA5tJLcIJqM8VSqfZlIO1VilWRYT9puwhStAjyZqIKM4fm1HoPeP333qLi5bYn8RS98wNix2JV6QxNrXRizOwRRGrLbi88ygIngm_1k8YzCOusXD8w1y8dfTPAEAAA%3d%3d:754
[  706781ms] [WARNING] The resource https://fonts.cdnfonts.com/css/leelawade was preloaded using link preload but not used within a few seconds from the window's load event. Please make sure it has an appropriate `as` value and it is preloaded intentionally. @ https://www.lolacosmetics.com.br/lola-lab:0
[  708949ms] [WARNING] Error with Feature-Policy header: Some features are specified in both Feature-Policy and Permissions-Policy header: payment, fullscreen, microphone, camera. Values defined in Permissions-Policy header will be used. @ :0
[  709278ms] [ERROR] Failed to load resource: the server responded with a status of 500 () @ https://fonts.cdnfonts.com/css/leelawade:0
[  709548ms] [ERROR] Failed to load resource: the server responded with a status of 404 () @ https://lolacosmetics.admin.linxcommerce.com.br/Custom/Content/Themes/Lola/Styles/Fonts/FontAwesome/all.css:0
[  709722ms] [ERROR] Failed to load resource: net::ERR_NAME_NOT_RESOLVED @ https://event.getblue.io/js/blue-tag.min.js:0
[  709730ms] [LOG] Banner não encontrado: banner-232 @ https://d1hjvew1n9ss7u.cloudfront.net/asset.axd?id=iQEAAB-LCAAAAAAAAAOtkE0PATEQhv-KzHnp-qi1FQdxEyfcxKHaQYWtdKYiEX67WnF04vh-PZPMDQyDAsYri4O-aDLBnXnYMHsdCHkUedscQAZVKs19ZMyTcKC2-kiYgT0n_yEW9YpShKA4xJRcUtDvlh0py0GR523Zk52iSA3zaRjrLKhuX7byJDYf2xGo1e37nuqLk0jsT2LiK8aKxXKPJyQx80ctpgthXna0vnUguGe_wMa7oG3NfH_mn8QdBu2oJq7vT6rQ1QGJAQAA:803
[  709736ms] [LOG] [Debug Carrinho] Polling ativo @ https://d1hjvew1n9ss7u.cloudfront.net/asset.axd?id=iQEAAB-LCAAAAAAAAAOtkE0PATEQhv-KzHnp-qi1FQdxEyfcxKHaQYWtdKYiEX67WnF04vh-PZPMDQyDAsYri4O-aDLBnXnYMHsdCHkUedscQAZVKs19ZMyTcKC2-kiYgT0n_yEW9YpShKA4xJRcUtDvlh0py0GR523Zk52iSA3zaRjrLKhuX7byJDYf2xGo1e37nuqLk0jsT2LiK8aKxXKPJyQx80ctpgthXna0vnUguGe_wMa7oG3NfH_mn8QdBu2oJq7vT6rQ1QGJAQAA:1839
[  709885ms] [LOG] teste @ https://d1hjvew1n9ss7u.cloudfront.net/asset.axd?id=iQEAAB-LCAAAAAAAAAOtkE0PATEQhv-KzHnp-qi1FQdxEyfcxKHaQYWtdKYiEX67WnF04vh-PZPMDQyDAsYri4O-aDLBnXnYMHsdCHkUedscQAZVKs19ZMyTcKC2-kiYgT0n_yEW9YpShKA4xJRcUtDvlh0py0GR523Zk52iSA3zaRjrLKhuX7byJDYf2xGo1e37nuqLk0jsT2LiK8aKxXKPJyQx80ctpgthXna0vnUguGe_wMa7oG3NfH_mn8QdBu2oJq7vT6rQ1QGJAQAA:3
[  709885ms] [LOG] conteudo Política de Cookies @ https://d1hjvew1n9ss7u.cloudfront.net/asset.axd?id=iQEAAB-LCAAAAAAAAAOtkE0PATEQhv-KzHnp-qi1FQdxEyfcxKHaQYWtdKYiEX67WnF04vh-PZPMDQyDAsYri4O-aDLBnXnYMHsdCHkUedscQAZVKs19ZMyTcKC2-kiYgT0n_yEW9YpShKA4xJRcUtDvlh0py0GR523Zk52iSA3zaRjrLKhuX7byJDYf2xGo1e37nuqLk0jsT2LiK8aKxXKPJyQx80ctpgthXna0vnUguGe_wMa7oG3NfH_mn8QdBu2oJq7vT6rQ1QGJAQAA:36
[  709885ms] [LOG] conteudoNovo Quem somos @ https://d1hjvew1n9ss7u.cloudfront.net/asset.axd?id=iQEAAB-LCAAAAAAAAAOtkE0PATEQhv-KzHnp-qi1FQdxEyfcxKHaQYWtdKYiEX67WnF04vh-PZPMDQyDAsYri4O-aDLBnXnYMHsdCHkUedscQAZVKs19ZMyTcKC2-kiYgT0n_yEW9YpShKA4xJRcUtDvlh0py0GR523Zk52iSA3zaRjrLKhuX7byJDYf2xGo1e37nuqLk0jsT2LiK8aKxXKPJyQx80ctpgthXna0vnUguGe_wMa7oG3NfH_mn8QdBu2oJq7vT6rQ1QGJAQAA:40
[  709885ms] [LOG] conteudoNovo Este site é seguro? @ https://d1hjvew1n9ss7u.cloudfront.net/asset.axd?id=iQEAAB-LCAAAAAAAAAOtkE0PATEQhv-KzHnp-qi1FQdxEyfcxKHaQYWtdKYiEX67WnF04vh-PZPMDQyDAsYri4O-aDLBnXnYMHsdCHkUedscQAZVKs19ZMyTcKC2-kiYgT0n_yEW9YpShKA4xJRcUtDvlh0py0GR523Zk52iSA3zaRjrLKhuX7byJDYf2xGo1e37nuqLk0jsT2LiK8aKxXKPJyQx80ctpgthXna0vnUguGe_wMa7oG3NfH_mn8QdBu2oJq7vT6rQ1QGJAQAA:40
[  709885ms] [LOG] conteudoNovo Política de Cookies @ https://d1hjvew1n9ss7u.cloudfront.net/asset.axd?id=iQEAAB-LCAAAAAAAAAOtkE0PATEQhv-KzHnp-qi1FQdxEyfcxKHaQYWtdKYiEX67WnF04vh-PZPMDQyDAsYri4O-aDLBnXnYMHsdCHkUedscQAZVKs19ZMyTcKC2-kiYgT0n_yEW9YpShKA4xJRcUtDvlh0py0GR523Zk52iSA3zaRjrLKhuX7byJDYf2xGo1e37nuqLk0jsT2LiK8aKxXKPJyQx80ctpgthXna0vnUguGe_wMa7oG3NfH_mn8QdBu2oJq7vT6rQ1QGJAQAA:40
[  709888ms] [LOG] conteudoNovo Política de Privacidade @ https://d1hjvew1n9ss7u.cloudfront.net/asset.axd?id=iQEAAB-LCAAAAAAAAAOtkE0PATEQhv-KzHnp-qi1FQdxEyfcxKHaQYWtdKYiEX67WnF04vh-PZPMDQyDAsYri4O-aDLBnXnYMHsdCHkUedscQAZVKs19ZMyTcKC2-kiYgT0n_yEW9YpShKA4xJRcUtDvlh0py0GR523Zk52iSA3zaRjrLKhuX7byJDYf2xGo1e37nuqLk0jsT2LiK8aKxXKPJyQx80ctpgthXna0vnUguGe_wMa7oG3NfH_mn8QdBu2oJq7vT6rQ1QGJAQAA:40
[  709888ms] [LOG] conteudoNovo Nossa lojas @ https://d1hjvew1n9ss7u.cloudfront.net/asset.axd?id=iQEAAB-LCAAAAAAAAAOtkE0PATEQhv-KzHnp-qi1FQdxEyfcxKHaQYWtdKYiEX67WnF04vh-PZPMDQyDAsYri4O-aDLBnXnYMHsdCHkUedscQAZVKs19ZMyTcKC2-kiYgT0n_yEW9YpShKA4xJRcUtDvlh0py0GR523Zk52iSA3zaRjrLKhuX7byJDYf2xGo1e37nuqLk0jsT2LiK8aKxXKPJyQx80ctpgthXna0vnUguGe_wMa7oG3NfH_mn8QdBu2oJq7vT6rQ1QGJAQAA:40
[  709888ms] [LOG] conteudoNovo Trabalhe Conosco @ https://d1hjvew1n9ss7u.cloudfront.net/asset.axd?id=iQEAAB-LCAAAAAAAAAOtkE0PATEQhv-KzHnp-qi1FQdxEyfcxKHaQYWtdKYiEX67WnF04vh-PZPMDQyDAsYri4O-aDLBnXnYMHsdCHkUedscQAZVKs19ZMyTcKC2-kiYgT0n_yEW9YpShKA4xJRcUtDvlh0py0GR523Zk52iSA3zaRjrLKhuX7byJDYf2xGo1e37nuqLk0jsT2LiK8aKxXKPJyQx80ctpgthXna0vnUguGe_wMa7oG3NfH_mn8QdBu2oJq7vT6rQ1QGJAQAA:40
[  709889ms] [LOG] conteudoNovo Lola Lab @ https://d1hjvew1n9ss7u.cloudfront.net/asset.axd?id=iQEAAB-LCAAAAAAAAAOtkE0PATEQhv-KzHnp-qi1FQdxEyfcxKHaQYWtdKYiEX67WnF04vh-PZPMDQyDAsYri4O-aDLBnXnYMHsdCHkUedscQAZVKs19ZMyTcKC2-kiYgT0n_yEW9YpShKA4xJRcUtDvlh0py0GR523Zk52iSA3zaRjrLKhuX7byJDYf2xGo1e37nuqLk0jsT2LiK8aKxXKPJyQx80ctpgthXna0vnUguGe_wMa7oG3NfH_mn8QdBu2oJq7vT6rQ1QGJAQAA:40
[  709894ms] [LOG] conteudoNovo Revenda @ https://d1hjvew1n9ss7u.cloudfront.net/asset.axd?id=iQEAAB-LCAAAAAAAAAOtkE0PATEQhv-KzHnp-qi1FQdxEyfcxKHaQYWtdKYiEX67WnF04vh-PZPMDQyDAsYri4O-aDLBnXnYMHsdCHkUedscQAZVKs19ZMyTcKC2-kiYgT0n_yEW9YpShKA4xJRcUtDvlh0py0GR523Zk52iSA3zaRjrLKhuX7byJDYf2xGo1e37nuqLk0jsT2LiK8aKxXKPJyQx80ctpgthXna0vnUguGe_wMa7oG3NfH_mn8QdBu2oJq7vT6rQ1QGJAQAA:40
[  709894ms] [LOG] conteudoNovo Afiliados @ https://d1hjvew1n9ss7u.cloudfront.net/asset.axd?id=iQEAAB-LCAAAAAAAAAOtkE0PATEQhv-KzHnp-qi1FQdxEyfcxKHaQYWtdKYiEX67WnF04vh-PZPMDQyDAsYri4O-aDLBnXnYMHsdCHkUedscQAZVKs19ZMyTcKC2-kiYgT0n_yEW9YpShKA4xJRcUtDvlh0py0GR523Zk52iSA3zaRjrLKhuX7byJDYf2xGo1e37nuqLk0jsT2LiK8aKxXKPJyQx80ctpgthXna0vnUguGe_wMa7oG3NfH_mn8QdBu2oJq7vT6rQ1QGJAQAA:40
[  709896ms] [LOG] conteudoNovo Prazos de atendimento @ https://d1hjvew1n9ss7u.cloudfront.net/asset.axd?id=iQEAAB-LCAAAAAAAAAOtkE0PATEQhv-KzHnp-qi1FQdxEyfcxKHaQYWtdKYiEX67WnF04vh-PZPMDQyDAsYri4O-aDLBnXnYMHsdCHkUedscQAZVKs19ZMyTcKC2-kiYgT0n_yEW9YpShKA4xJRcUtDvlh0py0GR523Zk52iSA3zaRjrLKhuX7byJDYf2xGo1e37nuqLk0jsT2LiK8aKxXKPJyQx80ctpgthXna0vnUguGe_wMa7oG3NfH_mn8QdBu2oJq7vT6rQ1QGJAQAA:40
[  709898ms] [LOG] conteudoNovo Entrega e envios @ https://d1hjvew1n9ss7u.cloudfront.net/asset.axd?id=iQEAAB-LCAAAAAAAAAOtkE0PATEQhv-KzHnp-qi1FQdxEyfcxKHaQYWtdKYiEX67WnF04vh-PZPMDQyDAsYri4O-aDLBnXnYMHsdCHkUedscQAZVKs19ZMyTcKC2-kiYgT0n_yEW9YpShKA4xJRcUtDvlh0py0GR523Zk52iSA3zaRjrLKhuX7byJDYf2xGo1e37nuqLk0jsT2LiK8aKxXKPJyQx80ctpgthXna0vnUguGe_wMa7oG3NfH_mn8QdBu2oJq7vT6rQ1QGJAQAA:40
[  709898ms] [LOG] conteudoNovo Pagamento @ https://d1hjvew1n9ss7u.cloudfront.net/asset.axd?id=iQEAAB-LCAAAAAAAAAOtkE0PATEQhv-KzHnp-qi1FQdxEyfcxKHaQYWtdKYiEX67WnF04vh-PZPMDQyDAsYri4O-aDLBnXnYMHsdCHkUedscQAZVKs19ZMyTcKC2-kiYgT0n_yEW9YpShKA4xJRcUtDvlh0py0GR523Zk52iSA3zaRjrLKhuX7byJDYf2xGo1e37nuqLk0jsT2LiK8aKxXKPJyQx80ctpgthXna0vnUguGe_wMa7oG3NfH_mn8QdBu2oJq7vT6rQ1QGJAQAA:40
[  709898ms] [LOG] conteudoNovo Trocas e devoluções @ https://d1hjvew1n9ss7u.cloudfront.net/asset.axd?id=iQEAAB-LCAAAAAAAAAOtkE0PATEQhv-KzHnp-qi1FQdxEyfcxKHaQYWtdKYiEX67WnF04vh-PZPMDQyDAsYri4O-aDLBnXnYMHsdCHkUedscQAZVKs19ZMyTcKC2-kiYgT0n_yEW9YpShKA4xJRcUtDvlh0py0GR523Zk52iSA3zaRjrLKhuX7byJDYf2xGo1e37nuqLk0jsT2LiK8aKxXKPJyQx80ctpgthXna0vnUguGe_wMa7oG3NfH_mn8QdBu2oJq7vT6rQ1QGJAQAA:40
[  709898ms] [LOG] conteudoNovo Perguntas Frequentes @ https://d1hjvew1n9ss7u.cloudfront.net/asset.axd?id=iQEAAB-LCAAAAAAAAAOtkE0PATEQhv-KzHnp-qi1FQdxEyfcxKHaQYWtdKYiEX67WnF04vh-PZPMDQyDAsYri4O-aDLBnXnYMHsdCHkUedscQAZVKs19ZMyTcKC2-kiYgT0n_yEW9YpShKA4xJRcUtDvlh0py0GR523Zk52iSA3zaRjrLKhuX7byJDYf2xGo1e37nuqLk0jsT2LiK8aKxXKPJyQx80ctpgthXna0vnUguGe_wMa7oG3NfH_mn8QdBu2oJq7vT6rQ1QGJAQAA:40
[  709898ms] [LOG] conteudoNovo Como rastrear pedidos @ https://d1hjvew1n9ss7u.cloudfront.net/asset.axd?id=iQEAAB-LCAAAAAAAAAOtkE0PATEQhv-KzHnp-qi1FQdxEyfcxKHaQYWtdKYiEX67WnF04vh-PZPMDQyDAsYri4O-aDLBnXnYMHsdCHkUedscQAZVKs19ZMyTcKC2-kiYgT0n_yEW9YpShKA4xJRcUtDvlh0py0GR523Zk52iSA3zaRjrLKhuX7byJDYf2xGo1e37nuqLk0jsT2LiK8aKxXKPJyQx80ctpgthXna0vnUguGe_wMa7oG3NfH_mn8QdBu2oJq7vT6rQ1QGJAQAA:40
[  709898ms] [LOG] conteudoNovo Regulamento Promocional @ https://d1hjvew1n9ss7u.cloudfront.net/asset.axd?id=iQEAAB-LCAAAAAAAAAOtkE0PATEQhv-KzHnp-qi1FQdxEyfcxKHaQYWtdKYiEX67WnF04vh-PZPMDQyDAsYri4O-aDLBnXnYMHsdCHkUedscQAZVKs19ZMyTcKC2-kiYgT0n_yEW9YpShKA4xJRcUtDvlh0py0GR523Zk52iSA3zaRjrLKhuX7byJDYf2xGo1e37nuqLk0jsT2LiK8aKxXKPJyQx80ctpgthXna0vnUguGe_wMa7oG3NfH_mn8QdBu2oJq7vT6rQ1QGJAQAA:40
[  709898ms] [LOG] conteudoNovo Cashback @ https://d1hjvew1n9ss7u.cloudfront.net/asset.axd?id=iQEAAB-LCAAAAAAAAAOtkE0PATEQhv-KzHnp-qi1FQdxEyfcxKHaQYWtdKYiEX67WnF04vh-PZPMDQyDAsYri4O-aDLBnXnYMHsdCHkUedscQAZVKs19ZMyTcKC2-kiYgT0n_yEW9YpShKA4xJRcUtDvlh0py0GR523Zk52iSA3zaRjrLKhuX7byJDYf2xGo1e37nuqLk0jsT2LiK8aKxXKPJyQx80ctpgthXna0vnUguGe_wMa7oG3NfH_mn8QdBu2oJq7vT6rQ1QGJAQAA:40
[  709903ms] [WARNING] !! Há erros de scripts de terceiros !!
Por favor, contate a Empresa responsável pelo script.  @ https://d1hjvew1n9ss7u.cloudfront.net/assets/shjs.js?t=639255987001545277:0
[  709940ms] Uncaught Error: You must pass a string or Handlebars AST to Handlebars.compile. You passed null
    at e.compile (https://d1hjvew1n9ss7u.cloudfront.net/asset.axd?id=iQEAAB-LCAAAAAAAAAOtkE0PATEQhv-KzHnp-qi1FQdxEyfcxKHaQYWtdKYiEX67WnF04vh-PZPMDQyDAsYri4O-aDLBnXnYMHsdCHkUedscQAZVKs19ZMyTcKC2-kiYgT0n_yEW9YpShKA4xJRcUtDvlh0py0GR523Zk52iSA3zaRjrLKhuX7byJDYf2xGo1e37nuqLk0jsT2LiK8aKxXKPJyQx80ctpgthXna0vnUguGe_wMa7oG3NfH_mn8QdBu2oJq7vT6rQ1QGJAQAA:1843:49302)
    at i.compile (https://d1hjvew1n9ss7u.cloudfront.net/asset.axd?id=iQEAAB-LCAAAAAAAAAOtkE0PATEQhv-KzHnp-qi1FQdxEyfcxKHaQYWtdKYiEX67WnF04vh-PZPMDQyDAsYri4O-aDLBnXnYMHsdCHkUedscQAZVKs19ZMyTcKC2-kiYgT0n_yEW9YpShKA4xJRcUtDvlh0py0GR523Zk52iSA3zaRjrLKhuX7byJDYf2xGo1e37nuqLk0jsT2LiK8aKxXKPJyQx80ctpgthXna0vnUguGe_wMa7oG3NfH_mn8QdBu2oJq7vT6rQ1QGJAQAA:1843:343)
    at renderBasket (https://d1hjvew1n9ss7u.cloudfront.net/asset.axd?id=iQEAAB-LCAAAAAAAAAOtkE0PATEQhv-KzHnp-qi1FQdxEyfcxKHaQYWtdKYiEX67WnF04vh-PZPMDQyDAsYri4O-aDLBnXnYMHsdCHkUedscQAZVKs19ZMyTcKC2-kiYgT0n_yEW9YpShKA4xJRcUtDvlh0py0GR523Zk52iSA3zaRjrLKhuX7byJDYf2xGo1e37nuqLk0jsT2LiK8aKxXKPJyQx80ctpgthXna0vnUguGe_wMa7oG3NfH_mn8QdBu2oJq7vT6rQ1QGJAQAA:78:27)
    at <anonymous> (https://d1hjvew1n9ss7u.cloudfront.net/asset.axd?id=iQEAAB-LCAAAAAAAAAOtkE0PATEQhv-KzHnp-qi1FQdxEyfcxKHaQYWtdKYiEX67WnF04vh-PZPMDQyDAsYri4O-aDLBnXnYMHsdCHkUedscQAZVKs19ZMyTcKC2-kiYgT0n_yEW9YpShKA4xJRcUtDvlh0py0GR523Zk52iSA3zaRjrLKhuX7byJDYf2xGo1e37nuqLk0jsT2LiK8aKxXKPJyQx80ctpgthXna0vnUguGe_wMa7oG3NfH_mn8QdBu2oJq7vT6rQ1QGJAQAA:269:1)
    at f (https://d1hjvew1n9ss7u.cloudfront.net/assets/shjs.js?t=639255987001545277:0:10382)
    at fireWith (https://d1hjvew1n9ss7u.cloudfront.net/assets/shjs.js?t=639255987001545277:0:11137)
    at ready (https://d1hjvew1n9ss7u.cloudfront.net/assets/shjs.js?t=639255987001545277:0:5238)
    at r (https://d1hjvew1n9ss7u.cloudfront.net/assets/shjs.js?t=639255987001545277:0:9748)
[  709947ms] [VERBOSE] [DOM] Input elements should have autocomplete attributes (suggested: "current-password"): (More info: https://goo.gl/9p2vKq) %o @ https://www.lolacosmetics.com.br/conteudo/sobre/politica-de-cookies:0
[  709948ms] [VERBOSE] [DOM] Input elements should have autocomplete attributes (suggested: "current-password"): (More info: https://goo.gl/9p2vKq) %o @ https://www.lolacosmetics.com.br/conteudo/sobre/politica-de-cookies:0
[  710023ms] [LOG] AffiseStorage availability: {cookie: true, localStorage: true, sessionStorage: true} @ https://rankmediabrasil.g2afse.com/websdk.js:0
[  710024ms] [LOG] Status RNK Media - ClickId: null UTM: null @ :3
[  710702ms] [WARNING] [Meta Pixel] - Invalid parameter format for currency. Please refer https://developers.facebook.com/docs/meta-pixel/reference/ for valid parameter specifications. @ https://connect.facebook.net/en_US/fbevents.js:203
[  710993ms] Uncaught TypeError: Cannot read properties of undefined (reading 'replace')
    at validaFreteGratis (https://d1hjvew1n9ss7u.cloudfront.net/asset.axd?id=iQEAAB-LCAAAAAAAAAOtkE0PATEQhv-KzHnp-qi1FQdxEyfcxKHaQYWtdKYiEX67WnF04vh-PZPMDQyDAsYri4O-aDLBnXnYMHsdCHkUedscQAZVKs19ZMyTcKC2-kiYgT0n_yEW9YpShKA4xJRcUtDvlh0py0GR523Zk52iSA3zaRjrLKhuX7byJDYf2xGo1e37nuqLk0jsT2LiK8aKxXKPJyQx80ctpgthXna0vnUguGe_wMa7oG3NfH_mn8QdBu2oJq7vT6rQ1QGJAQAA:50:7633)
    at <anonymous> (https://d1hjvew1n9ss7u.cloudfront.net/asset.axd?id=iQEAAB-LCAAAAAAAAAOtkE0PATEQhv-KzHnp-qi1FQdxEyfcxKHaQYWtdKYiEX67WnF04vh-PZPMDQyDAsYri4O-aDLBnXnYMHsdCHkUedscQAZVKs19ZMyTcKC2-kiYgT0n_yEW9YpShKA4xJRcUtDvlh0py0GR523Zk52iSA3zaRjrLKhuX7byJDYf2xGo1e37nuqLk0jsT2LiK8aKxXKPJyQx80ctpgthXna0vnUguGe_wMa7oG3NfH_mn8QdBu2oJq7vT6rQ1QGJAQAA:50:49808)
    at dispatch (https://d1hjvew1n9ss7u.cloudfront.net/assets/shjs.js?t=639255987001545277:0:32701)
    at a (https://d1hjvew1n9ss7u.cloudfront.net/assets/shjs.js?t=639255987001545277:0:28480)
[  710990ms] [LOG] Banner não encontrado: banner-232 @ https://d1hjvew1n9ss7u.cloudfront.net/asset.axd?id=iQEAAB-LCAAAAAAAAAOtkE0PATEQhv-KzHnp-qi1FQdxEyfcxKHaQYWtdKYiEX67WnF04vh-PZPMDQyDAsYri4O-aDLBnXnYMHsdCHkUedscQAZVKs19ZMyTcKC2-kiYgT0n_yEW9YpShKA4xJRcUtDvlh0py0GR523Zk52iSA3zaRjrLKhuX7byJDYf2xGo1e37nuqLk0jsT2LiK8aKxXKPJyQx80ctpgthXna0vnUguGe_wMa7oG3NfH_mn8QdBu2oJq7vT6rQ1QGJAQAA:803
[  711020ms] [LOG] %c Widde Video Commerce %c v24604ee %c Build: 21/09/2026 20:39 %c border: 1px solid #2567f8; background: #2567f8; color: #fff; font-weight: bold; padding: 4px 8px; border-radius: 3px 0 0 0; border: 1px solid #2567f8; border-left: none; background: #FFF; color: #2567f8; font-weight: bold; padding: 4px 8px; border: 1px solid #2567f8; border-left: none; background: #f0f0f0; color: #333; font-weight: bold; padding: 4px 8px; border-radius: 0 3px 3px 0; background: transparent @ https://cdn.widde.io/assets/main.utzwjalemu.js:0
[  711117ms] [LOG] %c Tryon Widde.io %c %s %c border: 1px solid #2567f8; background: #2567f8; color: #fff; font-weight: bold; padding: 4px 8px; border-radius: 3px 0 0 3px; border: 1px solid #2567f8; background: #FFF; color: #2567f8; font-weight: bold; padding: 4px 8px; border-radius: 0 3px 3px 0; 47bf7c2 background: transparent @ https://cdn-tryon.widde.io/widde-tryon.js:86
[  711151ms] [LOG] [tryon-tracker] initialized {domain: www.lolacosmetics.com.br} @ https://cdn-tryon.widde.io/widde-tryon.js:8
[  717975ms] [WARNING] Error with Feature-Policy header: Some features are specified in both Feature-Policy and Permissions-Policy header: payment, fullscreen, microphone, camera. Values defined in Permissions-Policy header will be used. @ :0
[  718318ms] [ERROR] Failed to load resource: the server responded with a status of 500 () @ https://fonts.cdnfonts.com/css/leelawade:0
[  718593ms] [ERROR] Failed to load resource: the server responded with a status of 404 () @ https://lolacosmetics.admin.linxcommerce.com.br/Custom/Content/Themes/Lola/Styles/Fonts/FontAwesome/all.css:0
[  719201ms] [LOG] AffiseStorage availability: {cookie: true, localStorage: true, sessionStorage: true} @ https://rankmediabrasil.g2afse.com/websdk.js:0
[  719223ms] [LOG] Status RNK Media - ClickId: null UTM: null @ :3
[  719254ms] [LOG] Banner não encontrado: banner-232 @ https://d1hjvew1n9ss7u.cloudfront.net/asset.axd?id=iQEAAB-LCAAAAAAAAAOtkE0PATEQhv-KzHnp-qi1FQdxEyfcxKHaQYWtdKYiEX67WnF04vh-PZPMDQyDAsYri4O-aDLBnXnYMHsdCHkUedscQAZVKs19ZMyTcKC2-kiYgT0n_yEW9YpShKA4xJRcUtDvlh0py0GR523Zk52iSA3zaRjrLKhuX7byJDYf2xGo1e37nuqLk0jsT2LiK8aKxXKPJyQx80ctpgthXna0vnUguGe_wMa7oG3NfH_mn8QdBu2oJq7vT6rQ1QGJAQAA:803
[  719274ms] [LOG] [Debug Carrinho] Polling ativo @ https://d1hjvew1n9ss7u.cloudfront.net/asset.axd?id=iQEAAB-LCAAAAAAAAAOtkE0PATEQhv-KzHnp-qi1FQdxEyfcxKHaQYWtdKYiEX67WnF04vh-PZPMDQyDAsYri4O-aDLBnXnYMHsdCHkUedscQAZVKs19ZMyTcKC2-kiYgT0n_yEW9YpShKA4xJRcUtDvlh0py0GR523Zk52iSA3zaRjrLKhuX7byJDYf2xGo1e37nuqLk0jsT2LiK8aKxXKPJyQx80ctpgthXna0vnUguGe_wMa7oG3NfH_mn8QdBu2oJq7vT6rQ1QGJAQAA:1839
[  719406ms] [LOG] teste @ https://d1hjvew1n9ss7u.cloudfront.net/asset.axd?id=iQEAAB-LCAAAAAAAAAOtkE0PATEQhv-KzHnp-qi1FQdxEyfcxKHaQYWtdKYiEX67WnF04vh-PZPMDQyDAsYri4O-aDLBnXnYMHsdCHkUedscQAZVKs19ZMyTcKC2-kiYgT0n_yEW9YpShKA4xJRcUtDvlh0py0GR523Zk52iSA3zaRjrLKhuX7byJDYf2xGo1e37nuqLk0jsT2LiK8aKxXKPJyQx80ctpgthXna0vnUguGe_wMa7oG3NfH_mn8QdBu2oJq7vT6rQ1QGJAQAA:3
[  719406ms] [LOG] conteudo Política de Privacidade @ https://d1hjvew1n9ss7u.cloudfront.net/asset.axd?id=iQEAAB-LCAAAAAAAAAOtkE0PATEQhv-KzHnp-qi1FQdxEyfcxKHaQYWtdKYiEX67WnF04vh-PZPMDQyDAsYri4O-aDLBnXnYMHsdCHkUedscQAZVKs19ZMyTcKC2-kiYgT0n_yEW9YpShKA4xJRcUtDvlh0py0GR523Zk52iSA3zaRjrLKhuX7byJDYf2xGo1e37nuqLk0jsT2LiK8aKxXKPJyQx80ctpgthXna0vnUguGe_wMa7oG3NfH_mn8QdBu2oJq7vT6rQ1QGJAQAA:36
[  719407ms] [LOG] conteudoNovo Quem somos @ https://d1hjvew1n9ss7u.cloudfront.net/asset.axd?id=iQEAAB-LCAAAAAAAAAOtkE0PATEQhv-KzHnp-qi1FQdxEyfcxKHaQYWtdKYiEX67WnF04vh-PZPMDQyDAsYri4O-aDLBnXnYMHsdCHkUedscQAZVKs19ZMyTcKC2-kiYgT0n_yEW9YpShKA4xJRcUtDvlh0py0GR523Zk52iSA3zaRjrLKhuX7byJDYf2xGo1e37nuqLk0jsT2LiK8aKxXKPJyQx80ctpgthXna0vnUguGe_wMa7oG3NfH_mn8QdBu2oJq7vT6rQ1QGJAQAA:40
[  719407ms] [LOG] conteudoNovo Este site é seguro? @ https://d1hjvew1n9ss7u.cloudfront.net/asset.axd?id=iQEAAB-LCAAAAAAAAAOtkE0PATEQhv-KzHnp-qi1FQdxEyfcxKHaQYWtdKYiEX67WnF04vh-PZPMDQyDAsYri4O-aDLBnXnYMHsdCHkUedscQAZVKs19ZMyTcKC2-kiYgT0n_yEW9YpShKA4xJRcUtDvlh0py0GR523Zk52iSA3zaRjrLKhuX7byJDYf2xGo1e37nuqLk0jsT2LiK8aKxXKPJyQx80ctpgthXna0vnUguGe_wMa7oG3NfH_mn8QdBu2oJq7vT6rQ1QGJAQAA:40
[  719407ms] [LOG] conteudoNovo Política de Cookies @ https://d1hjvew1n9ss7u.cloudfront.net/asset.axd?id=iQEAAB-LCAAAAAAAAAOtkE0PATEQhv-KzHnp-qi1FQdxEyfcxKHaQYWtdKYiEX67WnF04vh-PZPMDQyDAsYri4O-aDLBnXnYMHsdCHkUedscQAZVKs19ZMyTcKC2-kiYgT0n_yEW9YpShKA4xJRcUtDvlh0py0GR523Zk52iSA3zaRjrLKhuX7byJDYf2xGo1e37nuqLk0jsT2LiK8aKxXKPJyQx80ctpgthXna0vnUguGe_wMa7oG3NfH_mn8QdBu2oJq7vT6rQ1QGJAQAA:40
[  719407ms] [LOG] conteudoNovo Política de Privacidade @ https://d1hjvew1n9ss7u.cloudfront.net/asset.axd?id=iQEAAB-LCAAAAAAAAAOtkE0PATEQhv-KzHnp-qi1FQdxEyfcxKHaQYWtdKYiEX67WnF04vh-PZPMDQyDAsYri4O-aDLBnXnYMHsdCHkUedscQAZVKs19ZMyTcKC2-kiYgT0n_yEW9YpShKA4xJRcUtDvlh0py0GR523Zk52iSA3zaRjrLKhuX7byJDYf2xGo1e37nuqLk0jsT2LiK8aKxXKPJyQx80ctpgthXna0vnUguGe_wMa7oG3NfH_mn8QdBu2oJq7vT6rQ1QGJAQAA:40
[  719407ms] [LOG] conteudoNovo Nossa lojas @ https://d1hjvew1n9ss7u.cloudfront.net/asset.axd?id=iQEAAB-LCAAAAAAAAAOtkE0PATEQhv-KzHnp-qi1FQdxEyfcxKHaQYWtdKYiEX67WnF04vh-PZPMDQyDAsYri4O-aDLBnXnYMHsdCHkUedscQAZVKs19ZMyTcKC2-kiYgT0n_yEW9YpShKA4xJRcUtDvlh0py0GR523Zk52iSA3zaRjrLKhuX7byJDYf2xGo1e37nuqLk0jsT2LiK8aKxXKPJyQx80ctpgthXna0vnUguGe_wMa7oG3NfH_mn8QdBu2oJq7vT6rQ1QGJAQAA:40
[  719407ms] [LOG] conteudoNovo Trabalhe Conosco @ https://d1hjvew1n9ss7u.cloudfront.net/asset.axd?id=iQEAAB-LCAAAAAAAAAOtkE0PATEQhv-KzHnp-qi1FQdxEyfcxKHaQYWtdKYiEX67WnF04vh-PZPMDQyDAsYri4O-aDLBnXnYMHsdCHkUedscQAZVKs19ZMyTcKC2-kiYgT0n_yEW9YpShKA4xJRcUtDvlh0py0GR523Zk52iSA3zaRjrLKhuX7byJDYf2xGo1e37nuqLk0jsT2LiK8aKxXKPJyQx80ctpgthXna0vnUguGe_wMa7oG3NfH_mn8QdBu2oJq7vT6rQ1QGJAQAA:40
[  719407ms] [LOG] conteudoNovo Lola Lab @ https://d1hjvew1n9ss7u.cloudfront.net/asset.axd?id=iQEAAB-LCAAAAAAAAAOtkE0PATEQhv-KzHnp-qi1FQdxEyfcxKHaQYWtdKYiEX67WnF04vh-PZPMDQyDAsYri4O-aDLBnXnYMHsdCHkUedscQAZVKs19ZMyTcKC2-kiYgT0n_yEW9YpShKA4xJRcUtDvlh0py0GR523Zk52iSA3zaRjrLKhuX7byJDYf2xGo1e37nuqLk0jsT2LiK8aKxXKPJyQx80ctpgthXna0vnUguGe_wMa7oG3NfH_mn8QdBu2oJq7vT6rQ1QGJAQAA:40
[  719407ms] [LOG] conteudoNovo Revenda @ https://d1hjvew1n9ss7u.cloudfront.net/asset.axd?id=iQEAAB-LCAAAAAAAAAOtkE0PATEQhv-KzHnp-qi1FQdxEyfcxKHaQYWtdKYiEX67WnF04vh-PZPMDQyDAsYri4O-aDLBnXnYMHsdCHkUedscQAZVKs19ZMyTcKC2-kiYgT0n_yEW9YpShKA4xJRcUtDvlh0py0GR523Zk52iSA3zaRjrLKhuX7byJDYf2xGo1e37nuqLk0jsT2LiK8aKxXKPJyQx80ctpgthXna0vnUguGe_wMa7oG3NfH_mn8QdBu2oJq7vT6rQ1QGJAQAA:40
[  719407ms] [LOG] conteudoNovo Afiliados @ https://d1hjvew1n9ss7u.cloudfront.net/asset.axd?id=iQEAAB-LCAAAAAAAAAOtkE0PATEQhv-KzHnp-qi1FQdxEyfcxKHaQYWtdKYiEX67WnF04vh-PZPMDQyDAsYri4O-aDLBnXnYMHsdCHkUedscQAZVKs19ZMyTcKC2-kiYgT0n_yEW9YpShKA4xJRcUtDvlh0py0GR523Zk52iSA3zaRjrLKhuX7byJDYf2xGo1e37nuqLk0jsT2LiK8aKxXKPJyQx80ctpgthXna0vnUguGe_wMa7oG3NfH_mn8QdBu2oJq7vT6rQ1QGJAQAA:40
[  719407ms] [LOG] conteudoNovo Prazos de atendimento @ https://d1hjvew1n9ss7u.cloudfront.net/asset.axd?id=iQEAAB-LCAAAAAAAAAOtkE0PATEQhv-KzHnp-qi1FQdxEyfcxKHaQYWtdKYiEX67WnF04vh-PZPMDQyDAsYri4O-aDLBnXnYMHsdCHkUedscQAZVKs19ZMyTcKC2-kiYgT0n_yEW9YpShKA4xJRcUtDvlh0py0GR523Zk52iSA3zaRjrLKhuX7byJDYf2xGo1e37nuqLk0jsT2LiK8aKxXKPJyQx80ctpgthXna0vnUguGe_wMa7oG3NfH_mn8QdBu2oJq7vT6rQ1QGJAQAA:40
[  719407ms] [LOG] conteudoNovo Entrega e envios @ https://d1hjvew1n9ss7u.cloudfront.net/asset.axd?id=iQEAAB-LCAAAAAAAAAOtkE0PATEQhv-KzHnp-qi1FQdxEyfcxKHaQYWtdKYiEX67WnF04vh-PZPMDQyDAsYri4O-aDLBnXnYMHsdCHkUedscQAZVKs19ZMyTcKC2-kiYgT0n_yEW9YpShKA4xJRcUtDvlh0py0GR523Zk52iSA3zaRjrLKhuX7byJDYf2xGo1e37nuqLk0jsT2LiK8aKxXKPJyQx80ctpgthXna0vnUguGe_wMa7oG3NfH_mn8QdBu2oJq7vT6rQ1QGJAQAA:40
[  719407ms] [LOG] conteudoNovo Pagamento @ https://d1hjvew1n9ss7u.cloudfront.net/asset.axd?id=iQEAAB-LCAAAAAAAAAOtkE0PATEQhv-KzHnp-qi1FQdxEyfcxKHaQYWtdKYiEX67WnF04vh-PZPMDQyDAsYri4O-aDLBnXnYMHsdCHkUedscQAZVKs19ZMyTcKC2-kiYgT0n_yEW9YpShKA4xJRcUtDvlh0py0GR523Zk52iSA3zaRjrLKhuX7byJDYf2xGo1e37nuqLk0jsT2LiK8aKxXKPJyQx80ctpgthXna0vnUguGe_wMa7oG3NfH_mn8QdBu2oJq7vT6rQ1QGJAQAA:40
[  719407ms] [LOG] conteudoNovo Trocas e devoluções @ https://d1hjvew1n9ss7u.cloudfront.net/asset.axd?id=iQEAAB-LCAAAAAAAAAOtkE0PATEQhv-KzHnp-qi1FQdxEyfcxKHaQYWtdKYiEX67WnF04vh-PZPMDQyDAsYri4O-aDLBnXnYMHsdCHkUedscQAZVKs19ZMyTcKC2-kiYgT0n_yEW9YpShKA4xJRcUtDvlh0py0GR523Zk52iSA3zaRjrLKhuX7byJDYf2xGo1e37nuqLk0jsT2LiK8aKxXKPJyQx80ctpgthXna0vnUguGe_wMa7oG3NfH_mn8QdBu2oJq7vT6rQ1QGJAQAA:40
[  719407ms] [LOG] conteudoNovo Perguntas Frequentes @ https://d1hjvew1n9ss7u.cloudfront.net/asset.axd?id=iQEAAB-LCAAAAAAAAAOtkE0PATEQhv-KzHnp-qi1FQdxEyfcxKHaQYWtdKYiEX67WnF04vh-PZPMDQyDAsYri4O-aDLBnXnYMHsdCHkUedscQAZVKs19ZMyTcKC2-kiYgT0n_yEW9YpShKA4xJRcUtDvlh0py0GR523Zk52iSA3zaRjrLKhuX7byJDYf2xGo1e37nuqLk0jsT2LiK8aKxXKPJyQx80ctpgthXna0vnUguGe_wMa7oG3NfH_mn8QdBu2oJq7vT6rQ1QGJAQAA:40
[  719407ms] [LOG] conteudoNovo Como rastrear pedidos @ https://d1hjvew1n9ss7u.cloudfront.net/asset.axd?id=iQEAAB-LCAAAAAAAAAOtkE0PATEQhv-KzHnp-qi1FQdxEyfcxKHaQYWtdKYiEX67WnF04vh-PZPMDQyDAsYri4O-aDLBnXnYMHsdCHkUedscQAZVKs19ZMyTcKC2-kiYgT0n_yEW9YpShKA4xJRcUtDvlh0py0GR523Zk52iSA3zaRjrLKhuX7byJDYf2xGo1e37nuqLk0jsT2LiK8aKxXKPJyQx80ctpgthXna0vnUguGe_wMa7oG3NfH_mn8QdBu2oJq7vT6rQ1QGJAQAA:40
[  719407ms] [LOG] conteudoNovo Regulamento Promocional @ https://d1hjvew1n9ss7u.cloudfront.net/asset.axd?id=iQEAAB-LCAAAAAAAAAOtkE0PATEQhv-KzHnp-qi1FQdxEyfcxKHaQYWtdKYiEX67WnF04vh-PZPMDQyDAsYri4O-aDLBnXnYMHsdCHkUedscQAZVKs19ZMyTcKC2-kiYgT0n_yEW9YpShKA4xJRcUtDvlh0py0GR523Zk52iSA3zaRjrLKhuX7byJDYf2xGo1e37nuqLk0jsT2LiK8aKxXKPJyQx80ctpgthXna0vnUguGe_wMa7oG3NfH_mn8QdBu2oJq7vT6rQ1QGJAQAA:40
[  719407ms] [LOG] conteudoNovo Cashback @ https://d1hjvew1n9ss7u.cloudfront.net/asset.axd?id=iQEAAB-LCAAAAAAAAAOtkE0PATEQhv-KzHnp-qi1FQdxEyfcxKHaQYWtdKYiEX67WnF04vh-PZPMDQyDAsYri4O-aDLBnXnYMHsdCHkUedscQAZVKs19ZMyTcKC2-kiYgT0n_yEW9YpShKA4xJRcUtDvlh0py0GR523Zk52iSA3zaRjrLKhuX7byJDYf2xGo1e37nuqLk0jsT2LiK8aKxXKPJyQx80ctpgthXna0vnUguGe_wMa7oG3NfH_mn8QdBu2oJq7vT6rQ1QGJAQAA:40
[  719409ms] [WARNING] !! Há erros de scripts de terceiros !!
Por favor, contate a Empresa responsável pelo script.  @ https://d1hjvew1n9ss7u.cloudfront.net/assets/shjs.js?t=639255987001545277:0
[  719420ms] Uncaught Error: You must pass a string or Handlebars AST to Handlebars.compile. You passed null
    at e.compile (https://d1hjvew1n9ss7u.cloudfront.net/asset.axd?id=iQEAAB-LCAAAAAAAAAOtkE0PATEQhv-KzHnp-qi1FQdxEyfcxKHaQYWtdKYiEX67WnF04vh-PZPMDQyDAsYri4O-aDLBnXnYMHsdCHkUedscQAZVKs19ZMyTcKC2-kiYgT0n_yEW9YpShKA4xJRcUtDvlh0py0GR523Zk52iSA3zaRjrLKhuX7byJDYf2xGo1e37nuqLk0jsT2LiK8aKxXKPJyQx80ctpgthXna0vnUguGe_wMa7oG3NfH_mn8QdBu2oJq7vT6rQ1QGJAQAA:1843:49302)
    at i.compile (https://d1hjvew1n9ss7u.cloudfront.net/asset.axd?id=iQEAAB-LCAAAAAAAAAOtkE0PATEQhv-KzHnp-qi1FQdxEyfcxKHaQYWtdKYiEX67WnF04vh-PZPMDQyDAsYri4O-aDLBnXnYMHsdCHkUedscQAZVKs19ZMyTcKC2-kiYgT0n_yEW9YpShKA4xJRcUtDvlh0py0GR523Zk52iSA3zaRjrLKhuX7byJDYf2xGo1e37nuqLk0jsT2LiK8aKxXKPJyQx80ctpgthXna0vnUguGe_wMa7oG3NfH_mn8QdBu2oJq7vT6rQ1QGJAQAA:1843:343)
    at renderBasket (https://d1hjvew1n9ss7u.cloudfront.net/asset.axd?id=iQEAAB-LCAAAAAAAAAOtkE0PATEQhv-KzHnp-qi1FQdxEyfcxKHaQYWtdKYiEX67WnF04vh-PZPMDQyDAsYri4O-aDLBnXnYMHsdCHkUedscQAZVKs19ZMyTcKC2-kiYgT0n_yEW9YpShKA4xJRcUtDvlh0py0GR523Zk52iSA3zaRjrLKhuX7byJDYf2xGo1e37nuqLk0jsT2LiK8aKxXKPJyQx80ctpgthXna0vnUguGe_wMa7oG3NfH_mn8QdBu2oJq7vT6rQ1QGJAQAA:78:27)
    at <anonymous> (https://d1hjvew1n9ss7u.cloudfront.net/asset.axd?id=iQEAAB-LCAAAAAAAAAOtkE0PATEQhv-KzHnp-qi1FQdxEyfcxKHaQYWtdKYiEX67WnF04vh-PZPMDQyDAsYri4O-aDLBnXnYMHsdCHkUedscQAZVKs19ZMyTcKC2-kiYgT0n_yEW9YpShKA4xJRcUtDvlh0py0GR523Zk52iSA3zaRjrLKhuX7byJDYf2xGo1e37nuqLk0jsT2LiK8aKxXKPJyQx80ctpgthXna0vnUguGe_wMa7oG3NfH_mn8QdBu2oJq7vT6rQ1QGJAQAA:269:1)
    at f (https://d1hjvew1n9ss7u.cloudfront.net/assets/shjs.js?t=639255987001545277:0:10382)
    at fireWith (https://d1hjvew1n9ss7u.cloudfront.net/assets/shjs.js?t=639255987001545277:0:11137)
    at ready (https://d1hjvew1n9ss7u.cloudfront.net/assets/shjs.js?t=639255987001545277:0:5238)
    at r (https://d1hjvew1n9ss7u.cloudfront.net/assets/shjs.js?t=639255987001545277:0:9748)
[  719417ms] [VERBOSE] [DOM] Input elements should have autocomplete attributes (suggested: "current-password"): (More info: https://goo.gl/9p2vKq) %o @ https://www.lolacosmetics.com.br/conteudo/sobre/politica-de-privacidade:0
[  719417ms] [VERBOSE] [DOM] Input elements should have autocomplete attributes (suggested: "current-password"): (More info: https://goo.gl/9p2vKq) %o @ https://www.lolacosmetics.com.br/conteudo/sobre/politica-de-privacidade:0
[  719973ms] [WARNING] [Meta Pixel] - Invalid parameter format for currency. Please refer https://developers.facebook.com/docs/meta-pixel/reference/ for valid parameter specifications. @ https://connect.facebook.net/en_US/fbevents.js:203
[  720321ms] Uncaught TypeError: Cannot read properties of undefined (reading 'replace')
    at validaFreteGratis (https://d1hjvew1n9ss7u.cloudfront.net/asset.axd?id=iQEAAB-LCAAAAAAAAAOtkE0PATEQhv-KzHnp-qi1FQdxEyfcxKHaQYWtdKYiEX67WnF04vh-PZPMDQyDAsYri4O-aDLBnXnYMHsdCHkUedscQAZVKs19ZMyTcKC2-kiYgT0n_yEW9YpShKA4xJRcUtDvlh0py0GR523Zk52iSA3zaRjrLKhuX7byJDYf2xGo1e37nuqLk0jsT2LiK8aKxXKPJyQx80ctpgthXna0vnUguGe_wMa7oG3NfH_mn8QdBu2oJq7vT6rQ1QGJAQAA:50:7633)
    at <anonymous> (https://d1hjvew1n9ss7u.cloudfront.net/asset.axd?id=iQEAAB-LCAAAAAAAAAOtkE0PATEQhv-KzHnp-qi1FQdxEyfcxKHaQYWtdKYiEX67WnF04vh-PZPMDQyDAsYri4O-aDLBnXnYMHsdCHkUedscQAZVKs19ZMyTcKC2-kiYgT0n_yEW9YpShKA4xJRcUtDvlh0py0GR523Zk52iSA3zaRjrLKhuX7byJDYf2xGo1e37nuqLk0jsT2LiK8aKxXKPJyQx80ctpgthXna0vnUguGe_wMa7oG3NfH_mn8QdBu2oJq7vT6rQ1QGJAQAA:50:49808)
    at dispatch (https://d1hjvew1n9ss7u.cloudfront.net/assets/shjs.js?t=639255987001545277:0:32701)
    at a (https://d1hjvew1n9ss7u.cloudfront.net/assets/shjs.js?t=639255987001545277:0:28480)
[  720315ms] [LOG] Banner não encontrado: banner-232 @ https://d1hjvew1n9ss7u.cloudfront.net/asset.axd?id=iQEAAB-LCAAAAAAAAAOtkE0PATEQhv-KzHnp-qi1FQdxEyfcxKHaQYWtdKYiEX67WnF04vh-PZPMDQyDAsYri4O-aDLBnXnYMHsdCHkUedscQAZVKs19ZMyTcKC2-kiYgT0n_yEW9YpShKA4xJRcUtDvlh0py0GR523Zk52iSA3zaRjrLKhuX7byJDYf2xGo1e37nuqLk0jsT2LiK8aKxXKPJyQx80ctpgthXna0vnUguGe_wMa7oG3NfH_mn8QdBu2oJq7vT6rQ1QGJAQAA:803
[  720357ms] [LOG] %c Widde Video Commerce %c v24604ee %c Build: 21/09/2026 20:39 %c border: 1px solid #2567f8; background: #2567f8; color: #fff; font-weight: bold; padding: 4px 8px; border-radius: 3px 0 0 0; border: 1px solid #2567f8; border-left: none; background: #FFF; color: #2567f8; font-weight: bold; padding: 4px 8px; border: 1px solid #2567f8; border-left: none; background: #f0f0f0; color: #333; font-weight: bold; padding: 4px 8px; border-radius: 0 3px 3px 0; background: transparent @ https://cdn.widde.io/assets/main.utzwjalemu.js:0
[  720363ms] [ERROR] Error decoding JWT: Error: Invalid JWT format
    at u0 (https://cdn.widde.io/assets/shared-utils.58MPgxdv.js:99:89838)
    at e (https://cdn.widde.io/assets/shared-utils.58MPgxdv.js:99:90502)
    at d0.startNativation (https://cdn.widde.io/assets/shared-utils.58MPgxdv.js:99:90616)
    at d0.registerNavigation (https://cdn.widde.io/assets/shared-utils.58MPgxdv.js:99:91609)
    at e (https://cdn.widde.io/assets/main.utzwjalemu.js:1:21655) @ https://cdn.widde.io/assets/shared-utils.58MPgxdv.js:98
[  720456ms] [LOG] %c Tryon Widde.io %c %s %c border: 1px solid #2567f8; background: #2567f8; color: #fff; font-weight: bold; padding: 4px 8px; border-radius: 3px 0 0 3px; border: 1px solid #2567f8; background: #FFF; color: #2567f8; font-weight: bold; padding: 4px 8px; border-radius: 0 3px 3px 0; 47bf7c2 background: transparent @ https://cdn-tryon.widde.io/widde-tryon.js:86
[  720512ms] [LOG] [tryon-tracker] initialized {domain: www.lolacosmetics.com.br} @ https://cdn-tryon.widde.io/widde-tryon.js:8
[  726897ms] [WARNING] Error with Feature-Policy header: Some features are specified in both Feature-Policy and Permissions-Policy header: payment, fullscreen, microphone, camera. Values defined in Permissions-Policy header will be used. @ :0
[  727206ms] [ERROR] Failed to load resource: the server responded with a status of 500 () @ https://fonts.cdnfonts.com/css/leelawade:0
[  727486ms] [ERROR] Failed to load resource: the server responded with a status of 404 () @ https://lolacosmetics.admin.linxcommerce.com.br/Custom/Content/Themes/Lola/Styles/Fonts/FontAwesome/all.css:0
[  727698ms] [ERROR] Failed to load resource: net::ERR_NAME_NOT_RESOLVED @ https://event.getblue.io/js/blue-tag.min.js:0
[  727891ms] [LOG] AffiseStorage availability: {cookie: true, localStorage: true, sessionStorage: true} @ https://rankmediabrasil.g2afse.com/websdk.js:0
[  727898ms] [LOG] Status RNK Media - ClickId: null UTM: null @ :3
[  727933ms] [LOG] Banner não encontrado: banner-232 @ https://d1hjvew1n9ss7u.cloudfront.net/asset.axd?id=iQEAAB-LCAAAAAAAAAOtkE0PATEQhv-KzHnp-qi1FQdxEyfcxKHaQYWtdKYiEX67WnF04vh-PZPMDQyDAsYri4O-aDLBnXnYMHsdCHkUedscQAZVKs19ZMyTcKC2-kiYgT0n_yEW9YpShKA4xJRcUtDvlh0py0GR523Zk52iSA3zaRjrLKhuX7byJDYf2xGo1e37nuqLk0jsT2LiK8aKxXKPJyQx80ctpgthXna0vnUguGe_wMa7oG3NfH_mn8QdBu2oJq7vT6rQ1QGJAQAA:803
[  727970ms] [LOG] [Debug Carrinho] Polling ativo @ https://d1hjvew1n9ss7u.cloudfront.net/asset.axd?id=iQEAAB-LCAAAAAAAAAOtkE0PATEQhv-KzHnp-qi1FQdxEyfcxKHaQYWtdKYiEX67WnF04vh-PZPMDQyDAsYri4O-aDLBnXnYMHsdCHkUedscQAZVKs19ZMyTcKC2-kiYgT0n_yEW9YpShKA4xJRcUtDvlh0py0GR523Zk52iSA3zaRjrLKhuX7byJDYf2xGo1e37nuqLk0jsT2LiK8aKxXKPJyQx80ctpgthXna0vnUguGe_wMa7oG3NfH_mn8QdBu2oJq7vT6rQ1QGJAQAA:1839
[  728212ms] [LOG] teste @ https://d1hjvew1n9ss7u.cloudfront.net/asset.axd?id=iQEAAB-LCAAAAAAAAAOtkE0PATEQhv-KzHnp-qi1FQdxEyfcxKHaQYWtdKYiEX67WnF04vh-PZPMDQyDAsYri4O-aDLBnXnYMHsdCHkUedscQAZVKs19ZMyTcKC2-kiYgT0n_yEW9YpShKA4xJRcUtDvlh0py0GR523Zk52iSA3zaRjrLKhuX7byJDYf2xGo1e37nuqLk0jsT2LiK8aKxXKPJyQx80ctpgthXna0vnUguGe_wMa7oG3NfH_mn8QdBu2oJq7vT6rQ1QGJAQAA:3
[  728215ms] [LOG] conteudo Quem somos @ https://d1hjvew1n9ss7u.cloudfront.net/asset.axd?id=iQEAAB-LCAAAAAAAAAOtkE0PATEQhv-KzHnp-qi1FQdxEyfcxKHaQYWtdKYiEX67WnF04vh-PZPMDQyDAsYri4O-aDLBnXnYMHsdCHkUedscQAZVKs19ZMyTcKC2-kiYgT0n_yEW9YpShKA4xJRcUtDvlh0py0GR523Zk52iSA3zaRjrLKhuX7byJDYf2xGo1e37nuqLk0jsT2LiK8aKxXKPJyQx80ctpgthXna0vnUguGe_wMa7oG3NfH_mn8QdBu2oJq7vT6rQ1QGJAQAA:36
[  728215ms] [LOG] conteudoNovo Quem somos @ https://d1hjvew1n9ss7u.cloudfront.net/asset.axd?id=iQEAAB-LCAAAAAAAAAOtkE0PATEQhv-KzHnp-qi1FQdxEyfcxKHaQYWtdKYiEX67WnF04vh-PZPMDQyDAsYri4O-aDLBnXnYMHsdCHkUedscQAZVKs19ZMyTcKC2-kiYgT0n_yEW9YpShKA4xJRcUtDvlh0py0GR523Zk52iSA3zaRjrLKhuX7byJDYf2xGo1e37nuqLk0jsT2LiK8aKxXKPJyQx80ctpgthXna0vnUguGe_wMa7oG3NfH_mn8QdBu2oJq7vT6rQ1QGJAQAA:40
[  728215ms] [LOG] conteudoNovo Este site é seguro? @ https://d1hjvew1n9ss7u.cloudfront.net/asset.axd?id=iQEAAB-LCAAAAAAAAAOtkE0PATEQhv-KzHnp-qi1FQdxEyfcxKHaQYWtdKYiEX67WnF04vh-PZPMDQyDAsYri4O-aDLBnXnYMHsdCHkUedscQAZVKs19ZMyTcKC2-kiYgT0n_yEW9YpShKA4xJRcUtDvlh0py0GR523Zk52iSA3zaRjrLKhuX7byJDYf2xGo1e37nuqLk0jsT2LiK8aKxXKPJyQx80ctpgthXna0vnUguGe_wMa7oG3NfH_mn8QdBu2oJq7vT6rQ1QGJAQAA:40
[  728215ms] [LOG] conteudoNovo Política de Cookies @ https://d1hjvew1n9ss7u.cloudfront.net/asset.axd?id=iQEAAB-LCAAAAAAAAAOtkE0PATEQhv-KzHnp-qi1FQdxEyfcxKHaQYWtdKYiEX67WnF04vh-PZPMDQyDAsYri4O-aDLBnXnYMHsdCHkUedscQAZVKs19ZMyTcKC2-kiYgT0n_yEW9YpShKA4xJRcUtDvlh0py0GR523Zk52iSA3zaRjrLKhuX7byJDYf2xGo1e37nuqLk0jsT2LiK8aKxXKPJyQx80ctpgthXna0vnUguGe_wMa7oG3NfH_mn8QdBu2oJq7vT6rQ1QGJAQAA:40
[  728215ms] [LOG] conteudoNovo Política de Privacidade @ https://d1hjvew1n9ss7u.cloudfront.net/asset.axd?id=iQEAAB-LCAAAAAAAAAOtkE0PATEQhv-KzHnp-qi1FQdxEyfcxKHaQYWtdKYiEX67WnF04vh-PZPMDQyDAsYri4O-aDLBnXnYMHsdCHkUedscQAZVKs19ZMyTcKC2-kiYgT0n_yEW9YpShKA4xJRcUtDvlh0py0GR523Zk52iSA3zaRjrLKhuX7byJDYf2xGo1e37nuqLk0jsT2LiK8aKxXKPJyQx80ctpgthXna0vnUguGe_wMa7oG3NfH_mn8QdBu2oJq7vT6rQ1QGJAQAA:40
[  728215ms] [LOG] conteudoNovo Nossa lojas @ https://d1hjvew1n9ss7u.cloudfront.net/asset.axd?id=iQEAAB-LCAAAAAAAAAOtkE0PATEQhv-KzHnp-qi1FQdxEyfcxKHaQYWtdKYiEX67WnF04vh-PZPMDQyDAsYri4O-aDLBnXnYMHsdCHkUedscQAZVKs19ZMyTcKC2-kiYgT0n_yEW9YpShKA4xJRcUtDvlh0py0GR523Zk52iSA3zaRjrLKhuX7byJDYf2xGo1e37nuqLk0jsT2LiK8aKxXKPJyQx80ctpgthXna0vnUguGe_wMa7oG3NfH_mn8QdBu2oJq7vT6rQ1QGJAQAA:40
[  728215ms] [LOG] conteudoNovo Trabalhe Conosco @ https://d1hjvew1n9ss7u.cloudfront.net/asset.axd?id=iQEAAB-LCAAAAAAAAAOtkE0PATEQhv-KzHnp-qi1FQdxEyfcxKHaQYWtdKYiEX67WnF04vh-PZPMDQyDAsYri4O-aDLBnXnYMHsdCHkUedscQAZVKs19ZMyTcKC2-kiYgT0n_yEW9YpShKA4xJRcUtDvlh0py0GR523Zk52iSA3zaRjrLKhuX7byJDYf2xGo1e37nuqLk0jsT2LiK8aKxXKPJyQx80ctpgthXna0vnUguGe_wMa7oG3NfH_mn8QdBu2oJq7vT6rQ1QGJAQAA:40
[  728215ms] [LOG] conteudoNovo Lola Lab @ https://d1hjvew1n9ss7u.cloudfront.net/asset.axd?id=iQEAAB-LCAAAAAAAAAOtkE0PATEQhv-KzHnp-qi1FQdxEyfcxKHaQYWtdKYiEX67WnF04vh-PZPMDQyDAsYri4O-aDLBnXnYMHsdCHkUedscQAZVKs19ZMyTcKC2-kiYgT0n_yEW9YpShKA4xJRcUtDvlh0py0GR523Zk52iSA3zaRjrLKhuX7byJDYf2xGo1e37nuqLk0jsT2LiK8aKxXKPJyQx80ctpgthXna0vnUguGe_wMa7oG3NfH_mn8QdBu2oJq7vT6rQ1QGJAQAA:40
[  728215ms] [LOG] conteudoNovo Revenda @ https://d1hjvew1n9ss7u.cloudfront.net/asset.axd?id=iQEAAB-LCAAAAAAAAAOtkE0PATEQhv-KzHnp-qi1FQdxEyfcxKHaQYWtdKYiEX67WnF04vh-PZPMDQyDAsYri4O-aDLBnXnYMHsdCHkUedscQAZVKs19ZMyTcKC2-kiYgT0n_yEW9YpShKA4xJRcUtDvlh0py0GR523Zk52iSA3zaRjrLKhuX7byJDYf2xGo1e37nuqLk0jsT2LiK8aKxXKPJyQx80ctpgthXna0vnUguGe_wMa7oG3NfH_mn8QdBu2oJq7vT6rQ1QGJAQAA:40
[  728216ms] [LOG] conteudoNovo Afiliados @ https://d1hjvew1n9ss7u.cloudfront.net/asset.axd?id=iQEAAB-LCAAAAAAAAAOtkE0PATEQhv-KzHnp-qi1FQdxEyfcxKHaQYWtdKYiEX67WnF04vh-PZPMDQyDAsYri4O-aDLBnXnYMHsdCHkUedscQAZVKs19ZMyTcKC2-kiYgT0n_yEW9YpShKA4xJRcUtDvlh0py0GR523Zk52iSA3zaRjrLKhuX7byJDYf2xGo1e37nuqLk0jsT2LiK8aKxXKPJyQx80ctpgthXna0vnUguGe_wMa7oG3NfH_mn8QdBu2oJq7vT6rQ1QGJAQAA:40
[  728216ms] [LOG] conteudoNovo Prazos de atendimento @ https://d1hjvew1n9ss7u.cloudfront.net/asset.axd?id=iQEAAB-LCAAAAAAAAAOtkE0PATEQhv-KzHnp-qi1FQdxEyfcxKHaQYWtdKYiEX67WnF04vh-PZPMDQyDAsYri4O-aDLBnXnYMHsdCHkUedscQAZVKs19ZMyTcKC2-kiYgT0n_yEW9YpShKA4xJRcUtDvlh0py0GR523Zk52iSA3zaRjrLKhuX7byJDYf2xGo1e37nuqLk0jsT2LiK8aKxXKPJyQx80ctpgthXna0vnUguGe_wMa7oG3NfH_mn8QdBu2oJq7vT6rQ1QGJAQAA:40
[  728216ms] [LOG] conteudoNovo Entrega e envios @ https://d1hjvew1n9ss7u.cloudfront.net/asset.axd?id=iQEAAB-LCAAAAAAAAAOtkE0PATEQhv-KzHnp-qi1FQdxEyfcxKHaQYWtdKYiEX67WnF04vh-PZPMDQyDAsYri4O-aDLBnXnYMHsdCHkUedscQAZVKs19ZMyTcKC2-kiYgT0n_yEW9YpShKA4xJRcUtDvlh0py0GR523Zk52iSA3zaRjrLKhuX7byJDYf2xGo1e37nuqLk0jsT2LiK8aKxXKPJyQx80ctpgthXna0vnUguGe_wMa7oG3NfH_mn8QdBu2oJq7vT6rQ1QGJAQAA:40
[  728216ms] [LOG] conteudoNovo Pagamento @ https://d1hjvew1n9ss7u.cloudfront.net/asset.axd?id=iQEAAB-LCAAAAAAAAAOtkE0PATEQhv-KzHnp-qi1FQdxEyfcxKHaQYWtdKYiEX67WnF04vh-PZPMDQyDAsYri4O-aDLBnXnYMHsdCHkUedscQAZVKs19ZMyTcKC2-kiYgT0n_yEW9YpShKA4xJRcUtDvlh0py0GR523Zk52iSA3zaRjrLKhuX7byJDYf2xGo1e37nuqLk0jsT2LiK8aKxXKPJyQx80ctpgthXna0vnUguGe_wMa7oG3NfH_mn8QdBu2oJq7vT6rQ1QGJAQAA:40
[  728216ms] [LOG] conteudoNovo Trocas e devoluções @ https://d1hjvew1n9ss7u.cloudfront.net/asset.axd?id=iQEAAB-LCAAAAAAAAAOtkE0PATEQhv-KzHnp-qi1FQdxEyfcxKHaQYWtdKYiEX67WnF04vh-PZPMDQyDAsYri4O-aDLBnXnYMHsdCHkUedscQAZVKs19ZMyTcKC2-kiYgT0n_yEW9YpShKA4xJRcUtDvlh0py0GR523Zk52iSA3zaRjrLKhuX7byJDYf2xGo1e37nuqLk0jsT2LiK8aKxXKPJyQx80ctpgthXna0vnUguGe_wMa7oG3NfH_mn8QdBu2oJq7vT6rQ1QGJAQAA:40
[  728216ms] [LOG] conteudoNovo Perguntas Frequentes @ https://d1hjvew1n9ss7u.cloudfront.net/asset.axd?id=iQEAAB-LCAAAAAAAAAOtkE0PATEQhv-KzHnp-qi1FQdxEyfcxKHaQYWtdKYiEX67WnF04vh-PZPMDQyDAsYri4O-aDLBnXnYMHsdCHkUedscQAZVKs19ZMyTcKC2-kiYgT0n_yEW9YpShKA4xJRcUtDvlh0py0GR523Zk52iSA3zaRjrLKhuX7byJDYf2xGo1e37nuqLk0jsT2LiK8aKxXKPJyQx80ctpgthXna0vnUguGe_wMa7oG3NfH_mn8QdBu2oJq7vT6rQ1QGJAQAA:40
[  728216ms] [LOG] conteudoNovo Como rastrear pedidos @ https://d1hjvew1n9ss7u.cloudfront.net/asset.axd?id=iQEAAB-LCAAAAAAAAAOtkE0PATEQhv-KzHnp-qi1FQdxEyfcxKHaQYWtdKYiEX67WnF04vh-PZPMDQyDAsYri4O-aDLBnXnYMHsdCHkUedscQAZVKs19ZMyTcKC2-kiYgT0n_yEW9YpShKA4xJRcUtDvlh0py0GR523Zk52iSA3zaRjrLKhuX7byJDYf2xGo1e37nuqLk0jsT2LiK8aKxXKPJyQx80ctpgthXna0vnUguGe_wMa7oG3NfH_mn8QdBu2oJq7vT6rQ1QGJAQAA:40
[  728216ms] [LOG] conteudoNovo Regulamento Promocional @ https://d1hjvew1n9ss7u.cloudfront.net/asset.axd?id=iQEAAB-LCAAAAAAAAAOtkE0PATEQhv-KzHnp-qi1FQdxEyfcxKHaQYWtdKYiEX67WnF04vh-PZPMDQyDAsYri4O-aDLBnXnYMHsdCHkUedscQAZVKs19ZMyTcKC2-kiYgT0n_yEW9YpShKA4xJRcUtDvlh0py0GR523Zk52iSA3zaRjrLKhuX7byJDYf2xGo1e37nuqLk0jsT2LiK8aKxXKPJyQx80ctpgthXna0vnUguGe_wMa7oG3NfH_mn8QdBu2oJq7vT6rQ1QGJAQAA:40
[  728216ms] [LOG] conteudoNovo Cashback @ https://d1hjvew1n9ss7u.cloudfront.net/asset.axd?id=iQEAAB-LCAAAAAAAAAOtkE0PATEQhv-KzHnp-qi1FQdxEyfcxKHaQYWtdKYiEX67WnF04vh-PZPMDQyDAsYri4O-aDLBnXnYMHsdCHkUedscQAZVKs19ZMyTcKC2-kiYgT0n_yEW9YpShKA4xJRcUtDvlh0py0GR523Zk52iSA3zaRjrLKhuX7byJDYf2xGo1e37nuqLk0jsT2LiK8aKxXKPJyQx80ctpgthXna0vnUguGe_wMa7oG3NfH_mn8QdBu2oJq7vT6rQ1QGJAQAA:40
[  728220ms] [WARNING] !! Há erros de scripts de terceiros !!
Por favor, contate a Empresa responsável pelo script.  @ https://d1hjvew1n9ss7u.cloudfront.net/assets/shjs.js?t=639255987001545277:0
[  728528ms] Uncaught Error: You must pass a string or Handlebars AST to Handlebars.compile. You passed null
    at e.compile (https://d1hjvew1n9ss7u.cloudfront.net/asset.axd?id=iQEAAB-LCAAAAAAAAAOtkE0PATEQhv-KzHnp-qi1FQdxEyfcxKHaQYWtdKYiEX67WnF04vh-PZPMDQyDAsYri4O-aDLBnXnYMHsdCHkUedscQAZVKs19ZMyTcKC2-kiYgT0n_yEW9YpShKA4xJRcUtDvlh0py0GR523Zk52iSA3zaRjrLKhuX7byJDYf2xGo1e37nuqLk0jsT2LiK8aKxXKPJyQx80ctpgthXna0vnUguGe_wMa7oG3NfH_mn8QdBu2oJq7vT6rQ1QGJAQAA:1843:49302)
    at i.compile (https://d1hjvew1n9ss7u.cloudfront.net/asset.axd?id=iQEAAB-LCAAAAAAAAAOtkE0PATEQhv-KzHnp-qi1FQdxEyfcxKHaQYWtdKYiEX67WnF04vh-PZPMDQyDAsYri4O-aDLBnXnYMHsdCHkUedscQAZVKs19ZMyTcKC2-kiYgT0n_yEW9YpShKA4xJRcUtDvlh0py0GR523Zk52iSA3zaRjrLKhuX7byJDYf2xGo1e37nuqLk0jsT2LiK8aKxXKPJyQx80ctpgthXna0vnUguGe_wMa7oG3NfH_mn8QdBu2oJq7vT6rQ1QGJAQAA:1843:343)
    at renderBasket (https://d1hjvew1n9ss7u.cloudfront.net/asset.axd?id=iQEAAB-LCAAAAAAAAAOtkE0PATEQhv-KzHnp-qi1FQdxEyfcxKHaQYWtdKYiEX67WnF04vh-PZPMDQyDAsYri4O-aDLBnXnYMHsdCHkUedscQAZVKs19ZMyTcKC2-kiYgT0n_yEW9YpShKA4xJRcUtDvlh0py0GR523Zk52iSA3zaRjrLKhuX7byJDYf2xGo1e37nuqLk0jsT2LiK8aKxXKPJyQx80ctpgthXna0vnUguGe_wMa7oG3NfH_mn8QdBu2oJq7vT6rQ1QGJAQAA:78:27)
    at <anonymous> (https://d1hjvew1n9ss7u.cloudfront.net/asset.axd?id=iQEAAB-LCAAAAAAAAAOtkE0PATEQhv-KzHnp-qi1FQdxEyfcxKHaQYWtdKYiEX67WnF04vh-PZPMDQyDAsYri4O-aDLBnXnYMHsdCHkUedscQAZVKs19ZMyTcKC2-kiYgT0n_yEW9YpShKA4xJRcUtDvlh0py0GR523Zk52iSA3zaRjrLKhuX7byJDYf2xGo1e37nuqLk0jsT2LiK8aKxXKPJyQx80ctpgthXna0vnUguGe_wMa7oG3NfH_mn8QdBu2oJq7vT6rQ1QGJAQAA:269:1)
    at f (https://d1hjvew1n9ss7u.cloudfront.net/assets/shjs.js?t=639255987001545277:0:10382)
    at fireWith (https://d1hjvew1n9ss7u.cloudfront.net/assets/shjs.js?t=639255987001545277:0:11137)
    at ready (https://d1hjvew1n9ss7u.cloudfront.net/assets/shjs.js?t=639255987001545277:0:5238)
    at r (https://d1hjvew1n9ss7u.cloudfront.net/assets/shjs.js?t=639255987001545277:0:9748)
[  728245ms] [VERBOSE] [DOM] Input elements should have autocomplete attributes (suggested: "current-password"): (More info: https://goo.gl/9p2vKq) %o @ https://www.lolacosmetics.com.br/conteudo/sobre/quem-somos:0
[  728246ms] [VERBOSE] [DOM] Input elements should have autocomplete attributes (suggested: "current-password"): (More info: https://goo.gl/9p2vKq) %o @ https://www.lolacosmetics.com.br/conteudo/sobre/quem-somos:0
[  731194ms] Uncaught TypeError: Cannot read properties of undefined (reading 'replace')
    at validaFreteGratis (https://d1hjvew1n9ss7u.cloudfront.net/asset.axd?id=iQEAAB-LCAAAAAAAAAOtkE0PATEQhv-KzHnp-qi1FQdxEyfcxKHaQYWtdKYiEX67WnF04vh-PZPMDQyDAsYri4O-aDLBnXnYMHsdCHkUedscQAZVKs19ZMyTcKC2-kiYgT0n_yEW9YpShKA4xJRcUtDvlh0py0GR523Zk52iSA3zaRjrLKhuX7byJDYf2xGo1e37nuqLk0jsT2LiK8aKxXKPJyQx80ctpgthXna0vnUguGe_wMa7oG3NfH_mn8QdBu2oJq7vT6rQ1QGJAQAA:50:7633)
    at <anonymous> (https://d1hjvew1n9ss7u.cloudfront.net/asset.axd?id=iQEAAB-LCAAAAAAAAAOtkE0PATEQhv-KzHnp-qi1FQdxEyfcxKHaQYWtdKYiEX67WnF04vh-PZPMDQyDAsYri4O-aDLBnXnYMHsdCHkUedscQAZVKs19ZMyTcKC2-kiYgT0n_yEW9YpShKA4xJRcUtDvlh0py0GR523Zk52iSA3zaRjrLKhuX7byJDYf2xGo1e37nuqLk0jsT2LiK8aKxXKPJyQx80ctpgthXna0vnUguGe_wMa7oG3NfH_mn8QdBu2oJq7vT6rQ1QGJAQAA:50:49808)
    at dispatch (https://d1hjvew1n9ss7u.cloudfront.net/assets/shjs.js?t=639255987001545277:0:32701)
    at a (https://d1hjvew1n9ss7u.cloudfront.net/assets/shjs.js?t=639255987001545277:0:28480)
[  731187ms] [LOG] Banner não encontrado: banner-232 @ https://d1hjvew1n9ss7u.cloudfront.net/asset.axd?id=iQEAAB-LCAAAAAAAAAOtkE0PATEQhv-KzHnp-qi1FQdxEyfcxKHaQYWtdKYiEX67WnF04vh-PZPMDQyDAsYri4O-aDLBnXnYMHsdCHkUedscQAZVKs19ZMyTcKC2-kiYgT0n_yEW9YpShKA4xJRcUtDvlh0py0GR523Zk52iSA3zaRjrLKhuX7byJDYf2xGo1e37nuqLk0jsT2LiK8aKxXKPJyQx80ctpgthXna0vnUguGe_wMa7oG3NfH_mn8QdBu2oJq7vT6rQ1QGJAQAA:803
[  731928ms] [LOG] %c Widde Video Commerce %c v24604ee %c Build: 21/09/2026 20:39 %c border: 1px solid #2567f8; background: #2567f8; color: #fff; font-weight: bold; padding: 4px 8px; border-radius: 3px 0 0 0; border: 1px solid #2567f8; border-left: none; background: #FFF; color: #2567f8; font-weight: bold; padding: 4px 8px; border: 1px solid #2567f8; border-left: none; background: #f0f0f0; color: #333; font-weight: bold; padding: 4px 8px; border-radius: 0 3px 3px 0; background: transparent @ https://cdn.widde.io/assets/main.utzwjalemu.js:0
[  732012ms] [LOG] %c Tryon Widde.io %c %s %c border: 1px solid #2567f8; background: #2567f8; color: #fff; font-weight: bold; padding: 4px 8px; border-radius: 3px 0 0 3px; border: 1px solid #2567f8; background: #FFF; color: #2567f8; font-weight: bold; padding: 4px 8px; border-radius: 0 3px 3px 0; 47bf7c2 background: transparent @ https://cdn-tryon.widde.io/widde-tryon.js:86
[  732935ms] [LOG] [tryon-tracker] initialized {domain: www.lolacosmetics.com.br} @ https://cdn-tryon.widde.io/widde-tryon.js:8
[  738253ms] [WARNING] Error with Feature-Policy header: Some features are specified in both Feature-Policy and Permissions-Policy header: payment, fullscreen, microphone, camera. Values defined in Permissions-Policy header will be used. @ :0
[  738563ms] [ERROR] Failed to load resource: the server responded with a status of 500 () @ https://fonts.cdnfonts.com/css/leelawade:0
[  738812ms] [ERROR] Failed to load resource: the server responded with a status of 404 () @ https://lolacosmetics.admin.linxcommerce.com.br/Custom/Content/Themes/Lola/Styles/Fonts/FontAwesome/all.css:0
[  738949ms] [LOG] Banner não encontrado: banner-232 @ https://d1hjvew1n9ss7u.cloudfront.net/asset.axd?id=iQEAAB-LCAAAAAAAAAOtkE0PATEQhv-KzHnp-qi1FQdxEyfcxKHaQYWtdKYiEX67WnF04vh-PZPMDQyDAsYri4O-aDLBnXnYMHsdCHkUedscQAZVKs19ZMyTcKC2-kiYgT0n_yEW9YpShKA4xJRcUtDvlh0py0GR523Zk52iSA3zaRjrLKhuX7byJDYf2xGo1e37nuqLk0jsT2LiK8aKxXKPJyQx80ctpgthXna0vnUguGe_wMa7oG3NfH_mn8QdBu2oJq7vT6rQ1QGJAQAA:803
[  738964ms] [LOG] [Debug Carrinho] Polling ativo @ https://d1hjvew1n9ss7u.cloudfront.net/asset.axd?id=iQEAAB-LCAAAAAAAAAOtkE0PATEQhv-KzHnp-qi1FQdxEyfcxKHaQYWtdKYiEX67WnF04vh-PZPMDQyDAsYri4O-aDLBnXnYMHsdCHkUedscQAZVKs19ZMyTcKC2-kiYgT0n_yEW9YpShKA4xJRcUtDvlh0py0GR523Zk52iSA3zaRjrLKhuX7byJDYf2xGo1e37nuqLk0jsT2LiK8aKxXKPJyQx80ctpgthXna0vnUguGe_wMa7oG3NfH_mn8QdBu2oJq7vT6rQ1QGJAQAA:1839
[  739005ms] [LOG] teste @ https://d1hjvew1n9ss7u.cloudfront.net/asset.axd?id=iQEAAB-LCAAAAAAAAAOtkE0PATEQhv-KzHnp-qi1FQdxEyfcxKHaQYWtdKYiEX67WnF04vh-PZPMDQyDAsYri4O-aDLBnXnYMHsdCHkUedscQAZVKs19ZMyTcKC2-kiYgT0n_yEW9YpShKA4xJRcUtDvlh0py0GR523Zk52iSA3zaRjrLKhuX7byJDYf2xGo1e37nuqLk0jsT2LiK8aKxXKPJyQx80ctpgthXna0vnUguGe_wMa7oG3NfH_mn8QdBu2oJq7vT6rQ1QGJAQAA:3
[  739005ms] [LOG] conteudo Revenda @ https://d1hjvew1n9ss7u.cloudfront.net/asset.axd?id=iQEAAB-LCAAAAAAAAAOtkE0PATEQhv-KzHnp-qi1FQdxEyfcxKHaQYWtdKYiEX67WnF04vh-PZPMDQyDAsYri4O-aDLBnXnYMHsdCHkUedscQAZVKs19ZMyTcKC2-kiYgT0n_yEW9YpShKA4xJRcUtDvlh0py0GR523Zk52iSA3zaRjrLKhuX7byJDYf2xGo1e37nuqLk0jsT2LiK8aKxXKPJyQx80ctpgthXna0vnUguGe_wMa7oG3NfH_mn8QdBu2oJq7vT6rQ1QGJAQAA:36
[  739005ms] [LOG] conteudoNovo Quem somos @ https://d1hjvew1n9ss7u.cloudfront.net/asset.axd?id=iQEAAB-LCAAAAAAAAAOtkE0PATEQhv-KzHnp-qi1FQdxEyfcxKHaQYWtdKYiEX67WnF04vh-PZPMDQyDAsYri4O-aDLBnXnYMHsdCHkUedscQAZVKs19ZMyTcKC2-kiYgT0n_yEW9YpShKA4xJRcUtDvlh0py0GR523Zk52iSA3zaRjrLKhuX7byJDYf2xGo1e37nuqLk0jsT2LiK8aKxXKPJyQx80ctpgthXna0vnUguGe_wMa7oG3NfH_mn8QdBu2oJq7vT6rQ1QGJAQAA:40
[  739005ms] [LOG] conteudoNovo Este site é seguro? @ https://d1hjvew1n9ss7u.cloudfront.net/asset.axd?id=iQEAAB-LCAAAAAAAAAOtkE0PATEQhv-KzHnp-qi1FQdxEyfcxKHaQYWtdKYiEX67WnF04vh-PZPMDQyDAsYri4O-aDLBnXnYMHsdCHkUedscQAZVKs19ZMyTcKC2-kiYgT0n_yEW9YpShKA4xJRcUtDvlh0py0GR523Zk52iSA3zaRjrLKhuX7byJDYf2xGo1e37nuqLk0jsT2LiK8aKxXKPJyQx80ctpgthXna0vnUguGe_wMa7oG3NfH_mn8QdBu2oJq7vT6rQ1QGJAQAA:40
[  739005ms] [LOG] conteudoNovo Política de Cookies @ https://d1hjvew1n9ss7u.cloudfront.net/asset.axd?id=iQEAAB-LCAAAAAAAAAOtkE0PATEQhv-KzHnp-qi1FQdxEyfcxKHaQYWtdKYiEX67WnF04vh-PZPMDQyDAsYri4O-aDLBnXnYMHsdCHkUedscQAZVKs19ZMyTcKC2-kiYgT0n_yEW9YpShKA4xJRcUtDvlh0py0GR523Zk52iSA3zaRjrLKhuX7byJDYf2xGo1e37nuqLk0jsT2LiK8aKxXKPJyQx80ctpgthXna0vnUguGe_wMa7oG3NfH_mn8QdBu2oJq7vT6rQ1QGJAQAA:40
[  739005ms] [LOG] conteudoNovo Política de Privacidade @ https://d1hjvew1n9ss7u.cloudfront.net/asset.axd?id=iQEAAB-LCAAAAAAAAAOtkE0PATEQhv-KzHnp-qi1FQdxEyfcxKHaQYWtdKYiEX67WnF04vh-PZPMDQyDAsYri4O-aDLBnXnYMHsdCHkUedscQAZVKs19ZMyTcKC2-kiYgT0n_yEW9YpShKA4xJRcUtDvlh0py0GR523Zk52iSA3zaRjrLKhuX7byJDYf2xGo1e37nuqLk0jsT2LiK8aKxXKPJyQx80ctpgthXna0vnUguGe_wMa7oG3NfH_mn8QdBu2oJq7vT6rQ1QGJAQAA:40
[  739005ms] [LOG] conteudoNovo Nossa lojas @ https://d1hjvew1n9ss7u.cloudfront.net/asset.axd?id=iQEAAB-LCAAAAAAAAAOtkE0PATEQhv-KzHnp-qi1FQdxEyfcxKHaQYWtdKYiEX67WnF04vh-PZPMDQyDAsYri4O-aDLBnXnYMHsdCHkUedscQAZVKs19ZMyTcKC2-kiYgT0n_yEW9YpShKA4xJRcUtDvlh0py0GR523Zk52iSA3zaRjrLKhuX7byJDYf2xGo1e37nuqLk0jsT2LiK8aKxXKPJyQx80ctpgthXna0vnUguGe_wMa7oG3NfH_mn8QdBu2oJq7vT6rQ1QGJAQAA:40
[  739005ms] [LOG] conteudoNovo Trabalhe Conosco @ https://d1hjvew1n9ss7u.cloudfront.net/asset.axd?id=iQEAAB-LCAAAAAAAAAOtkE0PATEQhv-KzHnp-qi1FQdxEyfcxKHaQYWtdKYiEX67WnF04vh-PZPMDQyDAsYri4O-aDLBnXnYMHsdCHkUedscQAZVKs19ZMyTcKC2-kiYgT0n_yEW9YpShKA4xJRcUtDvlh0py0GR523Zk52iSA3zaRjrLKhuX7byJDYf2xGo1e37nuqLk0jsT2LiK8aKxXKPJyQx80ctpgthXna0vnUguGe_wMa7oG3NfH_mn8QdBu2oJq7vT6rQ1QGJAQAA:40
[  739005ms] [LOG] conteudoNovo Lola Lab @ https://d1hjvew1n9ss7u.cloudfront.net/asset.axd?id=iQEAAB-LCAAAAAAAAAOtkE0PATEQhv-KzHnp-qi1FQdxEyfcxKHaQYWtdKYiEX67WnF04vh-PZPMDQyDAsYri4O-aDLBnXnYMHsdCHkUedscQAZVKs19ZMyTcKC2-kiYgT0n_yEW9YpShKA4xJRcUtDvlh0py0GR523Zk52iSA3zaRjrLKhuX7byJDYf2xGo1e37nuqLk0jsT2LiK8aKxXKPJyQx80ctpgthXna0vnUguGe_wMa7oG3NfH_mn8QdBu2oJq7vT6rQ1QGJAQAA:40
[  739005ms] [LOG] conteudoNovo Revenda @ https://d1hjvew1n9ss7u.cloudfront.net/asset.axd?id=iQEAAB-LCAAAAAAAAAOtkE0PATEQhv-KzHnp-qi1FQdxEyfcxKHaQYWtdKYiEX67WnF04vh-PZPMDQyDAsYri4O-aDLBnXnYMHsdCHkUedscQAZVKs19ZMyTcKC2-kiYgT0n_yEW9YpShKA4xJRcUtDvlh0py0GR523Zk52iSA3zaRjrLKhuX7byJDYf2xGo1e37nuqLk0jsT2LiK8aKxXKPJyQx80ctpgthXna0vnUguGe_wMa7oG3NfH_mn8QdBu2oJq7vT6rQ1QGJAQAA:40
[  739005ms] [LOG] conteudoNovo Afiliados @ https://d1hjvew1n9ss7u.cloudfront.net/asset.axd?id=iQEAAB-LCAAAAAAAAAOtkE0PATEQhv-KzHnp-qi1FQdxEyfcxKHaQYWtdKYiEX67WnF04vh-PZPMDQyDAsYri4O-aDLBnXnYMHsdCHkUedscQAZVKs19ZMyTcKC2-kiYgT0n_yEW9YpShKA4xJRcUtDvlh0py0GR523Zk52iSA3zaRjrLKhuX7byJDYf2xGo1e37nuqLk0jsT2LiK8aKxXKPJyQx80ctpgthXna0vnUguGe_wMa7oG3NfH_mn8QdBu2oJq7vT6rQ1QGJAQAA:40
[  739005ms] [LOG] conteudoNovo Prazos de atendimento @ https://d1hjvew1n9ss7u.cloudfront.net/asset.axd?id=iQEAAB-LCAAAAAAAAAOtkE0PATEQhv-KzHnp-qi1FQdxEyfcxKHaQYWtdKYiEX67WnF04vh-PZPMDQyDAsYri4O-aDLBnXnYMHsdCHkUedscQAZVKs19ZMyTcKC2-kiYgT0n_yEW9YpShKA4xJRcUtDvlh0py0GR523Zk52iSA3zaRjrLKhuX7byJDYf2xGo1e37nuqLk0jsT2LiK8aKxXKPJyQx80ctpgthXna0vnUguGe_wMa7oG3NfH_mn8QdBu2oJq7vT6rQ1QGJAQAA:40
[  739005ms] [LOG] conteudoNovo Entrega e envios @ https://d1hjvew1n9ss7u.cloudfront.net/asset.axd?id=iQEAAB-LCAAAAAAAAAOtkE0PATEQhv-KzHnp-qi1FQdxEyfcxKHaQYWtdKYiEX67WnF04vh-PZPMDQyDAsYri4O-aDLBnXnYMHsdCHkUedscQAZVKs19ZMyTcKC2-kiYgT0n_yEW9YpShKA4xJRcUtDvlh0py0GR523Zk52iSA3zaRjrLKhuX7byJDYf2xGo1e37nuqLk0jsT2LiK8aKxXKPJyQx80ctpgthXna0vnUguGe_wMa7oG3NfH_mn8QdBu2oJq7vT6rQ1QGJAQAA:40
[  739005ms] [LOG] conteudoNovo Pagamento @ https://d1hjvew1n9ss7u.cloudfront.net/asset.axd?id=iQEAAB-LCAAAAAAAAAOtkE0PATEQhv-KzHnp-qi1FQdxEyfcxKHaQYWtdKYiEX67WnF04vh-PZPMDQyDAsYri4O-aDLBnXnYMHsdCHkUedscQAZVKs19ZMyTcKC2-kiYgT0n_yEW9YpShKA4xJRcUtDvlh0py0GR523Zk52iSA3zaRjrLKhuX7byJDYf2xGo1e37nuqLk0jsT2LiK8aKxXKPJyQx80ctpgthXna0vnUguGe_wMa7oG3NfH_mn8QdBu2oJq7vT6rQ1QGJAQAA:40
[  739005ms] [LOG] conteudoNovo Trocas e devoluções @ https://d1hjvew1n9ss7u.cloudfront.net/asset.axd?id=iQEAAB-LCAAAAAAAAAOtkE0PATEQhv-KzHnp-qi1FQdxEyfcxKHaQYWtdKYiEX67WnF04vh-PZPMDQyDAsYri4O-aDLBnXnYMHsdCHkUedscQAZVKs19ZMyTcKC2-kiYgT0n_yEW9YpShKA4xJRcUtDvlh0py0GR523Zk52iSA3zaRjrLKhuX7byJDYf2xGo1e37nuqLk0jsT2LiK8aKxXKPJyQx80ctpgthXna0vnUguGe_wMa7oG3NfH_mn8QdBu2oJq7vT6rQ1QGJAQAA:40
[  739005ms] [LOG] conteudoNovo Perguntas Frequentes @ https://d1hjvew1n9ss7u.cloudfront.net/asset.axd?id=iQEAAB-LCAAAAAAAAAOtkE0PATEQhv-KzHnp-qi1FQdxEyfcxKHaQYWtdKYiEX67WnF04vh-PZPMDQyDAsYri4O-aDLBnXnYMHsdCHkUedscQAZVKs19ZMyTcKC2-kiYgT0n_yEW9YpShKA4xJRcUtDvlh0py0GR523Zk52iSA3zaRjrLKhuX7byJDYf2xGo1e37nuqLk0jsT2LiK8aKxXKPJyQx80ctpgthXna0vnUguGe_wMa7oG3NfH_mn8QdBu2oJq7vT6rQ1QGJAQAA:40
[  739006ms] [LOG] conteudoNovo Como rastrear pedidos @ https://d1hjvew1n9ss7u.cloudfront.net/asset.axd?id=iQEAAB-LCAAAAAAAAAOtkE0PATEQhv-KzHnp-qi1FQdxEyfcxKHaQYWtdKYiEX67WnF04vh-PZPMDQyDAsYri4O-aDLBnXnYMHsdCHkUedscQAZVKs19ZMyTcKC2-kiYgT0n_yEW9YpShKA4xJRcUtDvlh0py0GR523Zk52iSA3zaRjrLKhuX7byJDYf2xGo1e37nuqLk0jsT2LiK8aKxXKPJyQx80ctpgthXna0vnUguGe_wMa7oG3NfH_mn8QdBu2oJq7vT6rQ1QGJAQAA:40
[  739006ms] [LOG] conteudoNovo Regulamento Promocional @ https://d1hjvew1n9ss7u.cloudfront.net/asset.axd?id=iQEAAB-LCAAAAAAAAAOtkE0PATEQhv-KzHnp-qi1FQdxEyfcxKHaQYWtdKYiEX67WnF04vh-PZPMDQyDAsYri4O-aDLBnXnYMHsdCHkUedscQAZVKs19ZMyTcKC2-kiYgT0n_yEW9YpShKA4xJRcUtDvlh0py0GR523Zk52iSA3zaRjrLKhuX7byJDYf2xGo1e37nuqLk0jsT2LiK8aKxXKPJyQx80ctpgthXna0vnUguGe_wMa7oG3NfH_mn8QdBu2oJq7vT6rQ1QGJAQAA:40
[  739006ms] [LOG] conteudoNovo Cashback @ https://d1hjvew1n9ss7u.cloudfront.net/asset.axd?id=iQEAAB-LCAAAAAAAAAOtkE0PATEQhv-KzHnp-qi1FQdxEyfcxKHaQYWtdKYiEX67WnF04vh-PZPMDQyDAsYri4O-aDLBnXnYMHsdCHkUedscQAZVKs19ZMyTcKC2-kiYgT0n_yEW9YpShKA4xJRcUtDvlh0py0GR523Zk52iSA3zaRjrLKhuX7byJDYf2xGo1e37nuqLk0jsT2LiK8aKxXKPJyQx80ctpgthXna0vnUguGe_wMa7oG3NfH_mn8QdBu2oJq7vT6rQ1QGJAQAA:40
[  739006ms] [WARNING] !! Há erros de scripts de terceiros !!
Por favor, contate a Empresa responsável pelo script.  @ https://d1hjvew1n9ss7u.cloudfront.net/assets/shjs.js?t=639255987001545277:0
[  739009ms] Uncaught Error: You must pass a string or Handlebars AST to Handlebars.compile. You passed null
    at e.compile (https://d1hjvew1n9ss7u.cloudfront.net/asset.axd?id=iQEAAB-LCAAAAAAAAAOtkE0PATEQhv-KzHnp-qi1FQdxEyfcxKHaQYWtdKYiEX67WnF04vh-PZPMDQyDAsYri4O-aDLBnXnYMHsdCHkUedscQAZVKs19ZMyTcKC2-kiYgT0n_yEW9YpShKA4xJRcUtDvlh0py0GR523Zk52iSA3zaRjrLKhuX7byJDYf2xGo1e37nuqLk0jsT2LiK8aKxXKPJyQx80ctpgthXna0vnUguGe_wMa7oG3NfH_mn8QdBu2oJq7vT6rQ1QGJAQAA:1843:49302)
    at i.compile (https://d1hjvew1n9ss7u.cloudfront.net/asset.axd?id=iQEAAB-LCAAAAAAAAAOtkE0PATEQhv-KzHnp-qi1FQdxEyfcxKHaQYWtdKYiEX67WnF04vh-PZPMDQyDAsYri4O-aDLBnXnYMHsdCHkUedscQAZVKs19ZMyTcKC2-kiYgT0n_yEW9YpShKA4xJRcUtDvlh0py0GR523Zk52iSA3zaRjrLKhuX7byJDYf2xGo1e37nuqLk0jsT2LiK8aKxXKPJyQx80ctpgthXna0vnUguGe_wMa7oG3NfH_mn8QdBu2oJq7vT6rQ1QGJAQAA:1843:343)
    at renderBasket (https://d1hjvew1n9ss7u.cloudfront.net/asset.axd?id=iQEAAB-LCAAAAAAAAAOtkE0PATEQhv-KzHnp-qi1FQdxEyfcxKHaQYWtdKYiEX67WnF04vh-PZPMDQyDAsYri4O-aDLBnXnYMHsdCHkUedscQAZVKs19ZMyTcKC2-kiYgT0n_yEW9YpShKA4xJRcUtDvlh0py0GR523Zk52iSA3zaRjrLKhuX7byJDYf2xGo1e37nuqLk0jsT2LiK8aKxXKPJyQx80ctpgthXna0vnUguGe_wMa7oG3NfH_mn8QdBu2oJq7vT6rQ1QGJAQAA:78:27)
    at <anonymous> (https://d1hjvew1n9ss7u.cloudfront.net/asset.axd?id=iQEAAB-LCAAAAAAAAAOtkE0PATEQhv-KzHnp-qi1FQdxEyfcxKHaQYWtdKYiEX67WnF04vh-PZPMDQyDAsYri4O-aDLBnXnYMHsdCHkUedscQAZVKs19ZMyTcKC2-kiYgT0n_yEW9YpShKA4xJRcUtDvlh0py0GR523Zk52iSA3zaRjrLKhuX7byJDYf2xGo1e37nuqLk0jsT2LiK8aKxXKPJyQx80ctpgthXna0vnUguGe_wMa7oG3NfH_mn8QdBu2oJq7vT6rQ1QGJAQAA:269:1)
    at f (https://d1hjvew1n9ss7u.cloudfront.net/assets/shjs.js?t=639255987001545277:0:10382)
    at fireWith (https://d1hjvew1n9ss7u.cloudfront.net/assets/shjs.js?t=639255987001545277:0:11137)
    at ready (https://d1hjvew1n9ss7u.cloudfront.net/assets/shjs.js?t=639255987001545277:0:5238)
    at r (https://d1hjvew1n9ss7u.cloudfront.net/assets/shjs.js?t=639255987001545277:0:9748)
[  739010ms] [VERBOSE] [DOM] Input elements should have autocomplete attributes (suggested: "current-password"): (More info: https://goo.gl/9p2vKq) %o @ https://www.lolacosmetics.com.br/conteudo/sobre/revenda:0
[  739010ms] [VERBOSE] [DOM] Input elements should have autocomplete attributes (suggested: "current-password"): (More info: https://goo.gl/9p2vKq) %o @ https://www.lolacosmetics.com.br/conteudo/sobre/revenda:0
[  739018ms] [ERROR] Failed to load resource: net::ERR_NAME_NOT_RESOLVED @ https://event.getblue.io/js/blue-tag.min.js:0
[  739220ms] [LOG] AffiseStorage availability: {cookie: true, localStorage: true, sessionStorage: true} @ https://rankmediabrasil.g2afse.com/websdk.js:0
[  739221ms] [LOG] Status RNK Media - ClickId: null UTM: null @ :3
[  739404ms] [WARNING] [Meta Pixel] - Invalid parameter format for currency. Please refer https://developers.facebook.com/docs/meta-pixel/reference/ for valid parameter specifications. @ https://connect.facebook.net/en_US/fbevents.js:203
[  739708ms] Uncaught TypeError: Cannot read properties of undefined (reading 'replace')
    at validaFreteGratis (https://d1hjvew1n9ss7u.cloudfront.net/asset.axd?id=iQEAAB-LCAAAAAAAAAOtkE0PATEQhv-KzHnp-qi1FQdxEyfcxKHaQYWtdKYiEX67WnF04vh-PZPMDQyDAsYri4O-aDLBnXnYMHsdCHkUedscQAZVKs19ZMyTcKC2-kiYgT0n_yEW9YpShKA4xJRcUtDvlh0py0GR523Zk52iSA3zaRjrLKhuX7byJDYf2xGo1e37nuqLk0jsT2LiK8aKxXKPJyQx80ctpgthXna0vnUguGe_wMa7oG3NfH_mn8QdBu2oJq7vT6rQ1QGJAQAA:50:7633)
    at <anonymous> (https://d1hjvew1n9ss7u.cloudfront.net/asset.axd?id=iQEAAB-LCAAAAAAAAAOtkE0PATEQhv-KzHnp-qi1FQdxEyfcxKHaQYWtdKYiEX67WnF04vh-PZPMDQyDAsYri4O-aDLBnXnYMHsdCHkUedscQAZVKs19ZMyTcKC2-kiYgT0n_yEW9YpShKA4xJRcUtDvlh0py0GR523Zk52iSA3zaRjrLKhuX7byJDYf2xGo1e37nuqLk0jsT2LiK8aKxXKPJyQx80ctpgthXna0vnUguGe_wMa7oG3NfH_mn8QdBu2oJq7vT6rQ1QGJAQAA:50:49808)
    at dispatch (https://d1hjvew1n9ss7u.cloudfront.net/assets/shjs.js?t=639255987001545277:0:32701)
    at a (https://d1hjvew1n9ss7u.cloudfront.net/assets/shjs.js?t=639255987001545277:0:28480)
[  739706ms] [LOG] Banner não encontrado: banner-232 @ https://d1hjvew1n9ss7u.cloudfront.net/asset.axd?id=iQEAAB-LCAAAAAAAAAOtkE0PATEQhv-KzHnp-qi1FQdxEyfcxKHaQYWtdKYiEX67WnF04vh-PZPMDQyDAsYri4O-aDLBnXnYMHsdCHkUedscQAZVKs19ZMyTcKC2-kiYgT0n_yEW9YpShKA4xJRcUtDvlh0py0GR523Zk52iSA3zaRjrLKhuX7byJDYf2xGo1e37nuqLk0jsT2LiK8aKxXKPJyQx80ctpgthXna0vnUguGe_wMa7oG3NfH_mn8QdBu2oJq7vT6rQ1QGJAQAA:803
[  739735ms] [LOG] %c Widde Video Commerce %c v24604ee %c Build: 21/09/2026 20:39 %c border: 1px solid #2567f8; background: #2567f8; color: #fff; font-weight: bold; padding: 4px 8px; border-radius: 3px 0 0 0; border: 1px solid #2567f8; border-left: none; background: #FFF; color: #2567f8; font-weight: bold; padding: 4px 8px; border: 1px solid #2567f8; border-left: none; background: #f0f0f0; color: #333; font-weight: bold; padding: 4px 8px; border-radius: 0 3px 3px 0; background: transparent @ https://cdn.widde.io/assets/main.utzwjalemu.js:0
[  739812ms] [LOG] %c Tryon Widde.io %c %s %c border: 1px solid #2567f8; background: #2567f8; color: #fff; font-weight: bold; padding: 4px 8px; border-radius: 3px 0 0 3px; border: 1px solid #2567f8; background: #FFF; color: #2567f8; font-weight: bold; padding: 4px 8px; border-radius: 0 3px 3px 0; 47bf7c2 background: transparent @ https://cdn-tryon.widde.io/widde-tryon.js:86
[  739840ms] [LOG] [tryon-tracker] initialized {domain: www.lolacosmetics.com.br} @ https://cdn-tryon.widde.io/widde-tryon.js:8
[  746803ms] [WARNING] Error with Feature-Policy header: Some features are specified in both Feature-Policy and Permissions-Policy header: payment, fullscreen, microphone, camera. Values defined in Permissions-Policy header will be used. @ :0
[  747154ms] [ERROR] Failed to load resource: the server responded with a status of 500 () @ https://fonts.cdnfonts.com/css/leelawade:0
[  747382ms] [ERROR] Failed to load resource: the server responded with a status of 404 () @ https://lolacosmetics.admin.linxcommerce.com.br/Custom/Content/Themes/Lola/Styles/Fonts/FontAwesome/all.css:0
[  747588ms] [ERROR] Failed to load resource: net::ERR_NAME_NOT_RESOLVED @ https://event.getblue.io/js/blue-tag.min.js:0
[  747616ms] [LOG] Banner não encontrado: banner-232 @ https://d1hjvew1n9ss7u.cloudfront.net/asset.axd?id=PAEAAB-LCAAAAAAAAAOtj0EPwUAQhf-KzLnsKqu64iBu4oSbOKzt0G2qKztTkQi_3abi6Ob43vfem8wDLIMGxjuLytwM2eCuPOvZ0gRCnrd86k8hgSaGNr5llFE40CdTEyZQXKP_EtuuRREhaA5tJLcIJqM8VSqfZlIO1VilWRYT9puwhStAjyZqIKM4fm1HoPeP333qLi5bYn8RS98wNix2JV6QxNrXRizOwRRGrLbi88ygIngm_1k8YzCOusXD8w1y8dfTPAEAAA%3d%3d:754
[  747627ms] [LOG] [Debug Carrinho] Polling ativo @ https://d1hjvew1n9ss7u.cloudfront.net/asset.axd?id=PAEAAB-LCAAAAAAAAAOtj0EPwUAQhf-KzLnsKqu64iBu4oSbOKzt0G2qKztTkQi_3abi6Ob43vfem8wDLIMGxjuLytwM2eCuPOvZ0gRCnrd86k8hgSaGNr5llFE40CdTEyZQXKP_EtuuRREhaA5tJLcIJqM8VSqfZlIO1VilWRYT9puwhStAjyZqIKM4fm1HoPeP333qLi5bYn8RS98wNix2JV6QxNrXRizOwRRGrLbi88ygIngm_1k8YzCOusXD8w1y8dfTPAEAAA%3d%3d:1790
[  747723ms] [LOG] categoria @ https://d1hjvew1n9ss7u.cloudfront.net/asset.axd?id=PAEAAB-LCAAAAAAAAAOtj0EPwUAQhf-KzLnsKqu64iBu4oSbOKzt0G2qKztTkQi_3abi6Ob43vfem8wDLIMGxjuLytwM2eCuPOvZ0gRCnrd86k8hgSaGNr5llFE40CdTEyZQXKP_EtuuRREhaA5tJLcIJqM8VSqfZlIO1VilWRYT9puwhStAjyZqIKM4fm1HoPeP333qLi5bYn8RS98wNix2JV6QxNrXRizOwRRGrLbi88ygIngm_1k8YzCOusXD8w1y8dfTPAEAAA%3d%3d:1
[  747724ms] [WARNING] !! Há erros de scripts de terceiros !!
Por favor, contate a Empresa responsável pelo script.  @ https://d1hjvew1n9ss7u.cloudfront.net/assets/shjs.js?t=639255987001545277:0
[  747725ms] Uncaught Error: You must pass a string or Handlebars AST to Handlebars.compile. You passed null
    at e.compile (https://d1hjvew1n9ss7u.cloudfront.net/asset.axd?id=PAEAAB-LCAAAAAAAAAOtj0EPwUAQhf-KzLnsKqu64iBu4oSbOKzt0G2qKztTkQi_3abi6Ob43vfem8wDLIMGxjuLytwM2eCuPOvZ0gRCnrd86k8hgSaGNr5llFE40CdTEyZQXKP_EtuuRREhaA5tJLcIJqM8VSqfZlIO1VilWRYT9puwhStAjyZqIKM4fm1HoPeP333qLi5bYn8RS98wNix2JV6QxNrXRizOwRRGrLbi88ygIngm_1k8YzCOusXD8w1y8dfTPAEAAA%3d%3d:1794:49302)
    at i.compile (https://d1hjvew1n9ss7u.cloudfront.net/asset.axd?id=PAEAAB-LCAAAAAAAAAOtj0EPwUAQhf-KzLnsKqu64iBu4oSbOKzt0G2qKztTkQi_3abi6Ob43vfem8wDLIMGxjuLytwM2eCuPOvZ0gRCnrd86k8hgSaGNr5llFE40CdTEyZQXKP_EtuuRREhaA5tJLcIJqM8VSqfZlIO1VilWRYT9puwhStAjyZqIKM4fm1HoPeP333qLi5bYn8RS98wNix2JV6QxNrXRizOwRRGrLbi88ygIngm_1k8YzCOusXD8w1y8dfTPAEAAA%3d%3d:1794:343)
    at renderBasket (https://d1hjvew1n9ss7u.cloudfront.net/asset.axd?id=PAEAAB-LCAAAAAAAAAOtj0EPwUAQhf-KzLnsKqu64iBu4oSbOKzt0G2qKztTkQi_3abi6Ob43vfem8wDLIMGxjuLytwM2eCuPOvZ0gRCnrd86k8hgSaGNr5llFE40CdTEyZQXKP_EtuuRREhaA5tJLcIJqM8VSqfZlIO1VilWRYT9puwhStAjyZqIKM4fm1HoPeP333qLi5bYn8RS98wNix2JV6QxNrXRizOwRRGrLbi88ygIngm_1k8YzCOusXD8w1y8dfTPAEAAA%3d%3d:29:27)
    at <anonymous> (https://d1hjvew1n9ss7u.cloudfront.net/asset.axd?id=PAEAAB-LCAAAAAAAAAOtj0EPwUAQhf-KzLnsKqu64iBu4oSbOKzt0G2qKztTkQi_3abi6Ob43vfem8wDLIMGxjuLytwM2eCuPOvZ0gRCnrd86k8hgSaGNr5llFE40CdTEyZQXKP_EtuuRREhaA5tJLcIJqM8VSqfZlIO1VilWRYT9puwhStAjyZqIKM4fm1HoPeP333qLi5bYn8RS98wNix2JV6QxNrXRizOwRRGrLbi88ygIngm_1k8YzCOusXD8w1y8dfTPAEAAA%3d%3d:220:1)
    at f (https://d1hjvew1n9ss7u.cloudfront.net/assets/shjs.js?t=639255987001545277:0:10382)
    at fireWith (https://d1hjvew1n9ss7u.cloudfront.net/assets/shjs.js?t=639255987001545277:0:11137)
    at ready (https://d1hjvew1n9ss7u.cloudfront.net/assets/shjs.js?t=639255987001545277:0:5238)
    at r (https://d1hjvew1n9ss7u.cloudfront.net/assets/shjs.js?t=639255987001545277:0:9748)
[  747727ms] [VERBOSE] [DOM] Input elements should have autocomplete attributes (suggested: "current-password"): (More info: https://goo.gl/9p2vKq) %o @ https://www.lolacosmetics.com.br/lancamentos/a-formula:0
[  747727ms] [VERBOSE] [DOM] Input elements should have autocomplete attributes (suggested: "current-password"): (More info: https://goo.gl/9p2vKq) %o @ https://www.lolacosmetics.com.br/lancamentos/a-formula:0
[  747768ms] [LOG] AffiseStorage availability: {cookie: true, localStorage: true, sessionStorage: true} @ https://rankmediabrasil.g2afse.com/websdk.js:0
[  747769ms] [LOG] Status RNK Media - ClickId: null UTM: null @ :3
[  748237ms] [WARNING] [Meta Pixel] - Invalid parameter format for currency. Please refer https://developers.facebook.com/docs/meta-pixel/reference/ for valid parameter specifications. @ https://connect.facebook.net/en_US/fbevents.js:203
[  748678ms] [INFO] É necessário definir o storeID no Plugin TrustVox @ https://d1hjvew1n9ss7u.cloudfront.net/asset.axd?id=_woAAB-LCAAAAAAAAAO9lsFunDAQhl-l4rw122w3m1D1lEfooYeqh8HMgrNgW_aYDYrSZ--EaFVgIZWK1aP9__b3Y3uwnxNJSZYQPlH6CC146ZSlLx9kBc4jfQ10_HiXbBLNpu-qKJG23FJJdoTa4yYpLAu_0m_9MM8SJhm5wErLwu3u_ma_v787bLef9p_3N4cDO-TFIQtVJNnudi-23Mgv3con2Y_n5fG-Jz4ET6ZJH4wm1JS-ZfOpamzgYKJBgkuq9FyIYb949MnL5l8JpTFljQI01B0p6YeUqbaO5DtP2AiHEizxhoh2N4TNyOt41pmj4vi1KZUekkZCRIYwEKhaJvVyHN4Za2kaFL4y1qKbY04s67i5M2evdCkkEJbGdQ3qMKTOGlZ_axEkCY_g5HRZB8o6iqxQnkwgkYM_Ic8ZmgZcVyEU43V917guA8_DM76uXg5aj7FTbR3pCJKjU2f5TGKL9ajcr8R4LOVpicRSDE7pTLDXjL470tkvneLflHE03qE5Pc7Jr5XmOla-mq7frCEis8FCgV8kvsnReaIFp4CU0X9F_3FGTMH3tafWPAkHrwW3mGHii5PAOiVxDtkLcRh56PJAZKa34Vj8DyyjUdZKntgUszanZXKtRqQtg1YxCuAXXfBQ8rtLSrQEenwuZg098-fLbwJGClv_CgAA:52
[  748684ms] Uncaught TypeError: Cannot read properties of undefined (reading 'replace')
    at validaFreteGratis (https://d1hjvew1n9ss7u.cloudfront.net/asset.axd?id=PAEAAB-LCAAAAAAAAAOtj0EPwUAQhf-KzLnsKqu64iBu4oSbOKzt0G2qKztTkQi_3abi6Ob43vfem8wDLIMGxjuLytwM2eCuPOvZ0gRCnrd86k8hgSaGNr5llFE40CdTEyZQXKP_EtuuRREhaA5tJLcIJqM8VSqfZlIO1VilWRYT9puwhStAjyZqIKM4fm1HoPeP333qLi5bYn8RS98wNix2JV6QxNrXRizOwRRGrLbi88ygIngm_1k8YzCOusXD8w1y8dfTPAEAAA%3d%3d:1:7633)
    at <anonymous> (https://d1hjvew1n9ss7u.cloudfront.net/asset.axd?id=PAEAAB-LCAAAAAAAAAOtj0EPwUAQhf-KzLnsKqu64iBu4oSbOKzt0G2qKztTkQi_3abi6Ob43vfem8wDLIMGxjuLytwM2eCuPOvZ0gRCnrd86k8hgSaGNr5llFE40CdTEyZQXKP_EtuuRREhaA5tJLcIJqM8VSqfZlIO1VilWRYT9puwhStAjyZqIKM4fm1HoPeP333qLi5bYn8RS98wNix2JV6QxNrXRizOwRRGrLbi88ygIngm_1k8YzCOusXD8w1y8dfTPAEAAA%3d%3d:1:49808)
    at dispatch (https://d1hjvew1n9ss7u.cloudfront.net/assets/shjs.js?t=639255987001545277:0:32701)
    at a (https://d1hjvew1n9ss7u.cloudfront.net/assets/shjs.js?t=639255987001545277:0:28480)
[  748683ms] [LOG] Banner não encontrado: banner-232 @ https://d1hjvew1n9ss7u.cloudfront.net/asset.axd?id=PAEAAB-LCAAAAAAAAAOtj0EPwUAQhf-KzLnsKqu64iBu4oSbOKzt0G2qKztTkQi_3abi6Ob43vfem8wDLIMGxjuLytwM2eCuPOvZ0gRCnrd86k8hgSaGNr5llFE40CdTEyZQXKP_EtuuRREhaA5tJLcIJqM8VSqfZlIO1VilWRYT9puwhStAjyZqIKM4fm1HoPeP333qLi5bYn8RS98wNix2JV6QxNrXRizOwRRGrLbi88ygIngm_1k8YzCOusXD8w1y8dfTPAEAAA%3d%3d:754
[  748716ms] [LOG] %c Widde Video Commerce %c v24604ee %c Build: 21/09/2026 20:39 %c border: 1px solid #2567f8; background: #2567f8; color: #fff; font-weight: bold; padding: 4px 8px; border-radius: 3px 0 0 0; border: 1px solid #2567f8; border-left: none; background: #FFF; color: #2567f8; font-weight: bold; padding: 4px 8px; border: 1px solid #2567f8; border-left: none; background: #f0f0f0; color: #333; font-weight: bold; padding: 4px 8px; border-radius: 0 3px 3px 0; background: transparent @ https://cdn.widde.io/assets/main.utzwjalemu.js:0
[  748832ms] [LOG] %c Tryon Widde.io %c %s %c border: 1px solid #2567f8; background: #2567f8; color: #fff; font-weight: bold; padding: 4px 8px; border-radius: 3px 0 0 3px; border: 1px solid #2567f8; background: #FFF; color: #2567f8; font-weight: bold; padding: 4px 8px; border-radius: 0 3px 3px 0; 47bf7c2 background: transparent @ https://cdn-tryon.widde.io/widde-tryon.js:86
[  748879ms] [LOG] [tryon-tracker] initialized {domain: www.lolacosmetics.com.br} @ https://cdn-tryon.widde.io/widde-tryon.js:8
[  755263ms] [WARNING] Error with Feature-Policy header: Some features are specified in both Feature-Policy and Permissions-Policy header: payment, fullscreen, microphone, camera. Values defined in Permissions-Policy header will be used. @ :0
[  755563ms] [ERROR] Failed to load resource: the server responded with a status of 500 () @ https://fonts.cdnfonts.com/css/leelawade:0
[  755827ms] [ERROR] Failed to load resource: the server responded with a status of 404 () @ https://lolacosmetics.admin.linxcommerce.com.br/Custom/Content/Themes/Lola/Styles/Fonts/FontAwesome/all.css:0
[  755975ms] [ERROR] Failed to load resource: net::ERR_NAME_NOT_RESOLVED @ https://event.getblue.io/js/blue-tag.min.js:0
[  755978ms] [LOG] Banner não encontrado: banner-232 @ https://d1hjvew1n9ss7u.cloudfront.net/asset.axd?id=PAEAAB-LCAAAAAAAAAOtj0EPwUAQhf-KzLnsKqu64iBu4oSbOKzt0G2qKztTkQi_3abi6Ob43vfem8wDLIMGxjuLytwM2eCuPOvZ0gRCnrd86k8hgSaGNr5llFE40CdTEyZQXKP_EtuuRREhaA5tJLcIJqM8VSqfZlIO1VilWRYT9puwhStAjyZqIKM4fm1HoPeP333qLi5bYn8RS98wNix2JV6QxNrXRizOwRRGrLbi88ygIngm_1k8YzCOusXD8w1y8dfTPAEAAA%3d%3d:754
[  755981ms] [LOG] [Debug Carrinho] Polling ativo @ https://d1hjvew1n9ss7u.cloudfront.net/asset.axd?id=PAEAAB-LCAAAAAAAAAOtj0EPwUAQhf-KzLnsKqu64iBu4oSbOKzt0G2qKztTkQi_3abi6Ob43vfem8wDLIMGxjuLytwM2eCuPOvZ0gRCnrd86k8hgSaGNr5llFE40CdTEyZQXKP_EtuuRREhaA5tJLcIJqM8VSqfZlIO1VilWRYT9puwhStAjyZqIKM4fm1HoPeP333qLi5bYn8RS98wNix2JV6QxNrXRizOwRRGrLbi88ygIngm_1k8YzCOusXD8w1y8dfTPAEAAA%3d%3d:1790
[  756030ms] [LOG] categoria @ https://d1hjvew1n9ss7u.cloudfront.net/asset.axd?id=PAEAAB-LCAAAAAAAAAOtj0EPwUAQhf-KzLnsKqu64iBu4oSbOKzt0G2qKztTkQi_3abi6Ob43vfem8wDLIMGxjuLytwM2eCuPOvZ0gRCnrd86k8hgSaGNr5llFE40CdTEyZQXKP_EtuuRREhaA5tJLcIJqM8VSqfZlIO1VilWRYT9puwhStAjyZqIKM4fm1HoPeP333qLi5bYn8RS98wNix2JV6QxNrXRizOwRRGrLbi88ygIngm_1k8YzCOusXD8w1y8dfTPAEAAA%3d%3d:1
[  756030ms] [WARNING] !! Há erros de scripts de terceiros !!
Por favor, contate a Empresa responsável pelo script.  @ https://d1hjvew1n9ss7u.cloudfront.net/assets/shjs.js?t=639255987001545277:0
[  756031ms] Uncaught Error: You must pass a string or Handlebars AST to Handlebars.compile. You passed null
    at e.compile (https://d1hjvew1n9ss7u.cloudfront.net/asset.axd?id=PAEAAB-LCAAAAAAAAAOtj0EPwUAQhf-KzLnsKqu64iBu4oSbOKzt0G2qKztTkQi_3abi6Ob43vfem8wDLIMGxjuLytwM2eCuPOvZ0gRCnrd86k8hgSaGNr5llFE40CdTEyZQXKP_EtuuRREhaA5tJLcIJqM8VSqfZlIO1VilWRYT9puwhStAjyZqIKM4fm1HoPeP333qLi5bYn8RS98wNix2JV6QxNrXRizOwRRGrLbi88ygIngm_1k8YzCOusXD8w1y8dfTPAEAAA%3d%3d:1794:49302)
    at i.compile (https://d1hjvew1n9ss7u.cloudfront.net/asset.axd?id=PAEAAB-LCAAAAAAAAAOtj0EPwUAQhf-KzLnsKqu64iBu4oSbOKzt0G2qKztTkQi_3abi6Ob43vfem8wDLIMGxjuLytwM2eCuPOvZ0gRCnrd86k8hgSaGNr5llFE40CdTEyZQXKP_EtuuRREhaA5tJLcIJqM8VSqfZlIO1VilWRYT9puwhStAjyZqIKM4fm1HoPeP333qLi5bYn8RS98wNix2JV6QxNrXRizOwRRGrLbi88ygIngm_1k8YzCOusXD8w1y8dfTPAEAAA%3d%3d:1794:343)
    at renderBasket (https://d1hjvew1n9ss7u.cloudfront.net/asset.axd?id=PAEAAB-LCAAAAAAAAAOtj0EPwUAQhf-KzLnsKqu64iBu4oSbOKzt0G2qKztTkQi_3abi6Ob43vfem8wDLIMGxjuLytwM2eCuPOvZ0gRCnrd86k8hgSaGNr5llFE40CdTEyZQXKP_EtuuRREhaA5tJLcIJqM8VSqfZlIO1VilWRYT9puwhStAjyZqIKM4fm1HoPeP333qLi5bYn8RS98wNix2JV6QxNrXRizOwRRGrLbi88ygIngm_1k8YzCOusXD8w1y8dfTPAEAAA%3d%3d:29:27)
    at <anonymous> (https://d1hjvew1n9ss7u.cloudfront.net/asset.axd?id=PAEAAB-LCAAAAAAAAAOtj0EPwUAQhf-KzLnsKqu64iBu4oSbOKzt0G2qKztTkQi_3abi6Ob43vfem8wDLIMGxjuLytwM2eCuPOvZ0gRCnrd86k8hgSaGNr5llFE40CdTEyZQXKP_EtuuRREhaA5tJLcIJqM8VSqfZlIO1VilWRYT9puwhStAjyZqIKM4fm1HoPeP333qLi5bYn8RS98wNix2JV6QxNrXRizOwRRGrLbi88ygIngm_1k8YzCOusXD8w1y8dfTPAEAAA%3d%3d:220:1)
    at f (https://d1hjvew1n9ss7u.cloudfront.net/assets/shjs.js?t=639255987001545277:0:10382)
    at fireWith (https://d1hjvew1n9ss7u.cloudfront.net/assets/shjs.js?t=639255987001545277:0:11137)
    at ready (https://d1hjvew1n9ss7u.cloudfront.net/assets/shjs.js?t=639255987001545277:0:5238)
    at r (https://d1hjvew1n9ss7u.cloudfront.net/assets/shjs.js?t=639255987001545277:0:9748)
[  756034ms] [VERBOSE] [DOM] Input elements should have autocomplete attributes (suggested: "current-password"): (More info: https://goo.gl/9p2vKq) %o @ https://www.lolacosmetics.com.br/lancamentos/banana-tropicana:0
[  756034ms] [VERBOSE] [DOM] Input elements should have autocomplete attributes (suggested: "current-password"): (More info: https://goo.gl/9p2vKq) %o @ https://www.lolacosmetics.com.br/lancamentos/banana-tropicana:0
[  756152ms] [LOG] AffiseStorage availability: {cookie: true, localStorage: true, sessionStorage: true} @ https://rankmediabrasil.g2afse.com/websdk.js:0
[  756154ms] [LOG] Status RNK Media - ClickId: null UTM: null @ :3
[  756434ms] [WARNING] [Meta Pixel] - Invalid parameter format for currency. Please refer https://developers.facebook.com/docs/meta-pixel/reference/ for valid parameter specifications. @ https://connect.facebook.net/en_US/fbevents.js:203
[  756832ms] [INFO] É necessário definir o storeID no Plugin TrustVox @ https://d1hjvew1n9ss7u.cloudfront.net/asset.axd?id=_woAAB-LCAAAAAAAAAO9lsFunDAQhl-l4rw122w3m1D1lEfooYeqh8HMgrNgW_aYDYrSZ--EaFVgIZWK1aP9__b3Y3uwnxNJSZYQPlH6CC146ZSlLx9kBc4jfQ10_HiXbBLNpu-qKJG23FJJdoTa4yYpLAu_0m_9MM8SJhm5wErLwu3u_ma_v787bLef9p_3N4cDO-TFIQtVJNnudi-23Mgv3con2Y_n5fG-Jz4ET6ZJH4wm1JS-ZfOpamzgYKJBgkuq9FyIYb949MnL5l8JpTFljQI01B0p6YeUqbaO5DtP2AiHEizxhoh2N4TNyOt41pmj4vi1KZUekkZCRIYwEKhaJvVyHN4Za2kaFL4y1qKbY04s67i5M2evdCkkEJbGdQ3qMKTOGlZ_axEkCY_g5HRZB8o6iqxQnkwgkYM_Ic8ZmgZcVyEU43V917guA8_DM76uXg5aj7FTbR3pCJKjU2f5TGKL9ajcr8R4LOVpicRSDE7pTLDXjL470tkvneLflHE03qE5Pc7Jr5XmOla-mq7frCEis8FCgV8kvsnReaIFp4CU0X9F_3FGTMH3tafWPAkHrwW3mGHii5PAOiVxDtkLcRh56PJAZKa34Vj8DyyjUdZKntgUszanZXKtRqQtg1YxCuAXXfBQ8rtLSrQEenwuZg098-fLbwJGClv_CgAA:52
[  756841ms] Uncaught TypeError: Cannot read properties of undefined (reading 'replace')
    at validaFreteGratis (https://d1hjvew1n9ss7u.cloudfront.net/asset.axd?id=PAEAAB-LCAAAAAAAAAOtj0EPwUAQhf-KzLnsKqu64iBu4oSbOKzt0G2qKztTkQi_3abi6Ob43vfem8wDLIMGxjuLytwM2eCuPOvZ0gRCnrd86k8hgSaGNr5llFE40CdTEyZQXKP_EtuuRREhaA5tJLcIJqM8VSqfZlIO1VilWRYT9puwhStAjyZqIKM4fm1HoPeP333qLi5bYn8RS98wNix2JV6QxNrXRizOwRRGrLbi88ygIngm_1k8YzCOusXD8w1y8dfTPAEAAA%3d%3d:1:7633)
    at <anonymous> (https://d1hjvew1n9ss7u.cloudfront.net/asset.axd?id=PAEAAB-LCAAAAAAAAAOtj0EPwUAQhf-KzLnsKqu64iBu4oSbOKzt0G2qKztTkQi_3abi6Ob43vfem8wDLIMGxjuLytwM2eCuPOvZ0gRCnrd86k8hgSaGNr5llFE40CdTEyZQXKP_EtuuRREhaA5tJLcIJqM8VSqfZlIO1VilWRYT9puwhStAjyZqIKM4fm1HoPeP333qLi5bYn8RS98wNix2JV6QxNrXRizOwRRGrLbi88ygIngm_1k8YzCOusXD8w1y8dfTPAEAAA%3d%3d:1:49808)
    at dispatch (https://d1hjvew1n9ss7u.cloudfront.net/assets/shjs.js?t=639255987001545277:0:32701)
    at a (https://d1hjvew1n9ss7u.cloudfront.net/assets/shjs.js?t=639255987001545277:0:28480)
[  756839ms] [LOG] Banner não encontrado: banner-232 @ https://d1hjvew1n9ss7u.cloudfront.net/asset.axd?id=PAEAAB-LCAAAAAAAAAOtj0EPwUAQhf-KzLnsKqu64iBu4oSbOKzt0G2qKztTkQi_3abi6Ob43vfem8wDLIMGxjuLytwM2eCuPOvZ0gRCnrd86k8hgSaGNr5llFE40CdTEyZQXKP_EtuuRREhaA5tJLcIJqM8VSqfZlIO1VilWRYT9puwhStAjyZqIKM4fm1HoPeP333qLi5bYn8RS98wNix2JV6QxNrXRizOwRRGrLbi88ygIngm_1k8YzCOusXD8w1y8dfTPAEAAA%3d%3d:754
[  756879ms] [LOG] %c Widde Video Commerce %c v24604ee %c Build: 21/09/2026 20:39 %c border: 1px solid #2567f8; background: #2567f8; color: #fff; font-weight: bold; padding: 4px 8px; border-radius: 3px 0 0 0; border: 1px solid #2567f8; border-left: none; background: #FFF; color: #2567f8; font-weight: bold; padding: 4px 8px; border: 1px solid #2567f8; border-left: none; background: #f0f0f0; color: #333; font-weight: bold; padding: 4px 8px; border-radius: 0 3px 3px 0; background: transparent @ https://cdn.widde.io/assets/main.utzwjalemu.js:0
[  756914ms] [LOG] %c Tryon Widde.io %c %s %c border: 1px solid #2567f8; background: #2567f8; color: #fff; font-weight: bold; padding: 4px 8px; border-radius: 3px 0 0 3px; border: 1px solid #2567f8; background: #FFF; color: #2567f8; font-weight: bold; padding: 4px 8px; border-radius: 0 3px 3px 0; 47bf7c2 background: transparent @ https://cdn-tryon.widde.io/widde-tryon.js:86
[  756934ms] [LOG] [tryon-tracker] initialized {domain: www.lolacosmetics.com.br} @ https://cdn-tryon.widde.io/widde-tryon.js:8
[  763375ms] [WARNING] Error with Feature-Policy header: Some features are specified in both Feature-Policy and Permissions-Policy header: payment, fullscreen, microphone, camera. Values defined in Permissions-Policy header will be used. @ :0
[  763671ms] [ERROR] Failed to load resource: the server responded with a status of 500 () @ https://fonts.cdnfonts.com/css/leelawade:0
[  763930ms] [ERROR] Failed to load resource: the server responded with a status of 404 () @ https://lolacosmetics.admin.linxcommerce.com.br/Custom/Content/Themes/Lola/Styles/Fonts/FontAwesome/all.css:0
[  763985ms] [LOG] Banner não encontrado: banner-232 @ https://d1hjvew1n9ss7u.cloudfront.net/asset.axd?id=PAEAAB-LCAAAAAAAAAOtj0EPwUAQhf-KzLnsKqu64iBu4oSbOKzt0G2qKztTkQi_3abi6Ob43vfem8wDLIMGxjuLytwM2eCuPOvZ0gRCnrd86k8hgSaGNr5llFE40CdTEyZQXKP_EtuuRREhaA5tJLcIJqM8VSqfZlIO1VilWRYT9puwhStAjyZqIKM4fm1HoPeP333qLi5bYn8RS98wNix2JV6QxNrXRizOwRRGrLbi88ygIngm_1k8YzCOusXD8w1y8dfTPAEAAA%3d%3d:754
[  763986ms] [LOG] [Debug Carrinho] Polling ativo @ https://d1hjvew1n9ss7u.cloudfront.net/asset.axd?id=PAEAAB-LCAAAAAAAAAOtj0EPwUAQhf-KzLnsKqu64iBu4oSbOKzt0G2qKztTkQi_3abi6Ob43vfem8wDLIMGxjuLytwM2eCuPOvZ0gRCnrd86k8hgSaGNr5llFE40CdTEyZQXKP_EtuuRREhaA5tJLcIJqM8VSqfZlIO1VilWRYT9puwhStAjyZqIKM4fm1HoPeP333qLi5bYn8RS98wNix2JV6QxNrXRizOwRRGrLbi88ygIngm_1k8YzCOusXD8w1y8dfTPAEAAA%3d%3d:1790
[  764025ms] [LOG] categoria @ https://d1hjvew1n9ss7u.cloudfront.net/asset.axd?id=PAEAAB-LCAAAAAAAAAOtj0EPwUAQhf-KzLnsKqu64iBu4oSbOKzt0G2qKztTkQi_3abi6Ob43vfem8wDLIMGxjuLytwM2eCuPOvZ0gRCnrd86k8hgSaGNr5llFE40CdTEyZQXKP_EtuuRREhaA5tJLcIJqM8VSqfZlIO1VilWRYT9puwhStAjyZqIKM4fm1HoPeP333qLi5bYn8RS98wNix2JV6QxNrXRizOwRRGrLbi88ygIngm_1k8YzCOusXD8w1y8dfTPAEAAA%3d%3d:1
[  764026ms] [WARNING] !! Há erros de scripts de terceiros !!
Por favor, contate a Empresa responsável pelo script.  @ https://d1hjvew1n9ss7u.cloudfront.net/assets/shjs.js?t=639255987001545277:0
[  764027ms] Uncaught Error: You must pass a string or Handlebars AST to Handlebars.compile. You passed null
    at e.compile (https://d1hjvew1n9ss7u.cloudfront.net/asset.axd?id=PAEAAB-LCAAAAAAAAAOtj0EPwUAQhf-KzLnsKqu64iBu4oSbOKzt0G2qKztTkQi_3abi6Ob43vfem8wDLIMGxjuLytwM2eCuPOvZ0gRCnrd86k8hgSaGNr5llFE40CdTEyZQXKP_EtuuRREhaA5tJLcIJqM8VSqfZlIO1VilWRYT9puwhStAjyZqIKM4fm1HoPeP333qLi5bYn8RS98wNix2JV6QxNrXRizOwRRGrLbi88ygIngm_1k8YzCOusXD8w1y8dfTPAEAAA%3d%3d:1794:49302)
    at i.compile (https://d1hjvew1n9ss7u.cloudfront.net/asset.axd?id=PAEAAB-LCAAAAAAAAAOtj0EPwUAQhf-KzLnsKqu64iBu4oSbOKzt0G2qKztTkQi_3abi6Ob43vfem8wDLIMGxjuLytwM2eCuPOvZ0gRCnrd86k8hgSaGNr5llFE40CdTEyZQXKP_EtuuRREhaA5tJLcIJqM8VSqfZlIO1VilWRYT9puwhStAjyZqIKM4fm1HoPeP333qLi5bYn8RS98wNix2JV6QxNrXRizOwRRGrLbi88ygIngm_1k8YzCOusXD8w1y8dfTPAEAAA%3d%3d:1794:343)
    at renderBasket (https://d1hjvew1n9ss7u.cloudfront.net/asset.axd?id=PAEAAB-LCAAAAAAAAAOtj0EPwUAQhf-KzLnsKqu64iBu4oSbOKzt0G2qKztTkQi_3abi6Ob43vfem8wDLIMGxjuLytwM2eCuPOvZ0gRCnrd86k8hgSaGNr5llFE40CdTEyZQXKP_EtuuRREhaA5tJLcIJqM8VSqfZlIO1VilWRYT9puwhStAjyZqIKM4fm1HoPeP333qLi5bYn8RS98wNix2JV6QxNrXRizOwRRGrLbi88ygIngm_1k8YzCOusXD8w1y8dfTPAEAAA%3d%3d:29:27)
    at <anonymous> (https://d1hjvew1n9ss7u.cloudfront.net/asset.axd?id=PAEAAB-LCAAAAAAAAAOtj0EPwUAQhf-KzLnsKqu64iBu4oSbOKzt0G2qKztTkQi_3abi6Ob43vfem8wDLIMGxjuLytwM2eCuPOvZ0gRCnrd86k8hgSaGNr5llFE40CdTEyZQXKP_EtuuRREhaA5tJLcIJqM8VSqfZlIO1VilWRYT9puwhStAjyZqIKM4fm1HoPeP333qLi5bYn8RS98wNix2JV6QxNrXRizOwRRGrLbi88ygIngm_1k8YzCOusXD8w1y8dfTPAEAAA%3d%3d:220:1)
    at f (https://d1hjvew1n9ss7u.cloudfront.net/assets/shjs.js?t=639255987001545277:0:10382)
    at fireWith (https://d1hjvew1n9ss7u.cloudfront.net/assets/shjs.js?t=639255987001545277:0:11137)
    at ready (https://d1hjvew1n9ss7u.cloudfront.net/assets/shjs.js?t=639255987001545277:0:5238)
    at r (https://d1hjvew1n9ss7u.cloudfront.net/assets/shjs.js?t=639255987001545277:0:9748)
[  764028ms] [VERBOSE] [DOM] Input elements should have autocomplete attributes (suggested: "current-password"): (More info: https://goo.gl/9p2vKq) %o @ https://www.lolacosmetics.com.br/lancamentos/basicao:0
[  764028ms] [VERBOSE] [DOM] Input elements should have autocomplete attributes (suggested: "current-password"): (More info: https://goo.gl/9p2vKq) %o @ https://www.lolacosmetics.com.br/lancamentos/basicao:0
[  764083ms] [ERROR] Failed to load resource: net::ERR_NAME_NOT_RESOLVED @ https://event.getblue.io/js/blue-tag.min.js:0
[  764222ms] [LOG] AffiseStorage availability: {cookie: true, localStorage: true, sessionStorage: true} @ https://rankmediabrasil.g2afse.com/websdk.js:0
[  764224ms] [LOG] Status RNK Media - ClickId: null UTM: null @ :3
[  764553ms] [INFO] É necessário definir o storeID no Plugin TrustVox @ https://d1hjvew1n9ss7u.cloudfront.net/asset.axd?id=_woAAB-LCAAAAAAAAAO9lsFunDAQhl-l4rw122w3m1D1lEfooYeqh8HMgrNgW_aYDYrSZ--EaFVgIZWK1aP9__b3Y3uwnxNJSZYQPlH6CC146ZSlLx9kBc4jfQ10_HiXbBLNpu-qKJG23FJJdoTa4yYpLAu_0m_9MM8SJhm5wErLwu3u_ma_v787bLef9p_3N4cDO-TFIQtVJNnudi-23Mgv3con2Y_n5fG-Jz4ET6ZJH4wm1JS-ZfOpamzgYKJBgkuq9FyIYb949MnL5l8JpTFljQI01B0p6YeUqbaO5DtP2AiHEizxhoh2N4TNyOt41pmj4vi1KZUekkZCRIYwEKhaJvVyHN4Za2kaFL4y1qKbY04s67i5M2evdCkkEJbGdQ3qMKTOGlZ_axEkCY_g5HRZB8o6iqxQnkwgkYM_Ic8ZmgZcVyEU43V917guA8_DM76uXg5aj7FTbR3pCJKjU2f5TGKL9ajcr8R4LOVpicRSDE7pTLDXjL470tkvneLflHE03qE5Pc7Jr5XmOla-mq7frCEis8FCgV8kvsnReaIFp4CU0X9F_3FGTMH3tafWPAkHrwW3mGHii5PAOiVxDtkLcRh56PJAZKa34Vj8DyyjUdZKntgUszanZXKtRqQtg1YxCuAXXfBQ8rtLSrQEenwuZg098-fLbwJGClv_CgAA:52
[  764560ms] Uncaught TypeError: Cannot read properties of undefined (reading 'replace')
    at validaFreteGratis (https://d1hjvew1n9ss7u.cloudfront.net/asset.axd?id=PAEAAB-LCAAAAAAAAAOtj0EPwUAQhf-KzLnsKqu64iBu4oSbOKzt0G2qKztTkQi_3abi6Ob43vfem8wDLIMGxjuLytwM2eCuPOvZ0gRCnrd86k8hgSaGNr5llFE40CdTEyZQXKP_EtuuRREhaA5tJLcIJqM8VSqfZlIO1VilWRYT9puwhStAjyZqIKM4fm1HoPeP333qLi5bYn8RS98wNix2JV6QxNrXRizOwRRGrLbi88ygIngm_1k8YzCOusXD8w1y8dfTPAEAAA%3d%3d:1:7633)
    at <anonymous> (https://d1hjvew1n9ss7u.cloudfront.net/asset.axd?id=PAEAAB-LCAAAAAAAAAOtj0EPwUAQhf-KzLnsKqu64iBu4oSbOKzt0G2qKztTkQi_3abi6Ob43vfem8wDLIMGxjuLytwM2eCuPOvZ0gRCnrd86k8hgSaGNr5llFE40CdTEyZQXKP_EtuuRREhaA5tJLcIJqM8VSqfZlIO1VilWRYT9puwhStAjyZqIKM4fm1HoPeP333qLi5bYn8RS98wNix2JV6QxNrXRizOwRRGrLbi88ygIngm_1k8YzCOusXD8w1y8dfTPAEAAA%3d%3d:1:49808)
    at dispatch (https://d1hjvew1n9ss7u.cloudfront.net/assets/shjs.js?t=639255987001545277:0:32701)
    at a (https://d1hjvew1n9ss7u.cloudfront.net/assets/shjs.js?t=639255987001545277:0:28480)
[  764559ms] [LOG] Banner não encontrado: banner-232 @ https://d1hjvew1n9ss7u.cloudfront.net/asset.axd?id=PAEAAB-LCAAAAAAAAAOtj0EPwUAQhf-KzLnsKqu64iBu4oSbOKzt0G2qKztTkQi_3abi6Ob43vfem8wDLIMGxjuLytwM2eCuPOvZ0gRCnrd86k8hgSaGNr5llFE40CdTEyZQXKP_EtuuRREhaA5tJLcIJqM8VSqfZlIO1VilWRYT9puwhStAjyZqIKM4fm1HoPeP333qLi5bYn8RS98wNix2JV6QxNrXRizOwRRGrLbi88ygIngm_1k8YzCOusXD8w1y8dfTPAEAAA%3d%3d:754
[  764614ms] [LOG] %c Widde Video Commerce %c v24604ee %c Build: 21/09/2026 20:39 %c border: 1px solid #2567f8; background: #2567f8; color: #fff; font-weight: bold; padding: 4px 8px; border-radius: 3px 0 0 0; border: 1px solid #2567f8; border-left: none; background: #FFF; color: #2567f8; font-weight: bold; padding: 4px 8px; border: 1px solid #2567f8; border-left: none; background: #f0f0f0; color: #333; font-weight: bold; padding: 4px 8px; border-radius: 0 3px 3px 0; background: transparent @ https://cdn.widde.io/assets/main.utzwjalemu.js:0
[  764696ms] [LOG] %c Tryon Widde.io %c %s %c border: 1px solid #2567f8; background: #2567f8; color: #fff; font-weight: bold; padding: 4px 8px; border-radius: 3px 0 0 3px; border: 1px solid #2567f8; background: #FFF; color: #2567f8; font-weight: bold; padding: 4px 8px; border-radius: 0 3px 3px 0; 47bf7c2 background: transparent @ https://cdn-tryon.widde.io/widde-tryon.js:86
[  764714ms] [LOG] [tryon-tracker] initialized {domain: www.lolacosmetics.com.br} @ https://cdn-tryon.widde.io/widde-tryon.js:8
[  770936ms] [WARNING] Error with Feature-Policy header: Some features are specified in both Feature-Policy and Permissions-Policy header: payment, fullscreen, microphone, camera. Values defined in Permissions-Policy header will be used. @ :0
[  771237ms] [ERROR] Failed to load resource: the server responded with a status of 500 () @ https://fonts.cdnfonts.com/css/leelawade:0
[  771481ms] [ERROR] Failed to load resource: the server responded with a status of 404 () @ https://lolacosmetics.admin.linxcommerce.com.br/Custom/Content/Themes/Lola/Styles/Fonts/FontAwesome/all.css:0
[  771555ms] [LOG] Banner não encontrado: banner-232 @ https://d1hjvew1n9ss7u.cloudfront.net/asset.axd?id=PAEAAB-LCAAAAAAAAAOtj0EPwUAQhf-KzLnsKqu64iBu4oSbOKzt0G2qKztTkQi_3abi6Ob43vfem8wDLIMGxjuLytwM2eCuPOvZ0gRCnrd86k8hgSaGNr5llFE40CdTEyZQXKP_EtuuRREhaA5tJLcIJqM8VSqfZlIO1VilWRYT9puwhStAjyZqIKM4fm1HoPeP333qLi5bYn8RS98wNix2JV6QxNrXRizOwRRGrLbi88ygIngm_1k8YzCOusXD8w1y8dfTPAEAAA%3d%3d:754
[  771556ms] [LOG] [Debug Carrinho] Polling ativo @ https://d1hjvew1n9ss7u.cloudfront.net/asset.axd?id=PAEAAB-LCAAAAAAAAAOtj0EPwUAQhf-KzLnsKqu64iBu4oSbOKzt0G2qKztTkQi_3abi6Ob43vfem8wDLIMGxjuLytwM2eCuPOvZ0gRCnrd86k8hgSaGNr5llFE40CdTEyZQXKP_EtuuRREhaA5tJLcIJqM8VSqfZlIO1VilWRYT9puwhStAjyZqIKM4fm1HoPeP333qLi5bYn8RS98wNix2JV6QxNrXRizOwRRGrLbi88ygIngm_1k8YzCOusXD8w1y8dfTPAEAAA%3d%3d:1790
[  771600ms] [LOG] categoria @ https://d1hjvew1n9ss7u.cloudfront.net/asset.axd?id=PAEAAB-LCAAAAAAAAAOtj0EPwUAQhf-KzLnsKqu64iBu4oSbOKzt0G2qKztTkQi_3abi6Ob43vfem8wDLIMGxjuLytwM2eCuPOvZ0gRCnrd86k8hgSaGNr5llFE40CdTEyZQXKP_EtuuRREhaA5tJLcIJqM8VSqfZlIO1VilWRYT9puwhStAjyZqIKM4fm1HoPeP333qLi5bYn8RS98wNix2JV6QxNrXRizOwRRGrLbi88ygIngm_1k8YzCOusXD8w1y8dfTPAEAAA%3d%3d:1
[  771600ms] [WARNING] !! Há erros de scripts de terceiros !!
Por favor, contate a Empresa responsável pelo script.  @ https://d1hjvew1n9ss7u.cloudfront.net/assets/shjs.js?t=639255987001545277:0
[  771601ms] Uncaught Error: You must pass a string or Handlebars AST to Handlebars.compile. You passed null
    at e.compile (https://d1hjvew1n9ss7u.cloudfront.net/asset.axd?id=PAEAAB-LCAAAAAAAAAOtj0EPwUAQhf-KzLnsKqu64iBu4oSbOKzt0G2qKztTkQi_3abi6Ob43vfem8wDLIMGxjuLytwM2eCuPOvZ0gRCnrd86k8hgSaGNr5llFE40CdTEyZQXKP_EtuuRREhaA5tJLcIJqM8VSqfZlIO1VilWRYT9puwhStAjyZqIKM4fm1HoPeP333qLi5bYn8RS98wNix2JV6QxNrXRizOwRRGrLbi88ygIngm_1k8YzCOusXD8w1y8dfTPAEAAA%3d%3d:1794:49302)
    at i.compile (https://d1hjvew1n9ss7u.cloudfront.net/asset.axd?id=PAEAAB-LCAAAAAAAAAOtj0EPwUAQhf-KzLnsKqu64iBu4oSbOKzt0G2qKztTkQi_3abi6Ob43vfem8wDLIMGxjuLytwM2eCuPOvZ0gRCnrd86k8hgSaGNr5llFE40CdTEyZQXKP_EtuuRREhaA5tJLcIJqM8VSqfZlIO1VilWRYT9puwhStAjyZqIKM4fm1HoPeP333qLi5bYn8RS98wNix2JV6QxNrXRizOwRRGrLbi88ygIngm_1k8YzCOusXD8w1y8dfTPAEAAA%3d%3d:1794:343)
    at renderBasket (https://d1hjvew1n9ss7u.cloudfront.net/asset.axd?id=PAEAAB-LCAAAAAAAAAOtj0EPwUAQhf-KzLnsKqu64iBu4oSbOKzt0G2qKztTkQi_3abi6Ob43vfem8wDLIMGxjuLytwM2eCuPOvZ0gRCnrd86k8hgSaGNr5llFE40CdTEyZQXKP_EtuuRREhaA5tJLcIJqM8VSqfZlIO1VilWRYT9puwhStAjyZqIKM4fm1HoPeP333qLi5bYn8RS98wNix2JV6QxNrXRizOwRRGrLbi88ygIngm_1k8YzCOusXD8w1y8dfTPAEAAA%3d%3d:29:27)
    at <anonymous> (https://d1hjvew1n9ss7u.cloudfront.net/asset.axd?id=PAEAAB-LCAAAAAAAAAOtj0EPwUAQhf-KzLnsKqu64iBu4oSbOKzt0G2qKztTkQi_3abi6Ob43vfem8wDLIMGxjuLytwM2eCuPOvZ0gRCnrd86k8hgSaGNr5llFE40CdTEyZQXKP_EtuuRREhaA5tJLcIJqM8VSqfZlIO1VilWRYT9puwhStAjyZqIKM4fm1HoPeP333qLi5bYn8RS98wNix2JV6QxNrXRizOwRRGrLbi88ygIngm_1k8YzCOusXD8w1y8dfTPAEAAA%3d%3d:220:1)
    at f (https://d1hjvew1n9ss7u.cloudfront.net/assets/shjs.js?t=639255987001545277:0:10382)
    at fireWith (https://d1hjvew1n9ss7u.cloudfront.net/assets/shjs.js?t=639255987001545277:0:11137)
    at ready (https://d1hjvew1n9ss7u.cloudfront.net/assets/shjs.js?t=639255987001545277:0:5238)
    at r (https://d1hjvew1n9ss7u.cloudfront.net/assets/shjs.js?t=639255987001545277:0:9748)
[  771604ms] [VERBOSE] [DOM] Input elements should have autocomplete attributes (suggested: "current-password"): (More info: https://goo.gl/9p2vKq) %o @ https://www.lolacosmetics.com.br/lancamentos/bossa:0
[  771604ms] [VERBOSE] [DOM] Input elements should have autocomplete attributes (suggested: "current-password"): (More info: https://goo.gl/9p2vKq) %o @ https://www.lolacosmetics.com.br/lancamentos/bossa:0
[  771643ms] [ERROR] Failed to load resource: net::ERR_NAME_NOT_RESOLVED @ https://event.getblue.io/js/blue-tag.min.js:0
[  771757ms] [LOG] AffiseStorage availability: {cookie: true, localStorage: true, sessionStorage: true} @ https://rankmediabrasil.g2afse.com/websdk.js:0
[  771758ms] [LOG] Status RNK Media - ClickId: null UTM: null @ :3
[  772186ms] [INFO] É necessário definir o storeID no Plugin TrustVox @ https://d1hjvew1n9ss7u.cloudfront.net/asset.axd?id=_woAAB-LCAAAAAAAAAO9lsFunDAQhl-l4rw122w3m1D1lEfooYeqh8HMgrNgW_aYDYrSZ--EaFVgIZWK1aP9__b3Y3uwnxNJSZYQPlH6CC146ZSlLx9kBc4jfQ10_HiXbBLNpu-qKJG23FJJdoTa4yYpLAu_0m_9MM8SJhm5wErLwu3u_ma_v787bLef9p_3N4cDO-TFIQtVJNnudi-23Mgv3con2Y_n5fG-Jz4ET6ZJH4wm1JS-ZfOpamzgYKJBgkuq9FyIYb949MnL5l8JpTFljQI01B0p6YeUqbaO5DtP2AiHEizxhoh2N4TNyOt41pmj4vi1KZUekkZCRIYwEKhaJvVyHN4Za2kaFL4y1qKbY04s67i5M2evdCkkEJbGdQ3qMKTOGlZ_axEkCY_g5HRZB8o6iqxQnkwgkYM_Ic8ZmgZcVyEU43V917guA8_DM76uXg5aj7FTbR3pCJKjU2f5TGKL9ajcr8R4LOVpicRSDE7pTLDXjL470tkvneLflHE03qE5Pc7Jr5XmOla-mq7frCEis8FCgV8kvsnReaIFp4CU0X9F_3FGTMH3tafWPAkHrwW3mGHii5PAOiVxDtkLcRh56PJAZKa34Vj8DyyjUdZKntgUszanZXKtRqQtg1YxCuAXXfBQ8rtLSrQEenwuZg098-fLbwJGClv_CgAA:52
[  772192ms] Uncaught TypeError: Cannot read properties of undefined (reading 'replace')
    at validaFreteGratis (https://d1hjvew1n9ss7u.cloudfront.net/asset.axd?id=PAEAAB-LCAAAAAAAAAOtj0EPwUAQhf-KzLnsKqu64iBu4oSbOKzt0G2qKztTkQi_3abi6Ob43vfem8wDLIMGxjuLytwM2eCuPOvZ0gRCnrd86k8hgSaGNr5llFE40CdTEyZQXKP_EtuuRREhaA5tJLcIJqM8VSqfZlIO1VilWRYT9puwhStAjyZqIKM4fm1HoPeP333qLi5bYn8RS98wNix2JV6QxNrXRizOwRRGrLbi88ygIngm_1k8YzCOusXD8w1y8dfTPAEAAA%3d%3d:1:7633)
    at <anonymous> (https://d1hjvew1n9ss7u.cloudfront.net/asset.axd?id=PAEAAB-LCAAAAAAAAAOtj0EPwUAQhf-KzLnsKqu64iBu4oSbOKzt0G2qKztTkQi_3abi6Ob43vfem8wDLIMGxjuLytwM2eCuPOvZ0gRCnrd86k8hgSaGNr5llFE40CdTEyZQXKP_EtuuRREhaA5tJLcIJqM8VSqfZlIO1VilWRYT9puwhStAjyZqIKM4fm1HoPeP333qLi5bYn8RS98wNix2JV6QxNrXRizOwRRGrLbi88ygIngm_1k8YzCOusXD8w1y8dfTPAEAAA%3d%3d:1:49808)
    at dispatch (https://d1hjvew1n9ss7u.cloudfront.net/assets/shjs.js?t=639255987001545277:0:32701)
    at a (https://d1hjvew1n9ss7u.cloudfront.net/assets/shjs.js?t=639255987001545277:0:28480)
[  772190ms] [LOG] Banner não encontrado: banner-232 @ https://d1hjvew1n9ss7u.cloudfront.net/asset.axd?id=PAEAAB-LCAAAAAAAAAOtj0EPwUAQhf-KzLnsKqu64iBu4oSbOKzt0G2qKztTkQi_3abi6Ob43vfem8wDLIMGxjuLytwM2eCuPOvZ0gRCnrd86k8hgSaGNr5llFE40CdTEyZQXKP_EtuuRREhaA5tJLcIJqM8VSqfZlIO1VilWRYT9puwhStAjyZqIKM4fm1HoPeP333qLi5bYn8RS98wNix2JV6QxNrXRizOwRRGrLbi88ygIngm_1k8YzCOusXD8w1y8dfTPAEAAA%3d%3d:754
[  772211ms] [LOG] %c Widde Video Commerce %c v24604ee %c Build: 21/09/2026 20:39 %c border: 1px solid #2567f8; background: #2567f8; color: #fff; font-weight: bold; padding: 4px 8px; border-radius: 3px 0 0 0; border: 1px solid #2567f8; border-left: none; background: #FFF; color: #2567f8; font-weight: bold; padding: 4px 8px; border: 1px solid #2567f8; border-left: none; background: #f0f0f0; color: #333; font-weight: bold; padding: 4px 8px; border-radius: 0 3px 3px 0; background: transparent @ https://cdn.widde.io/assets/main.utzwjalemu.js:0
[  772280ms] [LOG] %c Tryon Widde.io %c %s %c border: 1px solid #2567f8; background: #2567f8; color: #fff; font-weight: bold; padding: 4px 8px; border-radius: 3px 0 0 3px; border: 1px solid #2567f8; background: #FFF; color: #2567f8; font-weight: bold; padding: 4px 8px; border-radius: 0 3px 3px 0; 47bf7c2 background: transparent @ https://cdn-tryon.widde.io/widde-tryon.js:86
[  772294ms] [LOG] [tryon-tracker] initialized {domain: www.lolacosmetics.com.br} @ https://cdn-tryon.widde.io/widde-tryon.js:8
[  778759ms] [WARNING] Error with Feature-Policy header: Some features are specified in both Feature-Policy and Permissions-Policy header: payment, fullscreen, microphone, camera. Values defined in Permissions-Policy header will be used. @ :0
[  779056ms] [ERROR] Failed to load resource: the server responded with a status of 500 () @ https://fonts.cdnfonts.com/css/leelawade:0
[  779293ms] [ERROR] Failed to load resource: the server responded with a status of 404 () @ https://lolacosmetics.admin.linxcommerce.com.br/Custom/Content/Themes/Lola/Styles/Fonts/FontAwesome/all.css:0
[  779355ms] [LOG] Banner não encontrado: banner-232 @ https://d1hjvew1n9ss7u.cloudfront.net/asset.axd?id=PAEAAB-LCAAAAAAAAAOtj0EPwUAQhf-KzLnsKqu64iBu4oSbOKzt0G2qKztTkQi_3abi6Ob43vfem8wDLIMGxjuLytwM2eCuPOvZ0gRCnrd86k8hgSaGNr5llFE40CdTEyZQXKP_EtuuRREhaA5tJLcIJqM8VSqfZlIO1VilWRYT9puwhStAjyZqIKM4fm1HoPeP333qLi5bYn8RS98wNix2JV6QxNrXRizOwRRGrLbi88ygIngm_1k8YzCOusXD8w1y8dfTPAEAAA%3d%3d:754
[  779358ms] [LOG] [Debug Carrinho] Polling ativo @ https://d1hjvew1n9ss7u.cloudfront.net/asset.axd?id=PAEAAB-LCAAAAAAAAAOtj0EPwUAQhf-KzLnsKqu64iBu4oSbOKzt0G2qKztTkQi_3abi6Ob43vfem8wDLIMGxjuLytwM2eCuPOvZ0gRCnrd86k8hgSaGNr5llFE40CdTEyZQXKP_EtuuRREhaA5tJLcIJqM8VSqfZlIO1VilWRYT9puwhStAjyZqIKM4fm1HoPeP333qLi5bYn8RS98wNix2JV6QxNrXRizOwRRGrLbi88ygIngm_1k8YzCOusXD8w1y8dfTPAEAAA%3d%3d:1790
[  779395ms] [LOG] categoria @ https://d1hjvew1n9ss7u.cloudfront.net/asset.axd?id=PAEAAB-LCAAAAAAAAAOtj0EPwUAQhf-KzLnsKqu64iBu4oSbOKzt0G2qKztTkQi_3abi6Ob43vfem8wDLIMGxjuLytwM2eCuPOvZ0gRCnrd86k8hgSaGNr5llFE40CdTEyZQXKP_EtuuRREhaA5tJLcIJqM8VSqfZlIO1VilWRYT9puwhStAjyZqIKM4fm1HoPeP333qLi5bYn8RS98wNix2JV6QxNrXRizOwRRGrLbi88ygIngm_1k8YzCOusXD8w1y8dfTPAEAAA%3d%3d:1
[  779396ms] [WARNING] !! Há erros de scripts de terceiros !!
Por favor, contate a Empresa responsável pelo script.  @ https://d1hjvew1n9ss7u.cloudfront.net/assets/shjs.js?t=639255987001545277:0
[  779397ms] Uncaught Error: You must pass a string or Handlebars AST to Handlebars.compile. You passed null
    at e.compile (https://d1hjvew1n9ss7u.cloudfront.net/asset.axd?id=PAEAAB-LCAAAAAAAAAOtj0EPwUAQhf-KzLnsKqu64iBu4oSbOKzt0G2qKztTkQi_3abi6Ob43vfem8wDLIMGxjuLytwM2eCuPOvZ0gRCnrd86k8hgSaGNr5llFE40CdTEyZQXKP_EtuuRREhaA5tJLcIJqM8VSqfZlIO1VilWRYT9puwhStAjyZqIKM4fm1HoPeP333qLi5bYn8RS98wNix2JV6QxNrXRizOwRRGrLbi88ygIngm_1k8YzCOusXD8w1y8dfTPAEAAA%3d%3d:1794:49302)
    at i.compile (https://d1hjvew1n9ss7u.cloudfront.net/asset.axd?id=PAEAAB-LCAAAAAAAAAOtj0EPwUAQhf-KzLnsKqu64iBu4oSbOKzt0G2qKztTkQi_3abi6Ob43vfem8wDLIMGxjuLytwM2eCuPOvZ0gRCnrd86k8hgSaGNr5llFE40CdTEyZQXKP_EtuuRREhaA5tJLcIJqM8VSqfZlIO1VilWRYT9puwhStAjyZqIKM4fm1HoPeP333qLi5bYn8RS98wNix2JV6QxNrXRizOwRRGrLbi88ygIngm_1k8YzCOusXD8w1y8dfTPAEAAA%3d%3d:1794:343)
    at renderBasket (https://d1hjvew1n9ss7u.cloudfront.net/asset.axd?id=PAEAAB-LCAAAAAAAAAOtj0EPwUAQhf-KzLnsKqu64iBu4oSbOKzt0G2qKztTkQi_3abi6Ob43vfem8wDLIMGxjuLytwM2eCuPOvZ0gRCnrd86k8hgSaGNr5llFE40CdTEyZQXKP_EtuuRREhaA5tJLcIJqM8VSqfZlIO1VilWRYT9puwhStAjyZqIKM4fm1HoPeP333qLi5bYn8RS98wNix2JV6QxNrXRizOwRRGrLbi88ygIngm_1k8YzCOusXD8w1y8dfTPAEAAA%3d%3d:29:27)
    at <anonymous> (https://d1hjvew1n9ss7u.cloudfront.net/asset.axd?id=PAEAAB-LCAAAAAAAAAOtj0EPwUAQhf-KzLnsKqu64iBu4oSbOKzt0G2qKztTkQi_3abi6Ob43vfem8wDLIMGxjuLytwM2eCuPOvZ0gRCnrd86k8hgSaGNr5llFE40CdTEyZQXKP_EtuuRREhaA5tJLcIJqM8VSqfZlIO1VilWRYT9puwhStAjyZqIKM4fm1HoPeP333qLi5bYn8RS98wNix2JV6QxNrXRizOwRRGrLbi88ygIngm_1k8YzCOusXD8w1y8dfTPAEAAA%3d%3d:220:1)
    at f (https://d1hjvew1n9ss7u.cloudfront.net/assets/shjs.js?t=639255987001545277:0:10382)
    at fireWith (https://d1hjvew1n9ss7u.cloudfront.net/assets/shjs.js?t=639255987001545277:0:11137)
    at ready (https://d1hjvew1n9ss7u.cloudfront.net/assets/shjs.js?t=639255987001545277:0:5238)
    at r (https://d1hjvew1n9ss7u.cloudfront.net/assets/shjs.js?t=639255987001545277:0:9748)
[  779399ms] [VERBOSE] [DOM] Input elements should have autocomplete attributes (suggested: "current-password"): (More info: https://goo.gl/9p2vKq) %o @ https://www.lolacosmetics.com.br/lancamentos/cuca-fresca:0
[  779399ms] [VERBOSE] [DOM] Input elements should have autocomplete attributes (suggested: "current-password"): (More info: https://goo.gl/9p2vKq) %o @ https://www.lolacosmetics.com.br/lancamentos/cuca-fresca:0
[  779436ms] [ERROR] Failed to load resource: net::ERR_NAME_NOT_RESOLVED @ https://event.getblue.io/js/blue-tag.min.js:0
[  779568ms] [LOG] AffiseStorage availability: {cookie: true, localStorage: true, sessionStorage: true} @ https://rankmediabrasil.g2afse.com/websdk.js:0
[  779570ms] [LOG] Status RNK Media - ClickId: null UTM: null @ :3
[  780040ms] [INFO] É necessário definir o storeID no Plugin TrustVox @ https://d1hjvew1n9ss7u.cloudfront.net/asset.axd?id=_woAAB-LCAAAAAAAAAO9lsFunDAQhl-l4rw122w3m1D1lEfooYeqh8HMgrNgW_aYDYrSZ--EaFVgIZWK1aP9__b3Y3uwnxNJSZYQPlH6CC146ZSlLx9kBc4jfQ10_HiXbBLNpu-qKJG23FJJdoTa4yYpLAu_0m_9MM8SJhm5wErLwu3u_ma_v787bLef9p_3N4cDO-TFIQtVJNnudi-23Mgv3con2Y_n5fG-Jz4ET6ZJH4wm1JS-ZfOpamzgYKJBgkuq9FyIYb949MnL5l8JpTFljQI01B0p6YeUqbaO5DtP2AiHEizxhoh2N4TNyOt41pmj4vi1KZUekkZCRIYwEKhaJvVyHN4Za2kaFL4y1qKbY04s67i5M2evdCkkEJbGdQ3qMKTOGlZ_axEkCY_g5HRZB8o6iqxQnkwgkYM_Ic8ZmgZcVyEU43V917guA8_DM76uXg5aj7FTbR3pCJKjU2f5TGKL9ajcr8R4LOVpicRSDE7pTLDXjL470tkvneLflHE03qE5Pc7Jr5XmOla-mq7frCEis8FCgV8kvsnReaIFp4CU0X9F_3FGTMH3tafWPAkHrwW3mGHii5PAOiVxDtkLcRh56PJAZKa34Vj8DyyjUdZKntgUszanZXKtRqQtg1YxCuAXXfBQ8rtLSrQEenwuZg098-fLbwJGClv_CgAA:52
[  780045ms] Uncaught TypeError: Cannot read properties of undefined (reading 'replace')
    at validaFreteGratis (https://d1hjvew1n9ss7u.cloudfront.net/asset.axd?id=PAEAAB-LCAAAAAAAAAOtj0EPwUAQhf-KzLnsKqu64iBu4oSbOKzt0G2qKztTkQi_3abi6Ob43vfem8wDLIMGxjuLytwM2eCuPOvZ0gRCnrd86k8hgSaGNr5llFE40CdTEyZQXKP_EtuuRREhaA5tJLcIJqM8VSqfZlIO1VilWRYT9puwhStAjyZqIKM4fm1HoPeP333qLi5bYn8RS98wNix2JV6QxNrXRizOwRRGrLbi88ygIngm_1k8YzCOusXD8w1y8dfTPAEAAA%3d%3d:1:7633)
    at <anonymous> (https://d1hjvew1n9ss7u.cloudfront.net/asset.axd?id=PAEAAB-LCAAAAAAAAAOtj0EPwUAQhf-KzLnsKqu64iBu4oSbOKzt0G2qKztTkQi_3abi6Ob43vfem8wDLIMGxjuLytwM2eCuPOvZ0gRCnrd86k8hgSaGNr5llFE40CdTEyZQXKP_EtuuRREhaA5tJLcIJqM8VSqfZlIO1VilWRYT9puwhStAjyZqIKM4fm1HoPeP333qLi5bYn8RS98wNix2JV6QxNrXRizOwRRGrLbi88ygIngm_1k8YzCOusXD8w1y8dfTPAEAAA%3d%3d:1:49808)
    at dispatch (https://d1hjvew1n9ss7u.cloudfront.net/assets/shjs.js?t=639255987001545277:0:32701)
    at a (https://d1hjvew1n9ss7u.cloudfront.net/assets/shjs.js?t=639255987001545277:0:28480)
[  780044ms] [LOG] Banner não encontrado: banner-232 @ https://d1hjvew1n9ss7u.cloudfront.net/asset.axd?id=PAEAAB-LCAAAAAAAAAOtj0EPwUAQhf-KzLnsKqu64iBu4oSbOKzt0G2qKztTkQi_3abi6Ob43vfem8wDLIMGxjuLytwM2eCuPOvZ0gRCnrd86k8hgSaGNr5llFE40CdTEyZQXKP_EtuuRREhaA5tJLcIJqM8VSqfZlIO1VilWRYT9puwhStAjyZqIKM4fm1HoPeP333qLi5bYn8RS98wNix2JV6QxNrXRizOwRRGrLbi88ygIngm_1k8YzCOusXD8w1y8dfTPAEAAA%3d%3d:754
[  780056ms] [LOG] %c Widde Video Commerce %c v24604ee %c Build: 21/09/2026 20:39 %c border: 1px solid #2567f8; background: #2567f8; color: #fff; font-weight: bold; padding: 4px 8px; border-radius: 3px 0 0 0; border: 1px solid #2567f8; border-left: none; background: #FFF; color: #2567f8; font-weight: bold; padding: 4px 8px; border: 1px solid #2567f8; border-left: none; background: #f0f0f0; color: #333; font-weight: bold; padding: 4px 8px; border-radius: 0 3px 3px 0; background: transparent @ https://cdn.widde.io/assets/main.utzwjalemu.js:0
[  780137ms] [LOG] %c Tryon Widde.io %c %s %c border: 1px solid #2567f8; background: #2567f8; color: #fff; font-weight: bold; padding: 4px 8px; border-radius: 3px 0 0 3px; border: 1px solid #2567f8; background: #FFF; color: #2567f8; font-weight: bold; padding: 4px 8px; border-radius: 0 3px 3px 0; 47bf7c2 background: transparent @ https://cdn-tryon.widde.io/widde-tryon.js:86
[  780153ms] [LOG] [tryon-tracker] initialized {domain: www.lolacosmetics.com.br} @ https://cdn-tryon.widde.io/widde-tryon.js:8
[  786698ms] [WARNING] Error with Feature-Policy header: Some features are specified in both Feature-Policy and Permissions-Policy header: payment, fullscreen, microphone, camera. Values defined in Permissions-Policy header will be used. @ :0
[  786996ms] [ERROR] Failed to load resource: the server responded with a status of 500 () @ https://fonts.cdnfonts.com/css/leelawade:0
[  787247ms] [ERROR] Failed to load resource: the server responded with a status of 404 () @ https://lolacosmetics.admin.linxcommerce.com.br/Custom/Content/Themes/Lola/Styles/Fonts/FontAwesome/all.css:0
[  787339ms] [LOG] Banner não encontrado: banner-232 @ https://d1hjvew1n9ss7u.cloudfront.net/asset.axd?id=PAEAAB-LCAAAAAAAAAOtj0EPwUAQhf-KzLnsKqu64iBu4oSbOKzt0G2qKztTkQi_3abi6Ob43vfem8wDLIMGxjuLytwM2eCuPOvZ0gRCnrd86k8hgSaGNr5llFE40CdTEyZQXKP_EtuuRREhaA5tJLcIJqM8VSqfZlIO1VilWRYT9puwhStAjyZqIKM4fm1HoPeP333qLi5bYn8RS98wNix2JV6QxNrXRizOwRRGrLbi88ygIngm_1k8YzCOusXD8w1y8dfTPAEAAA%3d%3d:754
[  787340ms] [LOG] [Debug Carrinho] Polling ativo @ https://d1hjvew1n9ss7u.cloudfront.net/asset.axd?id=PAEAAB-LCAAAAAAAAAOtj0EPwUAQhf-KzLnsKqu64iBu4oSbOKzt0G2qKztTkQi_3abi6Ob43vfem8wDLIMGxjuLytwM2eCuPOvZ0gRCnrd86k8hgSaGNr5llFE40CdTEyZQXKP_EtuuRREhaA5tJLcIJqM8VSqfZlIO1VilWRYT9puwhStAjyZqIKM4fm1HoPeP333qLi5bYn8RS98wNix2JV6QxNrXRizOwRRGrLbi88ygIngm_1k8YzCOusXD8w1y8dfTPAEAAA%3d%3d:1790
[  787499ms] [LOG] categoria @ https://d1hjvew1n9ss7u.cloudfront.net/asset.axd?id=PAEAAB-LCAAAAAAAAAOtj0EPwUAQhf-KzLnsKqu64iBu4oSbOKzt0G2qKztTkQi_3abi6Ob43vfem8wDLIMGxjuLytwM2eCuPOvZ0gRCnrd86k8hgSaGNr5llFE40CdTEyZQXKP_EtuuRREhaA5tJLcIJqM8VSqfZlIO1VilWRYT9puwhStAjyZqIKM4fm1HoPeP333qLi5bYn8RS98wNix2JV6QxNrXRizOwRRGrLbi88ygIngm_1k8YzCOusXD8w1y8dfTPAEAAA%3d%3d:1
[  787500ms] [WARNING] !! Há erros de scripts de terceiros !!
Por favor, contate a Empresa responsável pelo script.  @ https://d1hjvew1n9ss7u.cloudfront.net/assets/shjs.js?t=639255987001545277:0
[  787503ms] Uncaught Error: You must pass a string or Handlebars AST to Handlebars.compile. You passed null
    at e.compile (https://d1hjvew1n9ss7u.cloudfront.net/asset.axd?id=PAEAAB-LCAAAAAAAAAOtj0EPwUAQhf-KzLnsKqu64iBu4oSbOKzt0G2qKztTkQi_3abi6Ob43vfem8wDLIMGxjuLytwM2eCuPOvZ0gRCnrd86k8hgSaGNr5llFE40CdTEyZQXKP_EtuuRREhaA5tJLcIJqM8VSqfZlIO1VilWRYT9puwhStAjyZqIKM4fm1HoPeP333qLi5bYn8RS98wNix2JV6QxNrXRizOwRRGrLbi88ygIngm_1k8YzCOusXD8w1y8dfTPAEAAA%3d%3d:1794:49302)
    at i.compile (https://d1hjvew1n9ss7u.cloudfront.net/asset.axd?id=PAEAAB-LCAAAAAAAAAOtj0EPwUAQhf-KzLnsKqu64iBu4oSbOKzt0G2qKztTkQi_3abi6Ob43vfem8wDLIMGxjuLytwM2eCuPOvZ0gRCnrd86k8hgSaGNr5llFE40CdTEyZQXKP_EtuuRREhaA5tJLcIJqM8VSqfZlIO1VilWRYT9puwhStAjyZqIKM4fm1HoPeP333qLi5bYn8RS98wNix2JV6QxNrXRizOwRRGrLbi88ygIngm_1k8YzCOusXD8w1y8dfTPAEAAA%3d%3d:1794:343)
    at renderBasket (https://d1hjvew1n9ss7u.cloudfront.net/asset.axd?id=PAEAAB-LCAAAAAAAAAOtj0EPwUAQhf-KzLnsKqu64iBu4oSbOKzt0G2qKztTkQi_3abi6Ob43vfem8wDLIMGxjuLytwM2eCuPOvZ0gRCnrd86k8hgSaGNr5llFE40CdTEyZQXKP_EtuuRREhaA5tJLcIJqM8VSqfZlIO1VilWRYT9puwhStAjyZqIKM4fm1HoPeP333qLi5bYn8RS98wNix2JV6QxNrXRizOwRRGrLbi88ygIngm_1k8YzCOusXD8w1y8dfTPAEAAA%3d%3d:29:27)
    at <anonymous> (https://d1hjvew1n9ss7u.cloudfront.net/asset.axd?id=PAEAAB-LCAAAAAAAAAOtj0EPwUAQhf-KzLnsKqu64iBu4oSbOKzt0G2qKztTkQi_3abi6Ob43vfem8wDLIMGxjuLytwM2eCuPOvZ0gRCnrd86k8hgSaGNr5llFE40CdTEyZQXKP_EtuuRREhaA5tJLcIJqM8VSqfZlIO1VilWRYT9puwhStAjyZqIKM4fm1HoPeP333qLi5bYn8RS98wNix2JV6QxNrXRizOwRRGrLbi88ygIngm_1k8YzCOusXD8w1y8dfTPAEAAA%3d%3d:220:1)
    at f (https://d1hjvew1n9ss7u.cloudfront.net/assets/shjs.js?t=639255987001545277:0:10382)
    at fireWith (https://d1hjvew1n9ss7u.cloudfront.net/assets/shjs.js?t=639255987001545277:0:11137)
    at ready (https://d1hjvew1n9ss7u.cloudfront.net/assets/shjs.js?t=639255987001545277:0:5238)
    at r (https://d1hjvew1n9ss7u.cloudfront.net/assets/shjs.js?t=639255987001545277:0:9748)
[  787509ms] [VERBOSE] [DOM] Input elements should have autocomplete attributes (suggested: "current-password"): (More info: https://goo.gl/9p2vKq) %o @ https://www.lolacosmetics.com.br/lancamentos/embaixadoras:0
[  787509ms] [VERBOSE] [DOM] Input elements should have autocomplete attributes (suggested: "current-password"): (More info: https://goo.gl/9p2vKq) %o @ https://www.lolacosmetics.com.br/lancamentos/embaixadoras:0
[  787543ms] [ERROR] Failed to load resource: the server responded with a status of 404 () @ https://d1hjvew1n9ss7u.cloudfront.net/Custom/Content/Themes/Lola/Agrada/CSS/ajax-loader.gif:0
[  787544ms] [ERROR] Failed to load resource: net::ERR_NAME_NOT_RESOLVED @ https://event.getblue.io/js/blue-tag.min.js:0
[  787551ms] [LOG] AffiseStorage availability: {cookie: true, localStorage: true, sessionStorage: true} @ https://rankmediabrasil.g2afse.com/websdk.js:0
[  787552ms] [LOG] Status RNK Media - ClickId: null UTM: null @ :3
[  787738ms] [WARNING] [Meta Pixel] - Invalid parameter format for currency. Please refer https://developers.facebook.com/docs/meta-pixel/reference/ for valid parameter specifications. @ https://connect.facebook.net/en_US/fbevents.js:203
[  787992ms] [ERROR] Failed to load resource: the server responded with a status of 404 () @ https://d1hjvew1n9ss7u.cloudfront.net/Custom/Content/Themes/Lola/Agrada/CSS/fonts/slick.woff:0
[  788199ms] [ERROR] Failed to load resource: the server responded with a status of 404 () @ https://d1hjvew1n9ss7u.cloudfront.net/Custom/Content/Themes/Lola/Agrada/CSS/fonts/slick.ttf:0
[  788200ms] [INFO] É necessário definir o storeID no Plugin TrustVox @ https://d1hjvew1n9ss7u.cloudfront.net/asset.axd?id=EwsAAB-LCAAAAAAAAAO9ls9u2zAMxl9l8DmTs2Zp2hQ99RF22GHYgZYZW40tGSLlNCi6Zx_rLqht2B0wCztK3yf9KOoP9ZxoTvYJ4xOnj9ACaW8avvukS_CEfB_48PkmWSVWTN9NXiCvpWWS_QEqwlWSNyL8Sr91w0gkTPbsgyitCNeb26vt9vZmt15_2X7dXu124tAXh85Nnuw311u1lkZ26TaU7H88z4-njvgQiF2dPjjLaDl9i41SUzdBAlM1MlyiSk-56verR0peVv9KKJwrKlRgoTqz0dSnjLVlJDoTY608amhYNkS1mz5sQl7Ga7w7GAm_coWxfdJAiMhQDgKX86ROjsM7YaVdjYpK1zTop5gjyzJu5t2JjC2UBsbC-XONNvSpk4bFa82DZkUIXo_T2lOWUXSJ-ugCqwzoiDJnqGvw5xIhH-b1Q-OyGGQemfE1exlYO8SOtTg5rYyVE2KorAzxVGoHhojMGnMDNEt8k6PzVAveABtn_4p-d0aMQioBceuelIfXrZyNYeSLE0HjjcYpZCfEYWThnAVmN35nh-J_YDmLujL6KKZY-zd3QZbeixykdgeCQiqs1tgw2OE-TRpivTQWT1Qh89xr864vI6L3zl8eyz5qIESqTrXLoZosS50S5afEILPJl6iQzEiSWvRkhmfxQ-PClf6pPWhzrMEM1zrSOtLPl98Yqd5PEwsAAA%3d%3d:40
[  788220ms] Uncaught TypeError: Cannot read properties of undefined (reading 'replace')
    at validaFreteGratis (https://d1hjvew1n9ss7u.cloudfront.net/asset.axd?id=PAEAAB-LCAAAAAAAAAOtj0EPwUAQhf-KzLnsKqu64iBu4oSbOKzt0G2qKztTkQi_3abi6Ob43vfem8wDLIMGxjuLytwM2eCuPOvZ0gRCnrd86k8hgSaGNr5llFE40CdTEyZQXKP_EtuuRREhaA5tJLcIJqM8VSqfZlIO1VilWRYT9puwhStAjyZqIKM4fm1HoPeP333qLi5bYn8RS98wNix2JV6QxNrXRizOwRRGrLbi88ygIngm_1k8YzCOusXD8w1y8dfTPAEAAA%3d%3d:1:7633)
    at <anonymous> (https://d1hjvew1n9ss7u.cloudfront.net/asset.axd?id=PAEAAB-LCAAAAAAAAAOtj0EPwUAQhf-KzLnsKqu64iBu4oSbOKzt0G2qKztTkQi_3abi6Ob43vfem8wDLIMGxjuLytwM2eCuPOvZ0gRCnrd86k8hgSaGNr5llFE40CdTEyZQXKP_EtuuRREhaA5tJLcIJqM8VSqfZlIO1VilWRYT9puwhStAjyZqIKM4fm1HoPeP333qLi5bYn8RS98wNix2JV6QxNrXRizOwRRGrLbi88ygIngm_1k8YzCOusXD8w1y8dfTPAEAAA%3d%3d:1:49808)
    at dispatch (https://d1hjvew1n9ss7u.cloudfront.net/assets/shjs.js?t=639255987001545277:0:32701)
    at a (https://d1hjvew1n9ss7u.cloudfront.net/assets/shjs.js?t=639255987001545277:0:28480)
[  788218ms] [LOG] Banner não encontrado: banner-232 @ https://d1hjvew1n9ss7u.cloudfront.net/asset.axd?id=PAEAAB-LCAAAAAAAAAOtj0EPwUAQhf-KzLnsKqu64iBu4oSbOKzt0G2qKztTkQi_3abi6Ob43vfem8wDLIMGxjuLytwM2eCuPOvZ0gRCnrd86k8hgSaGNr5llFE40CdTEyZQXKP_EtuuRREhaA5tJLcIJqM8VSqfZlIO1VilWRYT9puwhStAjyZqIKM4fm1HoPeP333qLi5bYn8RS98wNix2JV6QxNrXRizOwRRGrLbi88ygIngm_1k8YzCOusXD8w1y8dfTPAEAAA%3d%3d:754
[  788236ms] [LOG] %c Widde Video Commerce %c v24604ee %c Build: 21/09/2026 20:39 %c border: 1px solid #2567f8; background: #2567f8; color: #fff; font-weight: bold; padding: 4px 8px; border-radius: 3px 0 0 0; border: 1px solid #2567f8; border-left: none; background: #FFF; color: #2567f8; font-weight: bold; padding: 4px 8px; border: 1px solid #2567f8; border-left: none; background: #f0f0f0; color: #333; font-weight: bold; padding: 4px 8px; border-radius: 0 3px 3px 0; background: transparent @ https://cdn.widde.io/assets/main.utzwjalemu.js:0
[  788255ms] [LOG] %c Tryon Widde.io %c %s %c border: 1px solid #2567f8; background: #2567f8; color: #fff; font-weight: bold; padding: 4px 8px; border-radius: 3px 0 0 3px; border: 1px solid #2567f8; background: #FFF; color: #2567f8; font-weight: bold; padding: 4px 8px; border-radius: 0 3px 3px 0; 47bf7c2 background: transparent @ https://cdn-tryon.widde.io/widde-tryon.js:86
[  788271ms] [LOG] [tryon-tracker] initialized {domain: www.lolacosmetics.com.br} @ https://cdn-tryon.widde.io/widde-tryon.js:8
[  794892ms] [WARNING] Error with Feature-Policy header: Some features are specified in both Feature-Policy and Permissions-Policy header: payment, fullscreen, microphone, camera. Values defined in Permissions-Policy header will be used. @ :0
[  795188ms] [ERROR] Failed to load resource: the server responded with a status of 500 () @ https://fonts.cdnfonts.com/css/leelawade:0
[  795563ms] [ERROR] Failed to load resource: the server responded with a status of 404 () @ https://lolacosmetics.admin.linxcommerce.com.br/Custom/Content/Themes/Lola/Styles/Fonts/FontAwesome/all.css:0
[  795625ms] [LOG] Banner não encontrado: banner-232 @ https://d1hjvew1n9ss7u.cloudfront.net/asset.axd?id=PAEAAB-LCAAAAAAAAAOtj0EPwUAQhf-KzLnsKqu64iBu4oSbOKzt0G2qKztTkQi_3abi6Ob43vfem8wDLIMGxjuLytwM2eCuPOvZ0gRCnrd86k8hgSaGNr5llFE40CdTEyZQXKP_EtuuRREhaA5tJLcIJqM8VSqfZlIO1VilWRYT9puwhStAjyZqIKM4fm1HoPeP333qLi5bYn8RS98wNix2JV6QxNrXRizOwRRGrLbi88ygIngm_1k8YzCOusXD8w1y8dfTPAEAAA%3d%3d:754
[  795626ms] [LOG] [Debug Carrinho] Polling ativo @ https://d1hjvew1n9ss7u.cloudfront.net/asset.axd?id=PAEAAB-LCAAAAAAAAAOtj0EPwUAQhf-KzLnsKqu64iBu4oSbOKzt0G2qKztTkQi_3abi6Ob43vfem8wDLIMGxjuLytwM2eCuPOvZ0gRCnrd86k8hgSaGNr5llFE40CdTEyZQXKP_EtuuRREhaA5tJLcIJqM8VSqfZlIO1VilWRYT9puwhStAjyZqIKM4fm1HoPeP333qLi5bYn8RS98wNix2JV6QxNrXRizOwRRGrLbi88ygIngm_1k8YzCOusXD8w1y8dfTPAEAAA%3d%3d:1790
[  795665ms] [LOG] categoria @ https://d1hjvew1n9ss7u.cloudfront.net/asset.axd?id=PAEAAB-LCAAAAAAAAAOtj0EPwUAQhf-KzLnsKqu64iBu4oSbOKzt0G2qKztTkQi_3abi6Ob43vfem8wDLIMGxjuLytwM2eCuPOvZ0gRCnrd86k8hgSaGNr5llFE40CdTEyZQXKP_EtuuRREhaA5tJLcIJqM8VSqfZlIO1VilWRYT9puwhStAjyZqIKM4fm1HoPeP333qLi5bYn8RS98wNix2JV6QxNrXRizOwRRGrLbi88ygIngm_1k8YzCOusXD8w1y8dfTPAEAAA%3d%3d:1
[  795666ms] [WARNING] !! Há erros de scripts de terceiros !!
Por favor, contate a Empresa responsável pelo script.  @ https://d1hjvew1n9ss7u.cloudfront.net/assets/shjs.js?t=639255987001545277:0
[  795667ms] Uncaught Error: You must pass a string or Handlebars AST to Handlebars.compile. You passed null
    at e.compile (https://d1hjvew1n9ss7u.cloudfront.net/asset.axd?id=PAEAAB-LCAAAAAAAAAOtj0EPwUAQhf-KzLnsKqu64iBu4oSbOKzt0G2qKztTkQi_3abi6Ob43vfem8wDLIMGxjuLytwM2eCuPOvZ0gRCnrd86k8hgSaGNr5llFE40CdTEyZQXKP_EtuuRREhaA5tJLcIJqM8VSqfZlIO1VilWRYT9puwhStAjyZqIKM4fm1HoPeP333qLi5bYn8RS98wNix2JV6QxNrXRizOwRRGrLbi88ygIngm_1k8YzCOusXD8w1y8dfTPAEAAA%3d%3d:1794:49302)
    at i.compile (https://d1hjvew1n9ss7u.cloudfront.net/asset.axd?id=PAEAAB-LCAAAAAAAAAOtj0EPwUAQhf-KzLnsKqu64iBu4oSbOKzt0G2qKztTkQi_3abi6Ob43vfem8wDLIMGxjuLytwM2eCuPOvZ0gRCnrd86k8hgSaGNr5llFE40CdTEyZQXKP_EtuuRREhaA5tJLcIJqM8VSqfZlIO1VilWRYT9puwhStAjyZqIKM4fm1HoPeP333qLi5bYn8RS98wNix2JV6QxNrXRizOwRRGrLbi88ygIngm_1k8YzCOusXD8w1y8dfTPAEAAA%3d%3d:1794:343)
    at renderBasket (https://d1hjvew1n9ss7u.cloudfront.net/asset.axd?id=PAEAAB-LCAAAAAAAAAOtj0EPwUAQhf-KzLnsKqu64iBu4oSbOKzt0G2qKztTkQi_3abi6Ob43vfem8wDLIMGxjuLytwM2eCuPOvZ0gRCnrd86k8hgSaGNr5llFE40CdTEyZQXKP_EtuuRREhaA5tJLcIJqM8VSqfZlIO1VilWRYT9puwhStAjyZqIKM4fm1HoPeP333qLi5bYn8RS98wNix2JV6QxNrXRizOwRRGrLbi88ygIngm_1k8YzCOusXD8w1y8dfTPAEAAA%3d%3d:29:27)
    at <anonymous> (https://d1hjvew1n9ss7u.cloudfront.net/asset.axd?id=PAEAAB-LCAAAAAAAAAOtj0EPwUAQhf-KzLnsKqu64iBu4oSbOKzt0G2qKztTkQi_3abi6Ob43vfem8wDLIMGxjuLytwM2eCuPOvZ0gRCnrd86k8hgSaGNr5llFE40CdTEyZQXKP_EtuuRREhaA5tJLcIJqM8VSqfZlIO1VilWRYT9puwhStAjyZqIKM4fm1HoPeP333qLi5bYn8RS98wNix2JV6QxNrXRizOwRRGrLbi88ygIngm_1k8YzCOusXD8w1y8dfTPAEAAA%3d%3d:220:1)
    at f (https://d1hjvew1n9ss7u.cloudfront.net/assets/shjs.js?t=639255987001545277:0:10382)
    at fireWith (https://d1hjvew1n9ss7u.cloudfront.net/assets/shjs.js?t=639255987001545277:0:11137)
    at ready (https://d1hjvew1n9ss7u.cloudfront.net/assets/shjs.js?t=639255987001545277:0:5238)
    at r (https://d1hjvew1n9ss7u.cloudfront.net/assets/shjs.js?t=639255987001545277:0:9748)
[  795668ms] [VERBOSE] [DOM] Input elements should have autocomplete attributes (suggested: "current-password"): (More info: https://goo.gl/9p2vKq) %o @ https://www.lolacosmetics.com.br/lancamentos/ghee-acai:0
[  795668ms] [VERBOSE] [DOM] Input elements should have autocomplete attributes (suggested: "current-password"): (More info: https://goo.gl/9p2vKq) %o @ https://www.lolacosmetics.com.br/lancamentos/ghee-acai:0
[  795694ms] [ERROR] Failed to load resource: net::ERR_NAME_NOT_RESOLVED @ https://event.getblue.io/js/blue-tag.min.js:0
[  795841ms] [LOG] AffiseStorage availability: {cookie: true, localStorage: true, sessionStorage: true} @ https://rankmediabrasil.g2afse.com/websdk.js:0
[  795842ms] [LOG] Status RNK Media - ClickId: null UTM: null @ :3
[  795874ms] [WARNING] [Meta Pixel] - Invalid parameter format for currency. Please refer https://developers.facebook.com/docs/meta-pixel/reference/ for valid parameter specifications. @ https://connect.facebook.net/en_US/fbevents.js:203
[  796191ms] [INFO] É necessário definir o storeID no Plugin TrustVox @ https://d1hjvew1n9ss7u.cloudfront.net/asset.axd?id=CQsAAB-LCAAAAAAAAAO9lsFunDAQhl-l4rw122zJJlv1lEfooYeqh8HMgrNgW54xGxSlz16HaBVgoZWK1SP-f_v7MTPYz4nk5JAwPnH6CC2QdMrylw-yAkfIXz0fP94lm0QH03dVlMjb8KSSwxFqwk1S2CD8Sr_10yhImBzY-aC0Qbjd3d9k2f3dfrv9lH3Obvb74JAXhyxUkRx2t5nYhof8MqwoOfx4Xp5PPfHBE5smfTCaUXP6lo1S1VgfgokGGS6p0nMhhuPikZKXzb8SSmPKGgVoqDtWkoaUqbaORB0xNsKhBMvhg4h2N4TNyOt41pmjCvFrUyo9JI2EiAxhwHO1TOrlOLwz1tI0KKgy1qKbY04s67i5M2dSuhQSGEvjuga1H1JnDavftfCSBSE4Od3WgbKOIiuUJ-NZ5EAnDGv6pgHXVQjFeF__aFyXIawTVnzdvRy0HmOn2jrSEWSIzp0NNYkt1qN2vxJjsEpnvL2m9MORarJ0Kvw-jOPxzs3pcSqyVjr0l6KqVsRzhTkyRGQ2WCigReKbHJ0nWnAKWBn9V_S7M2KKcI4St-ZJOHhthMUME1-cBNYpiXPIXojDyH2Xe2YzPaXG4n9gGY2yVvIUTDF7c9om12pE2jJoFaOAcNPyBGW4D0mJlkGP62LWEOtc0HimGpmXzoZ3vSf-fPkNwB1u7QkLAAA%3d:49
[  796196ms] Uncaught TypeError: Cannot read properties of undefined (reading 'replace')
    at validaFreteGratis (https://d1hjvew1n9ss7u.cloudfront.net/asset.axd?id=PAEAAB-LCAAAAAAAAAOtj0EPwUAQhf-KzLnsKqu64iBu4oSbOKzt0G2qKztTkQi_3abi6Ob43vfem8wDLIMGxjuLytwM2eCuPOvZ0gRCnrd86k8hgSaGNr5llFE40CdTEyZQXKP_EtuuRREhaA5tJLcIJqM8VSqfZlIO1VilWRYT9puwhStAjyZqIKM4fm1HoPeP333qLi5bYn8RS98wNix2JV6QxNrXRizOwRRGrLbi88ygIngm_1k8YzCOusXD8w1y8dfTPAEAAA%3d%3d:1:7633)
    at <anonymous> (https://d1hjvew1n9ss7u.cloudfront.net/asset.axd?id=PAEAAB-LCAAAAAAAAAOtj0EPwUAQhf-KzLnsKqu64iBu4oSbOKzt0G2qKztTkQi_3abi6Ob43vfem8wDLIMGxjuLytwM2eCuPOvZ0gRCnrd86k8hgSaGNr5llFE40CdTEyZQXKP_EtuuRREhaA5tJLcIJqM8VSqfZlIO1VilWRYT9puwhStAjyZqIKM4fm1HoPeP333qLi5bYn8RS98wNix2JV6QxNrXRizOwRRGrLbi88ygIngm_1k8YzCOusXD8w1y8dfTPAEAAA%3d%3d:1:49808)
    at dispatch (https://d1hjvew1n9ss7u.cloudfront.net/assets/shjs.js?t=639255987001545277:0:32701)
    at a (https://d1hjvew1n9ss7u.cloudfront.net/assets/shjs.js?t=639255987001545277:0:28480)
[  796194ms] [LOG] Banner não encontrado: banner-232 @ https://d1hjvew1n9ss7u.cloudfront.net/asset.axd?id=PAEAAB-LCAAAAAAAAAOtj0EPwUAQhf-KzLnsKqu64iBu4oSbOKzt0G2qKztTkQi_3abi6Ob43vfem8wDLIMGxjuLytwM2eCuPOvZ0gRCnrd86k8hgSaGNr5llFE40CdTEyZQXKP_EtuuRREhaA5tJLcIJqM8VSqfZlIO1VilWRYT9puwhStAjyZqIKM4fm1HoPeP333qLi5bYn8RS98wNix2JV6QxNrXRizOwRRGrLbi88ygIngm_1k8YzCOusXD8w1y8dfTPAEAAA%3d%3d:754
[  796206ms] [LOG] %c Widde Video Commerce %c v24604ee %c Build: 21/09/2026 20:39 %c border: 1px solid #2567f8; background: #2567f8; color: #fff; font-weight: bold; padding: 4px 8px; border-radius: 3px 0 0 0; border: 1px solid #2567f8; border-left: none; background: #FFF; color: #2567f8; font-weight: bold; padding: 4px 8px; border: 1px solid #2567f8; border-left: none; background: #f0f0f0; color: #333; font-weight: bold; padding: 4px 8px; border-radius: 0 3px 3px 0; background: transparent @ https://cdn.widde.io/assets/main.utzwjalemu.js:0
[  796288ms] [LOG] %c Tryon Widde.io %c %s %c border: 1px solid #2567f8; background: #2567f8; color: #fff; font-weight: bold; padding: 4px 8px; border-radius: 3px 0 0 3px; border: 1px solid #2567f8; background: #FFF; color: #2567f8; font-weight: bold; padding: 4px 8px; border-radius: 0 3px 3px 0; 47bf7c2 background: transparent @ https://cdn-tryon.widde.io/widde-tryon.js:86
[  796305ms] [LOG] [tryon-tracker] initialized {domain: www.lolacosmetics.com.br} @ https://cdn-tryon.widde.io/widde-tryon.js:8
[  802494ms] [WARNING] Error with Feature-Policy header: Some features are specified in both Feature-Policy and Permissions-Policy header: payment, fullscreen, microphone, camera. Values defined in Permissions-Policy header will be used. @ :0
[  802793ms] [ERROR] Failed to load resource: the server responded with a status of 500 () @ https://fonts.cdnfonts.com/css/leelawade:0
[  803045ms] [ERROR] Failed to load resource: the server responded with a status of 404 () @ https://lolacosmetics.admin.linxcommerce.com.br/Custom/Content/Themes/Lola/Styles/Fonts/FontAwesome/all.css:0
[  803212ms] [LOG] Banner não encontrado: banner-232 @ https://d1hjvew1n9ss7u.cloudfront.net/asset.axd?id=PAEAAB-LCAAAAAAAAAOtj0EPwUAQhf-KzLnsKqu64iBu4oSbOKzt0G2qKztTkQi_3abi6Ob43vfem8wDLIMGxjuLytwM2eCuPOvZ0gRCnrd86k8hgSaGNr5llFE40CdTEyZQXKP_EtuuRREhaA5tJLcIJqM8VSqfZlIO1VilWRYT9puwhStAjyZqIKM4fm1HoPeP333qLi5bYn8RS98wNix2JV6QxNrXRizOwRRGrLbi88ygIngm_1k8YzCOusXD8w1y8dfTPAEAAA%3d%3d:754
[  803214ms] [LOG] [Debug Carrinho] Polling ativo @ https://d1hjvew1n9ss7u.cloudfront.net/asset.axd?id=PAEAAB-LCAAAAAAAAAOtj0EPwUAQhf-KzLnsKqu64iBu4oSbOKzt0G2qKztTkQi_3abi6Ob43vfem8wDLIMGxjuLytwM2eCuPOvZ0gRCnrd86k8hgSaGNr5llFE40CdTEyZQXKP_EtuuRREhaA5tJLcIJqM8VSqfZlIO1VilWRYT9puwhStAjyZqIKM4fm1HoPeP333qLi5bYn8RS98wNix2JV6QxNrXRizOwRRGrLbi88ygIngm_1k8YzCOusXD8w1y8dfTPAEAAA%3d%3d:1790
[  803260ms] [LOG] categoria @ https://d1hjvew1n9ss7u.cloudfront.net/asset.axd?id=PAEAAB-LCAAAAAAAAAOtj0EPwUAQhf-KzLnsKqu64iBu4oSbOKzt0G2qKztTkQi_3abi6Ob43vfem8wDLIMGxjuLytwM2eCuPOvZ0gRCnrd86k8hgSaGNr5llFE40CdTEyZQXKP_EtuuRREhaA5tJLcIJqM8VSqfZlIO1VilWRYT9puwhStAjyZqIKM4fm1HoPeP333qLi5bYn8RS98wNix2JV6QxNrXRizOwRRGrLbi88ygIngm_1k8YzCOusXD8w1y8dfTPAEAAA%3d%3d:1
[  803261ms] [WARNING] !! Há erros de scripts de terceiros !!
Por favor, contate a Empresa responsável pelo script.  @ https://d1hjvew1n9ss7u.cloudfront.net/assets/shjs.js?t=639255987001545277:0
[  803270ms] Uncaught Error: You must pass a string or Handlebars AST to Handlebars.compile. You passed null
    at e.compile (https://d1hjvew1n9ss7u.cloudfront.net/asset.axd?id=PAEAAB-LCAAAAAAAAAOtj0EPwUAQhf-KzLnsKqu64iBu4oSbOKzt0G2qKztTkQi_3abi6Ob43vfem8wDLIMGxjuLytwM2eCuPOvZ0gRCnrd86k8hgSaGNr5llFE40CdTEyZQXKP_EtuuRREhaA5tJLcIJqM8VSqfZlIO1VilWRYT9puwhStAjyZqIKM4fm1HoPeP333qLi5bYn8RS98wNix2JV6QxNrXRizOwRRGrLbi88ygIngm_1k8YzCOusXD8w1y8dfTPAEAAA%3d%3d:1794:49302)
    at i.compile (https://d1hjvew1n9ss7u.cloudfront.net/asset.axd?id=PAEAAB-LCAAAAAAAAAOtj0EPwUAQhf-KzLnsKqu64iBu4oSbOKzt0G2qKztTkQi_3abi6Ob43vfem8wDLIMGxjuLytwM2eCuPOvZ0gRCnrd86k8hgSaGNr5llFE40CdTEyZQXKP_EtuuRREhaA5tJLcIJqM8VSqfZlIO1VilWRYT9puwhStAjyZqIKM4fm1HoPeP333qLi5bYn8RS98wNix2JV6QxNrXRizOwRRGrLbi88ygIngm_1k8YzCOusXD8w1y8dfTPAEAAA%3d%3d:1794:343)
    at renderBasket (https://d1hjvew1n9ss7u.cloudfront.net/asset.axd?id=PAEAAB-LCAAAAAAAAAOtj0EPwUAQhf-KzLnsKqu64iBu4oSbOKzt0G2qKztTkQi_3abi6Ob43vfem8wDLIMGxjuLytwM2eCuPOvZ0gRCnrd86k8hgSaGNr5llFE40CdTEyZQXKP_EtuuRREhaA5tJLcIJqM8VSqfZlIO1VilWRYT9puwhStAjyZqIKM4fm1HoPeP333qLi5bYn8RS98wNix2JV6QxNrXRizOwRRGrLbi88ygIngm_1k8YzCOusXD8w1y8dfTPAEAAA%3d%3d:29:27)
    at <anonymous> (https://d1hjvew1n9ss7u.cloudfront.net/asset.axd?id=PAEAAB-LCAAAAAAAAAOtj0EPwUAQhf-KzLnsKqu64iBu4oSbOKzt0G2qKztTkQi_3abi6Ob43vfem8wDLIMGxjuLytwM2eCuPOvZ0gRCnrd86k8hgSaGNr5llFE40CdTEyZQXKP_EtuuRREhaA5tJLcIJqM8VSqfZlIO1VilWRYT9puwhStAjyZqIKM4fm1HoPeP333qLi5bYn8RS98wNix2JV6QxNrXRizOwRRGrLbi88ygIngm_1k8YzCOusXD8w1y8dfTPAEAAA%3d%3d:220:1)
    at f (https://d1hjvew1n9ss7u.cloudfront.net/assets/shjs.js?t=639255987001545277:0:10382)
    at fireWith (https://d1hjvew1n9ss7u.cloudfront.net/assets/shjs.js?t=639255987001545277:0:11137)
    at ready (https://d1hjvew1n9ss7u.cloudfront.net/assets/shjs.js?t=639255987001545277:0:5238)
    at r (https://d1hjvew1n9ss7u.cloudfront.net/assets/shjs.js?t=639255987001545277:0:9748)
[  803264ms] [VERBOSE] [DOM] Input elements should have autocomplete attributes (suggested: "current-password"): (More info: https://goo.gl/9p2vKq) %o @ https://www.lolacosmetics.com.br/lancamentos/kits-de-presente:0
[  803264ms] [VERBOSE] [DOM] Input elements should have autocomplete attributes (suggested: "current-password"): (More info: https://goo.gl/9p2vKq) %o @ https://www.lolacosmetics.com.br/lancamentos/kits-de-presente:0
[  803336ms] [LOG] AffiseStorage availability: {cookie: true, localStorage: true, sessionStorage: true} @ https://rankmediabrasil.g2afse.com/websdk.js:0
[  803337ms] [LOG] Status RNK Media - ClickId: null UTM: null @ :3
[  803754ms] [WARNING] [Meta Pixel] - Invalid parameter format for currency. Please refer https://developers.facebook.com/docs/meta-pixel/reference/ for valid parameter specifications. @ https://connect.facebook.net/en_US/fbevents.js:203
[  804191ms] [INFO] É necessário definir o storeID no Plugin TrustVox @ https://d1hjvew1n9ss7u.cloudfront.net/asset.axd?id=_woAAB-LCAAAAAAAAAO9lsFunDAQhl-l4rw122w3m1D1lEfooYeqh8HMgrNgW_aYDYrSZ--EaFVgIZWK1aP9__b3Y3uwnxNJSZYQPlH6CC146ZSlLx9kBc4jfQ10_HiXbBLNpu-qKJG23FJJdoTa4yYpLAu_0m_9MM8SJhm5wErLwu3u_ma_v787bLef9p_3N4cDO-TFIQtVJNnudi-23Mgv3con2Y_n5fG-Jz4ET6ZJH4wm1JS-ZfOpamzgYKJBgkuq9FyIYb949MnL5l8JpTFljQI01B0p6YeUqbaO5DtP2AiHEizxhoh2N4TNyOt41pmj4vi1KZUekkZCRIYwEKhaJvVyHN4Za2kaFL4y1qKbY04s67i5M2evdCkkEJbGdQ3qMKTOGlZ_axEkCY_g5HRZB8o6iqxQnkwgkYM_Ic8ZmgZcVyEU43V917guA8_DM76uXg5aj7FTbR3pCJKjU2f5TGKL9ajcr8R4LOVpicRSDE7pTLDXjL470tkvneLflHE03qE5Pc7Jr5XmOla-mq7frCEis8FCgV8kvsnReaIFp4CU0X9F_3FGTMH3tafWPAkHrwW3mGHii5PAOiVxDtkLcRh56PJAZKa34Vj8DyyjUdZKntgUszanZXKtRqQtg1YxCuAXXfBQ8rtLSrQEenwuZg098-fLbwJGClv_CgAA:52
[  804208ms] Uncaught TypeError: Cannot read properties of undefined (reading 'replace')
    at validaFreteGratis (https://d1hjvew1n9ss7u.cloudfront.net/asset.axd?id=PAEAAB-LCAAAAAAAAAOtj0EPwUAQhf-KzLnsKqu64iBu4oSbOKzt0G2qKztTkQi_3abi6Ob43vfem8wDLIMGxjuLytwM2eCuPOvZ0gRCnrd86k8hgSaGNr5llFE40CdTEyZQXKP_EtuuRREhaA5tJLcIJqM8VSqfZlIO1VilWRYT9puwhStAjyZqIKM4fm1HoPeP333qLi5bYn8RS98wNix2JV6QxNrXRizOwRRGrLbi88ygIngm_1k8YzCOusXD8w1y8dfTPAEAAA%3d%3d:1:7633)
    at <anonymous> (https://d1hjvew1n9ss7u.cloudfront.net/asset.axd?id=PAEAAB-LCAAAAAAAAAOtj0EPwUAQhf-KzLnsKqu64iBu4oSbOKzt0G2qKztTkQi_3abi6Ob43vfem8wDLIMGxjuLytwM2eCuPOvZ0gRCnrd86k8hgSaGNr5llFE40CdTEyZQXKP_EtuuRREhaA5tJLcIJqM8VSqfZlIO1VilWRYT9puwhStAjyZqIKM4fm1HoPeP333qLi5bYn8RS98wNix2JV6QxNrXRizOwRRGrLbi88ygIngm_1k8YzCOusXD8w1y8dfTPAEAAA%3d%3d:1:49808)
    at dispatch (https://d1hjvew1n9ss7u.cloudfront.net/assets/shjs.js?t=639255987001545277:0:32701)
    at a (https://d1hjvew1n9ss7u.cloudfront.net/assets/shjs.js?t=639255987001545277:0:28480)
[  804200ms] [LOG] Banner não encontrado: banner-232 @ https://d1hjvew1n9ss7u.cloudfront.net/asset.axd?id=PAEAAB-LCAAAAAAAAAOtj0EPwUAQhf-KzLnsKqu64iBu4oSbOKzt0G2qKztTkQi_3abi6Ob43vfem8wDLIMGxjuLytwM2eCuPOvZ0gRCnrd86k8hgSaGNr5llFE40CdTEyZQXKP_EtuuRREhaA5tJLcIJqM8VSqfZlIO1VilWRYT9puwhStAjyZqIKM4fm1HoPeP333qLi5bYn8RS98wNix2JV6QxNrXRizOwRRGrLbi88ygIngm_1k8YzCOusXD8w1y8dfTPAEAAA%3d%3d:754
[  804247ms] [LOG] %c Widde Video Commerce %c v24604ee %c Build: 21/09/2026 20:39 %c border: 1px solid #2567f8; background: #2567f8; color: #fff; font-weight: bold; padding: 4px 8px; border-radius: 3px 0 0 0; border: 1px solid #2567f8; border-left: none; background: #FFF; color: #2567f8; font-weight: bold; padding: 4px 8px; border: 1px solid #2567f8; border-left: none; background: #f0f0f0; color: #333; font-weight: bold; padding: 4px 8px; border-radius: 0 3px 3px 0; background: transparent @ https://cdn.widde.io/assets/main.utzwjalemu.js:0
[  804336ms] [LOG] %c Tryon Widde.io %c %s %c border: 1px solid #2567f8; background: #2567f8; color: #fff; font-weight: bold; padding: 4px 8px; border-radius: 3px 0 0 3px; border: 1px solid #2567f8; background: #FFF; color: #2567f8; font-weight: bold; padding: 4px 8px; border-radius: 0 3px 3px 0; 47bf7c2 background: transparent @ https://cdn-tryon.widde.io/widde-tryon.js:86
[  804376ms] [LOG] [tryon-tracker] initialized {domain: www.lolacosmetics.com.br} @ https://cdn-tryon.widde.io/widde-tryon.js:8
[  810726ms] [WARNING] Error with Feature-Policy header: Some features are specified in both Feature-Policy and Permissions-Policy header: payment, fullscreen, microphone, camera. Values defined in Permissions-Policy header will be used. @ :0
[  811025ms] [ERROR] Failed to load resource: the server responded with a status of 500 () @ https://fonts.cdnfonts.com/css/leelawade:0
[  811271ms] [ERROR] Failed to load resource: the server responded with a status of 404 () @ https://lolacosmetics.admin.linxcommerce.com.br/Custom/Content/Themes/Lola/Styles/Fonts/FontAwesome/all.css:0
[  811369ms] [LOG] Banner não encontrado: banner-232 @ https://d1hjvew1n9ss7u.cloudfront.net/asset.axd?id=PAEAAB-LCAAAAAAAAAOtj0EPwUAQhf-KzLnsKqu64iBu4oSbOKzt0G2qKztTkQi_3abi6Ob43vfem8wDLIMGxjuLytwM2eCuPOvZ0gRCnrd86k8hgSaGNr5llFE40CdTEyZQXKP_EtuuRREhaA5tJLcIJqM8VSqfZlIO1VilWRYT9puwhStAjyZqIKM4fm1HoPeP333qLi5bYn8RS98wNix2JV6QxNrXRizOwRRGrLbi88ygIngm_1k8YzCOusXD8w1y8dfTPAEAAA%3d%3d:754
[  811375ms] [LOG] [Debug Carrinho] Polling ativo @ https://d1hjvew1n9ss7u.cloudfront.net/asset.axd?id=PAEAAB-LCAAAAAAAAAOtj0EPwUAQhf-KzLnsKqu64iBu4oSbOKzt0G2qKztTkQi_3abi6Ob43vfem8wDLIMGxjuLytwM2eCuPOvZ0gRCnrd86k8hgSaGNr5llFE40CdTEyZQXKP_EtuuRREhaA5tJLcIJqM8VSqfZlIO1VilWRYT9puwhStAjyZqIKM4fm1HoPeP333qLi5bYn8RS98wNix2JV6QxNrXRizOwRRGrLbi88ygIngm_1k8YzCOusXD8w1y8dfTPAEAAA%3d%3d:1790
[  811423ms] [LOG] categoria @ https://d1hjvew1n9ss7u.cloudfront.net/asset.axd?id=PAEAAB-LCAAAAAAAAAOtj0EPwUAQhf-KzLnsKqu64iBu4oSbOKzt0G2qKztTkQi_3abi6Ob43vfem8wDLIMGxjuLytwM2eCuPOvZ0gRCnrd86k8hgSaGNr5llFE40CdTEyZQXKP_EtuuRREhaA5tJLcIJqM8VSqfZlIO1VilWRYT9puwhStAjyZqIKM4fm1HoPeP333qLi5bYn8RS98wNix2JV6QxNrXRizOwRRGrLbi88ygIngm_1k8YzCOusXD8w1y8dfTPAEAAA%3d%3d:1
[  811423ms] [WARNING] !! Há erros de scripts de terceiros !!
Por favor, contate a Empresa responsável pelo script.  @ https://d1hjvew1n9ss7u.cloudfront.net/assets/shjs.js?t=639255987001545277:0
[  811437ms] Uncaught Error: You must pass a string or Handlebars AST to Handlebars.compile. You passed null
    at e.compile (https://d1hjvew1n9ss7u.cloudfront.net/asset.axd?id=PAEAAB-LCAAAAAAAAAOtj0EPwUAQhf-KzLnsKqu64iBu4oSbOKzt0G2qKztTkQi_3abi6Ob43vfem8wDLIMGxjuLytwM2eCuPOvZ0gRCnrd86k8hgSaGNr5llFE40CdTEyZQXKP_EtuuRREhaA5tJLcIJqM8VSqfZlIO1VilWRYT9puwhStAjyZqIKM4fm1HoPeP333qLi5bYn8RS98wNix2JV6QxNrXRizOwRRGrLbi88ygIngm_1k8YzCOusXD8w1y8dfTPAEAAA%3d%3d:1794:49302)
    at i.compile (https://d1hjvew1n9ss7u.cloudfront.net/asset.axd?id=PAEAAB-LCAAAAAAAAAOtj0EPwUAQhf-KzLnsKqu64iBu4oSbOKzt0G2qKztTkQi_3abi6Ob43vfem8wDLIMGxjuLytwM2eCuPOvZ0gRCnrd86k8hgSaGNr5llFE40CdTEyZQXKP_EtuuRREhaA5tJLcIJqM8VSqfZlIO1VilWRYT9puwhStAjyZqIKM4fm1HoPeP333qLi5bYn8RS98wNix2JV6QxNrXRizOwRRGrLbi88ygIngm_1k8YzCOusXD8w1y8dfTPAEAAA%3d%3d:1794:343)
    at renderBasket (https://d1hjvew1n9ss7u.cloudfront.net/asset.axd?id=PAEAAB-LCAAAAAAAAAOtj0EPwUAQhf-KzLnsKqu64iBu4oSbOKzt0G2qKztTkQi_3abi6Ob43vfem8wDLIMGxjuLytwM2eCuPOvZ0gRCnrd86k8hgSaGNr5llFE40CdTEyZQXKP_EtuuRREhaA5tJLcIJqM8VSqfZlIO1VilWRYT9puwhStAjyZqIKM4fm1HoPeP333qLi5bYn8RS98wNix2JV6QxNrXRizOwRRGrLbi88ygIngm_1k8YzCOusXD8w1y8dfTPAEAAA%3d%3d:29:27)
    at <anonymous> (https://d1hjvew1n9ss7u.cloudfront.net/asset.axd?id=PAEAAB-LCAAAAAAAAAOtj0EPwUAQhf-KzLnsKqu64iBu4oSbOKzt0G2qKztTkQi_3abi6Ob43vfem8wDLIMGxjuLytwM2eCuPOvZ0gRCnrd86k8hgSaGNr5llFE40CdTEyZQXKP_EtuuRREhaA5tJLcIJqM8VSqfZlIO1VilWRYT9puwhStAjyZqIKM4fm1HoPeP333qLi5bYn8RS98wNix2JV6QxNrXRizOwRRGrLbi88ygIngm_1k8YzCOusXD8w1y8dfTPAEAAA%3d%3d:220:1)
    at f (https://d1hjvew1n9ss7u.cloudfront.net/assets/shjs.js?t=639255987001545277:0:10382)
    at fireWith (https://d1hjvew1n9ss7u.cloudfront.net/assets/shjs.js?t=639255987001545277:0:11137)
    at ready (https://d1hjvew1n9ss7u.cloudfront.net/assets/shjs.js?t=639255987001545277:0:5238)
    at r (https://d1hjvew1n9ss7u.cloudfront.net/assets/shjs.js?t=639255987001545277:0:9748)
[  811427ms] [VERBOSE] [DOM] Input elements should have autocomplete attributes (suggested: "current-password"): (More info: https://goo.gl/9p2vKq) %o @ https://www.lolacosmetics.com.br/lancamentos/tannic-acid:0
[  811427ms] [VERBOSE] [DOM] Input elements should have autocomplete attributes (suggested: "current-password"): (More info: https://goo.gl/9p2vKq) %o @ https://www.lolacosmetics.com.br/lancamentos/tannic-acid:0
[  811456ms] [ERROR] Failed to load resource: net::ERR_NAME_NOT_RESOLVED @ https://event.getblue.io/js/blue-tag.min.js:0
[  811669ms] [LOG] AffiseStorage availability: {cookie: true, localStorage: true, sessionStorage: true} @ https://rankmediabrasil.g2afse.com/websdk.js:0
[  811670ms] [LOG] Status RNK Media - ClickId: null UTM: null @ :3
[  811943ms] [WARNING] [Meta Pixel] - Invalid parameter format for currency. Please refer https://developers.facebook.com/docs/meta-pixel/reference/ for valid parameter specifications. @ https://connect.facebook.net/en_US/fbevents.js:203
[  812313ms] [INFO] É necessário definir o storeID no Plugin TrustVox @ https://d1hjvew1n9ss7u.cloudfront.net/asset.axd?id=_woAAB-LCAAAAAAAAAO9lsFunDAQhl-l4rw122w3m1D1lEfooYeqh8HMgrNgW_aYDYrSZ--EaFVgIZWK1aP9__b3Y3uwnxNJSZYQPlH6CC146ZSlLx9kBc4jfQ10_HiXbBLNpu-qKJG23FJJdoTa4yYpLAu_0m_9MM8SJhm5wErLwu3u_ma_v787bLef9p_3N4cDO-TFIQtVJNnudi-23Mgv3con2Y_n5fG-Jz4ET6ZJH4wm1JS-ZfOpamzgYKJBgkuq9FyIYb949MnL5l8JpTFljQI01B0p6YeUqbaO5DtP2AiHEizxhoh2N4TNyOt41pmj4vi1KZUekkZCRIYwEKhaJvVyHN4Za2kaFL4y1qKbY04s67i5M2evdCkkEJbGdQ3qMKTOGlZ_axEkCY_g5HRZB8o6iqxQnkwgkYM_Ic8ZmgZcVyEU43V917guA8_DM76uXg5aj7FTbR3pCJKjU2f5TGKL9ajcr8R4LOVpicRSDE7pTLDXjL470tkvneLflHE03qE5Pc7Jr5XmOla-mq7frCEis8FCgV8kvsnReaIFp4CU0X9F_3FGTMH3tafWPAkHrwW3mGHii5PAOiVxDtkLcRh56PJAZKa34Vj8DyyjUdZKntgUszanZXKtRqQtg1YxCuAXXfBQ8rtLSrQEenwuZg098-fLbwJGClv_CgAA:52
[  812323ms] Uncaught TypeError: Cannot read properties of undefined (reading 'replace')
    at validaFreteGratis (https://d1hjvew1n9ss7u.cloudfront.net/asset.axd?id=PAEAAB-LCAAAAAAAAAOtj0EPwUAQhf-KzLnsKqu64iBu4oSbOKzt0G2qKztTkQi_3abi6Ob43vfem8wDLIMGxjuLytwM2eCuPOvZ0gRCnrd86k8hgSaGNr5llFE40CdTEyZQXKP_EtuuRREhaA5tJLcIJqM8VSqfZlIO1VilWRYT9puwhStAjyZqIKM4fm1HoPeP333qLi5bYn8RS98wNix2JV6QxNrXRizOwRRGrLbi88ygIngm_1k8YzCOusXD8w1y8dfTPAEAAA%3d%3d:1:7633)
    at <anonymous> (https://d1hjvew1n9ss7u.cloudfront.net/asset.axd?id=PAEAAB-LCAAAAAAAAAOtj0EPwUAQhf-KzLnsKqu64iBu4oSbOKzt0G2qKztTkQi_3abi6Ob43vfem8wDLIMGxjuLytwM2eCuPOvZ0gRCnrd86k8hgSaGNr5llFE40CdTEyZQXKP_EtuuRREhaA5tJLcIJqM8VSqfZlIO1VilWRYT9puwhStAjyZqIKM4fm1HoPeP333qLi5bYn8RS98wNix2JV6QxNrXRizOwRRGrLbi88ygIngm_1k8YzCOusXD8w1y8dfTPAEAAA%3d%3d:1:49808)
    at dispatch (https://d1hjvew1n9ss7u.cloudfront.net/assets/shjs.js?t=639255987001545277:0:32701)
    at a (https://d1hjvew1n9ss7u.cloudfront.net/assets/shjs.js?t=639255987001545277:0:28480)
[  812321ms] [LOG] Banner não encontrado: banner-232 @ https://d1hjvew1n9ss7u.cloudfront.net/asset.axd?id=PAEAAB-LCAAAAAAAAAOtj0EPwUAQhf-KzLnsKqu64iBu4oSbOKzt0G2qKztTkQi_3abi6Ob43vfem8wDLIMGxjuLytwM2eCuPOvZ0gRCnrd86k8hgSaGNr5llFE40CdTEyZQXKP_EtuuRREhaA5tJLcIJqM8VSqfZlIO1VilWRYT9puwhStAjyZqIKM4fm1HoPeP333qLi5bYn8RS98wNix2JV6QxNrXRizOwRRGrLbi88ygIngm_1k8YzCOusXD8w1y8dfTPAEAAA%3d%3d:754
[  812411ms] [LOG] %c Widde Video Commerce %c v24604ee %c Build: 21/09/2026 20:39 %c border: 1px solid #2567f8; background: #2567f8; color: #fff; font-weight: bold; padding: 4px 8px; border-radius: 3px 0 0 0; border: 1px solid #2567f8; border-left: none; background: #FFF; color: #2567f8; font-weight: bold; padding: 4px 8px; border: 1px solid #2567f8; border-left: none; background: #f0f0f0; color: #333; font-weight: bold; padding: 4px 8px; border-radius: 0 3px 3px 0; background: transparent @ https://cdn.widde.io/assets/main.utzwjalemu.js:0
[  812418ms] [ERROR] Error decoding JWT: Error: Invalid JWT format
    at u0 (https://cdn.widde.io/assets/shared-utils.58MPgxdv.js:99:89838)
    at e (https://cdn.widde.io/assets/shared-utils.58MPgxdv.js:99:90502)
    at d0.startNativation (https://cdn.widde.io/assets/shared-utils.58MPgxdv.js:99:90616)
    at d0.registerNavigation (https://cdn.widde.io/assets/shared-utils.58MPgxdv.js:99:91609)
    at e (https://cdn.widde.io/assets/main.utzwjalemu.js:1:21655) @ https://cdn.widde.io/assets/shared-utils.58MPgxdv.js:98
[  812500ms] [LOG] %c Tryon Widde.io %c %s %c border: 1px solid #2567f8; background: #2567f8; color: #fff; font-weight: bold; padding: 4px 8px; border-radius: 3px 0 0 3px; border: 1px solid #2567f8; background: #FFF; color: #2567f8; font-weight: bold; padding: 4px 8px; border-radius: 0 3px 3px 0; 47bf7c2 background: transparent @ https://cdn-tryon.widde.io/widde-tryon.js:86
[  812522ms] [LOG] [tryon-tracker] initialized {domain: www.lolacosmetics.com.br} @ https://cdn-tryon.widde.io/widde-tryon.js:8
[  818843ms] [WARNING] Error with Feature-Policy header: Some features are specified in both Feature-Policy and Permissions-Policy header: payment, fullscreen, microphone, camera. Values defined in Permissions-Policy header will be used. @ :0
[  819148ms] [ERROR] Failed to load resource: the server responded with a status of 500 () @ https://fonts.cdnfonts.com/css/leelawade:0
[  819402ms] [ERROR] Failed to load resource: the server responded with a status of 404 () @ https://lolacosmetics.admin.linxcommerce.com.br/Custom/Content/Themes/Lola/Styles/Fonts/FontAwesome/all.css:0
[  819522ms] [LOG] Banner não encontrado: banner-232 @ https://d1hjvew1n9ss7u.cloudfront.net/asset.axd?id=PAEAAB-LCAAAAAAAAAOtj0EPwUAQhf-KzLnsKqu64iBu4oSbOKzt0G2qKztTkQi_3abi6Ob43vfem8wDLIMGxjuLytwM2eCuPOvZ0gRCnrd86k8hgSaGNr5llFE40CdTEyZQXKP_EtuuRREhaA5tJLcIJqM8VSqfZlIO1VilWRYT9puwhStAjyZqIKM4fm1HoPeP333qLi5bYn8RS98wNix2JV6QxNrXRizOwRRGrLbi88ygIngm_1k8YzCOusXD8w1y8dfTPAEAAA%3d%3d:754
[  819526ms] [LOG] [Debug Carrinho] Polling ativo @ https://d1hjvew1n9ss7u.cloudfront.net/asset.axd?id=PAEAAB-LCAAAAAAAAAOtj0EPwUAQhf-KzLnsKqu64iBu4oSbOKzt0G2qKztTkQi_3abi6Ob43vfem8wDLIMGxjuLytwM2eCuPOvZ0gRCnrd86k8hgSaGNr5llFE40CdTEyZQXKP_EtuuRREhaA5tJLcIJqM8VSqfZlIO1VilWRYT9puwhStAjyZqIKM4fm1HoPeP333qLi5bYn8RS98wNix2JV6QxNrXRizOwRRGrLbi88ygIngm_1k8YzCOusXD8w1y8dfTPAEAAA%3d%3d:1790
[  819564ms] [LOG] categoria @ https://d1hjvew1n9ss7u.cloudfront.net/asset.axd?id=PAEAAB-LCAAAAAAAAAOtj0EPwUAQhf-KzLnsKqu64iBu4oSbOKzt0G2qKztTkQi_3abi6Ob43vfem8wDLIMGxjuLytwM2eCuPOvZ0gRCnrd86k8hgSaGNr5llFE40CdTEyZQXKP_EtuuRREhaA5tJLcIJqM8VSqfZlIO1VilWRYT9puwhStAjyZqIKM4fm1HoPeP333qLi5bYn8RS98wNix2JV6QxNrXRizOwRRGrLbi88ygIngm_1k8YzCOusXD8w1y8dfTPAEAAA%3d%3d:1
[  819564ms] [WARNING] !! Há erros de scripts de terceiros !!
Por favor, contate a Empresa responsável pelo script.  @ https://d1hjvew1n9ss7u.cloudfront.net/assets/shjs.js?t=639255987001545277:0
[  819601ms] Uncaught Error: You must pass a string or Handlebars AST to Handlebars.compile. You passed null
    at e.compile (https://d1hjvew1n9ss7u.cloudfront.net/asset.axd?id=PAEAAB-LCAAAAAAAAAOtj0EPwUAQhf-KzLnsKqu64iBu4oSbOKzt0G2qKztTkQi_3abi6Ob43vfem8wDLIMGxjuLytwM2eCuPOvZ0gRCnrd86k8hgSaGNr5llFE40CdTEyZQXKP_EtuuRREhaA5tJLcIJqM8VSqfZlIO1VilWRYT9puwhStAjyZqIKM4fm1HoPeP333qLi5bYn8RS98wNix2JV6QxNrXRizOwRRGrLbi88ygIngm_1k8YzCOusXD8w1y8dfTPAEAAA%3d%3d:1794:49302)
    at i.compile (https://d1hjvew1n9ss7u.cloudfront.net/asset.axd?id=PAEAAB-LCAAAAAAAAAOtj0EPwUAQhf-KzLnsKqu64iBu4oSbOKzt0G2qKztTkQi_3abi6Ob43vfem8wDLIMGxjuLytwM2eCuPOvZ0gRCnrd86k8hgSaGNr5llFE40CdTEyZQXKP_EtuuRREhaA5tJLcIJqM8VSqfZlIO1VilWRYT9puwhStAjyZqIKM4fm1HoPeP333qLi5bYn8RS98wNix2JV6QxNrXRizOwRRGrLbi88ygIngm_1k8YzCOusXD8w1y8dfTPAEAAA%3d%3d:1794:343)
    at renderBasket (https://d1hjvew1n9ss7u.cloudfront.net/asset.axd?id=PAEAAB-LCAAAAAAAAAOtj0EPwUAQhf-KzLnsKqu64iBu4oSbOKzt0G2qKztTkQi_3abi6Ob43vfem8wDLIMGxjuLytwM2eCuPOvZ0gRCnrd86k8hgSaGNr5llFE40CdTEyZQXKP_EtuuRREhaA5tJLcIJqM8VSqfZlIO1VilWRYT9puwhStAjyZqIKM4fm1HoPeP333qLi5bYn8RS98wNix2JV6QxNrXRizOwRRGrLbi88ygIngm_1k8YzCOusXD8w1y8dfTPAEAAA%3d%3d:29:27)
    at <anonymous> (https://d1hjvew1n9ss7u.cloudfront.net/asset.axd?id=PAEAAB-LCAAAAAAAAAOtj0EPwUAQhf-KzLnsKqu64iBu4oSbOKzt0G2qKztTkQi_3abi6Ob43vfem8wDLIMGxjuLytwM2eCuPOvZ0gRCnrd86k8hgSaGNr5llFE40CdTEyZQXKP_EtuuRREhaA5tJLcIJqM8VSqfZlIO1VilWRYT9puwhStAjyZqIKM4fm1HoPeP333qLi5bYn8RS98wNix2JV6QxNrXRizOwRRGrLbi88ygIngm_1k8YzCOusXD8w1y8dfTPAEAAA%3d%3d:220:1)
    at f (https://d1hjvew1n9ss7u.cloudfront.net/assets/shjs.js?t=639255987001545277:0:10382)
    at fireWith (https://d1hjvew1n9ss7u.cloudfront.net/assets/shjs.js?t=639255987001545277:0:11137)
    at ready (https://d1hjvew1n9ss7u.cloudfront.net/assets/shjs.js?t=639255987001545277:0:5238)
    at r (https://d1hjvew1n9ss7u.cloudfront.net/assets/shjs.js?t=639255987001545277:0:9748)
[  819568ms] [VERBOSE] [DOM] Input elements should have autocomplete attributes (suggested: "current-password"): (More info: https://goo.gl/9p2vKq) %o @ https://www.lolacosmetics.com.br/lancamentos/volumao:0
[  819568ms] [VERBOSE] [DOM] Input elements should have autocomplete attributes (suggested: "current-password"): (More info: https://goo.gl/9p2vKq) %o @ https://www.lolacosmetics.com.br/lancamentos/volumao:0
[  819596ms] [ERROR] Failed to load resource: net::ERR_NAME_NOT_RESOLVED @ https://event.getblue.io/js/blue-tag.min.js:0
[  819678ms] [LOG] AffiseStorage availability: {cookie: true, localStorage: true, sessionStorage: true} @ https://rankmediabrasil.g2afse.com/websdk.js:0
[  819678ms] [LOG] Status RNK Media - ClickId: null UTM: null @ :3
[  819929ms] [WARNING] [Meta Pixel] - Invalid parameter format for currency. Please refer https://developers.facebook.com/docs/meta-pixel/reference/ for valid parameter specifications. @ https://connect.facebook.net/en_US/fbevents.js:203
[  820198ms] [INFO] É necessário definir o storeID no Plugin TrustVox @ https://d1hjvew1n9ss7u.cloudfront.net/asset.axd?id=CQsAAB-LCAAAAAAAAAO9lsFunDAQhl-l4rw122zJJlv1lEfooYeqh8HMgrNgW54xGxSlz16HaBVgoZWK1SP-f_v7MTPYz4nk5JAwPnH6CC2QdMrylw-yAkfIXz0fP94lm0QH03dVlMjb8KSSwxFqwk1S2CD8Sr_10yhImBzY-aC0Qbjd3d9k2f3dfrv9lH3Obvb74JAXhyxUkRx2t5nYhof8MqwoOfx4Xp5PPfHBE5smfTCaUXP6lo1S1VgfgokGGS6p0nMhhuPikZKXzb8SSmPKGgVoqDtWkoaUqbaORB0xNsKhBMvhg4h2N4TNyOt41pmjCvFrUyo9JI2EiAxhwHO1TOrlOLwz1tI0KKgy1qKbY04s67i5M2dSuhQSGEvjuga1H1JnDavftfCSBSE4Od3WgbKOIiuUJ-NZ5EAnDGv6pgHXVQjFeF__aFyXIawTVnzdvRy0HmOn2jrSEWSIzp0NNYkt1qN2vxJjsEpnvL2m9MORarJ0Kvw-jOPxzs3pcSqyVjr0l6KqVsRzhTkyRGQ2WCigReKbHJ0nWnAKWBn9V_S7M2KKcI4St-ZJOHhthMUME1-cBNYpiXPIXojDyH2Xe2YzPaXG4n9gGY2yVvIUTDF7c9om12pE2jJoFaOAcNPyBGW4D0mJlkGP62LWEOtc0HimGpmXzoZ3vSf-fPkNwB1u7QkLAAA%3d:49
[  820205ms] Uncaught TypeError: Cannot read properties of undefined (reading 'replace')
    at validaFreteGratis (https://d1hjvew1n9ss7u.cloudfront.net/asset.axd?id=PAEAAB-LCAAAAAAAAAOtj0EPwUAQhf-KzLnsKqu64iBu4oSbOKzt0G2qKztTkQi_3abi6Ob43vfem8wDLIMGxjuLytwM2eCuPOvZ0gRCnrd86k8hgSaGNr5llFE40CdTEyZQXKP_EtuuRREhaA5tJLcIJqM8VSqfZlIO1VilWRYT9puwhStAjyZqIKM4fm1HoPeP333qLi5bYn8RS98wNix2JV6QxNrXRizOwRRGrLbi88ygIngm_1k8YzCOusXD8w1y8dfTPAEAAA%3d%3d:1:7633)
    at <anonymous> (https://d1hjvew1n9ss7u.cloudfront.net/asset.axd?id=PAEAAB-LCAAAAAAAAAOtj0EPwUAQhf-KzLnsKqu64iBu4oSbOKzt0G2qKztTkQi_3abi6Ob43vfem8wDLIMGxjuLytwM2eCuPOvZ0gRCnrd86k8hgSaGNr5llFE40CdTEyZQXKP_EtuuRREhaA5tJLcIJqM8VSqfZlIO1VilWRYT9puwhStAjyZqIKM4fm1HoPeP333qLi5bYn8RS98wNix2JV6QxNrXRizOwRRGrLbi88ygIngm_1k8YzCOusXD8w1y8dfTPAEAAA%3d%3d:1:49808)
    at dispatch (https://d1hjvew1n9ss7u.cloudfront.net/assets/shjs.js?t=639255987001545277:0:32701)
    at a (https://d1hjvew1n9ss7u.cloudfront.net/assets/shjs.js?t=639255987001545277:0:28480)
[  820203ms] [LOG] Banner não encontrado: banner-232 @ https://d1hjvew1n9ss7u.cloudfront.net/asset.axd?id=PAEAAB-LCAAAAAAAAAOtj0EPwUAQhf-KzLnsKqu64iBu4oSbOKzt0G2qKztTkQi_3abi6Ob43vfem8wDLIMGxjuLytwM2eCuPOvZ0gRCnrd86k8hgSaGNr5llFE40CdTEyZQXKP_EtuuRREhaA5tJLcIJqM8VSqfZlIO1VilWRYT9puwhStAjyZqIKM4fm1HoPeP333qLi5bYn8RS98wNix2JV6QxNrXRizOwRRGrLbi88ygIngm_1k8YzCOusXD8w1y8dfTPAEAAA%3d%3d:754
[  820225ms] [LOG] %c Widde Video Commerce %c v24604ee %c Build: 21/09/2026 20:39 %c border: 1px solid #2567f8; background: #2567f8; color: #fff; font-weight: bold; padding: 4px 8px; border-radius: 3px 0 0 0; border: 1px solid #2567f8; border-left: none; background: #FFF; color: #2567f8; font-weight: bold; padding: 4px 8px; border: 1px solid #2567f8; border-left: none; background: #f0f0f0; color: #333; font-weight: bold; padding: 4px 8px; border-radius: 0 3px 3px 0; background: transparent @ https://cdn.widde.io/assets/main.utzwjalemu.js:0
[  820263ms] [LOG] %c Tryon Widde.io %c %s %c border: 1px solid #2567f8; background: #2567f8; color: #fff; font-weight: bold; padding: 4px 8px; border-radius: 3px 0 0 3px; border: 1px solid #2567f8; background: #FFF; color: #2567f8; font-weight: bold; padding: 4px 8px; border-radius: 0 3px 3px 0; 47bf7c2 background: transparent @ https://cdn-tryon.widde.io/widde-tryon.js:86
[  820288ms] [LOG] [tryon-tracker] initialized {domain: www.lolacosmetics.com.br} @ https://cdn-tryon.widde.io/widde-tryon.js:8
[  829444ms] [WARNING] Error with Feature-Policy header: Some features are specified in both Feature-Policy and Permissions-Policy header: payment, fullscreen, microphone, camera. Values defined in Permissions-Policy header will be used. @ :0
[  829833ms] [ERROR] Failed to load resource: the server responded with a status of 500 () @ https://fonts.cdnfonts.com/css/leelawade:0
[  830115ms] [ERROR] Failed to load resource: the server responded with a status of 404 () @ https://lolacosmetics.admin.linxcommerce.com.br/Custom/Content/Themes/Lola/Styles/Fonts/FontAwesome/all.css:0
[  830280ms] [LOG] Banner não encontrado: banner-232 @ https://d1hjvew1n9ss7u.cloudfront.net/asset.axd?id=PAEAAB-LCAAAAAAAAAOtj0EPwUAQhf-KzLnsKqu64iBu4oSbOKzt0G2qKztTkQi_3abi6Ob43vfem8wDLIMGxjuLytwM2eCuPOvZ0gRCnrd86k8hgSaGNr5llFE40CdTEyZQXKP_EtuuRREhaA5tJLcIJqM8VSqfZlIO1VilWRYT9puwhStAjyZqIKM4fm1HoPeP333qLi5bYn8RS98wNix2JV6QxNrXRizOwRRGrLbi88ygIngm_1k8YzCOusXD8w1y8dfTPAEAAA%3d%3d:754
[  830286ms] [LOG] [Debug Carrinho] Polling ativo @ https://d1hjvew1n9ss7u.cloudfront.net/asset.axd?id=PAEAAB-LCAAAAAAAAAOtj0EPwUAQhf-KzLnsKqu64iBu4oSbOKzt0G2qKztTkQi_3abi6Ob43vfem8wDLIMGxjuLytwM2eCuPOvZ0gRCnrd86k8hgSaGNr5llFE40CdTEyZQXKP_EtuuRREhaA5tJLcIJqM8VSqfZlIO1VilWRYT9puwhStAjyZqIKM4fm1HoPeP333qLi5bYn8RS98wNix2JV6QxNrXRizOwRRGrLbi88ygIngm_1k8YzCOusXD8w1y8dfTPAEAAA%3d%3d:1790
[  830312ms] [ERROR] ReferenceError: wdPointOfSales is not defined
    at o.<computed>.<computed>._create (https://d1hjvew1n9ss7u.cloudfront.net/asset.axd?id=0wgAAB-LCAAAAAAAAAOtlbFy2zAMhl-lx9mh3LiKE_Uy5RE6dOh1gElYYiySOhK068ulz15UrVtJJ2cINZI_iA8EQOJFKBKVIPxBxTMcIapgOvr8QTUQItJjov3NvVgJx0Zfja6R1rwyotpDG3EldMfCz-JLfyyyhKKikFg5snC3ebgty4f77Xr9sfxU3m63bKEuFkobLarNXSnXvNhdtk0U1beX6-djT3xKkbwtnrwjdFT8iS0WxnaJA5MWCS5RFScth_vyOYrX1XsJtfd1ixIctGcyKg4pUy2PFM-R0MqACjrigsjjZgibkfN4XfB7w-G3vjZuSBoJCzKkh0TNdVIvL8M7Yau8RRkb33UY5pgTkzzuLvhTNK6WCghrH84WXRpSZw2y76qTIhkRgpqmdaDkUVSD6uATyR3EA7LPZC2Ec4Ogx3l90zAvBvbDHn9nbwfOjbFTbaE6dt448vsILf6j9aigWj6KgUk293W8SRs2zUDPI2rg_zBFqPnXUgo7AqdGyFmDparn8BRbJLpWwf96HhFD8OHSgEPUSFiodtZraGer1iuLTB8C9sZjpubMcJKOGKLxbmYUzRtm3vTve0an0YIZ33WiZXYKT-u-AQ_O93_JqE2mYs_6_voLI650LdMIAAA%3d:56:260)
    at o.<computed>.<computed>._createWidget (https://d1hjvew1n9ss7u.cloudfront.net/assets/sjs.js?t=639255987001545277:1:5616)
    at new o.<computed>.<computed> (https://d1hjvew1n9ss7u.cloudfront.net/assets/sjs.js?t=639255987001545277:1:4572)
    at HTMLDivElement.<anonymous> (https://d1hjvew1n9ss7u.cloudfront.net/assets/sjs.js?t=639255987001545277:1:5214)
    at c.each (https://d1hjvew1n9ss7u.cloudfront.net/assets/shjs.js?t=639255987001545277:1:7374)
    at init.each (https://d1hjvew1n9ss7u.cloudfront.net/assets/shjs.js?t=639255987001545277:1:3979)
    at o.fn.<computed> [as BrowsingPointofsale] (https://d1hjvew1n9ss7u.cloudfront.net/assets/sjs.js?t=639255987001545277:1:5137)
    at https://d1hjvew1n9ss7u.cloudfront.net/assets/sjs.js?t=639255987001545277:1:392889
    at eval (eval at <anonymous> (https://d1hjvew1n9ss7u.cloudfront.net/assets/shjs.js?t=639255987001545277:1:5), <anonymous>:1:61)
    at Object.widgetCaller (https://d1hjvew1n9ss7u.cloudfront.net/assets/sjs.js?t=639255987001545277:1:392986) @ https://d1hjvew1n9ss7u.cloudfront.net/assets/sjs.js?t=639255987001545277:0
[  830319ms] [WARNING] !! Há erros de scripts de terceiros !!
Por favor, contate a Empresa responsável pelo script.  @ https://d1hjvew1n9ss7u.cloudfront.net/assets/shjs.js?t=639255987001545277:0
[  830321ms] Uncaught Error: You must pass a string or Handlebars AST to Handlebars.compile. You passed null
    at e.compile (https://d1hjvew1n9ss7u.cloudfront.net/asset.axd?id=PAEAAB-LCAAAAAAAAAOtj0EPwUAQhf-KzLnsKqu64iBu4oSbOKzt0G2qKztTkQi_3abi6Ob43vfem8wDLIMGxjuLytwM2eCuPOvZ0gRCnrd86k8hgSaGNr5llFE40CdTEyZQXKP_EtuuRREhaA5tJLcIJqM8VSqfZlIO1VilWRYT9puwhStAjyZqIKM4fm1HoPeP333qLi5bYn8RS98wNix2JV6QxNrXRizOwRRGrLbi88ygIngm_1k8YzCOusXD8w1y8dfTPAEAAA%3d%3d:1794:49302)
    at i.compile (https://d1hjvew1n9ss7u.cloudfront.net/asset.axd?id=PAEAAB-LCAAAAAAAAAOtj0EPwUAQhf-KzLnsKqu64iBu4oSbOKzt0G2qKztTkQi_3abi6Ob43vfem8wDLIMGxjuLytwM2eCuPOvZ0gRCnrd86k8hgSaGNr5llFE40CdTEyZQXKP_EtuuRREhaA5tJLcIJqM8VSqfZlIO1VilWRYT9puwhStAjyZqIKM4fm1HoPeP333qLi5bYn8RS98wNix2JV6QxNrXRizOwRRGrLbi88ygIngm_1k8YzCOusXD8w1y8dfTPAEAAA%3d%3d:1794:343)
    at renderBasket (https://d1hjvew1n9ss7u.cloudfront.net/asset.axd?id=PAEAAB-LCAAAAAAAAAOtj0EPwUAQhf-KzLnsKqu64iBu4oSbOKzt0G2qKztTkQi_3abi6Ob43vfem8wDLIMGxjuLytwM2eCuPOvZ0gRCnrd86k8hgSaGNr5llFE40CdTEyZQXKP_EtuuRREhaA5tJLcIJqM8VSqfZlIO1VilWRYT9puwhStAjyZqIKM4fm1HoPeP333qLi5bYn8RS98wNix2JV6QxNrXRizOwRRGrLbi88ygIngm_1k8YzCOusXD8w1y8dfTPAEAAA%3d%3d:29:27)
    at <anonymous> (https://d1hjvew1n9ss7u.cloudfront.net/asset.axd?id=PAEAAB-LCAAAAAAAAAOtj0EPwUAQhf-KzLnsKqu64iBu4oSbOKzt0G2qKztTkQi_3abi6Ob43vfem8wDLIMGxjuLytwM2eCuPOvZ0gRCnrd86k8hgSaGNr5llFE40CdTEyZQXKP_EtuuRREhaA5tJLcIJqM8VSqfZlIO1VilWRYT9puwhStAjyZqIKM4fm1HoPeP333qLi5bYn8RS98wNix2JV6QxNrXRizOwRRGrLbi88ygIngm_1k8YzCOusXD8w1y8dfTPAEAAA%3d%3d:220:1)
    at f (https://d1hjvew1n9ss7u.cloudfront.net/assets/shjs.js?t=639255987001545277:0:10382)
    at fireWith (https://d1hjvew1n9ss7u.cloudfront.net/assets/shjs.js?t=639255987001545277:0:11137)
    at ready (https://d1hjvew1n9ss7u.cloudfront.net/assets/shjs.js?t=639255987001545277:0:5238)
    at r (https://d1hjvew1n9ss7u.cloudfront.net/assets/shjs.js?t=639255987001545277:0:9748)
[  830323ms] [VERBOSE] [DOM] Input elements should have autocomplete attributes (suggested: "current-password"): (More info: https://goo.gl/9p2vKq) %o @ https://www.lolacosmetics.com.br/onde-encontrar:0
[  830323ms] [VERBOSE] [DOM] Input elements should have autocomplete attributes (suggested: "current-password"): (More info: https://goo.gl/9p2vKq) %o @ https://www.lolacosmetics.com.br/onde-encontrar:0
[  830327ms] [ERROR] Failed to load resource: net::ERR_NAME_NOT_RESOLVED @ https://event.getblue.io/js/blue-tag.min.js:0
[  830436ms] [LOG] AffiseStorage availability: {cookie: true, localStorage: true, sessionStorage: true} @ https://rankmediabrasil.g2afse.com/websdk.js:0
[  830436ms] [LOG] Status RNK Media - ClickId: null UTM: null @ :3
[  830577ms] [WARNING] [Meta Pixel] - Invalid parameter format for currency. Please refer https://developers.facebook.com/docs/meta-pixel/reference/ for valid parameter specifications. @ https://connect.facebook.net/en_US/fbevents.js:203
[  830847ms] Uncaught TypeError: Cannot read properties of undefined (reading 'replace')
    at validaFreteGratis (https://d1hjvew1n9ss7u.cloudfront.net/asset.axd?id=PAEAAB-LCAAAAAAAAAOtj0EPwUAQhf-KzLnsKqu64iBu4oSbOKzt0G2qKztTkQi_3abi6Ob43vfem8wDLIMGxjuLytwM2eCuPOvZ0gRCnrd86k8hgSaGNr5llFE40CdTEyZQXKP_EtuuRREhaA5tJLcIJqM8VSqfZlIO1VilWRYT9puwhStAjyZqIKM4fm1HoPeP333qLi5bYn8RS98wNix2JV6QxNrXRizOwRRGrLbi88ygIngm_1k8YzCOusXD8w1y8dfTPAEAAA%3d%3d:1:7633)
    at <anonymous> (https://d1hjvew1n9ss7u.cloudfront.net/asset.axd?id=PAEAAB-LCAAAAAAAAAOtj0EPwUAQhf-KzLnsKqu64iBu4oSbOKzt0G2qKztTkQi_3abi6Ob43vfem8wDLIMGxjuLytwM2eCuPOvZ0gRCnrd86k8hgSaGNr5llFE40CdTEyZQXKP_EtuuRREhaA5tJLcIJqM8VSqfZlIO1VilWRYT9puwhStAjyZqIKM4fm1HoPeP333qLi5bYn8RS98wNix2JV6QxNrXRizOwRRGrLbi88ygIngm_1k8YzCOusXD8w1y8dfTPAEAAA%3d%3d:1:49808)
    at dispatch (https://d1hjvew1n9ss7u.cloudfront.net/assets/shjs.js?t=639255987001545277:0:32701)
    at a (https://d1hjvew1n9ss7u.cloudfront.net/assets/shjs.js?t=639255987001545277:0:28480)
[  830845ms] [LOG] Banner não encontrado: banner-232 @ https://d1hjvew1n9ss7u.cloudfront.net/asset.axd?id=PAEAAB-LCAAAAAAAAAOtj0EPwUAQhf-KzLnsKqu64iBu4oSbOKzt0G2qKztTkQi_3abi6Ob43vfem8wDLIMGxjuLytwM2eCuPOvZ0gRCnrd86k8hgSaGNr5llFE40CdTEyZQXKP_EtuuRREhaA5tJLcIJqM8VSqfZlIO1VilWRYT9puwhStAjyZqIKM4fm1HoPeP333qLi5bYn8RS98wNix2JV6QxNrXRizOwRRGrLbi88ygIngm_1k8YzCOusXD8w1y8dfTPAEAAA%3d%3d:754
[  830874ms] [LOG] %c Widde Video Commerce %c v24604ee %c Build: 21/09/2026 20:39 %c border: 1px solid #2567f8; background: #2567f8; color: #fff; font-weight: bold; padding: 4px 8px; border-radius: 3px 0 0 0; border: 1px solid #2567f8; border-left: none; background: #FFF; color: #2567f8; font-weight: bold; padding: 4px 8px; border: 1px solid #2567f8; border-left: none; background: #f0f0f0; color: #333; font-weight: bold; padding: 4px 8px; border-radius: 0 3px 3px 0; background: transparent @ https://cdn.widde.io/assets/main.utzwjalemu.js:0
[  830897ms] [LOG] %c Tryon Widde.io %c %s %c border: 1px solid #2567f8; background: #2567f8; color: #fff; font-weight: bold; padding: 4px 8px; border-radius: 3px 0 0 3px; border: 1px solid #2567f8; background: #FFF; color: #2567f8; font-weight: bold; padding: 4px 8px; border-radius: 0 3px 3px 0; 47bf7c2 background: transparent @ https://cdn-tryon.widde.io/widde-tryon.js:86
[  830919ms] [LOG] [tryon-tracker] initialized {domain: www.lolacosmetics.com.br} @ https://cdn-tryon.widde.io/widde-tryon.js:8
[  837323ms] [WARNING] Error with Feature-Policy header: Some features are specified in both Feature-Policy and Permissions-Policy header: payment, fullscreen, microphone, camera. Values defined in Permissions-Policy header will be used. @ :0
[  837618ms] [ERROR] Failed to load resource: the server responded with a status of 500 () @ https://fonts.cdnfonts.com/css/leelawade:0
[  838013ms] [ERROR] Failed to load resource: the server responded with a status of 404 () @ https://lolacosmetics.admin.linxcommerce.com.br/Custom/Content/Themes/Lola/Styles/Fonts/FontAwesome/all.css:0
[  838112ms] [LOG] Banner não encontrado: banner-232 @ https://d1hjvew1n9ss7u.cloudfront.net/asset.axd?id=PAEAAB-LCAAAAAAAAAOtj0EPwUAQhf-KzLnsKqu64iBu4oSbOKzt0G2qKztTkQi_3abi6Ob43vfem8wDLIMGxjuLytwM2eCuPOvZ0gRCnrd86k8hgSaGNr5llFE40CdTEyZQXKP_EtuuRREhaA5tJLcIJqM8VSqfZlIO1VilWRYT9puwhStAjyZqIKM4fm1HoPeP333qLi5bYn8RS98wNix2JV6QxNrXRizOwRRGrLbi88ygIngm_1k8YzCOusXD8w1y8dfTPAEAAA%3d%3d:754
[  838114ms] [LOG] [Debug Carrinho] Polling ativo @ https://d1hjvew1n9ss7u.cloudfront.net/asset.axd?id=PAEAAB-LCAAAAAAAAAOtj0EPwUAQhf-KzLnsKqu64iBu4oSbOKzt0G2qKztTkQi_3abi6Ob43vfem8wDLIMGxjuLytwM2eCuPOvZ0gRCnrd86k8hgSaGNr5llFE40CdTEyZQXKP_EtuuRREhaA5tJLcIJqM8VSqfZlIO1VilWRYT9puwhStAjyZqIKM4fm1HoPeP333qLi5bYn8RS98wNix2JV6QxNrXRizOwRRGrLbi88ygIngm_1k8YzCOusXD8w1y8dfTPAEAAA%3d%3d:1790
[  838164ms] [WARNING] !! Há erros de scripts de terceiros !!
Por favor, contate a Empresa responsável pelo script.  @ https://d1hjvew1n9ss7u.cloudfront.net/assets/shjs.js?t=639255987001545277:0
[  838173ms] Uncaught Error: You must pass a string or Handlebars AST to Handlebars.compile. You passed null
    at e.compile (https://d1hjvew1n9ss7u.cloudfront.net/asset.axd?id=PAEAAB-LCAAAAAAAAAOtj0EPwUAQhf-KzLnsKqu64iBu4oSbOKzt0G2qKztTkQi_3abi6Ob43vfem8wDLIMGxjuLytwM2eCuPOvZ0gRCnrd86k8hgSaGNr5llFE40CdTEyZQXKP_EtuuRREhaA5tJLcIJqM8VSqfZlIO1VilWRYT9puwhStAjyZqIKM4fm1HoPeP333qLi5bYn8RS98wNix2JV6QxNrXRizOwRRGrLbi88ygIngm_1k8YzCOusXD8w1y8dfTPAEAAA%3d%3d:1794:49302)
    at i.compile (https://d1hjvew1n9ss7u.cloudfront.net/asset.axd?id=PAEAAB-LCAAAAAAAAAOtj0EPwUAQhf-KzLnsKqu64iBu4oSbOKzt0G2qKztTkQi_3abi6Ob43vfem8wDLIMGxjuLytwM2eCuPOvZ0gRCnrd86k8hgSaGNr5llFE40CdTEyZQXKP_EtuuRREhaA5tJLcIJqM8VSqfZlIO1VilWRYT9puwhStAjyZqIKM4fm1HoPeP333qLi5bYn8RS98wNix2JV6QxNrXRizOwRRGrLbi88ygIngm_1k8YzCOusXD8w1y8dfTPAEAAA%3d%3d:1794:343)
    at renderBasket (https://d1hjvew1n9ss7u.cloudfront.net/asset.axd?id=PAEAAB-LCAAAAAAAAAOtj0EPwUAQhf-KzLnsKqu64iBu4oSbOKzt0G2qKztTkQi_3abi6Ob43vfem8wDLIMGxjuLytwM2eCuPOvZ0gRCnrd86k8hgSaGNr5llFE40CdTEyZQXKP_EtuuRREhaA5tJLcIJqM8VSqfZlIO1VilWRYT9puwhStAjyZqIKM4fm1HoPeP333qLi5bYn8RS98wNix2JV6QxNrXRizOwRRGrLbi88ygIngm_1k8YzCOusXD8w1y8dfTPAEAAA%3d%3d:29:27)
    at <anonymous> (https://d1hjvew1n9ss7u.cloudfront.net/asset.axd?id=PAEAAB-LCAAAAAAAAAOtj0EPwUAQhf-KzLnsKqu64iBu4oSbOKzt0G2qKztTkQi_3abi6Ob43vfem8wDLIMGxjuLytwM2eCuPOvZ0gRCnrd86k8hgSaGNr5llFE40CdTEyZQXKP_EtuuRREhaA5tJLcIJqM8VSqfZlIO1VilWRYT9puwhStAjyZqIKM4fm1HoPeP333qLi5bYn8RS98wNix2JV6QxNrXRizOwRRGrLbi88ygIngm_1k8YzCOusXD8w1y8dfTPAEAAA%3d%3d:220:1)
    at f (https://d1hjvew1n9ss7u.cloudfront.net/assets/shjs.js?t=639255987001545277:0:10382)
    at fireWith (https://d1hjvew1n9ss7u.cloudfront.net/assets/shjs.js?t=639255987001545277:0:11137)
    at ready (https://d1hjvew1n9ss7u.cloudfront.net/assets/shjs.js?t=639255987001545277:0:5238)
    at r (https://d1hjvew1n9ss7u.cloudfront.net/assets/shjs.js?t=639255987001545277:0:9748)
[  838168ms] [VERBOSE] [DOM] Input elements should have autocomplete attributes (suggested: "current-password"): (More info: https://goo.gl/9p2vKq) %o @ https://www.lolacosmetics.com.br/login?url=/painel-do-cliente:0
[  838168ms] [VERBOSE] [DOM] Input elements should have autocomplete attributes (suggested: "current-password"): (More info: https://goo.gl/9p2vKq) %o @ https://www.lolacosmetics.com.br/login?url=/painel-do-cliente:0
[  838168ms] [VERBOSE] [DOM] Input elements should have autocomplete attributes (suggested: "current-password"): (More info: https://goo.gl/9p2vKq) %o @ https://www.lolacosmetics.com.br/login?url=/painel-do-cliente:0
[  838195ms] [ERROR] Failed to load resource: net::ERR_NAME_NOT_RESOLVED @ https://event.getblue.io/js/blue-tag.min.js:0
[  838238ms] [WARNING] [GSI_LOGGER]: google.accounts.id.initialize() is called multiple times. This could cause unexpected behavior and only the last initialized instance will be used. @ https://accounts.google.com/gsi/client:86
[  838418ms] [LOG] AffiseStorage availability: {cookie: true, localStorage: true, sessionStorage: true} @ https://rankmediabrasil.g2afse.com/websdk.js:0
[  838419ms] [LOG] Status RNK Media - ClickId: null UTM: null @ :3
[  838625ms] [WARNING] [Meta Pixel] - Invalid parameter format for currency. Please refer https://developers.facebook.com/docs/meta-pixel/reference/ for valid parameter specifications. @ https://connect.facebook.net/en_US/fbevents.js:203
[  838912ms] Uncaught TypeError: Cannot read properties of undefined (reading 'replace')
    at validaFreteGratis (https://d1hjvew1n9ss7u.cloudfront.net/asset.axd?id=PAEAAB-LCAAAAAAAAAOtj0EPwUAQhf-KzLnsKqu64iBu4oSbOKzt0G2qKztTkQi_3abi6Ob43vfem8wDLIMGxjuLytwM2eCuPOvZ0gRCnrd86k8hgSaGNr5llFE40CdTEyZQXKP_EtuuRREhaA5tJLcIJqM8VSqfZlIO1VilWRYT9puwhStAjyZqIKM4fm1HoPeP333qLi5bYn8RS98wNix2JV6QxNrXRizOwRRGrLbi88ygIngm_1k8YzCOusXD8w1y8dfTPAEAAA%3d%3d:1:7633)
    at <anonymous> (https://d1hjvew1n9ss7u.cloudfront.net/asset.axd?id=PAEAAB-LCAAAAAAAAAOtj0EPwUAQhf-KzLnsKqu64iBu4oSbOKzt0G2qKztTkQi_3abi6Ob43vfem8wDLIMGxjuLytwM2eCuPOvZ0gRCnrd86k8hgSaGNr5llFE40CdTEyZQXKP_EtuuRREhaA5tJLcIJqM8VSqfZlIO1VilWRYT9puwhStAjyZqIKM4fm1HoPeP333qLi5bYn8RS98wNix2JV6QxNrXRizOwRRGrLbi88ygIngm_1k8YzCOusXD8w1y8dfTPAEAAA%3d%3d:1:49808)
    at dispatch (https://d1hjvew1n9ss7u.cloudfront.net/assets/shjs.js?t=639255987001545277:0:32701)
    at a (https://d1hjvew1n9ss7u.cloudfront.net/assets/shjs.js?t=639255987001545277:0:28480)
[  838910ms] [LOG] Banner não encontrado: banner-232 @ https://d1hjvew1n9ss7u.cloudfront.net/asset.axd?id=PAEAAB-LCAAAAAAAAAOtj0EPwUAQhf-KzLnsKqu64iBu4oSbOKzt0G2qKztTkQi_3abi6Ob43vfem8wDLIMGxjuLytwM2eCuPOvZ0gRCnrd86k8hgSaGNr5llFE40CdTEyZQXKP_EtuuRREhaA5tJLcIJqM8VSqfZlIO1VilWRYT9puwhStAjyZqIKM4fm1HoPeP333qLi5bYn8RS98wNix2JV6QxNrXRizOwRRGrLbi88ygIngm_1k8YzCOusXD8w1y8dfTPAEAAA%3d%3d:754
[  838932ms] [LOG] %c Widde Video Commerce %c v24604ee %c Build: 21/09/2026 20:39 %c border: 1px solid #2567f8; background: #2567f8; color: #fff; font-weight: bold; padding: 4px 8px; border-radius: 3px 0 0 0; border: 1px solid #2567f8; border-left: none; background: #FFF; color: #2567f8; font-weight: bold; padding: 4px 8px; border: 1px solid #2567f8; border-left: none; background: #f0f0f0; color: #333; font-weight: bold; padding: 4px 8px; border-radius: 0 3px 3px 0; background: transparent @ https://cdn.widde.io/assets/main.utzwjalemu.js:0
[  838936ms] [ERROR] Error decoding JWT: Error: Invalid JWT format
    at u0 (https://cdn.widde.io/assets/shared-utils.58MPgxdv.js:99:89838)
    at e (https://cdn.widde.io/assets/shared-utils.58MPgxdv.js:99:90502)
    at d0.startNativation (https://cdn.widde.io/assets/shared-utils.58MPgxdv.js:99:90616)
    at d0.registerNavigation (https://cdn.widde.io/assets/shared-utils.58MPgxdv.js:99:91609)
    at e (https://cdn.widde.io/assets/main.utzwjalemu.js:1:21655) @ https://cdn.widde.io/assets/shared-utils.58MPgxdv.js:98
[  839011ms] [LOG] %c Tryon Widde.io %c %s %c border: 1px solid #2567f8; background: #2567f8; color: #fff; font-weight: bold; padding: 4px 8px; border-radius: 3px 0 0 3px; border: 1px solid #2567f8; background: #FFF; color: #2567f8; font-weight: bold; padding: 4px 8px; border-radius: 0 3px 3px 0; 47bf7c2 background: transparent @ https://cdn-tryon.widde.io/widde-tryon.js:86
[  839043ms] [LOG] [tryon-tracker] initialized {domain: www.lolacosmetics.com.br} @ https://cdn-tryon.widde.io/widde-tryon.js:8
[  845129ms] [WARNING] Error with Feature-Policy header: Some features are specified in both Feature-Policy and Permissions-Policy header: payment, fullscreen, microphone, camera. Values defined in Permissions-Policy header will be used. @ :0
[  845421ms] [ERROR] Failed to load resource: the server responded with a status of 500 () @ https://fonts.cdnfonts.com/css/leelawade:0
[  845815ms] [ERROR] Failed to load resource: the server responded with a status of 404 () @ https://lolacosmetics.admin.linxcommerce.com.br/Custom/Content/Themes/Lola/Styles/Fonts/FontAwesome/all.css:0
[  845914ms] [LOG] Banner não encontrado: banner-232 @ https://d1hjvew1n9ss7u.cloudfront.net/asset.axd?id=PAEAAB-LCAAAAAAAAAOtj0EPwUAQhf-KzLnsKqu64iBu4oSbOKzt0G2qKztTkQi_3abi6Ob43vfem8wDLIMGxjuLytwM2eCuPOvZ0gRCnrd86k8hgSaGNr5llFE40CdTEyZQXKP_EtuuRREhaA5tJLcIJqM8VSqfZlIO1VilWRYT9puwhStAjyZqIKM4fm1HoPeP333qLi5bYn8RS98wNix2JV6QxNrXRizOwRRGrLbi88ygIngm_1k8YzCOusXD8w1y8dfTPAEAAA%3d%3d:754
[  845916ms] [LOG] [Debug Carrinho] Polling ativo @ https://d1hjvew1n9ss7u.cloudfront.net/asset.axd?id=PAEAAB-LCAAAAAAAAAOtj0EPwUAQhf-KzLnsKqu64iBu4oSbOKzt0G2qKztTkQi_3abi6Ob43vfem8wDLIMGxjuLytwM2eCuPOvZ0gRCnrd86k8hgSaGNr5llFE40CdTEyZQXKP_EtuuRREhaA5tJLcIJqM8VSqfZlIO1VilWRYT9puwhStAjyZqIKM4fm1HoPeP333qLi5bYn8RS98wNix2JV6QxNrXRizOwRRGrLbi88ygIngm_1k8YzCOusXD8w1y8dfTPAEAAA%3d%3d:1790
[  845949ms] [WARNING] !! Há erros de scripts de terceiros !!
Por favor, contate a Empresa responsável pelo script.  @ https://d1hjvew1n9ss7u.cloudfront.net/assets/shjs.js?t=639255987001545277:0
[  845951ms] Uncaught Error: You must pass a string or Handlebars AST to Handlebars.compile. You passed null
    at e.compile (https://d1hjvew1n9ss7u.cloudfront.net/asset.axd?id=PAEAAB-LCAAAAAAAAAOtj0EPwUAQhf-KzLnsKqu64iBu4oSbOKzt0G2qKztTkQi_3abi6Ob43vfem8wDLIMGxjuLytwM2eCuPOvZ0gRCnrd86k8hgSaGNr5llFE40CdTEyZQXKP_EtuuRREhaA5tJLcIJqM8VSqfZlIO1VilWRYT9puwhStAjyZqIKM4fm1HoPeP333qLi5bYn8RS98wNix2JV6QxNrXRizOwRRGrLbi88ygIngm_1k8YzCOusXD8w1y8dfTPAEAAA%3d%3d:1794:49302)
    at i.compile (https://d1hjvew1n9ss7u.cloudfront.net/asset.axd?id=PAEAAB-LCAAAAAAAAAOtj0EPwUAQhf-KzLnsKqu64iBu4oSbOKzt0G2qKztTkQi_3abi6Ob43vfem8wDLIMGxjuLytwM2eCuPOvZ0gRCnrd86k8hgSaGNr5llFE40CdTEyZQXKP_EtuuRREhaA5tJLcIJqM8VSqfZlIO1VilWRYT9puwhStAjyZqIKM4fm1HoPeP333qLi5bYn8RS98wNix2JV6QxNrXRizOwRRGrLbi88ygIngm_1k8YzCOusXD8w1y8dfTPAEAAA%3d%3d:1794:343)
    at renderBasket (https://d1hjvew1n9ss7u.cloudfront.net/asset.axd?id=PAEAAB-LCAAAAAAAAAOtj0EPwUAQhf-KzLnsKqu64iBu4oSbOKzt0G2qKztTkQi_3abi6Ob43vfem8wDLIMGxjuLytwM2eCuPOvZ0gRCnrd86k8hgSaGNr5llFE40CdTEyZQXKP_EtuuRREhaA5tJLcIJqM8VSqfZlIO1VilWRYT9puwhStAjyZqIKM4fm1HoPeP333qLi5bYn8RS98wNix2JV6QxNrXRizOwRRGrLbi88ygIngm_1k8YzCOusXD8w1y8dfTPAEAAA%3d%3d:29:27)
    at <anonymous> (https://d1hjvew1n9ss7u.cloudfront.net/asset.axd?id=PAEAAB-LCAAAAAAAAAOtj0EPwUAQhf-KzLnsKqu64iBu4oSbOKzt0G2qKztTkQi_3abi6Ob43vfem8wDLIMGxjuLytwM2eCuPOvZ0gRCnrd86k8hgSaGNr5llFE40CdTEyZQXKP_EtuuRREhaA5tJLcIJqM8VSqfZlIO1VilWRYT9puwhStAjyZqIKM4fm1HoPeP333qLi5bYn8RS98wNix2JV6QxNrXRizOwRRGrLbi88ygIngm_1k8YzCOusXD8w1y8dfTPAEAAA%3d%3d:220:1)
    at f (https://d1hjvew1n9ss7u.cloudfront.net/assets/shjs.js?t=639255987001545277:0:10382)
    at fireWith (https://d1hjvew1n9ss7u.cloudfront.net/assets/shjs.js?t=639255987001545277:0:11137)
    at ready (https://d1hjvew1n9ss7u.cloudfront.net/assets/shjs.js?t=639255987001545277:0:5238)
    at r (https://d1hjvew1n9ss7u.cloudfront.net/assets/shjs.js?t=639255987001545277:0:9748)
[  845952ms] [VERBOSE] [DOM] Input elements should have autocomplete attributes (suggested: "current-password"): (More info: https://goo.gl/9p2vKq) %o @ https://www.lolacosmetics.com.br/login?url=/painel-do-cliente/alcada-credito:0
[  845952ms] [VERBOSE] [DOM] Input elements should have autocomplete attributes (suggested: "current-password"): (More info: https://goo.gl/9p2vKq) %o @ https://www.lolacosmetics.com.br/login?url=/painel-do-cliente/alcada-credito:0
[  845952ms] [VERBOSE] [DOM] Input elements should have autocomplete attributes (suggested: "current-password"): (More info: https://goo.gl/9p2vKq) %o @ https://www.lolacosmetics.com.br/login?url=/painel-do-cliente/alcada-credito:0
[  845973ms] [ERROR] Failed to load resource: net::ERR_NAME_NOT_RESOLVED @ https://event.getblue.io/js/blue-tag.min.js:0
[  845975ms] [WARNING] [GSI_LOGGER]: google.accounts.id.initialize() is called multiple times. This could cause unexpected behavior and only the last initialized instance will be used. @ https://accounts.google.com/gsi/client:86
[  846166ms] [LOG] AffiseStorage availability: {cookie: true, localStorage: true, sessionStorage: true} @ https://rankmediabrasil.g2afse.com/websdk.js:0
[  846167ms] [LOG] Status RNK Media - ClickId: null UTM: null @ :3
[  846266ms] [WARNING] [Meta Pixel] - Invalid parameter format for currency. Please refer https://developers.facebook.com/docs/meta-pixel/reference/ for valid parameter specifications. @ https://connect.facebook.net/en_US/fbevents.js:203
[  846570ms] Uncaught TypeError: Cannot read properties of undefined (reading 'replace')
    at validaFreteGratis (https://d1hjvew1n9ss7u.cloudfront.net/asset.axd?id=PAEAAB-LCAAAAAAAAAOtj0EPwUAQhf-KzLnsKqu64iBu4oSbOKzt0G2qKztTkQi_3abi6Ob43vfem8wDLIMGxjuLytwM2eCuPOvZ0gRCnrd86k8hgSaGNr5llFE40CdTEyZQXKP_EtuuRREhaA5tJLcIJqM8VSqfZlIO1VilWRYT9puwhStAjyZqIKM4fm1HoPeP333qLi5bYn8RS98wNix2JV6QxNrXRizOwRRGrLbi88ygIngm_1k8YzCOusXD8w1y8dfTPAEAAA%3d%3d:1:7633)
    at <anonymous> (https://d1hjvew1n9ss7u.cloudfront.net/asset.axd?id=PAEAAB-LCAAAAAAAAAOtj0EPwUAQhf-KzLnsKqu64iBu4oSbOKzt0G2qKztTkQi_3abi6Ob43vfem8wDLIMGxjuLytwM2eCuPOvZ0gRCnrd86k8hgSaGNr5llFE40CdTEyZQXKP_EtuuRREhaA5tJLcIJqM8VSqfZlIO1VilWRYT9puwhStAjyZqIKM4fm1HoPeP333qLi5bYn8RS98wNix2JV6QxNrXRizOwRRGrLbi88ygIngm_1k8YzCOusXD8w1y8dfTPAEAAA%3d%3d:1:49808)
    at dispatch (https://d1hjvew1n9ss7u.cloudfront.net/assets/shjs.js?t=639255987001545277:0:32701)
    at a (https://d1hjvew1n9ss7u.cloudfront.net/assets/shjs.js?t=639255987001545277:0:28480)
[  846563ms] [LOG] Banner não encontrado: banner-232 @ https://d1hjvew1n9ss7u.cloudfront.net/asset.axd?id=PAEAAB-LCAAAAAAAAAOtj0EPwUAQhf-KzLnsKqu64iBu4oSbOKzt0G2qKztTkQi_3abi6Ob43vfem8wDLIMGxjuLytwM2eCuPOvZ0gRCnrd86k8hgSaGNr5llFE40CdTEyZQXKP_EtuuRREhaA5tJLcIJqM8VSqfZlIO1VilWRYT9puwhStAjyZqIKM4fm1HoPeP333qLi5bYn8RS98wNix2JV6QxNrXRizOwRRGrLbi88ygIngm_1k8YzCOusXD8w1y8dfTPAEAAA%3d%3d:754
[  846596ms] [LOG] %c Widde Video Commerce %c v24604ee %c Build: 21/09/2026 20:39 %c border: 1px solid #2567f8; background: #2567f8; color: #fff; font-weight: bold; padding: 4px 8px; border-radius: 3px 0 0 0; border: 1px solid #2567f8; border-left: none; background: #FFF; color: #2567f8; font-weight: bold; padding: 4px 8px; border: 1px solid #2567f8; border-left: none; background: #f0f0f0; color: #333; font-weight: bold; padding: 4px 8px; border-radius: 0 3px 3px 0; background: transparent @ https://cdn.widde.io/assets/main.utzwjalemu.js:0
[  846654ms] [LOG] %c Tryon Widde.io %c %s %c border: 1px solid #2567f8; background: #2567f8; color: #fff; font-weight: bold; padding: 4px 8px; border-radius: 3px 0 0 3px; border: 1px solid #2567f8; background: #FFF; color: #2567f8; font-weight: bold; padding: 4px 8px; border-radius: 0 3px 3px 0; 47bf7c2 background: transparent @ https://cdn-tryon.widde.io/widde-tryon.js:86
[  846678ms] [LOG] [tryon-tracker] initialized {domain: www.lolacosmetics.com.br} @ https://cdn-tryon.widde.io/widde-tryon.js:8
[  852814ms] [WARNING] Error with Feature-Policy header: Some features are specified in both Feature-Policy and Permissions-Policy header: payment, fullscreen, microphone, camera. Values defined in Permissions-Policy header will be used. @ :0
[  853105ms] [ERROR] Failed to load resource: the server responded with a status of 500 () @ https://fonts.cdnfonts.com/css/leelawade:0
[  853352ms] [ERROR] Failed to load resource: the server responded with a status of 404 () @ https://lolacosmetics.admin.linxcommerce.com.br/Custom/Content/Themes/Lola/Styles/Fonts/FontAwesome/all.css:0
[  853406ms] [LOG] Banner não encontrado: banner-232 @ https://d1hjvew1n9ss7u.cloudfront.net/asset.axd?id=PAEAAB-LCAAAAAAAAAOtj0EPwUAQhf-KzLnsKqu64iBu4oSbOKzt0G2qKztTkQi_3abi6Ob43vfem8wDLIMGxjuLytwM2eCuPOvZ0gRCnrd86k8hgSaGNr5llFE40CdTEyZQXKP_EtuuRREhaA5tJLcIJqM8VSqfZlIO1VilWRYT9puwhStAjyZqIKM4fm1HoPeP333qLi5bYn8RS98wNix2JV6QxNrXRizOwRRGrLbi88ygIngm_1k8YzCOusXD8w1y8dfTPAEAAA%3d%3d:754
[  853407ms] [LOG] [Debug Carrinho] Polling ativo @ https://d1hjvew1n9ss7u.cloudfront.net/asset.axd?id=PAEAAB-LCAAAAAAAAAOtj0EPwUAQhf-KzLnsKqu64iBu4oSbOKzt0G2qKztTkQi_3abi6Ob43vfem8wDLIMGxjuLytwM2eCuPOvZ0gRCnrd86k8hgSaGNr5llFE40CdTEyZQXKP_EtuuRREhaA5tJLcIJqM8VSqfZlIO1VilWRYT9puwhStAjyZqIKM4fm1HoPeP333qLi5bYn8RS98wNix2JV6QxNrXRizOwRRGrLbi88ygIngm_1k8YzCOusXD8w1y8dfTPAEAAA%3d%3d:1790
[  853439ms] [WARNING] !! Há erros de scripts de terceiros !!
Por favor, contate a Empresa responsável pelo script.  @ https://d1hjvew1n9ss7u.cloudfront.net/assets/shjs.js?t=639255987001545277:0
[  853441ms] Uncaught Error: You must pass a string or Handlebars AST to Handlebars.compile. You passed null
    at e.compile (https://d1hjvew1n9ss7u.cloudfront.net/asset.axd?id=PAEAAB-LCAAAAAAAAAOtj0EPwUAQhf-KzLnsKqu64iBu4oSbOKzt0G2qKztTkQi_3abi6Ob43vfem8wDLIMGxjuLytwM2eCuPOvZ0gRCnrd86k8hgSaGNr5llFE40CdTEyZQXKP_EtuuRREhaA5tJLcIJqM8VSqfZlIO1VilWRYT9puwhStAjyZqIKM4fm1HoPeP333qLi5bYn8RS98wNix2JV6QxNrXRizOwRRGrLbi88ygIngm_1k8YzCOusXD8w1y8dfTPAEAAA%3d%3d:1794:49302)
    at i.compile (https://d1hjvew1n9ss7u.cloudfront.net/asset.axd?id=PAEAAB-LCAAAAAAAAAOtj0EPwUAQhf-KzLnsKqu64iBu4oSbOKzt0G2qKztTkQi_3abi6Ob43vfem8wDLIMGxjuLytwM2eCuPOvZ0gRCnrd86k8hgSaGNr5llFE40CdTEyZQXKP_EtuuRREhaA5tJLcIJqM8VSqfZlIO1VilWRYT9puwhStAjyZqIKM4fm1HoPeP333qLi5bYn8RS98wNix2JV6QxNrXRizOwRRGrLbi88ygIngm_1k8YzCOusXD8w1y8dfTPAEAAA%3d%3d:1794:343)
    at renderBasket (https://d1hjvew1n9ss7u.cloudfront.net/asset.axd?id=PAEAAB-LCAAAAAAAAAOtj0EPwUAQhf-KzLnsKqu64iBu4oSbOKzt0G2qKztTkQi_3abi6Ob43vfem8wDLIMGxjuLytwM2eCuPOvZ0gRCnrd86k8hgSaGNr5llFE40CdTEyZQXKP_EtuuRREhaA5tJLcIJqM8VSqfZlIO1VilWRYT9puwhStAjyZqIKM4fm1HoPeP333qLi5bYn8RS98wNix2JV6QxNrXRizOwRRGrLbi88ygIngm_1k8YzCOusXD8w1y8dfTPAEAAA%3d%3d:29:27)
    at <anonymous> (https://d1hjvew1n9ss7u.cloudfront.net/asset.axd?id=PAEAAB-LCAAAAAAAAAOtj0EPwUAQhf-KzLnsKqu64iBu4oSbOKzt0G2qKztTkQi_3abi6Ob43vfem8wDLIMGxjuLytwM2eCuPOvZ0gRCnrd86k8hgSaGNr5llFE40CdTEyZQXKP_EtuuRREhaA5tJLcIJqM8VSqfZlIO1VilWRYT9puwhStAjyZqIKM4fm1HoPeP333qLi5bYn8RS98wNix2JV6QxNrXRizOwRRGrLbi88ygIngm_1k8YzCOusXD8w1y8dfTPAEAAA%3d%3d:220:1)
    at f (https://d1hjvew1n9ss7u.cloudfront.net/assets/shjs.js?t=639255987001545277:0:10382)
    at fireWith (https://d1hjvew1n9ss7u.cloudfront.net/assets/shjs.js?t=639255987001545277:0:11137)
    at ready (https://d1hjvew1n9ss7u.cloudfront.net/assets/shjs.js?t=639255987001545277:0:5238)
    at r (https://d1hjvew1n9ss7u.cloudfront.net/assets/shjs.js?t=639255987001545277:0:9748)
[  853442ms] [VERBOSE] [DOM] Input elements should have autocomplete attributes (suggested: "current-password"): (More info: https://goo.gl/9p2vKq) %o @ https://www.lolacosmetics.com.br/login?url=/painel-do-cliente/dados-cadastrais:0
[  853442ms] [VERBOSE] [DOM] Input elements should have autocomplete attributes (suggested: "current-password"): (More info: https://goo.gl/9p2vKq) %o @ https://www.lolacosmetics.com.br/login?url=/painel-do-cliente/dados-cadastrais:0
[  853442ms] [VERBOSE] [DOM] Input elements should have autocomplete attributes (suggested: "current-password"): (More info: https://goo.gl/9p2vKq) %o @ https://www.lolacosmetics.com.br/login?url=/painel-do-cliente/dados-cadastrais:0
[  853484ms] [ERROR] Failed to load resource: net::ERR_NAME_NOT_RESOLVED @ https://event.getblue.io/js/blue-tag.min.js:0
[  853486ms] [WARNING] [GSI_LOGGER]: google.accounts.id.initialize() is called multiple times. This could cause unexpected behavior and only the last initialized instance will be used. @ https://accounts.google.com/gsi/client:86
[  853720ms] [LOG] AffiseStorage availability: {cookie: true, localStorage: true, sessionStorage: true} @ https://rankmediabrasil.g2afse.com/websdk.js:0
[  853721ms] [LOG] Status RNK Media - ClickId: null UTM: null @ :3
[  853765ms] [WARNING] [Meta Pixel] - Invalid parameter format for currency. Please refer https://developers.facebook.com/docs/meta-pixel/reference/ for valid parameter specifications. @ https://connect.facebook.net/en_US/fbevents.js:203
[  854028ms] Uncaught TypeError: Cannot read properties of undefined (reading 'replace')
    at validaFreteGratis (https://d1hjvew1n9ss7u.cloudfront.net/asset.axd?id=PAEAAB-LCAAAAAAAAAOtj0EPwUAQhf-KzLnsKqu64iBu4oSbOKzt0G2qKztTkQi_3abi6Ob43vfem8wDLIMGxjuLytwM2eCuPOvZ0gRCnrd86k8hgSaGNr5llFE40CdTEyZQXKP_EtuuRREhaA5tJLcIJqM8VSqfZlIO1VilWRYT9puwhStAjyZqIKM4fm1HoPeP333qLi5bYn8RS98wNix2JV6QxNrXRizOwRRGrLbi88ygIngm_1k8YzCOusXD8w1y8dfTPAEAAA%3d%3d:1:7633)
    at <anonymous> (https://d1hjvew1n9ss7u.cloudfront.net/asset.axd?id=PAEAAB-LCAAAAAAAAAOtj0EPwUAQhf-KzLnsKqu64iBu4oSbOKzt0G2qKztTkQi_3abi6Ob43vfem8wDLIMGxjuLytwM2eCuPOvZ0gRCnrd86k8hgSaGNr5llFE40CdTEyZQXKP_EtuuRREhaA5tJLcIJqM8VSqfZlIO1VilWRYT9puwhStAjyZqIKM4fm1HoPeP333qLi5bYn8RS98wNix2JV6QxNrXRizOwRRGrLbi88ygIngm_1k8YzCOusXD8w1y8dfTPAEAAA%3d%3d:1:49808)
    at dispatch (https://d1hjvew1n9ss7u.cloudfront.net/assets/shjs.js?t=639255987001545277:0:32701)
    at a (https://d1hjvew1n9ss7u.cloudfront.net/assets/shjs.js?t=639255987001545277:0:28480)
[  854026ms] [LOG] Banner não encontrado: banner-232 @ https://d1hjvew1n9ss7u.cloudfront.net/asset.axd?id=PAEAAB-LCAAAAAAAAAOtj0EPwUAQhf-KzLnsKqu64iBu4oSbOKzt0G2qKztTkQi_3abi6Ob43vfem8wDLIMGxjuLytwM2eCuPOvZ0gRCnrd86k8hgSaGNr5llFE40CdTEyZQXKP_EtuuRREhaA5tJLcIJqM8VSqfZlIO1VilWRYT9puwhStAjyZqIKM4fm1HoPeP333qLi5bYn8RS98wNix2JV6QxNrXRizOwRRGrLbi88ygIngm_1k8YzCOusXD8w1y8dfTPAEAAA%3d%3d:754
[  854047ms] [LOG] %c Widde Video Commerce %c v24604ee %c Build: 21/09/2026 20:39 %c border: 1px solid #2567f8; background: #2567f8; color: #fff; font-weight: bold; padding: 4px 8px; border-radius: 3px 0 0 0; border: 1px solid #2567f8; border-left: none; background: #FFF; color: #2567f8; font-weight: bold; padding: 4px 8px; border: 1px solid #2567f8; border-left: none; background: #f0f0f0; color: #333; font-weight: bold; padding: 4px 8px; border-radius: 0 3px 3px 0; background: transparent @ https://cdn.widde.io/assets/main.utzwjalemu.js:0
[  854071ms] [LOG] %c Tryon Widde.io %c %s %c border: 1px solid #2567f8; background: #2567f8; color: #fff; font-weight: bold; padding: 4px 8px; border-radius: 3px 0 0 3px; border: 1px solid #2567f8; background: #FFF; color: #2567f8; font-weight: bold; padding: 4px 8px; border-radius: 0 3px 3px 0; 47bf7c2 background: transparent @ https://cdn-tryon.widde.io/widde-tryon.js:86
[  854088ms] [LOG] [tryon-tracker] initialized {domain: www.lolacosmetics.com.br} @ https://cdn-tryon.widde.io/widde-tryon.js:8
[  860273ms] [WARNING] Error with Feature-Policy header: Some features are specified in both Feature-Policy and Permissions-Policy header: payment, fullscreen, microphone, camera. Values defined in Permissions-Policy header will be used. @ :0
[  860565ms] [ERROR] Failed to load resource: the server responded with a status of 500 () @ https://fonts.cdnfonts.com/css/leelawade:0
[  860949ms] [ERROR] Failed to load resource: the server responded with a status of 404 () @ https://lolacosmetics.admin.linxcommerce.com.br/Custom/Content/Themes/Lola/Styles/Fonts/FontAwesome/all.css:0
[  861011ms] [LOG] Banner não encontrado: banner-232 @ https://d1hjvew1n9ss7u.cloudfront.net/asset.axd?id=PAEAAB-LCAAAAAAAAAOtj0EPwUAQhf-KzLnsKqu64iBu4oSbOKzt0G2qKztTkQi_3abi6Ob43vfem8wDLIMGxjuLytwM2eCuPOvZ0gRCnrd86k8hgSaGNr5llFE40CdTEyZQXKP_EtuuRREhaA5tJLcIJqM8VSqfZlIO1VilWRYT9puwhStAjyZqIKM4fm1HoPeP333qLi5bYn8RS98wNix2JV6QxNrXRizOwRRGrLbi88ygIngm_1k8YzCOusXD8w1y8dfTPAEAAA%3d%3d:754
[  861012ms] [LOG] [Debug Carrinho] Polling ativo @ https://d1hjvew1n9ss7u.cloudfront.net/asset.axd?id=PAEAAB-LCAAAAAAAAAOtj0EPwUAQhf-KzLnsKqu64iBu4oSbOKzt0G2qKztTkQi_3abi6Ob43vfem8wDLIMGxjuLytwM2eCuPOvZ0gRCnrd86k8hgSaGNr5llFE40CdTEyZQXKP_EtuuRREhaA5tJLcIJqM8VSqfZlIO1VilWRYT9puwhStAjyZqIKM4fm1HoPeP333qLi5bYn8RS98wNix2JV6QxNrXRizOwRRGrLbi88ygIngm_1k8YzCOusXD8w1y8dfTPAEAAA%3d%3d:1790
[  861039ms] [WARNING] !! Há erros de scripts de terceiros !!
Por favor, contate a Empresa responsável pelo script.  @ https://d1hjvew1n9ss7u.cloudfront.net/assets/shjs.js?t=639255987001545277:0
[  861040ms] Uncaught Error: You must pass a string or Handlebars AST to Handlebars.compile. You passed null
    at e.compile (https://d1hjvew1n9ss7u.cloudfront.net/asset.axd?id=PAEAAB-LCAAAAAAAAAOtj0EPwUAQhf-KzLnsKqu64iBu4oSbOKzt0G2qKztTkQi_3abi6Ob43vfem8wDLIMGxjuLytwM2eCuPOvZ0gRCnrd86k8hgSaGNr5llFE40CdTEyZQXKP_EtuuRREhaA5tJLcIJqM8VSqfZlIO1VilWRYT9puwhStAjyZqIKM4fm1HoPeP333qLi5bYn8RS98wNix2JV6QxNrXRizOwRRGrLbi88ygIngm_1k8YzCOusXD8w1y8dfTPAEAAA%3d%3d:1794:49302)
    at i.compile (https://d1hjvew1n9ss7u.cloudfront.net/asset.axd?id=PAEAAB-LCAAAAAAAAAOtj0EPwUAQhf-KzLnsKqu64iBu4oSbOKzt0G2qKztTkQi_3abi6Ob43vfem8wDLIMGxjuLytwM2eCuPOvZ0gRCnrd86k8hgSaGNr5llFE40CdTEyZQXKP_EtuuRREhaA5tJLcIJqM8VSqfZlIO1VilWRYT9puwhStAjyZqIKM4fm1HoPeP333qLi5bYn8RS98wNix2JV6QxNrXRizOwRRGrLbi88ygIngm_1k8YzCOusXD8w1y8dfTPAEAAA%3d%3d:1794:343)
    at renderBasket (https://d1hjvew1n9ss7u.cloudfront.net/asset.axd?id=PAEAAB-LCAAAAAAAAAOtj0EPwUAQhf-KzLnsKqu64iBu4oSbOKzt0G2qKztTkQi_3abi6Ob43vfem8wDLIMGxjuLytwM2eCuPOvZ0gRCnrd86k8hgSaGNr5llFE40CdTEyZQXKP_EtuuRREhaA5tJLcIJqM8VSqfZlIO1VilWRYT9puwhStAjyZqIKM4fm1HoPeP333qLi5bYn8RS98wNix2JV6QxNrXRizOwRRGrLbi88ygIngm_1k8YzCOusXD8w1y8dfTPAEAAA%3d%3d:29:27)
    at <anonymous> (https://d1hjvew1n9ss7u.cloudfront.net/asset.axd?id=PAEAAB-LCAAAAAAAAAOtj0EPwUAQhf-KzLnsKqu64iBu4oSbOKzt0G2qKztTkQi_3abi6Ob43vfem8wDLIMGxjuLytwM2eCuPOvZ0gRCnrd86k8hgSaGNr5llFE40CdTEyZQXKP_EtuuRREhaA5tJLcIJqM8VSqfZlIO1VilWRYT9puwhStAjyZqIKM4fm1HoPeP333qLi5bYn8RS98wNix2JV6QxNrXRizOwRRGrLbi88ygIngm_1k8YzCOusXD8w1y8dfTPAEAAA%3d%3d:220:1)
    at f (https://d1hjvew1n9ss7u.cloudfront.net/assets/shjs.js?t=639255987001545277:0:10382)
    at fireWith (https://d1hjvew1n9ss7u.cloudfront.net/assets/shjs.js?t=639255987001545277:0:11137)
    at ready (https://d1hjvew1n9ss7u.cloudfront.net/assets/shjs.js?t=639255987001545277:0:5238)
    at r (https://d1hjvew1n9ss7u.cloudfront.net/assets/shjs.js?t=639255987001545277:0:9748)
[  861041ms] [VERBOSE] [DOM] Input elements should have autocomplete attributes (suggested: "current-password"): (More info: https://goo.gl/9p2vKq) %o @ https://www.lolacosmetics.com.br/login?url=/painel-do-cliente/pedidos:0
[  861041ms] [VERBOSE] [DOM] Input elements should have autocomplete attributes (suggested: "current-password"): (More info: https://goo.gl/9p2vKq) %o @ https://www.lolacosmetics.com.br/login?url=/painel-do-cliente/pedidos:0
[  861041ms] [VERBOSE] [DOM] Input elements should have autocomplete attributes (suggested: "current-password"): (More info: https://goo.gl/9p2vKq) %o @ https://www.lolacosmetics.com.br/login?url=/painel-do-cliente/pedidos:0
[  861073ms] [WARNING] [GSI_LOGGER]: google.accounts.id.initialize() is called multiple times. This could cause unexpected behavior and only the last initialized instance will be used. @ https://accounts.google.com/gsi/client:86
[  861100ms] [ERROR] Failed to load resource: net::ERR_NAME_NOT_RESOLVED @ https://event.getblue.io/js/blue-tag.min.js:0
[  861227ms] [LOG] AffiseStorage availability: {cookie: true, localStorage: true, sessionStorage: true} @ https://rankmediabrasil.g2afse.com/websdk.js:0
[  861228ms] [LOG] Status RNK Media - ClickId: null UTM: null @ :3
[  861312ms] [WARNING] [Meta Pixel] - Invalid parameter format for currency. Please refer https://developers.facebook.com/docs/meta-pixel/reference/ for valid parameter specifications. @ https://connect.facebook.net/en_US/fbevents.js:203
[  861598ms] Uncaught TypeError: Cannot read properties of undefined (reading 'replace')
    at validaFreteGratis (https://d1hjvew1n9ss7u.cloudfront.net/asset.axd?id=PAEAAB-LCAAAAAAAAAOtj0EPwUAQhf-KzLnsKqu64iBu4oSbOKzt0G2qKztTkQi_3abi6Ob43vfem8wDLIMGxjuLytwM2eCuPOvZ0gRCnrd86k8hgSaGNr5llFE40CdTEyZQXKP_EtuuRREhaA5tJLcIJqM8VSqfZlIO1VilWRYT9puwhStAjyZqIKM4fm1HoPeP333qLi5bYn8RS98wNix2JV6QxNrXRizOwRRGrLbi88ygIngm_1k8YzCOusXD8w1y8dfTPAEAAA%3d%3d:1:7633)
    at <anonymous> (https://d1hjvew1n9ss7u.cloudfront.net/asset.axd?id=PAEAAB-LCAAAAAAAAAOtj0EPwUAQhf-KzLnsKqu64iBu4oSbOKzt0G2qKztTkQi_3abi6Ob43vfem8wDLIMGxjuLytwM2eCuPOvZ0gRCnrd86k8hgSaGNr5llFE40CdTEyZQXKP_EtuuRREhaA5tJLcIJqM8VSqfZlIO1VilWRYT9puwhStAjyZqIKM4fm1HoPeP333qLi5bYn8RS98wNix2JV6QxNrXRizOwRRGrLbi88ygIngm_1k8YzCOusXD8w1y8dfTPAEAAA%3d%3d:1:49808)
    at dispatch (https://d1hjvew1n9ss7u.cloudfront.net/assets/shjs.js?t=639255987001545277:0:32701)
    at a (https://d1hjvew1n9ss7u.cloudfront.net/assets/shjs.js?t=639255987001545277:0:28480)
[  861595ms] [LOG] Banner não encontrado: banner-232 @ https://d1hjvew1n9ss7u.cloudfront.net/asset.axd?id=PAEAAB-LCAAAAAAAAAOtj0EPwUAQhf-KzLnsKqu64iBu4oSbOKzt0G2qKztTkQi_3abi6Ob43vfem8wDLIMGxjuLytwM2eCuPOvZ0gRCnrd86k8hgSaGNr5llFE40CdTEyZQXKP_EtuuRREhaA5tJLcIJqM8VSqfZlIO1VilWRYT9puwhStAjyZqIKM4fm1HoPeP333qLi5bYn8RS98wNix2JV6QxNrXRizOwRRGrLbi88ygIngm_1k8YzCOusXD8w1y8dfTPAEAAA%3d%3d:754
[  861609ms] [LOG] %c Widde Video Commerce %c v24604ee %c Build: 21/09/2026 20:39 %c border: 1px solid #2567f8; background: #2567f8; color: #fff; font-weight: bold; padding: 4px 8px; border-radius: 3px 0 0 0; border: 1px solid #2567f8; border-left: none; background: #FFF; color: #2567f8; font-weight: bold; padding: 4px 8px; border: 1px solid #2567f8; border-left: none; background: #f0f0f0; color: #333; font-weight: bold; padding: 4px 8px; border-radius: 0 3px 3px 0; background: transparent @ https://cdn.widde.io/assets/main.utzwjalemu.js:0
[  861628ms] [LOG] %c Tryon Widde.io %c %s %c border: 1px solid #2567f8; background: #2567f8; color: #fff; font-weight: bold; padding: 4px 8px; border-radius: 3px 0 0 3px; border: 1px solid #2567f8; background: #FFF; color: #2567f8; font-weight: bold; padding: 4px 8px; border-radius: 0 3px 3px 0; 47bf7c2 background: transparent @ https://cdn-tryon.widde.io/widde-tryon.js:86
[  861646ms] [LOG] [tryon-tracker] initialized {domain: www.lolacosmetics.com.br} @ https://cdn-tryon.widde.io/widde-tryon.js:8
[  868700ms] [WARNING] Error with Feature-Policy header: Some features are specified in both Feature-Policy and Permissions-Policy header: payment, fullscreen, microphone, camera. Values defined in Permissions-Policy header will be used. @ :0
[  869328ms] [ERROR] Failed to load resource: the server responded with a status of 500 () @ https://fonts.cdnfonts.com/css/leelawade:0
[  869756ms] [ERROR] Failed to load resource: the server responded with a status of 404 () @ https://lolacosmetics.admin.linxcommerce.com.br/Custom/Content/Themes/Lola/Styles/Fonts/FontAwesome/all.css:0
[  869847ms] [LOG] Banner não encontrado: banner-232 @ https://d1hjvew1n9ss7u.cloudfront.net/asset.axd?id=PAEAAB-LCAAAAAAAAAOtj0EPwUAQhf-KzLnsKqu64iBu4oSbOKzt0G2qKztTkQi_3abi6Ob43vfem8wDLIMGxjuLytwM2eCuPOvZ0gRCnrd86k8hgSaGNr5llFE40CdTEyZQXKP_EtuuRREhaA5tJLcIJqM8VSqfZlIO1VilWRYT9puwhStAjyZqIKM4fm1HoPeP333qLi5bYn8RS98wNix2JV6QxNrXRizOwRRGrLbi88ygIngm_1k8YzCOusXD8w1y8dfTPAEAAA%3d%3d:754
[  869850ms] [LOG] [Debug Carrinho] Polling ativo @ https://d1hjvew1n9ss7u.cloudfront.net/asset.axd?id=PAEAAB-LCAAAAAAAAAOtj0EPwUAQhf-KzLnsKqu64iBu4oSbOKzt0G2qKztTkQi_3abi6Ob43vfem8wDLIMGxjuLytwM2eCuPOvZ0gRCnrd86k8hgSaGNr5llFE40CdTEyZQXKP_EtuuRREhaA5tJLcIJqM8VSqfZlIO1VilWRYT9puwhStAjyZqIKM4fm1HoPeP333qLi5bYn8RS98wNix2JV6QxNrXRizOwRRGrLbi88ygIngm_1k8YzCOusXD8w1y8dfTPAEAAA%3d%3d:1790
[  869900ms] [LOG] categoria @ https://d1hjvew1n9ss7u.cloudfront.net/asset.axd?id=PAEAAB-LCAAAAAAAAAOtj0EPwUAQhf-KzLnsKqu64iBu4oSbOKzt0G2qKztTkQi_3abi6Ob43vfem8wDLIMGxjuLytwM2eCuPOvZ0gRCnrd86k8hgSaGNr5llFE40CdTEyZQXKP_EtuuRREhaA5tJLcIJqM8VSqfZlIO1VilWRYT9puwhStAjyZqIKM4fm1HoPeP333qLi5bYn8RS98wNix2JV6QxNrXRizOwRRGrLbi88ygIngm_1k8YzCOusXD8w1y8dfTPAEAAA%3d%3d:1
[  869900ms] [WARNING] !! Há erros de scripts de terceiros !!
Por favor, contate a Empresa responsável pelo script.  @ https://d1hjvew1n9ss7u.cloudfront.net/assets/shjs.js?t=639255987001545277:0
[  869902ms] Uncaught Error: You must pass a string or Handlebars AST to Handlebars.compile. You passed null
    at e.compile (https://d1hjvew1n9ss7u.cloudfront.net/asset.axd?id=PAEAAB-LCAAAAAAAAAOtj0EPwUAQhf-KzLnsKqu64iBu4oSbOKzt0G2qKztTkQi_3abi6Ob43vfem8wDLIMGxjuLytwM2eCuPOvZ0gRCnrd86k8hgSaGNr5llFE40CdTEyZQXKP_EtuuRREhaA5tJLcIJqM8VSqfZlIO1VilWRYT9puwhStAjyZqIKM4fm1HoPeP333qLi5bYn8RS98wNix2JV6QxNrXRizOwRRGrLbi88ygIngm_1k8YzCOusXD8w1y8dfTPAEAAA%3d%3d:1794:49302)
    at i.compile (https://d1hjvew1n9ss7u.cloudfront.net/asset.axd?id=PAEAAB-LCAAAAAAAAAOtj0EPwUAQhf-KzLnsKqu64iBu4oSbOKzt0G2qKztTkQi_3abi6Ob43vfem8wDLIMGxjuLytwM2eCuPOvZ0gRCnrd86k8hgSaGNr5llFE40CdTEyZQXKP_EtuuRREhaA5tJLcIJqM8VSqfZlIO1VilWRYT9puwhStAjyZqIKM4fm1HoPeP333qLi5bYn8RS98wNix2JV6QxNrXRizOwRRGrLbi88ygIngm_1k8YzCOusXD8w1y8dfTPAEAAA%3d%3d:1794:343)
    at renderBasket (https://d1hjvew1n9ss7u.cloudfront.net/asset.axd?id=PAEAAB-LCAAAAAAAAAOtj0EPwUAQhf-KzLnsKqu64iBu4oSbOKzt0G2qKztTkQi_3abi6Ob43vfem8wDLIMGxjuLytwM2eCuPOvZ0gRCnrd86k8hgSaGNr5llFE40CdTEyZQXKP_EtuuRREhaA5tJLcIJqM8VSqfZlIO1VilWRYT9puwhStAjyZqIKM4fm1HoPeP333qLi5bYn8RS98wNix2JV6QxNrXRizOwRRGrLbi88ygIngm_1k8YzCOusXD8w1y8dfTPAEAAA%3d%3d:29:27)
    at <anonymous> (https://d1hjvew1n9ss7u.cloudfront.net/asset.axd?id=PAEAAB-LCAAAAAAAAAOtj0EPwUAQhf-KzLnsKqu64iBu4oSbOKzt0G2qKztTkQi_3abi6Ob43vfem8wDLIMGxjuLytwM2eCuPOvZ0gRCnrd86k8hgSaGNr5llFE40CdTEyZQXKP_EtuuRREhaA5tJLcIJqM8VSqfZlIO1VilWRYT9puwhStAjyZqIKM4fm1HoPeP333qLi5bYn8RS98wNix2JV6QxNrXRizOwRRGrLbi88ygIngm_1k8YzCOusXD8w1y8dfTPAEAAA%3d%3d:220:1)
    at f (https://d1hjvew1n9ss7u.cloudfront.net/assets/shjs.js?t=639255987001545277:0:10382)
    at fireWith (https://d1hjvew1n9ss7u.cloudfront.net/assets/shjs.js?t=639255987001545277:0:11137)
    at ready (https://d1hjvew1n9ss7u.cloudfront.net/assets/shjs.js?t=639255987001545277:0:5238)
    at r (https://d1hjvew1n9ss7u.cloudfront.net/assets/shjs.js?t=639255987001545277:0:9748)
[  869905ms] [VERBOSE] [DOM] Input elements should have autocomplete attributes (suggested: "current-password"): (More info: https://goo.gl/9p2vKq) %o @ https://www.lolacosmetics.com.br/promocao/achadinhos:0
[  869905ms] [VERBOSE] [DOM] Input elements should have autocomplete attributes (suggested: "current-password"): (More info: https://goo.gl/9p2vKq) %o @ https://www.lolacosmetics.com.br/promocao/achadinhos:0
[  869953ms] [ERROR] Failed to load resource: net::ERR_NAME_NOT_RESOLVED @ https://event.getblue.io/js/blue-tag.min.js:0
[  870056ms] [LOG] AffiseStorage availability: {cookie: true, localStorage: true, sessionStorage: true} @ https://rankmediabrasil.g2afse.com/websdk.js:0
[  870057ms] [LOG] Status RNK Media - ClickId: null UTM: null @ :3
[  870251ms] [WARNING] [Meta Pixel] - Invalid parameter format for currency. Please refer https://developers.facebook.com/docs/meta-pixel/reference/ for valid parameter specifications. @ https://connect.facebook.net/en_US/fbevents.js:203
[  870533ms] [INFO] É necessário definir o storeID no Plugin TrustVox @ https://d1hjvew1n9ss7u.cloudfront.net/asset.axd?id=_woAAB-LCAAAAAAAAAO9lsFunDAQhl-l4rw122w3m1D1lEfooYeqh8HMgrNgW_aYDYrSZ--EaFVgIZWK1aP9__b3Y3uwnxNJSZYQPlH6CC146ZSlLx9kBc4jfQ10_HiXbBLNpu-qKJG23FJJdoTa4yYpLAu_0m_9MM8SJhm5wErLwu3u_ma_v787bLef9p_3N4cDO-TFIQtVJNnudi-23Mgv3con2Y_n5fG-Jz4ET6ZJH4wm1JS-ZfOpamzgYKJBgkuq9FyIYb949MnL5l8JpTFljQI01B0p6YeUqbaO5DtP2AiHEizxhoh2N4TNyOt41pmj4vi1KZUekkZCRIYwEKhaJvVyHN4Za2kaFL4y1qKbY04s67i5M2evdCkkEJbGdQ3qMKTOGlZ_axEkCY_g5HRZB8o6iqxQnkwgkYM_Ic8ZmgZcVyEU43V917guA8_DM76uXg5aj7FTbR3pCJKjU2f5TGKL9ajcr8R4LOVpicRSDE7pTLDXjL470tkvneLflHE03qE5Pc7Jr5XmOla-mq7frCEis8FCgV8kvsnReaIFp4CU0X9F_3FGTMH3tafWPAkHrwW3mGHii5PAOiVxDtkLcRh56PJAZKa34Vj8DyyjUdZKntgUszanZXKtRqQtg1YxCuAXXfBQ8rtLSrQEenwuZg098-fLbwJGClv_CgAA:52
[  870540ms] Uncaught TypeError: Cannot read properties of undefined (reading 'replace')
    at validaFreteGratis (https://d1hjvew1n9ss7u.cloudfront.net/asset.axd?id=PAEAAB-LCAAAAAAAAAOtj0EPwUAQhf-KzLnsKqu64iBu4oSbOKzt0G2qKztTkQi_3abi6Ob43vfem8wDLIMGxjuLytwM2eCuPOvZ0gRCnrd86k8hgSaGNr5llFE40CdTEyZQXKP_EtuuRREhaA5tJLcIJqM8VSqfZlIO1VilWRYT9puwhStAjyZqIKM4fm1HoPeP333qLi5bYn8RS98wNix2JV6QxNrXRizOwRRGrLbi88ygIngm_1k8YzCOusXD8w1y8dfTPAEAAA%3d%3d:1:7633)
    at <anonymous> (https://d1hjvew1n9ss7u.cloudfront.net/asset.axd?id=PAEAAB-LCAAAAAAAAAOtj0EPwUAQhf-KzLnsKqu64iBu4oSbOKzt0G2qKztTkQi_3abi6Ob43vfem8wDLIMGxjuLytwM2eCuPOvZ0gRCnrd86k8hgSaGNr5llFE40CdTEyZQXKP_EtuuRREhaA5tJLcIJqM8VSqfZlIO1VilWRYT9puwhStAjyZqIKM4fm1HoPeP333qLi5bYn8RS98wNix2JV6QxNrXRizOwRRGrLbi88ygIngm_1k8YzCOusXD8w1y8dfTPAEAAA%3d%3d:1:49808)
    at dispatch (https://d1hjvew1n9ss7u.cloudfront.net/assets/shjs.js?t=639255987001545277:0:32701)
    at a (https://d1hjvew1n9ss7u.cloudfront.net/assets/shjs.js?t=639255987001545277:0:28480)
[  870537ms] [LOG] Banner não encontrado: banner-232 @ https://d1hjvew1n9ss7u.cloudfront.net/asset.axd?id=PAEAAB-LCAAAAAAAAAOtj0EPwUAQhf-KzLnsKqu64iBu4oSbOKzt0G2qKztTkQi_3abi6Ob43vfem8wDLIMGxjuLytwM2eCuPOvZ0gRCnrd86k8hgSaGNr5llFE40CdTEyZQXKP_EtuuRREhaA5tJLcIJqM8VSqfZlIO1VilWRYT9puwhStAjyZqIKM4fm1HoPeP333qLi5bYn8RS98wNix2JV6QxNrXRizOwRRGrLbi88ygIngm_1k8YzCOusXD8w1y8dfTPAEAAA%3d%3d:754
[  870577ms] [LOG] %c Widde Video Commerce %c v24604ee %c Build: 21/09/2026 20:39 %c border: 1px solid #2567f8; background: #2567f8; color: #fff; font-weight: bold; padding: 4px 8px; border-radius: 3px 0 0 0; border: 1px solid #2567f8; border-left: none; background: #FFF; color: #2567f8; font-weight: bold; padding: 4px 8px; border: 1px solid #2567f8; border-left: none; background: #f0f0f0; color: #333; font-weight: bold; padding: 4px 8px; border-radius: 0 3px 3px 0; background: transparent @ https://cdn.widde.io/assets/main.utzwjalemu.js:0
[  870630ms] [LOG] %c Tryon Widde.io %c %s %c border: 1px solid #2567f8; background: #2567f8; color: #fff; font-weight: bold; padding: 4px 8px; border-radius: 3px 0 0 3px; border: 1px solid #2567f8; background: #FFF; color: #2567f8; font-weight: bold; padding: 4px 8px; border-radius: 0 3px 3px 0; 47bf7c2 background: transparent @ https://cdn-tryon.widde.io/widde-tryon.js:86
[  870656ms] [LOG] [tryon-tracker] initialized {domain: www.lolacosmetics.com.br} @ https://cdn-tryon.widde.io/widde-tryon.js:8
[  878340ms] [WARNING] Error with Feature-Policy header: Some features are specified in both Feature-Policy and Permissions-Policy header: payment, fullscreen, microphone, camera. Values defined in Permissions-Policy header will be used. @ :0
[  878884ms] [ERROR] Failed to load resource: the server responded with a status of 500 () @ https://fonts.cdnfonts.com/css/leelawade:0
[  879306ms] [ERROR] Failed to load resource: the server responded with a status of 404 () @ https://lolacosmetics.admin.linxcommerce.com.br/Custom/Content/Themes/Lola/Styles/Fonts/FontAwesome/all.css:0
[  879436ms] [LOG] Banner não encontrado: banner-232 @ https://d1hjvew1n9ss7u.cloudfront.net/asset.axd?id=PAEAAB-LCAAAAAAAAAOtj0EPwUAQhf-KzLnsKqu64iBu4oSbOKzt0G2qKztTkQi_3abi6Ob43vfem8wDLIMGxjuLytwM2eCuPOvZ0gRCnrd86k8hgSaGNr5llFE40CdTEyZQXKP_EtuuRREhaA5tJLcIJqM8VSqfZlIO1VilWRYT9puwhStAjyZqIKM4fm1HoPeP333qLi5bYn8RS98wNix2JV6QxNrXRizOwRRGrLbi88ygIngm_1k8YzCOusXD8w1y8dfTPAEAAA%3d%3d:754
[  879439ms] [LOG] [Debug Carrinho] Polling ativo @ https://d1hjvew1n9ss7u.cloudfront.net/asset.axd?id=PAEAAB-LCAAAAAAAAAOtj0EPwUAQhf-KzLnsKqu64iBu4oSbOKzt0G2qKztTkQi_3abi6Ob43vfem8wDLIMGxjuLytwM2eCuPOvZ0gRCnrd86k8hgSaGNr5llFE40CdTEyZQXKP_EtuuRREhaA5tJLcIJqM8VSqfZlIO1VilWRYT9puwhStAjyZqIKM4fm1HoPeP333qLi5bYn8RS98wNix2JV6QxNrXRizOwRRGrLbi88ygIngm_1k8YzCOusXD8w1y8dfTPAEAAA%3d%3d:1790
[  879501ms] [LOG] categoria @ https://d1hjvew1n9ss7u.cloudfront.net/asset.axd?id=PAEAAB-LCAAAAAAAAAOtj0EPwUAQhf-KzLnsKqu64iBu4oSbOKzt0G2qKztTkQi_3abi6Ob43vfem8wDLIMGxjuLytwM2eCuPOvZ0gRCnrd86k8hgSaGNr5llFE40CdTEyZQXKP_EtuuRREhaA5tJLcIJqM8VSqfZlIO1VilWRYT9puwhStAjyZqIKM4fm1HoPeP333qLi5bYn8RS98wNix2JV6QxNrXRizOwRRGrLbi88ygIngm_1k8YzCOusXD8w1y8dfTPAEAAA%3d%3d:1
[  879502ms] [WARNING] !! Há erros de scripts de terceiros !!
Por favor, contate a Empresa responsável pelo script.  @ https://d1hjvew1n9ss7u.cloudfront.net/assets/shjs.js?t=639255987001545277:0
[  879505ms] Uncaught Error: You must pass a string or Handlebars AST to Handlebars.compile. You passed null
    at e.compile (https://d1hjvew1n9ss7u.cloudfront.net/asset.axd?id=PAEAAB-LCAAAAAAAAAOtj0EPwUAQhf-KzLnsKqu64iBu4oSbOKzt0G2qKztTkQi_3abi6Ob43vfem8wDLIMGxjuLytwM2eCuPOvZ0gRCnrd86k8hgSaGNr5llFE40CdTEyZQXKP_EtuuRREhaA5tJLcIJqM8VSqfZlIO1VilWRYT9puwhStAjyZqIKM4fm1HoPeP333qLi5bYn8RS98wNix2JV6QxNrXRizOwRRGrLbi88ygIngm_1k8YzCOusXD8w1y8dfTPAEAAA%3d%3d:1794:49302)
    at i.compile (https://d1hjvew1n9ss7u.cloudfront.net/asset.axd?id=PAEAAB-LCAAAAAAAAAOtj0EPwUAQhf-KzLnsKqu64iBu4oSbOKzt0G2qKztTkQi_3abi6Ob43vfem8wDLIMGxjuLytwM2eCuPOvZ0gRCnrd86k8hgSaGNr5llFE40CdTEyZQXKP_EtuuRREhaA5tJLcIJqM8VSqfZlIO1VilWRYT9puwhStAjyZqIKM4fm1HoPeP333qLi5bYn8RS98wNix2JV6QxNrXRizOwRRGrLbi88ygIngm_1k8YzCOusXD8w1y8dfTPAEAAA%3d%3d:1794:343)
    at renderBasket (https://d1hjvew1n9ss7u.cloudfront.net/asset.axd?id=PAEAAB-LCAAAAAAAAAOtj0EPwUAQhf-KzLnsKqu64iBu4oSbOKzt0G2qKztTkQi_3abi6Ob43vfem8wDLIMGxjuLytwM2eCuPOvZ0gRCnrd86k8hgSaGNr5llFE40CdTEyZQXKP_EtuuRREhaA5tJLcIJqM8VSqfZlIO1VilWRYT9puwhStAjyZqIKM4fm1HoPeP333qLi5bYn8RS98wNix2JV6QxNrXRizOwRRGrLbi88ygIngm_1k8YzCOusXD8w1y8dfTPAEAAA%3d%3d:29:27)
    at <anonymous> (https://d1hjvew1n9ss7u.cloudfront.net/asset.axd?id=PAEAAB-LCAAAAAAAAAOtj0EPwUAQhf-KzLnsKqu64iBu4oSbOKzt0G2qKztTkQi_3abi6Ob43vfem8wDLIMGxjuLytwM2eCuPOvZ0gRCnrd86k8hgSaGNr5llFE40CdTEyZQXKP_EtuuRREhaA5tJLcIJqM8VSqfZlIO1VilWRYT9puwhStAjyZqIKM4fm1HoPeP333qLi5bYn8RS98wNix2JV6QxNrXRizOwRRGrLbi88ygIngm_1k8YzCOusXD8w1y8dfTPAEAAA%3d%3d:220:1)
    at f (https://d1hjvew1n9ss7u.cloudfront.net/assets/shjs.js?t=639255987001545277:0:10382)
    at fireWith (https://d1hjvew1n9ss7u.cloudfront.net/assets/shjs.js?t=639255987001545277:0:11137)
    at ready (https://d1hjvew1n9ss7u.cloudfront.net/assets/shjs.js?t=639255987001545277:0:5238)
    at r (https://d1hjvew1n9ss7u.cloudfront.net/assets/shjs.js?t=639255987001545277:0:9748)
[  879507ms] [VERBOSE] [DOM] Input elements should have autocomplete attributes (suggested: "current-password"): (More info: https://goo.gl/9p2vKq) %o @ https://www.lolacosmetics.com.br/promocao/semana-da-lolete:0
[  879508ms] [VERBOSE] [DOM] Input elements should have autocomplete attributes (suggested: "current-password"): (More info: https://goo.gl/9p2vKq) %o @ https://www.lolacosmetics.com.br/promocao/semana-da-lolete:0
[  879513ms] [ERROR] Failed to load resource: net::ERR_NAME_NOT_RESOLVED @ https://event.getblue.io/js/blue-tag.min.js:0
[  879567ms] [LOG] AffiseStorage availability: {cookie: true, localStorage: true, sessionStorage: true} @ https://rankmediabrasil.g2afse.com/websdk.js:0
[  879568ms] [LOG] Status RNK Media - ClickId: null UTM: null @ :3
[  879831ms] [WARNING] [Meta Pixel] - Invalid parameter format for currency. Please refer https://developers.facebook.com/docs/meta-pixel/reference/ for valid parameter specifications. @ https://connect.facebook.net/en_US/fbevents.js:203
[  880098ms] [INFO] É necessário definir o storeID no Plugin TrustVox @ https://d1hjvew1n9ss7u.cloudfront.net/asset.axd?id=_woAAB-LCAAAAAAAAAO9lsFunDAQhl-l4rw122w3m1D1lEfooYeqh8HMgrNgW_aYDYrSZ--EaFVgIZWK1aP9__b3Y3uwnxNJSZYQPlH6CC146ZSlLx9kBc4jfQ10_HiXbBLNpu-qKJG23FJJdoTa4yYpLAu_0m_9MM8SJhm5wErLwu3u_ma_v787bLef9p_3N4cDO-TFIQtVJNnudi-23Mgv3con2Y_n5fG-Jz4ET6ZJH4wm1JS-ZfOpamzgYKJBgkuq9FyIYb949MnL5l8JpTFljQI01B0p6YeUqbaO5DtP2AiHEizxhoh2N4TNyOt41pmj4vi1KZUekkZCRIYwEKhaJvVyHN4Za2kaFL4y1qKbY04s67i5M2evdCkkEJbGdQ3qMKTOGlZ_axEkCY_g5HRZB8o6iqxQnkwgkYM_Ic8ZmgZcVyEU43V917guA8_DM76uXg5aj7FTbR3pCJKjU2f5TGKL9ajcr8R4LOVpicRSDE7pTLDXjL470tkvneLflHE03qE5Pc7Jr5XmOla-mq7frCEis8FCgV8kvsnReaIFp4CU0X9F_3FGTMH3tafWPAkHrwW3mGHii5PAOiVxDtkLcRh56PJAZKa34Vj8DyyjUdZKntgUszanZXKtRqQtg1YxCuAXXfBQ8rtLSrQEenwuZg098-fLbwJGClv_CgAA:52
[  880103ms] Uncaught TypeError: Cannot read properties of undefined (reading 'replace')
    at validaFreteGratis (https://d1hjvew1n9ss7u.cloudfront.net/asset.axd?id=PAEAAB-LCAAAAAAAAAOtj0EPwUAQhf-KzLnsKqu64iBu4oSbOKzt0G2qKztTkQi_3abi6Ob43vfem8wDLIMGxjuLytwM2eCuPOvZ0gRCnrd86k8hgSaGNr5llFE40CdTEyZQXKP_EtuuRREhaA5tJLcIJqM8VSqfZlIO1VilWRYT9puwhStAjyZqIKM4fm1HoPeP333qLi5bYn8RS98wNix2JV6QxNrXRizOwRRGrLbi88ygIngm_1k8YzCOusXD8w1y8dfTPAEAAA%3d%3d:1:7633)
    at <anonymous> (https://d1hjvew1n9ss7u.cloudfront.net/asset.axd?id=PAEAAB-LCAAAAAAAAAOtj0EPwUAQhf-KzLnsKqu64iBu4oSbOKzt0G2qKztTkQi_3abi6Ob43vfem8wDLIMGxjuLytwM2eCuPOvZ0gRCnrd86k8hgSaGNr5llFE40CdTEyZQXKP_EtuuRREhaA5tJLcIJqM8VSqfZlIO1VilWRYT9puwhStAjyZqIKM4fm1HoPeP333qLi5bYn8RS98wNix2JV6QxNrXRizOwRRGrLbi88ygIngm_1k8YzCOusXD8w1y8dfTPAEAAA%3d%3d:1:49808)
    at dispatch (https://d1hjvew1n9ss7u.cloudfront.net/assets/shjs.js?t=639255987001545277:0:32701)
    at a (https://d1hjvew1n9ss7u.cloudfront.net/assets/shjs.js?t=639255987001545277:0:28480)
[  880102ms] [LOG] Banner não encontrado: banner-232 @ https://d1hjvew1n9ss7u.cloudfront.net/asset.axd?id=PAEAAB-LCAAAAAAAAAOtj0EPwUAQhf-KzLnsKqu64iBu4oSbOKzt0G2qKztTkQi_3abi6Ob43vfem8wDLIMGxjuLytwM2eCuPOvZ0gRCnrd86k8hgSaGNr5llFE40CdTEyZQXKP_EtuuRREhaA5tJLcIJqM8VSqfZlIO1VilWRYT9puwhStAjyZqIKM4fm1HoPeP333qLi5bYn8RS98wNix2JV6QxNrXRizOwRRGrLbi88ygIngm_1k8YzCOusXD8w1y8dfTPAEAAA%3d%3d:754
[  880140ms] [LOG] %c Widde Video Commerce %c v24604ee %c Build: 21/09/2026 20:39 %c border: 1px solid #2567f8; background: #2567f8; color: #fff; font-weight: bold; padding: 4px 8px; border-radius: 3px 0 0 0; border: 1px solid #2567f8; border-left: none; background: #FFF; color: #2567f8; font-weight: bold; padding: 4px 8px; border: 1px solid #2567f8; border-left: none; background: #f0f0f0; color: #333; font-weight: bold; padding: 4px 8px; border-radius: 0 3px 3px 0; background: transparent @ https://cdn.widde.io/assets/main.utzwjalemu.js:0
[  880153ms] [LOG] %c Tryon Widde.io %c %s %c border: 1px solid #2567f8; background: #2567f8; color: #fff; font-weight: bold; padding: 4px 8px; border-radius: 3px 0 0 3px; border: 1px solid #2567f8; background: #FFF; color: #2567f8; font-weight: bold; padding: 4px 8px; border-radius: 0 3px 3px 0; 47bf7c2 background: transparent @ https://cdn-tryon.widde.io/widde-tryon.js:86
[  880168ms] [LOG] [tryon-tracker] initialized {domain: www.lolacosmetics.com.br} @ https://cdn-tryon.widde.io/widde-tryon.js:8
[  886972ms] [WARNING] Error with Feature-Policy header: Some features are specified in both Feature-Policy and Permissions-Policy header: payment, fullscreen, microphone, camera. Values defined in Permissions-Policy header will be used. @ :0
[  887354ms] [ERROR] Failed to load resource: the server responded with a status of 500 () @ https://fonts.cdnfonts.com/css/leelawade:0
[  887637ms] [ERROR] Failed to load resource: the server responded with a status of 404 () @ https://lolacosmetics.admin.linxcommerce.com.br/Custom/Content/Themes/Lola/Styles/Fonts/FontAwesome/all.css:0
[  887767ms] [LOG] Banner não encontrado: banner-232 @ https://d1hjvew1n9ss7u.cloudfront.net/asset.axd?id=PAEAAB-LCAAAAAAAAAOtj0EPwUAQhf-KzLnsKqu64iBu4oSbOKzt0G2qKztTkQi_3abi6Ob43vfem8wDLIMGxjuLytwM2eCuPOvZ0gRCnrd86k8hgSaGNr5llFE40CdTEyZQXKP_EtuuRREhaA5tJLcIJqM8VSqfZlIO1VilWRYT9puwhStAjyZqIKM4fm1HoPeP333qLi5bYn8RS98wNix2JV6QxNrXRizOwRRGrLbi88ygIngm_1k8YzCOusXD8w1y8dfTPAEAAA%3d%3d:754
[  887769ms] [LOG] [Debug Carrinho] Polling ativo @ https://d1hjvew1n9ss7u.cloudfront.net/asset.axd?id=PAEAAB-LCAAAAAAAAAOtj0EPwUAQhf-KzLnsKqu64iBu4oSbOKzt0G2qKztTkQi_3abi6Ob43vfem8wDLIMGxjuLytwM2eCuPOvZ0gRCnrd86k8hgSaGNr5llFE40CdTEyZQXKP_EtuuRREhaA5tJLcIJqM8VSqfZlIO1VilWRYT9puwhStAjyZqIKM4fm1HoPeP333qLi5bYn8RS98wNix2JV6QxNrXRizOwRRGrLbi88ygIngm_1k8YzCOusXD8w1y8dfTPAEAAA%3d%3d:1790
[  887817ms] [LOG] categoria @ https://d1hjvew1n9ss7u.cloudfront.net/asset.axd?id=PAEAAB-LCAAAAAAAAAOtj0EPwUAQhf-KzLnsKqu64iBu4oSbOKzt0G2qKztTkQi_3abi6Ob43vfem8wDLIMGxjuLytwM2eCuPOvZ0gRCnrd86k8hgSaGNr5llFE40CdTEyZQXKP_EtuuRREhaA5tJLcIJqM8VSqfZlIO1VilWRYT9puwhStAjyZqIKM4fm1HoPeP333qLi5bYn8RS98wNix2JV6QxNrXRizOwRRGrLbi88ygIngm_1k8YzCOusXD8w1y8dfTPAEAAA%3d%3d:1
[  887817ms] [WARNING] !! Há erros de scripts de terceiros !!
Por favor, contate a Empresa responsável pelo script.  @ https://d1hjvew1n9ss7u.cloudfront.net/assets/shjs.js?t=639255987001545277:0
[  887818ms] Uncaught Error: You must pass a string or Handlebars AST to Handlebars.compile. You passed null
    at e.compile (https://d1hjvew1n9ss7u.cloudfront.net/asset.axd?id=PAEAAB-LCAAAAAAAAAOtj0EPwUAQhf-KzLnsKqu64iBu4oSbOKzt0G2qKztTkQi_3abi6Ob43vfem8wDLIMGxjuLytwM2eCuPOvZ0gRCnrd86k8hgSaGNr5llFE40CdTEyZQXKP_EtuuRREhaA5tJLcIJqM8VSqfZlIO1VilWRYT9puwhStAjyZqIKM4fm1HoPeP333qLi5bYn8RS98wNix2JV6QxNrXRizOwRRGrLbi88ygIngm_1k8YzCOusXD8w1y8dfTPAEAAA%3d%3d:1794:49302)
    at i.compile (https://d1hjvew1n9ss7u.cloudfront.net/asset.axd?id=PAEAAB-LCAAAAAAAAAOtj0EPwUAQhf-KzLnsKqu64iBu4oSbOKzt0G2qKztTkQi_3abi6Ob43vfem8wDLIMGxjuLytwM2eCuPOvZ0gRCnrd86k8hgSaGNr5llFE40CdTEyZQXKP_EtuuRREhaA5tJLcIJqM8VSqfZlIO1VilWRYT9puwhStAjyZqIKM4fm1HoPeP333qLi5bYn8RS98wNix2JV6QxNrXRizOwRRGrLbi88ygIngm_1k8YzCOusXD8w1y8dfTPAEAAA%3d%3d:1794:343)
    at renderBasket (https://d1hjvew1n9ss7u.cloudfront.net/asset.axd?id=PAEAAB-LCAAAAAAAAAOtj0EPwUAQhf-KzLnsKqu64iBu4oSbOKzt0G2qKztTkQi_3abi6Ob43vfem8wDLIMGxjuLytwM2eCuPOvZ0gRCnrd86k8hgSaGNr5llFE40CdTEyZQXKP_EtuuRREhaA5tJLcIJqM8VSqfZlIO1VilWRYT9puwhStAjyZqIKM4fm1HoPeP333qLi5bYn8RS98wNix2JV6QxNrXRizOwRRGrLbi88ygIngm_1k8YzCOusXD8w1y8dfTPAEAAA%3d%3d:29:27)
    at <anonymous> (https://d1hjvew1n9ss7u.cloudfront.net/asset.axd?id=PAEAAB-LCAAAAAAAAAOtj0EPwUAQhf-KzLnsKqu64iBu4oSbOKzt0G2qKztTkQi_3abi6Ob43vfem8wDLIMGxjuLytwM2eCuPOvZ0gRCnrd86k8hgSaGNr5llFE40CdTEyZQXKP_EtuuRREhaA5tJLcIJqM8VSqfZlIO1VilWRYT9puwhStAjyZqIKM4fm1HoPeP333qLi5bYn8RS98wNix2JV6QxNrXRizOwRRGrLbi88ygIngm_1k8YzCOusXD8w1y8dfTPAEAAA%3d%3d:220:1)
    at f (https://d1hjvew1n9ss7u.cloudfront.net/assets/shjs.js?t=639255987001545277:0:10382)
    at fireWith (https://d1hjvew1n9ss7u.cloudfront.net/assets/shjs.js?t=639255987001545277:0:11137)
    at ready (https://d1hjvew1n9ss7u.cloudfront.net/assets/shjs.js?t=639255987001545277:0:5238)
    at r (https://d1hjvew1n9ss7u.cloudfront.net/assets/shjs.js?t=639255987001545277:0:9748)
[  887822ms] [VERBOSE] [DOM] Input elements should have autocomplete attributes (suggested: "current-password"): (More info: https://goo.gl/9p2vKq) %o @ https://www.lolacosmetics.com.br/tipos-de-cabelo/cacheado:0
[  887823ms] [VERBOSE] [DOM] Input elements should have autocomplete attributes (suggested: "current-password"): (More info: https://goo.gl/9p2vKq) %o @ https://www.lolacosmetics.com.br/tipos-de-cabelo/cacheado:0
[  887838ms] [ERROR] Failed to load resource: net::ERR_NAME_NOT_RESOLVED @ https://event.getblue.io/js/blue-tag.min.js:0
[  887937ms] [LOG] AffiseStorage availability: {cookie: true, localStorage: true, sessionStorage: true} @ https://rankmediabrasil.g2afse.com/websdk.js:0
[  887938ms] [LOG] Status RNK Media - ClickId: null UTM: null @ :3
[  888181ms] [WARNING] [Meta Pixel] - Invalid parameter format for currency. Please refer https://developers.facebook.com/docs/meta-pixel/reference/ for valid parameter specifications. @ https://connect.facebook.net/en_US/fbevents.js:203
[  888452ms] [INFO] É necessário definir o storeID no Plugin TrustVox @ https://d1hjvew1n9ss7u.cloudfront.net/asset.axd?id=_woAAB-LCAAAAAAAAAO9lsFunDAQhl-l4rw122w3m1D1lEfooYeqh8HMgrNgW_aYDYrSZ--EaFVgIZWK1aP9__b3Y3uwnxNJSZYQPlH6CC146ZSlLx9kBc4jfQ10_HiXbBLNpu-qKJG23FJJdoTa4yYpLAu_0m_9MM8SJhm5wErLwu3u_ma_v787bLef9p_3N4cDO-TFIQtVJNnudi-23Mgv3con2Y_n5fG-Jz4ET6ZJH4wm1JS-ZfOpamzgYKJBgkuq9FyIYb949MnL5l8JpTFljQI01B0p6YeUqbaO5DtP2AiHEizxhoh2N4TNyOt41pmj4vi1KZUekkZCRIYwEKhaJvVyHN4Za2kaFL4y1qKbY04s67i5M2evdCkkEJbGdQ3qMKTOGlZ_axEkCY_g5HRZB8o6iqxQnkwgkYM_Ic8ZmgZcVyEU43V917guA8_DM76uXg5aj7FTbR3pCJKjU2f5TGKL9ajcr8R4LOVpicRSDE7pTLDXjL470tkvneLflHE03qE5Pc7Jr5XmOla-mq7frCEis8FCgV8kvsnReaIFp4CU0X9F_3FGTMH3tafWPAkHrwW3mGHii5PAOiVxDtkLcRh56PJAZKa34Vj8DyyjUdZKntgUszanZXKtRqQtg1YxCuAXXfBQ8rtLSrQEenwuZg098-fLbwJGClv_CgAA:52
[  888457ms] Uncaught TypeError: Cannot read properties of undefined (reading 'replace')
    at validaFreteGratis (https://d1hjvew1n9ss7u.cloudfront.net/asset.axd?id=PAEAAB-LCAAAAAAAAAOtj0EPwUAQhf-KzLnsKqu64iBu4oSbOKzt0G2qKztTkQi_3abi6Ob43vfem8wDLIMGxjuLytwM2eCuPOvZ0gRCnrd86k8hgSaGNr5llFE40CdTEyZQXKP_EtuuRREhaA5tJLcIJqM8VSqfZlIO1VilWRYT9puwhStAjyZqIKM4fm1HoPeP333qLi5bYn8RS98wNix2JV6QxNrXRizOwRRGrLbi88ygIngm_1k8YzCOusXD8w1y8dfTPAEAAA%3d%3d:1:7633)
    at <anonymous> (https://d1hjvew1n9ss7u.cloudfront.net/asset.axd?id=PAEAAB-LCAAAAAAAAAOtj0EPwUAQhf-KzLnsKqu64iBu4oSbOKzt0G2qKztTkQi_3abi6Ob43vfem8wDLIMGxjuLytwM2eCuPOvZ0gRCnrd86k8hgSaGNr5llFE40CdTEyZQXKP_EtuuRREhaA5tJLcIJqM8VSqfZlIO1VilWRYT9puwhStAjyZqIKM4fm1HoPeP333qLi5bYn8RS98wNix2JV6QxNrXRizOwRRGrLbi88ygIngm_1k8YzCOusXD8w1y8dfTPAEAAA%3d%3d:1:49808)
    at dispatch (https://d1hjvew1n9ss7u.cloudfront.net/assets/shjs.js?t=639255987001545277:0:32701)
    at a (https://d1hjvew1n9ss7u.cloudfront.net/assets/shjs.js?t=639255987001545277:0:28480)
[  888456ms] [LOG] Banner não encontrado: banner-232 @ https://d1hjvew1n9ss7u.cloudfront.net/asset.axd?id=PAEAAB-LCAAAAAAAAAOtj0EPwUAQhf-KzLnsKqu64iBu4oSbOKzt0G2qKztTkQi_3abi6Ob43vfem8wDLIMGxjuLytwM2eCuPOvZ0gRCnrd86k8hgSaGNr5llFE40CdTEyZQXKP_EtuuRREhaA5tJLcIJqM8VSqfZlIO1VilWRYT9puwhStAjyZqIKM4fm1HoPeP333qLi5bYn8RS98wNix2JV6QxNrXRizOwRRGrLbi88ygIngm_1k8YzCOusXD8w1y8dfTPAEAAA%3d%3d:754
[  888485ms] [LOG] %c Widde Video Commerce %c v24604ee %c Build: 21/09/2026 20:39 %c border: 1px solid #2567f8; background: #2567f8; color: #fff; font-weight: bold; padding: 4px 8px; border-radius: 3px 0 0 0; border: 1px solid #2567f8; border-left: none; background: #FFF; color: #2567f8; font-weight: bold; padding: 4px 8px; border: 1px solid #2567f8; border-left: none; background: #f0f0f0; color: #333; font-weight: bold; padding: 4px 8px; border-radius: 0 3px 3px 0; background: transparent @ https://cdn.widde.io/assets/main.utzwjalemu.js:0
[  888489ms] [ERROR] Error decoding JWT: Error: Invalid JWT format
    at u0 (https://cdn.widde.io/assets/shared-utils.58MPgxdv.js:99:89838)
    at e (https://cdn.widde.io/assets/shared-utils.58MPgxdv.js:99:90502)
    at d0.startNativation (https://cdn.widde.io/assets/shared-utils.58MPgxdv.js:99:90616)
    at d0.registerNavigation (https://cdn.widde.io/assets/shared-utils.58MPgxdv.js:99:91609)
    at e (https://cdn.widde.io/assets/main.utzwjalemu.js:1:21655) @ https://cdn.widde.io/assets/shared-utils.58MPgxdv.js:98
[  888509ms] [LOG] %c Tryon Widde.io %c %s %c border: 1px solid #2567f8; background: #2567f8; color: #fff; font-weight: bold; padding: 4px 8px; border-radius: 3px 0 0 3px; border: 1px solid #2567f8; background: #FFF; color: #2567f8; font-weight: bold; padding: 4px 8px; border-radius: 0 3px 3px 0; 47bf7c2 background: transparent @ https://cdn-tryon.widde.io/widde-tryon.js:86
[  888531ms] [LOG] [tryon-tracker] initialized {domain: www.lolacosmetics.com.br} @ https://cdn-tryon.widde.io/widde-tryon.js:8
[  895434ms] [WARNING] Error with Feature-Policy header: Some features are specified in both Feature-Policy and Permissions-Policy header: payment, fullscreen, microphone, camera. Values defined in Permissions-Policy header will be used. @ :0
[  895948ms] [ERROR] Failed to load resource: the server responded with a status of 500 () @ https://fonts.cdnfonts.com/css/leelawade:0
[  896374ms] [ERROR] Failed to load resource: the server responded with a status of 404 () @ https://lolacosmetics.admin.linxcommerce.com.br/Custom/Content/Themes/Lola/Styles/Fonts/FontAwesome/all.css:0
[  896500ms] [LOG] Banner não encontrado: banner-232 @ https://d1hjvew1n9ss7u.cloudfront.net/asset.axd?id=PAEAAB-LCAAAAAAAAAOtj0EPwUAQhf-KzLnsKqu64iBu4oSbOKzt0G2qKztTkQi_3abi6Ob43vfem8wDLIMGxjuLytwM2eCuPOvZ0gRCnrd86k8hgSaGNr5llFE40CdTEyZQXKP_EtuuRREhaA5tJLcIJqM8VSqfZlIO1VilWRYT9puwhStAjyZqIKM4fm1HoPeP333qLi5bYn8RS98wNix2JV6QxNrXRizOwRRGrLbi88ygIngm_1k8YzCOusXD8w1y8dfTPAEAAA%3d%3d:754
[  896501ms] [LOG] [Debug Carrinho] Polling ativo @ https://d1hjvew1n9ss7u.cloudfront.net/asset.axd?id=PAEAAB-LCAAAAAAAAAOtj0EPwUAQhf-KzLnsKqu64iBu4oSbOKzt0G2qKztTkQi_3abi6Ob43vfem8wDLIMGxjuLytwM2eCuPOvZ0gRCnrd86k8hgSaGNr5llFE40CdTEyZQXKP_EtuuRREhaA5tJLcIJqM8VSqfZlIO1VilWRYT9puwhStAjyZqIKM4fm1HoPeP333qLi5bYn8RS98wNix2JV6QxNrXRizOwRRGrLbi88ygIngm_1k8YzCOusXD8w1y8dfTPAEAAA%3d%3d:1790
[  896546ms] [LOG] categoria @ https://d1hjvew1n9ss7u.cloudfront.net/asset.axd?id=PAEAAB-LCAAAAAAAAAOtj0EPwUAQhf-KzLnsKqu64iBu4oSbOKzt0G2qKztTkQi_3abi6Ob43vfem8wDLIMGxjuLytwM2eCuPOvZ0gRCnrd86k8hgSaGNr5llFE40CdTEyZQXKP_EtuuRREhaA5tJLcIJqM8VSqfZlIO1VilWRYT9puwhStAjyZqIKM4fm1HoPeP333qLi5bYn8RS98wNix2JV6QxNrXRizOwRRGrLbi88ygIngm_1k8YzCOusXD8w1y8dfTPAEAAA%3d%3d:1
[  896547ms] [WARNING] !! Há erros de scripts de terceiros !!
Por favor, contate a Empresa responsável pelo script.  @ https://d1hjvew1n9ss7u.cloudfront.net/assets/shjs.js?t=639255987001545277:0
[  896549ms] Uncaught Error: You must pass a string or Handlebars AST to Handlebars.compile. You passed null
    at e.compile (https://d1hjvew1n9ss7u.cloudfront.net/asset.axd?id=PAEAAB-LCAAAAAAAAAOtj0EPwUAQhf-KzLnsKqu64iBu4oSbOKzt0G2qKztTkQi_3abi6Ob43vfem8wDLIMGxjuLytwM2eCuPOvZ0gRCnrd86k8hgSaGNr5llFE40CdTEyZQXKP_EtuuRREhaA5tJLcIJqM8VSqfZlIO1VilWRYT9puwhStAjyZqIKM4fm1HoPeP333qLi5bYn8RS98wNix2JV6QxNrXRizOwRRGrLbi88ygIngm_1k8YzCOusXD8w1y8dfTPAEAAA%3d%3d:1794:49302)
    at i.compile (https://d1hjvew1n9ss7u.cloudfront.net/asset.axd?id=PAEAAB-LCAAAAAAAAAOtj0EPwUAQhf-KzLnsKqu64iBu4oSbOKzt0G2qKztTkQi_3abi6Ob43vfem8wDLIMGxjuLytwM2eCuPOvZ0gRCnrd86k8hgSaGNr5llFE40CdTEyZQXKP_EtuuRREhaA5tJLcIJqM8VSqfZlIO1VilWRYT9puwhStAjyZqIKM4fm1HoPeP333qLi5bYn8RS98wNix2JV6QxNrXRizOwRRGrLbi88ygIngm_1k8YzCOusXD8w1y8dfTPAEAAA%3d%3d:1794:343)
    at renderBasket (https://d1hjvew1n9ss7u.cloudfront.net/asset.axd?id=PAEAAB-LCAAAAAAAAAOtj0EPwUAQhf-KzLnsKqu64iBu4oSbOKzt0G2qKztTkQi_3abi6Ob43vfem8wDLIMGxjuLytwM2eCuPOvZ0gRCnrd86k8hgSaGNr5llFE40CdTEyZQXKP_EtuuRREhaA5tJLcIJqM8VSqfZlIO1VilWRYT9puwhStAjyZqIKM4fm1HoPeP333qLi5bYn8RS98wNix2JV6QxNrXRizOwRRGrLbi88ygIngm_1k8YzCOusXD8w1y8dfTPAEAAA%3d%3d:29:27)
    at <anonymous> (https://d1hjvew1n9ss7u.cloudfront.net/asset.axd?id=PAEAAB-LCAAAAAAAAAOtj0EPwUAQhf-KzLnsKqu64iBu4oSbOKzt0G2qKztTkQi_3abi6Ob43vfem8wDLIMGxjuLytwM2eCuPOvZ0gRCnrd86k8hgSaGNr5llFE40CdTEyZQXKP_EtuuRREhaA5tJLcIJqM8VSqfZlIO1VilWRYT9puwhStAjyZqIKM4fm1HoPeP333qLi5bYn8RS98wNix2JV6QxNrXRizOwRRGrLbi88ygIngm_1k8YzCOusXD8w1y8dfTPAEAAA%3d%3d:220:1)
    at f (https://d1hjvew1n9ss7u.cloudfront.net/assets/shjs.js?t=639255987001545277:0:10382)
    at fireWith (https://d1hjvew1n9ss7u.cloudfront.net/assets/shjs.js?t=639255987001545277:0:11137)
    at ready (https://d1hjvew1n9ss7u.cloudfront.net/assets/shjs.js?t=639255987001545277:0:5238)
    at r (https://d1hjvew1n9ss7u.cloudfront.net/assets/shjs.js?t=639255987001545277:0:9748)
[  896551ms] [VERBOSE] [DOM] Input elements should have autocomplete attributes (suggested: "current-password"): (More info: https://goo.gl/9p2vKq) %o @ https://www.lolacosmetics.com.br/tipos-de-cabelo/liso:0
[  896552ms] [VERBOSE] [DOM] Input elements should have autocomplete attributes (suggested: "current-password"): (More info: https://goo.gl/9p2vKq) %o @ https://www.lolacosmetics.com.br/tipos-de-cabelo/liso:0
[  896567ms] [ERROR] Failed to load resource: net::ERR_NAME_NOT_RESOLVED @ https://event.getblue.io/js/blue-tag.min.js:0
[  896655ms] [LOG] AffiseStorage availability: {cookie: true, localStorage: true, sessionStorage: true} @ https://rankmediabrasil.g2afse.com/websdk.js:0
[  896656ms] [LOG] Status RNK Media - ClickId: null UTM: null @ :3
[  896809ms] [WARNING] [Meta Pixel] - Invalid parameter format for currency. Please refer https://developers.facebook.com/docs/meta-pixel/reference/ for valid parameter specifications. @ https://connect.facebook.net/en_US/fbevents.js:203
[  897075ms] [INFO] É necessário definir o storeID no Plugin TrustVox @ https://d1hjvew1n9ss7u.cloudfront.net/asset.axd?id=_woAAB-LCAAAAAAAAAO9lsFunDAQhl-l4rw122w3m1D1lEfooYeqh8HMgrNgW_aYDYrSZ--EaFVgIZWK1aP9__b3Y3uwnxNJSZYQPlH6CC146ZSlLx9kBc4jfQ10_HiXbBLNpu-qKJG23FJJdoTa4yYpLAu_0m_9MM8SJhm5wErLwu3u_ma_v787bLef9p_3N4cDO-TFIQtVJNnudi-23Mgv3con2Y_n5fG-Jz4ET6ZJH4wm1JS-ZfOpamzgYKJBgkuq9FyIYb949MnL5l8JpTFljQI01B0p6YeUqbaO5DtP2AiHEizxhoh2N4TNyOt41pmj4vi1KZUekkZCRIYwEKhaJvVyHN4Za2kaFL4y1qKbY04s67i5M2evdCkkEJbGdQ3qMKTOGlZ_axEkCY_g5HRZB8o6iqxQnkwgkYM_Ic8ZmgZcVyEU43V917guA8_DM76uXg5aj7FTbR3pCJKjU2f5TGKL9ajcr8R4LOVpicRSDE7pTLDXjL470tkvneLflHE03qE5Pc7Jr5XmOla-mq7frCEis8FCgV8kvsnReaIFp4CU0X9F_3FGTMH3tafWPAkHrwW3mGHii5PAOiVxDtkLcRh56PJAZKa34Vj8DyyjUdZKntgUszanZXKtRqQtg1YxCuAXXfBQ8rtLSrQEenwuZg098-fLbwJGClv_CgAA:52
[  897080ms] Uncaught TypeError: Cannot read properties of undefined (reading 'replace')
    at validaFreteGratis (https://d1hjvew1n9ss7u.cloudfront.net/asset.axd?id=PAEAAB-LCAAAAAAAAAOtj0EPwUAQhf-KzLnsKqu64iBu4oSbOKzt0G2qKztTkQi_3abi6Ob43vfem8wDLIMGxjuLytwM2eCuPOvZ0gRCnrd86k8hgSaGNr5llFE40CdTEyZQXKP_EtuuRREhaA5tJLcIJqM8VSqfZlIO1VilWRYT9puwhStAjyZqIKM4fm1HoPeP333qLi5bYn8RS98wNix2JV6QxNrXRizOwRRGrLbi88ygIngm_1k8YzCOusXD8w1y8dfTPAEAAA%3d%3d:1:7633)
    at <anonymous> (https://d1hjvew1n9ss7u.cloudfront.net/asset.axd?id=PAEAAB-LCAAAAAAAAAOtj0EPwUAQhf-KzLnsKqu64iBu4oSbOKzt0G2qKztTkQi_3abi6Ob43vfem8wDLIMGxjuLytwM2eCuPOvZ0gRCnrd86k8hgSaGNr5llFE40CdTEyZQXKP_EtuuRREhaA5tJLcIJqM8VSqfZlIO1VilWRYT9puwhStAjyZqIKM4fm1HoPeP333qLi5bYn8RS98wNix2JV6QxNrXRizOwRRGrLbi88ygIngm_1k8YzCOusXD8w1y8dfTPAEAAA%3d%3d:1:49808)
    at dispatch (https://d1hjvew1n9ss7u.cloudfront.net/assets/shjs.js?t=639255987001545277:0:32701)
    at a (https://d1hjvew1n9ss7u.cloudfront.net/assets/shjs.js?t=639255987001545277:0:28480)
[  897079ms] [LOG] Banner não encontrado: banner-232 @ https://d1hjvew1n9ss7u.cloudfront.net/asset.axd?id=PAEAAB-LCAAAAAAAAAOtj0EPwUAQhf-KzLnsKqu64iBu4oSbOKzt0G2qKztTkQi_3abi6Ob43vfem8wDLIMGxjuLytwM2eCuPOvZ0gRCnrd86k8hgSaGNr5llFE40CdTEyZQXKP_EtuuRREhaA5tJLcIJqM8VSqfZlIO1VilWRYT9puwhStAjyZqIKM4fm1HoPeP333qLi5bYn8RS98wNix2JV6QxNrXRizOwRRGrLbi88ygIngm_1k8YzCOusXD8w1y8dfTPAEAAA%3d%3d:754
[  897097ms] [LOG] %c Widde Video Commerce %c v24604ee %c Build: 21/09/2026 20:39 %c border: 1px solid #2567f8; background: #2567f8; color: #fff; font-weight: bold; padding: 4px 8px; border-radius: 3px 0 0 0; border: 1px solid #2567f8; border-left: none; background: #FFF; color: #2567f8; font-weight: bold; padding: 4px 8px; border: 1px solid #2567f8; border-left: none; background: #f0f0f0; color: #333; font-weight: bold; padding: 4px 8px; border-radius: 0 3px 3px 0; background: transparent @ https://cdn.widde.io/assets/main.utzwjalemu.js:0
[  897125ms] [LOG] %c Tryon Widde.io %c %s %c border: 1px solid #2567f8; background: #2567f8; color: #fff; font-weight: bold; padding: 4px 8px; border-radius: 3px 0 0 3px; border: 1px solid #2567f8; background: #FFF; color: #2567f8; font-weight: bold; padding: 4px 8px; border-radius: 0 3px 3px 0; 47bf7c2 background: transparent @ https://cdn-tryon.widde.io/widde-tryon.js:86
[  897143ms] [LOG] [tryon-tracker] initialized {domain: www.lolacosmetics.com.br} @ https://cdn-tryon.widde.io/widde-tryon.js:8
[  903773ms] [WARNING] Error with Feature-Policy header: Some features are specified in both Feature-Policy and Permissions-Policy header: payment, fullscreen, microphone, camera. Values defined in Permissions-Policy header will be used. @ :0
[  904187ms] [ERROR] Failed to load resource: the server responded with a status of 500 () @ https://fonts.cdnfonts.com/css/leelawade:0
[  904469ms] [ERROR] Failed to load resource: the server responded with a status of 404 () @ https://lolacosmetics.admin.linxcommerce.com.br/Custom/Content/Themes/Lola/Styles/Fonts/FontAwesome/all.css:0
[  904614ms] [LOG] Banner não encontrado: banner-232 @ https://d1hjvew1n9ss7u.cloudfront.net/asset.axd?id=PAEAAB-LCAAAAAAAAAOtj0EPwUAQhf-KzLnsKqu64iBu4oSbOKzt0G2qKztTkQi_3abi6Ob43vfem8wDLIMGxjuLytwM2eCuPOvZ0gRCnrd86k8hgSaGNr5llFE40CdTEyZQXKP_EtuuRREhaA5tJLcIJqM8VSqfZlIO1VilWRYT9puwhStAjyZqIKM4fm1HoPeP333qLi5bYn8RS98wNix2JV6QxNrXRizOwRRGrLbi88ygIngm_1k8YzCOusXD8w1y8dfTPAEAAA%3d%3d:754
[  904618ms] [LOG] [Debug Carrinho] Polling ativo @ https://d1hjvew1n9ss7u.cloudfront.net/asset.axd?id=PAEAAB-LCAAAAAAAAAOtj0EPwUAQhf-KzLnsKqu64iBu4oSbOKzt0G2qKztTkQi_3abi6Ob43vfem8wDLIMGxjuLytwM2eCuPOvZ0gRCnrd86k8hgSaGNr5llFE40CdTEyZQXKP_EtuuRREhaA5tJLcIJqM8VSqfZlIO1VilWRYT9puwhStAjyZqIKM4fm1HoPeP333qLi5bYn8RS98wNix2JV6QxNrXRizOwRRGrLbi88ygIngm_1k8YzCOusXD8w1y8dfTPAEAAA%3d%3d:1790
[  904676ms] [LOG] categoria @ https://d1hjvew1n9ss7u.cloudfront.net/asset.axd?id=PAEAAB-LCAAAAAAAAAOtj0EPwUAQhf-KzLnsKqu64iBu4oSbOKzt0G2qKztTkQi_3abi6Ob43vfem8wDLIMGxjuLytwM2eCuPOvZ0gRCnrd86k8hgSaGNr5llFE40CdTEyZQXKP_EtuuRREhaA5tJLcIJqM8VSqfZlIO1VilWRYT9puwhStAjyZqIKM4fm1HoPeP333qLi5bYn8RS98wNix2JV6QxNrXRizOwRRGrLbi88ygIngm_1k8YzCOusXD8w1y8dfTPAEAAA%3d%3d:1
[  904677ms] [WARNING] !! Há erros de scripts de terceiros !!
Por favor, contate a Empresa responsável pelo script.  @ https://d1hjvew1n9ss7u.cloudfront.net/assets/shjs.js?t=639255987001545277:0
[  904679ms] Uncaught Error: You must pass a string or Handlebars AST to Handlebars.compile. You passed null
    at e.compile (https://d1hjvew1n9ss7u.cloudfront.net/asset.axd?id=PAEAAB-LCAAAAAAAAAOtj0EPwUAQhf-KzLnsKqu64iBu4oSbOKzt0G2qKztTkQi_3abi6Ob43vfem8wDLIMGxjuLytwM2eCuPOvZ0gRCnrd86k8hgSaGNr5llFE40CdTEyZQXKP_EtuuRREhaA5tJLcIJqM8VSqfZlIO1VilWRYT9puwhStAjyZqIKM4fm1HoPeP333qLi5bYn8RS98wNix2JV6QxNrXRizOwRRGrLbi88ygIngm_1k8YzCOusXD8w1y8dfTPAEAAA%3d%3d:1794:49302)
    at i.compile (https://d1hjvew1n9ss7u.cloudfront.net/asset.axd?id=PAEAAB-LCAAAAAAAAAOtj0EPwUAQhf-KzLnsKqu64iBu4oSbOKzt0G2qKztTkQi_3abi6Ob43vfem8wDLIMGxjuLytwM2eCuPOvZ0gRCnrd86k8hgSaGNr5llFE40CdTEyZQXKP_EtuuRREhaA5tJLcIJqM8VSqfZlIO1VilWRYT9puwhStAjyZqIKM4fm1HoPeP333qLi5bYn8RS98wNix2JV6QxNrXRizOwRRGrLbi88ygIngm_1k8YzCOusXD8w1y8dfTPAEAAA%3d%3d:1794:343)
    at renderBasket (https://d1hjvew1n9ss7u.cloudfront.net/asset.axd?id=PAEAAB-LCAAAAAAAAAOtj0EPwUAQhf-KzLnsKqu64iBu4oSbOKzt0G2qKztTkQi_3abi6Ob43vfem8wDLIMGxjuLytwM2eCuPOvZ0gRCnrd86k8hgSaGNr5llFE40CdTEyZQXKP_EtuuRREhaA5tJLcIJqM8VSqfZlIO1VilWRYT9puwhStAjyZqIKM4fm1HoPeP333qLi5bYn8RS98wNix2JV6QxNrXRizOwRRGrLbi88ygIngm_1k8YzCOusXD8w1y8dfTPAEAAA%3d%3d:29:27)
    at <anonymous> (https://d1hjvew1n9ss7u.cloudfront.net/asset.axd?id=PAEAAB-LCAAAAAAAAAOtj0EPwUAQhf-KzLnsKqu64iBu4oSbOKzt0G2qKztTkQi_3abi6Ob43vfem8wDLIMGxjuLytwM2eCuPOvZ0gRCnrd86k8hgSaGNr5llFE40CdTEyZQXKP_EtuuRREhaA5tJLcIJqM8VSqfZlIO1VilWRYT9puwhStAjyZqIKM4fm1HoPeP333qLi5bYn8RS98wNix2JV6QxNrXRizOwRRGrLbi88ygIngm_1k8YzCOusXD8w1y8dfTPAEAAA%3d%3d:220:1)
    at f (https://d1hjvew1n9ss7u.cloudfront.net/assets/shjs.js?t=639255987001545277:0:10382)
    at fireWith (https://d1hjvew1n9ss7u.cloudfront.net/assets/shjs.js?t=639255987001545277:0:11137)
    at ready (https://d1hjvew1n9ss7u.cloudfront.net/assets/shjs.js?t=639255987001545277:0:5238)
    at r (https://d1hjvew1n9ss7u.cloudfront.net/assets/shjs.js?t=639255987001545277:0:9748)
[  904683ms] [VERBOSE] [DOM] Input elements should have autocomplete attributes (suggested: "current-password"): (More info: https://goo.gl/9p2vKq) %o @ https://www.lolacosmetics.com.br/tipos-de-cabelo/todos-os-tipos:0
[  904683ms] [VERBOSE] [DOM] Input elements should have autocomplete attributes (suggested: "current-password"): (More info: https://goo.gl/9p2vKq) %o @ https://www.lolacosmetics.com.br/tipos-de-cabelo/todos-os-tipos:0
[  904696ms] [ERROR] Failed to load resource: net::ERR_NAME_NOT_RESOLVED @ https://event.getblue.io/js/blue-tag.min.js:0
[  904827ms] [LOG] AffiseStorage availability: {cookie: true, localStorage: true, sessionStorage: true} @ https://rankmediabrasil.g2afse.com/websdk.js:0
[  904828ms] [LOG] Status RNK Media - ClickId: null UTM: null @ :3
[  905122ms] [WARNING] [Meta Pixel] - Invalid parameter format for currency. Please refer https://developers.facebook.com/docs/meta-pixel/reference/ for valid parameter specifications. @ https://connect.facebook.net/en_US/fbevents.js:203
[  905389ms] [INFO] É necessário definir o storeID no Plugin TrustVox @ https://d1hjvew1n9ss7u.cloudfront.net/asset.axd?id=_woAAB-LCAAAAAAAAAO9lsFunDAQhl-l4rw122w3m1D1lEfooYeqh8HMgrNgW_aYDYrSZ--EaFVgIZWK1aP9__b3Y3uwnxNJSZYQPlH6CC146ZSlLx9kBc4jfQ10_HiXbBLNpu-qKJG23FJJdoTa4yYpLAu_0m_9MM8SJhm5wErLwu3u_ma_v787bLef9p_3N4cDO-TFIQtVJNnudi-23Mgv3con2Y_n5fG-Jz4ET6ZJH4wm1JS-ZfOpamzgYKJBgkuq9FyIYb949MnL5l8JpTFljQI01B0p6YeUqbaO5DtP2AiHEizxhoh2N4TNyOt41pmj4vi1KZUekkZCRIYwEKhaJvVyHN4Za2kaFL4y1qKbY04s67i5M2evdCkkEJbGdQ3qMKTOGlZ_axEkCY_g5HRZB8o6iqxQnkwgkYM_Ic8ZmgZcVyEU43V917guA8_DM76uXg5aj7FTbR3pCJKjU2f5TGKL9ajcr8R4LOVpicRSDE7pTLDXjL470tkvneLflHE03qE5Pc7Jr5XmOla-mq7frCEis8FCgV8kvsnReaIFp4CU0X9F_3FGTMH3tafWPAkHrwW3mGHii5PAOiVxDtkLcRh56PJAZKa34Vj8DyyjUdZKntgUszanZXKtRqQtg1YxCuAXXfBQ8rtLSrQEenwuZg098-fLbwJGClv_CgAA:52
[  905395ms] Uncaught TypeError: Cannot read properties of undefined (reading 'replace')
    at validaFreteGratis (https://d1hjvew1n9ss7u.cloudfront.net/asset.axd?id=PAEAAB-LCAAAAAAAAAOtj0EPwUAQhf-KzLnsKqu64iBu4oSbOKzt0G2qKztTkQi_3abi6Ob43vfem8wDLIMGxjuLytwM2eCuPOvZ0gRCnrd86k8hgSaGNr5llFE40CdTEyZQXKP_EtuuRREhaA5tJLcIJqM8VSqfZlIO1VilWRYT9puwhStAjyZqIKM4fm1HoPeP333qLi5bYn8RS98wNix2JV6QxNrXRizOwRRGrLbi88ygIngm_1k8YzCOusXD8w1y8dfTPAEAAA%3d%3d:1:7633)
    at <anonymous> (https://d1hjvew1n9ss7u.cloudfront.net/asset.axd?id=PAEAAB-LCAAAAAAAAAOtj0EPwUAQhf-KzLnsKqu64iBu4oSbOKzt0G2qKztTkQi_3abi6Ob43vfem8wDLIMGxjuLytwM2eCuPOvZ0gRCnrd86k8hgSaGNr5llFE40CdTEyZQXKP_EtuuRREhaA5tJLcIJqM8VSqfZlIO1VilWRYT9puwhStAjyZqIKM4fm1HoPeP333qLi5bYn8RS98wNix2JV6QxNrXRizOwRRGrLbi88ygIngm_1k8YzCOusXD8w1y8dfTPAEAAA%3d%3d:1:49808)
    at dispatch (https://d1hjvew1n9ss7u.cloudfront.net/assets/shjs.js?t=639255987001545277:0:32701)
    at a (https://d1hjvew1n9ss7u.cloudfront.net/assets/shjs.js?t=639255987001545277:0:28480)
[  905393ms] [LOG] Banner não encontrado: banner-232 @ https://d1hjvew1n9ss7u.cloudfront.net/asset.axd?id=PAEAAB-LCAAAAAAAAAOtj0EPwUAQhf-KzLnsKqu64iBu4oSbOKzt0G2qKztTkQi_3abi6Ob43vfem8wDLIMGxjuLytwM2eCuPOvZ0gRCnrd86k8hgSaGNr5llFE40CdTEyZQXKP_EtuuRREhaA5tJLcIJqM8VSqfZlIO1VilWRYT9puwhStAjyZqIKM4fm1HoPeP333qLi5bYn8RS98wNix2JV6QxNrXRizOwRRGrLbi88ygIngm_1k8YzCOusXD8w1y8dfTPAEAAA%3d%3d:754
[  905435ms] [LOG] %c Widde Video Commerce %c v24604ee %c Build: 21/09/2026 20:39 %c border: 1px solid #2567f8; background: #2567f8; color: #fff; font-weight: bold; padding: 4px 8px; border-radius: 3px 0 0 0; border: 1px solid #2567f8; border-left: none; background: #FFF; color: #2567f8; font-weight: bold; padding: 4px 8px; border: 1px solid #2567f8; border-left: none; background: #f0f0f0; color: #333; font-weight: bold; padding: 4px 8px; border-radius: 0 3px 3px 0; background: transparent @ https://cdn.widde.io/assets/main.utzwjalemu.js:0
[  905539ms] [LOG] %c Tryon Widde.io %c %s %c border: 1px solid #2567f8; background: #2567f8; color: #fff; font-weight: bold; padding: 4px 8px; border-radius: 3px 0 0 3px; border: 1px solid #2567f8; background: #FFF; color: #2567f8; font-weight: bold; padding: 4px 8px; border-radius: 0 3px 3px 0; 47bf7c2 background: transparent @ https://cdn-tryon.widde.io/widde-tryon.js:86
[  905567ms] [LOG] [tryon-tracker] initialized {domain: www.lolacosmetics.com.br} @ https://cdn-tryon.widde.io/widde-tryon.js:8
[  911803ms] [WARNING] Error with Feature-Policy header: Some features are specified in both Feature-Policy and Permissions-Policy header: payment, fullscreen, microphone, camera. Values defined in Permissions-Policy header will be used. @ :0
[  912102ms] [ERROR] Failed to load resource: the server responded with a status of 500 () @ https://fonts.cdnfonts.com/css/leelawade:0
[  912359ms] [ERROR] Failed to load resource: the server responded with a status of 404 () @ https://lolacosmetics.admin.linxcommerce.com.br/Custom/Content/Themes/Lola/Styles/Fonts/FontAwesome/all.css:0
[  912445ms] [LOG] Banner não encontrado: banner-232 @ https://d1hjvew1n9ss7u.cloudfront.net/asset.axd?id=PAEAAB-LCAAAAAAAAAOtj0EPwUAQhf-KzLnsKqu64iBu4oSbOKzt0G2qKztTkQi_3abi6Ob43vfem8wDLIMGxjuLytwM2eCuPOvZ0gRCnrd86k8hgSaGNr5llFE40CdTEyZQXKP_EtuuRREhaA5tJLcIJqM8VSqfZlIO1VilWRYT9puwhStAjyZqIKM4fm1HoPeP333qLi5bYn8RS98wNix2JV6QxNrXRizOwRRGrLbi88ygIngm_1k8YzCOusXD8w1y8dfTPAEAAA%3d%3d:754
[  912446ms] [LOG] [Debug Carrinho] Polling ativo @ https://d1hjvew1n9ss7u.cloudfront.net/asset.axd?id=PAEAAB-LCAAAAAAAAAOtj0EPwUAQhf-KzLnsKqu64iBu4oSbOKzt0G2qKztTkQi_3abi6Ob43vfem8wDLIMGxjuLytwM2eCuPOvZ0gRCnrd86k8hgSaGNr5llFE40CdTEyZQXKP_EtuuRREhaA5tJLcIJqM8VSqfZlIO1VilWRYT9puwhStAjyZqIKM4fm1HoPeP333qLi5bYn8RS98wNix2JV6QxNrXRizOwRRGrLbi88ygIngm_1k8YzCOusXD8w1y8dfTPAEAAA%3d%3d:1790
[  912477ms] [WARNING] !! Há erros de scripts de terceiros !!
Por favor, contate a Empresa responsável pelo script.  @ https://d1hjvew1n9ss7u.cloudfront.net/assets/shjs.js?t=639255987001545277:0
[  912479ms] Uncaught Error: You must pass a string or Handlebars AST to Handlebars.compile. You passed null
    at e.compile (https://d1hjvew1n9ss7u.cloudfront.net/asset.axd?id=PAEAAB-LCAAAAAAAAAOtj0EPwUAQhf-KzLnsKqu64iBu4oSbOKzt0G2qKztTkQi_3abi6Ob43vfem8wDLIMGxjuLytwM2eCuPOvZ0gRCnrd86k8hgSaGNr5llFE40CdTEyZQXKP_EtuuRREhaA5tJLcIJqM8VSqfZlIO1VilWRYT9puwhStAjyZqIKM4fm1HoPeP333qLi5bYn8RS98wNix2JV6QxNrXRizOwRRGrLbi88ygIngm_1k8YzCOusXD8w1y8dfTPAEAAA%3d%3d:1794:49302)
    at i.compile (https://d1hjvew1n9ss7u.cloudfront.net/asset.axd?id=PAEAAB-LCAAAAAAAAAOtj0EPwUAQhf-KzLnsKqu64iBu4oSbOKzt0G2qKztTkQi_3abi6Ob43vfem8wDLIMGxjuLytwM2eCuPOvZ0gRCnrd86k8hgSaGNr5llFE40CdTEyZQXKP_EtuuRREhaA5tJLcIJqM8VSqfZlIO1VilWRYT9puwhStAjyZqIKM4fm1HoPeP333qLi5bYn8RS98wNix2JV6QxNrXRizOwRRGrLbi88ygIngm_1k8YzCOusXD8w1y8dfTPAEAAA%3d%3d:1794:343)
    at renderBasket (https://d1hjvew1n9ss7u.cloudfront.net/asset.axd?id=PAEAAB-LCAAAAAAAAAOtj0EPwUAQhf-KzLnsKqu64iBu4oSbOKzt0G2qKztTkQi_3abi6Ob43vfem8wDLIMGxjuLytwM2eCuPOvZ0gRCnrd86k8hgSaGNr5llFE40CdTEyZQXKP_EtuuRREhaA5tJLcIJqM8VSqfZlIO1VilWRYT9puwhStAjyZqIKM4fm1HoPeP333qLi5bYn8RS98wNix2JV6QxNrXRizOwRRGrLbi88ygIngm_1k8YzCOusXD8w1y8dfTPAEAAA%3d%3d:29:27)
    at <anonymous> (https://d1hjvew1n9ss7u.cloudfront.net/asset.axd?id=PAEAAB-LCAAAAAAAAAOtj0EPwUAQhf-KzLnsKqu64iBu4oSbOKzt0G2qKztTkQi_3abi6Ob43vfem8wDLIMGxjuLytwM2eCuPOvZ0gRCnrd86k8hgSaGNr5llFE40CdTEyZQXKP_EtuuRREhaA5tJLcIJqM8VSqfZlIO1VilWRYT9puwhStAjyZqIKM4fm1HoPeP333qLi5bYn8RS98wNix2JV6QxNrXRizOwRRGrLbi88ygIngm_1k8YzCOusXD8w1y8dfTPAEAAA%3d%3d:220:1)
    at f (https://d1hjvew1n9ss7u.cloudfront.net/assets/shjs.js?t=639255987001545277:0:10382)
    at fireWith (https://d1hjvew1n9ss7u.cloudfront.net/assets/shjs.js?t=639255987001545277:0:11137)
    at ready (https://d1hjvew1n9ss7u.cloudfront.net/assets/shjs.js?t=639255987001545277:0:5238)
    at r (https://d1hjvew1n9ss7u.cloudfront.net/assets/shjs.js?t=639255987001545277:0:9748)
[  912479ms] [VERBOSE] [DOM] Input elements should have autocomplete attributes (suggested: "current-password"): (More info: https://goo.gl/9p2vKq) %o @ https://www.lolacosmetics.com.br/trabalhe-conosco:0
[  912479ms] [VERBOSE] [DOM] Input elements should have autocomplete attributes (suggested: "current-password"): (More info: https://goo.gl/9p2vKq) %o @ https://www.lolacosmetics.com.br/trabalhe-conosco:0
[  912518ms] [ERROR] Failed to load resource: net::ERR_NAME_NOT_RESOLVED @ https://event.getblue.io/js/blue-tag.min.js:0
[  912646ms] [LOG] AffiseStorage availability: {cookie: true, localStorage: true, sessionStorage: true} @ https://rankmediabrasil.g2afse.com/websdk.js:0
[  912648ms] [LOG] Status RNK Media - ClickId: null UTM: null @ :3
[  912789ms] [WARNING] [Meta Pixel] - Invalid parameter format for currency. Please refer https://developers.facebook.com/docs/meta-pixel/reference/ for valid parameter specifications. @ https://connect.facebook.net/en_US/fbevents.js:203
[  915533ms] [LOG] %c Widde Video Commerce %c v24604ee %c Build: 21/09/2026 20:39 %c border: 1px solid #2567f8; background: #2567f8; color: #fff; font-weight: bold; padding: 4px 8px; border-radius: 3px 0 0 0; border: 1px solid #2567f8; border-left: none; background: #FFF; color: #2567f8; font-weight: bold; padding: 4px 8px; border: 1px solid #2567f8; border-left: none; background: #f0f0f0; color: #333; font-weight: bold; padding: 4px 8px; border-radius: 0 3px 3px 0; background: transparent @ https://cdn.widde.io/assets/main.utzwjalemu.js:0
[  915602ms] [LOG] %c Tryon Widde.io %c %s %c border: 1px solid #2567f8; background: #2567f8; color: #fff; font-weight: bold; padding: 4px 8px; border-radius: 3px 0 0 3px; border: 1px solid #2567f8; background: #FFF; color: #2567f8; font-weight: bold; padding: 4px 8px; border-radius: 0 3px 3px 0; 47bf7c2 background: transparent @ https://cdn-tryon.widde.io/widde-tryon.js:86
[  915628ms] [LOG] [tryon-tracker] initialized {domain: www.lolacosmetics.com.br} @ https://cdn-tryon.widde.io/widde-tryon.js:8
[  915878ms] Uncaught TypeError: Cannot read properties of undefined (reading 'replace')
    at validaFreteGratis (https://d1hjvew1n9ss7u.cloudfront.net/asset.axd?id=PAEAAB-LCAAAAAAAAAOtj0EPwUAQhf-KzLnsKqu64iBu4oSbOKzt0G2qKztTkQi_3abi6Ob43vfem8wDLIMGxjuLytwM2eCuPOvZ0gRCnrd86k8hgSaGNr5llFE40CdTEyZQXKP_EtuuRREhaA5tJLcIJqM8VSqfZlIO1VilWRYT9puwhStAjyZqIKM4fm1HoPeP333qLi5bYn8RS98wNix2JV6QxNrXRizOwRRGrLbi88ygIngm_1k8YzCOusXD8w1y8dfTPAEAAA%3d%3d:1:7633)
    at <anonymous> (https://d1hjvew1n9ss7u.cloudfront.net/asset.axd?id=PAEAAB-LCAAAAAAAAAOtj0EPwUAQhf-KzLnsKqu64iBu4oSbOKzt0G2qKztTkQi_3abi6Ob43vfem8wDLIMGxjuLytwM2eCuPOvZ0gRCnrd86k8hgSaGNr5llFE40CdTEyZQXKP_EtuuRREhaA5tJLcIJqM8VSqfZlIO1VilWRYT9puwhStAjyZqIKM4fm1HoPeP333qLi5bYn8RS98wNix2JV6QxNrXRizOwRRGrLbi88ygIngm_1k8YzCOusXD8w1y8dfTPAEAAA%3d%3d:1:49808)
    at dispatch (https://d1hjvew1n9ss7u.cloudfront.net/assets/shjs.js?t=639255987001545277:0:32701)
    at a (https://d1hjvew1n9ss7u.cloudfront.net/assets/shjs.js?t=639255987001545277:0:28480)
[  915867ms] [LOG] Banner não encontrado: banner-232 @ https://d1hjvew1n9ss7u.cloudfront.net/asset.axd?id=PAEAAB-LCAAAAAAAAAOtj0EPwUAQhf-KzLnsKqu64iBu4oSbOKzt0G2qKztTkQi_3abi6Ob43vfem8wDLIMGxjuLytwM2eCuPOvZ0gRCnrd86k8hgSaGNr5llFE40CdTEyZQXKP_EtuuRREhaA5tJLcIJqM8VSqfZlIO1VilWRYT9puwhStAjyZqIKM4fm1HoPeP333qLi5bYn8RS98wNix2JV6QxNrXRizOwRRGrLbi88ygIngm_1k8YzCOusXD8w1y8dfTPAEAAA%3d%3d:754
[  922756ms] [WARNING] Error with Feature-Policy header: Some features are specified in both Feature-Policy and Permissions-Policy header: payment, fullscreen, microphone, camera. Values defined in Permissions-Policy header will be used. @ :0
[  924374ms] [ERROR] Failed to load resource: the server responded with a status of 500 () @ https://fonts.cdnfonts.com/css/leelawade:0
[  924767ms] [ERROR] Failed to load resource: the server responded with a status of 404 () @ https://lolacosmetics.admin.linxcommerce.com.br/Custom/Content/Themes/Lola/Styles/Fonts/FontAwesome/all.css:0
[  924875ms] [LOG] Banner não encontrado: banner-232 @ https://d1hjvew1n9ss7u.cloudfront.net/asset.axd?id=PAEAAB-LCAAAAAAAAAOtj0EPwUAQhf-KzLnsKqu64iBu4oSbOKzt0G2qKztTkQi_3abi6Ob43vfem8wDLIMGxjuLytwM2eCuPOvZ0gRCnrd86k8hgSaGNr5llFE40CdTEyZQXKP_EtuuRREhaA5tJLcIJqM8VSqfZlIO1VilWRYT9puwhStAjyZqIKM4fm1HoPeP333qLi5bYn8RS98wNix2JV6QxNrXRizOwRRGrLbi88ygIngm_1k8YzCOusXD8w1y8dfTPAEAAA%3d%3d:754
[  924877ms] [LOG] [Debug Carrinho] Polling ativo @ https://d1hjvew1n9ss7u.cloudfront.net/asset.axd?id=PAEAAB-LCAAAAAAAAAOtj0EPwUAQhf-KzLnsKqu64iBu4oSbOKzt0G2qKztTkQi_3abi6Ob43vfem8wDLIMGxjuLytwM2eCuPOvZ0gRCnrd86k8hgSaGNr5llFE40CdTEyZQXKP_EtuuRREhaA5tJLcIJqM8VSqfZlIO1VilWRYT9puwhStAjyZqIKM4fm1HoPeP333qLi5bYn8RS98wNix2JV6QxNrXRizOwRRGrLbi88ygIngm_1k8YzCOusXD8w1y8dfTPAEAAA%3d%3d:1790
[  924916ms] [LOG] categoria @ https://d1hjvew1n9ss7u.cloudfront.net/asset.axd?id=PAEAAB-LCAAAAAAAAAOtj0EPwUAQhf-KzLnsKqu64iBu4oSbOKzt0G2qKztTkQi_3abi6Ob43vfem8wDLIMGxjuLytwM2eCuPOvZ0gRCnrd86k8hgSaGNr5llFE40CdTEyZQXKP_EtuuRREhaA5tJLcIJqM8VSqfZlIO1VilWRYT9puwhStAjyZqIKM4fm1HoPeP333qLi5bYn8RS98wNix2JV6QxNrXRizOwRRGrLbi88ygIngm_1k8YzCOusXD8w1y8dfTPAEAAA%3d%3d:1
[  924917ms] [WARNING] !! Há erros de scripts de terceiros !!
Por favor, contate a Empresa responsável pelo script.  @ https://d1hjvew1n9ss7u.cloudfront.net/assets/shjs.js?t=639255987001545277:0
[  924919ms] Uncaught Error: You must pass a string or Handlebars AST to Handlebars.compile. You passed null
    at e.compile (https://d1hjvew1n9ss7u.cloudfront.net/asset.axd?id=PAEAAB-LCAAAAAAAAAOtj0EPwUAQhf-KzLnsKqu64iBu4oSbOKzt0G2qKztTkQi_3abi6Ob43vfem8wDLIMGxjuLytwM2eCuPOvZ0gRCnrd86k8hgSaGNr5llFE40CdTEyZQXKP_EtuuRREhaA5tJLcIJqM8VSqfZlIO1VilWRYT9puwhStAjyZqIKM4fm1HoPeP333qLi5bYn8RS98wNix2JV6QxNrXRizOwRRGrLbi88ygIngm_1k8YzCOusXD8w1y8dfTPAEAAA%3d%3d:1794:49302)
    at i.compile (https://d1hjvew1n9ss7u.cloudfront.net/asset.axd?id=PAEAAB-LCAAAAAAAAAOtj0EPwUAQhf-KzLnsKqu64iBu4oSbOKzt0G2qKztTkQi_3abi6Ob43vfem8wDLIMGxjuLytwM2eCuPOvZ0gRCnrd86k8hgSaGNr5llFE40CdTEyZQXKP_EtuuRREhaA5tJLcIJqM8VSqfZlIO1VilWRYT9puwhStAjyZqIKM4fm1HoPeP333qLi5bYn8RS98wNix2JV6QxNrXRizOwRRGrLbi88ygIngm_1k8YzCOusXD8w1y8dfTPAEAAA%3d%3d:1794:343)
    at renderBasket (https://d1hjvew1n9ss7u.cloudfront.net/asset.axd?id=PAEAAB-LCAAAAAAAAAOtj0EPwUAQhf-KzLnsKqu64iBu4oSbOKzt0G2qKztTkQi_3abi6Ob43vfem8wDLIMGxjuLytwM2eCuPOvZ0gRCnrd86k8hgSaGNr5llFE40CdTEyZQXKP_EtuuRREhaA5tJLcIJqM8VSqfZlIO1VilWRYT9puwhStAjyZqIKM4fm1HoPeP333qLi5bYn8RS98wNix2JV6QxNrXRizOwRRGrLbi88ygIngm_1k8YzCOusXD8w1y8dfTPAEAAA%3d%3d:29:27)
    at <anonymous> (https://d1hjvew1n9ss7u.cloudfront.net/asset.axd?id=PAEAAB-LCAAAAAAAAAOtj0EPwUAQhf-KzLnsKqu64iBu4oSbOKzt0G2qKztTkQi_3abi6Ob43vfem8wDLIMGxjuLytwM2eCuPOvZ0gRCnrd86k8hgSaGNr5llFE40CdTEyZQXKP_EtuuRREhaA5tJLcIJqM8VSqfZlIO1VilWRYT9puwhStAjyZqIKM4fm1HoPeP333qLi5bYn8RS98wNix2JV6QxNrXRizOwRRGrLbi88ygIngm_1k8YzCOusXD8w1y8dfTPAEAAA%3d%3d:220:1)
    at f (https://d1hjvew1n9ss7u.cloudfront.net/assets/shjs.js?t=639255987001545277:0:10382)
    at fireWith (https://d1hjvew1n9ss7u.cloudfront.net/assets/shjs.js?t=639255987001545277:0:11137)
    at ready (https://d1hjvew1n9ss7u.cloudfront.net/assets/shjs.js?t=639255987001545277:0:5238)
    at r (https://d1hjvew1n9ss7u.cloudfront.net/assets/shjs.js?t=639255987001545277:0:9748)
[  924921ms] [VERBOSE] [DOM] Input elements should have autocomplete attributes (suggested: "current-password"): (More info: https://goo.gl/9p2vKq) %o @ https://www.lolacosmetics.com.br/tratamentos/brilho:0
[  924921ms] [VERBOSE] [DOM] Input elements should have autocomplete attributes (suggested: "current-password"): (More info: https://goo.gl/9p2vKq) %o @ https://www.lolacosmetics.com.br/tratamentos/brilho:0
[  924940ms] [ERROR] Failed to load resource: net::ERR_NAME_NOT_RESOLVED @ https://event.getblue.io/js/blue-tag.min.js:0
[  925094ms] [LOG] AffiseStorage availability: {cookie: true, localStorage: true, sessionStorage: true} @ https://rankmediabrasil.g2afse.com/websdk.js:0
[  925095ms] [LOG] Status RNK Media - ClickId: null UTM: null @ :3
[  925514ms] [INFO] É necessário definir o storeID no Plugin TrustVox @ https://d1hjvew1n9ss7u.cloudfront.net/asset.axd?id=_woAAB-LCAAAAAAAAAO9lsFunDAQhl-l4rw122w3m1D1lEfooYeqh8HMgrNgW_aYDYrSZ--EaFVgIZWK1aP9__b3Y3uwnxNJSZYQPlH6CC146ZSlLx9kBc4jfQ10_HiXbBLNpu-qKJG23FJJdoTa4yYpLAu_0m_9MM8SJhm5wErLwu3u_ma_v787bLef9p_3N4cDO-TFIQtVJNnudi-23Mgv3con2Y_n5fG-Jz4ET6ZJH4wm1JS-ZfOpamzgYKJBgkuq9FyIYb949MnL5l8JpTFljQI01B0p6YeUqbaO5DtP2AiHEizxhoh2N4TNyOt41pmj4vi1KZUekkZCRIYwEKhaJvVyHN4Za2kaFL4y1qKbY04s67i5M2evdCkkEJbGdQ3qMKTOGlZ_axEkCY_g5HRZB8o6iqxQnkwgkYM_Ic8ZmgZcVyEU43V917guA8_DM76uXg5aj7FTbR3pCJKjU2f5TGKL9ajcr8R4LOVpicRSDE7pTLDXjL470tkvneLflHE03qE5Pc7Jr5XmOla-mq7frCEis8FCgV8kvsnReaIFp4CU0X9F_3FGTMH3tafWPAkHrwW3mGHii5PAOiVxDtkLcRh56PJAZKa34Vj8DyyjUdZKntgUszanZXKtRqQtg1YxCuAXXfBQ8rtLSrQEenwuZg098-fLbwJGClv_CgAA:52
[  925521ms] Uncaught TypeError: Cannot read properties of undefined (reading 'replace')
    at validaFreteGratis (https://d1hjvew1n9ss7u.cloudfront.net/asset.axd?id=PAEAAB-LCAAAAAAAAAOtj0EPwUAQhf-KzLnsKqu64iBu4oSbOKzt0G2qKztTkQi_3abi6Ob43vfem8wDLIMGxjuLytwM2eCuPOvZ0gRCnrd86k8hgSaGNr5llFE40CdTEyZQXKP_EtuuRREhaA5tJLcIJqM8VSqfZlIO1VilWRYT9puwhStAjyZqIKM4fm1HoPeP333qLi5bYn8RS98wNix2JV6QxNrXRizOwRRGrLbi88ygIngm_1k8YzCOusXD8w1y8dfTPAEAAA%3d%3d:1:7633)
    at <anonymous> (https://d1hjvew1n9ss7u.cloudfront.net/asset.axd?id=PAEAAB-LCAAAAAAAAAOtj0EPwUAQhf-KzLnsKqu64iBu4oSbOKzt0G2qKztTkQi_3abi6Ob43vfem8wDLIMGxjuLytwM2eCuPOvZ0gRCnrd86k8hgSaGNr5llFE40CdTEyZQXKP_EtuuRREhaA5tJLcIJqM8VSqfZlIO1VilWRYT9puwhStAjyZqIKM4fm1HoPeP333qLi5bYn8RS98wNix2JV6QxNrXRizOwRRGrLbi88ygIngm_1k8YzCOusXD8w1y8dfTPAEAAA%3d%3d:1:49808)
    at dispatch (https://d1hjvew1n9ss7u.cloudfront.net/assets/shjs.js?t=639255987001545277:0:32701)
    at a (https://d1hjvew1n9ss7u.cloudfront.net/assets/shjs.js?t=639255987001545277:0:28480)
[  925519ms] [LOG] Banner não encontrado: banner-232 @ https://d1hjvew1n9ss7u.cloudfront.net/asset.axd?id=PAEAAB-LCAAAAAAAAAOtj0EPwUAQhf-KzLnsKqu64iBu4oSbOKzt0G2qKztTkQi_3abi6Ob43vfem8wDLIMGxjuLytwM2eCuPOvZ0gRCnrd86k8hgSaGNr5llFE40CdTEyZQXKP_EtuuRREhaA5tJLcIJqM8VSqfZlIO1VilWRYT9puwhStAjyZqIKM4fm1HoPeP333qLi5bYn8RS98wNix2JV6QxNrXRizOwRRGrLbi88ygIngm_1k8YzCOusXD8w1y8dfTPAEAAA%3d%3d:754
[  925559ms] [LOG] %c Widde Video Commerce %c v24604ee %c Build: 21/09/2026 20:39 %c border: 1px solid #2567f8; background: #2567f8; color: #fff; font-weight: bold; padding: 4px 8px; border-radius: 3px 0 0 0; border: 1px solid #2567f8; border-left: none; background: #FFF; color: #2567f8; font-weight: bold; padding: 4px 8px; border: 1px solid #2567f8; border-left: none; background: #f0f0f0; color: #333; font-weight: bold; padding: 4px 8px; border-radius: 0 3px 3px 0; background: transparent @ https://cdn.widde.io/assets/main.utzwjalemu.js:0
[  925616ms] [LOG] %c Tryon Widde.io %c %s %c border: 1px solid #2567f8; background: #2567f8; color: #fff; font-weight: bold; padding: 4px 8px; border-radius: 3px 0 0 3px; border: 1px solid #2567f8; background: #FFF; color: #2567f8; font-weight: bold; padding: 4px 8px; border-radius: 0 3px 3px 0; 47bf7c2 background: transparent @ https://cdn-tryon.widde.io/widde-tryon.js:86
[  925634ms] [LOG] [tryon-tracker] initialized {domain: www.lolacosmetics.com.br} @ https://cdn-tryon.widde.io/widde-tryon.js:8
[  933148ms] [WARNING] Error with Feature-Policy header: Some features are specified in both Feature-Policy and Permissions-Policy header: payment, fullscreen, microphone, camera. Values defined in Permissions-Policy header will be used. @ :0
[  933643ms] [ERROR] Failed to load resource: the server responded with a status of 500 () @ https://fonts.cdnfonts.com/css/leelawade:0
[  934089ms] [ERROR] Failed to load resource: the server responded with a status of 404 () @ https://lolacosmetics.admin.linxcommerce.com.br/Custom/Content/Themes/Lola/Styles/Fonts/FontAwesome/all.css:0
[  934290ms] [ERROR] Failed to load resource: net::ERR_NAME_NOT_RESOLVED @ https://event.getblue.io/js/blue-tag.min.js:0
[  934316ms] [LOG] Banner não encontrado: banner-232 @ https://d1hjvew1n9ss7u.cloudfront.net/asset.axd?id=PAEAAB-LCAAAAAAAAAOtj0EPwUAQhf-KzLnsKqu64iBu4oSbOKzt0G2qKztTkQi_3abi6Ob43vfem8wDLIMGxjuLytwM2eCuPOvZ0gRCnrd86k8hgSaGNr5llFE40CdTEyZQXKP_EtuuRREhaA5tJLcIJqM8VSqfZlIO1VilWRYT9puwhStAjyZqIKM4fm1HoPeP333qLi5bYn8RS98wNix2JV6QxNrXRizOwRRGrLbi88ygIngm_1k8YzCOusXD8w1y8dfTPAEAAA%3d%3d:754
[  934322ms] [LOG] [Debug Carrinho] Polling ativo @ https://d1hjvew1n9ss7u.cloudfront.net/asset.axd?id=PAEAAB-LCAAAAAAAAAOtj0EPwUAQhf-KzLnsKqu64iBu4oSbOKzt0G2qKztTkQi_3abi6Ob43vfem8wDLIMGxjuLytwM2eCuPOvZ0gRCnrd86k8hgSaGNr5llFE40CdTEyZQXKP_EtuuRREhaA5tJLcIJqM8VSqfZlIO1VilWRYT9puwhStAjyZqIKM4fm1HoPeP333qLi5bYn8RS98wNix2JV6QxNrXRizOwRRGrLbi88ygIngm_1k8YzCOusXD8w1y8dfTPAEAAA%3d%3d:1790
[  934411ms] [LOG] categoria @ https://d1hjvew1n9ss7u.cloudfront.net/asset.axd?id=PAEAAB-LCAAAAAAAAAOtj0EPwUAQhf-KzLnsKqu64iBu4oSbOKzt0G2qKztTkQi_3abi6Ob43vfem8wDLIMGxjuLytwM2eCuPOvZ0gRCnrd86k8hgSaGNr5llFE40CdTEyZQXKP_EtuuRREhaA5tJLcIJqM8VSqfZlIO1VilWRYT9puwhStAjyZqIKM4fm1HoPeP333qLi5bYn8RS98wNix2JV6QxNrXRizOwRRGrLbi88ygIngm_1k8YzCOusXD8w1y8dfTPAEAAA%3d%3d:1
[  934413ms] [WARNING] !! Há erros de scripts de terceiros !!
Por favor, contate a Empresa responsável pelo script.  @ https://d1hjvew1n9ss7u.cloudfront.net/assets/shjs.js?t=639255987001545277:0
[  934434ms] Uncaught Error: You must pass a string or Handlebars AST to Handlebars.compile. You passed null
    at e.compile (https://d1hjvew1n9ss7u.cloudfront.net/asset.axd?id=PAEAAB-LCAAAAAAAAAOtj0EPwUAQhf-KzLnsKqu64iBu4oSbOKzt0G2qKztTkQi_3abi6Ob43vfem8wDLIMGxjuLytwM2eCuPOvZ0gRCnrd86k8hgSaGNr5llFE40CdTEyZQXKP_EtuuRREhaA5tJLcIJqM8VSqfZlIO1VilWRYT9puwhStAjyZqIKM4fm1HoPeP333qLi5bYn8RS98wNix2JV6QxNrXRizOwRRGrLbi88ygIngm_1k8YzCOusXD8w1y8dfTPAEAAA%3d%3d:1794:49302)
    at i.compile (https://d1hjvew1n9ss7u.cloudfront.net/asset.axd?id=PAEAAB-LCAAAAAAAAAOtj0EPwUAQhf-KzLnsKqu64iBu4oSbOKzt0G2qKztTkQi_3abi6Ob43vfem8wDLIMGxjuLytwM2eCuPOvZ0gRCnrd86k8hgSaGNr5llFE40CdTEyZQXKP_EtuuRREhaA5tJLcIJqM8VSqfZlIO1VilWRYT9puwhStAjyZqIKM4fm1HoPeP333qLi5bYn8RS98wNix2JV6QxNrXRizOwRRGrLbi88ygIngm_1k8YzCOusXD8w1y8dfTPAEAAA%3d%3d:1794:343)
    at renderBasket (https://d1hjvew1n9ss7u.cloudfront.net/asset.axd?id=PAEAAB-LCAAAAAAAAAOtj0EPwUAQhf-KzLnsKqu64iBu4oSbOKzt0G2qKztTkQi_3abi6Ob43vfem8wDLIMGxjuLytwM2eCuPOvZ0gRCnrd86k8hgSaGNr5llFE40CdTEyZQXKP_EtuuRREhaA5tJLcIJqM8VSqfZlIO1VilWRYT9puwhStAjyZqIKM4fm1HoPeP333qLi5bYn8RS98wNix2JV6QxNrXRizOwRRGrLbi88ygIngm_1k8YzCOusXD8w1y8dfTPAEAAA%3d%3d:29:27)
    at <anonymous> (https://d1hjvew1n9ss7u.cloudfront.net/asset.axd?id=PAEAAB-LCAAAAAAAAAOtj0EPwUAQhf-KzLnsKqu64iBu4oSbOKzt0G2qKztTkQi_3abi6Ob43vfem8wDLIMGxjuLytwM2eCuPOvZ0gRCnrd86k8hgSaGNr5llFE40CdTEyZQXKP_EtuuRREhaA5tJLcIJqM8VSqfZlIO1VilWRYT9puwhStAjyZqIKM4fm1HoPeP333qLi5bYn8RS98wNix2JV6QxNrXRizOwRRGrLbi88ygIngm_1k8YzCOusXD8w1y8dfTPAEAAA%3d%3d:220:1)
    at f (https://d1hjvew1n9ss7u.cloudfront.net/assets/shjs.js?t=639255987001545277:0:10382)
    at fireWith (https://d1hjvew1n9ss7u.cloudfront.net/assets/shjs.js?t=639255987001545277:0:11137)
    at ready (https://d1hjvew1n9ss7u.cloudfront.net/assets/shjs.js?t=639255987001545277:0:5238)
    at r (https://d1hjvew1n9ss7u.cloudfront.net/assets/shjs.js?t=639255987001545277:0:9748)
[  934421ms] [VERBOSE] [DOM] Input elements should have autocomplete attributes (suggested: "current-password"): (More info: https://goo.gl/9p2vKq) %o @ https://www.lolacosmetics.com.br/tratamentos/cronograma-capilar/hidratacao:0
[  934422ms] [VERBOSE] [DOM] Input elements should have autocomplete attributes (suggested: "current-password"): (More info: https://goo.gl/9p2vKq) %o @ https://www.lolacosmetics.com.br/tratamentos/cronograma-capilar/hidratacao:0
[  934513ms] [LOG] AffiseStorage availability: {cookie: true, localStorage: true, sessionStorage: true} @ https://rankmediabrasil.g2afse.com/websdk.js:0
[  934520ms] [LOG] Status RNK Media - ClickId: null UTM: null @ :3
[  934921ms] [WARNING] [Meta Pixel] - Invalid parameter format for currency. Please refer https://developers.facebook.com/docs/meta-pixel/reference/ for valid parameter specifications. @ https://connect.facebook.net/en_US/fbevents.js:203
[  935268ms] [INFO] É necessário definir o storeID no Plugin TrustVox @ https://d1hjvew1n9ss7u.cloudfront.net/asset.axd?id=_woAAB-LCAAAAAAAAAO9lsFunDAQhl-l4rw122w3m1D1lEfooYeqh8HMgrNgW_aYDYrSZ--EaFVgIZWK1aP9__b3Y3uwnxNJSZYQPlH6CC146ZSlLx9kBc4jfQ10_HiXbBLNpu-qKJG23FJJdoTa4yYpLAu_0m_9MM8SJhm5wErLwu3u_ma_v787bLef9p_3N4cDO-TFIQtVJNnudi-23Mgv3con2Y_n5fG-Jz4ET6ZJH4wm1JS-ZfOpamzgYKJBgkuq9FyIYb949MnL5l8JpTFljQI01B0p6YeUqbaO5DtP2AiHEizxhoh2N4TNyOt41pmj4vi1KZUekkZCRIYwEKhaJvVyHN4Za2kaFL4y1qKbY04s67i5M2evdCkkEJbGdQ3qMKTOGlZ_axEkCY_g5HRZB8o6iqxQnkwgkYM_Ic8ZmgZcVyEU43V917guA8_DM76uXg5aj7FTbR3pCJKjU2f5TGKL9ajcr8R4LOVpicRSDE7pTLDXjL470tkvneLflHE03qE5Pc7Jr5XmOla-mq7frCEis8FCgV8kvsnReaIFp4CU0X9F_3FGTMH3tafWPAkHrwW3mGHii5PAOiVxDtkLcRh56PJAZKa34Vj8DyyjUdZKntgUszanZXKtRqQtg1YxCuAXXfBQ8rtLSrQEenwuZg098-fLbwJGClv_CgAA:52
[  935275ms] Uncaught TypeError: Cannot read properties of undefined (reading 'replace')
    at validaFreteGratis (https://d1hjvew1n9ss7u.cloudfront.net/asset.axd?id=PAEAAB-LCAAAAAAAAAOtj0EPwUAQhf-KzLnsKqu64iBu4oSbOKzt0G2qKztTkQi_3abi6Ob43vfem8wDLIMGxjuLytwM2eCuPOvZ0gRCnrd86k8hgSaGNr5llFE40CdTEyZQXKP_EtuuRREhaA5tJLcIJqM8VSqfZlIO1VilWRYT9puwhStAjyZqIKM4fm1HoPeP333qLi5bYn8RS98wNix2JV6QxNrXRizOwRRGrLbi88ygIngm_1k8YzCOusXD8w1y8dfTPAEAAA%3d%3d:1:7633)
    at <anonymous> (https://d1hjvew1n9ss7u.cloudfront.net/asset.axd?id=PAEAAB-LCAAAAAAAAAOtj0EPwUAQhf-KzLnsKqu64iBu4oSbOKzt0G2qKztTkQi_3abi6Ob43vfem8wDLIMGxjuLytwM2eCuPOvZ0gRCnrd86k8hgSaGNr5llFE40CdTEyZQXKP_EtuuRREhaA5tJLcIJqM8VSqfZlIO1VilWRYT9puwhStAjyZqIKM4fm1HoPeP333qLi5bYn8RS98wNix2JV6QxNrXRizOwRRGrLbi88ygIngm_1k8YzCOusXD8w1y8dfTPAEAAA%3d%3d:1:49808)
    at dispatch (https://d1hjvew1n9ss7u.cloudfront.net/assets/shjs.js?t=639255987001545277:0:32701)
    at a (https://d1hjvew1n9ss7u.cloudfront.net/assets/shjs.js?t=639255987001545277:0:28480)
[  935273ms] [LOG] Banner não encontrado: banner-232 @ https://d1hjvew1n9ss7u.cloudfront.net/asset.axd?id=PAEAAB-LCAAAAAAAAAOtj0EPwUAQhf-KzLnsKqu64iBu4oSbOKzt0G2qKztTkQi_3abi6Ob43vfem8wDLIMGxjuLytwM2eCuPOvZ0gRCnrd86k8hgSaGNr5llFE40CdTEyZQXKP_EtuuRREhaA5tJLcIJqM8VSqfZlIO1VilWRYT9puwhStAjyZqIKM4fm1HoPeP333qLi5bYn8RS98wNix2JV6QxNrXRizOwRRGrLbi88ygIngm_1k8YzCOusXD8w1y8dfTPAEAAA%3d%3d:754
[  935319ms] [LOG] %c Widde Video Commerce %c v24604ee %c Build: 21/09/2026 20:39 %c border: 1px solid #2567f8; background: #2567f8; color: #fff; font-weight: bold; padding: 4px 8px; border-radius: 3px 0 0 0; border: 1px solid #2567f8; border-left: none; background: #FFF; color: #2567f8; font-weight: bold; padding: 4px 8px; border: 1px solid #2567f8; border-left: none; background: #f0f0f0; color: #333; font-weight: bold; padding: 4px 8px; border-radius: 0 3px 3px 0; background: transparent @ https://cdn.widde.io/assets/main.utzwjalemu.js:0
[  935402ms] [LOG] %c Tryon Widde.io %c %s %c border: 1px solid #2567f8; background: #2567f8; color: #fff; font-weight: bold; padding: 4px 8px; border-radius: 3px 0 0 3px; border: 1px solid #2567f8; background: #FFF; color: #2567f8; font-weight: bold; padding: 4px 8px; border-radius: 0 3px 3px 0; 47bf7c2 background: transparent @ https://cdn-tryon.widde.io/widde-tryon.js:86
[  935423ms] [LOG] [tryon-tracker] initialized {domain: www.lolacosmetics.com.br} @ https://cdn-tryon.widde.io/widde-tryon.js:8
[  941739ms] [WARNING] Error with Feature-Policy header: Some features are specified in both Feature-Policy and Permissions-Policy header: payment, fullscreen, microphone, camera. Values defined in Permissions-Policy header will be used. @ :0
[  942171ms] [ERROR] Failed to load resource: the server responded with a status of 500 () @ https://fonts.cdnfonts.com/css/leelawade:0
[  942398ms] [ERROR] Failed to load resource: the server responded with a status of 404 () @ https://lolacosmetics.admin.linxcommerce.com.br/Custom/Content/Themes/Lola/Styles/Fonts/FontAwesome/all.css:0
[  942495ms] [LOG] Banner não encontrado: banner-232 @ https://d1hjvew1n9ss7u.cloudfront.net/asset.axd?id=PAEAAB-LCAAAAAAAAAOtj0EPwUAQhf-KzLnsKqu64iBu4oSbOKzt0G2qKztTkQi_3abi6Ob43vfem8wDLIMGxjuLytwM2eCuPOvZ0gRCnrd86k8hgSaGNr5llFE40CdTEyZQXKP_EtuuRREhaA5tJLcIJqM8VSqfZlIO1VilWRYT9puwhStAjyZqIKM4fm1HoPeP333qLi5bYn8RS98wNix2JV6QxNrXRizOwRRGrLbi88ygIngm_1k8YzCOusXD8w1y8dfTPAEAAA%3d%3d:754
[  942497ms] [LOG] [Debug Carrinho] Polling ativo @ https://d1hjvew1n9ss7u.cloudfront.net/asset.axd?id=PAEAAB-LCAAAAAAAAAOtj0EPwUAQhf-KzLnsKqu64iBu4oSbOKzt0G2qKztTkQi_3abi6Ob43vfem8wDLIMGxjuLytwM2eCuPOvZ0gRCnrd86k8hgSaGNr5llFE40CdTEyZQXKP_EtuuRREhaA5tJLcIJqM8VSqfZlIO1VilWRYT9puwhStAjyZqIKM4fm1HoPeP333qLi5bYn8RS98wNix2JV6QxNrXRizOwRRGrLbi88ygIngm_1k8YzCOusXD8w1y8dfTPAEAAA%3d%3d:1790
[  942554ms] [LOG] categoria @ https://d1hjvew1n9ss7u.cloudfront.net/asset.axd?id=PAEAAB-LCAAAAAAAAAOtj0EPwUAQhf-KzLnsKqu64iBu4oSbOKzt0G2qKztTkQi_3abi6Ob43vfem8wDLIMGxjuLytwM2eCuPOvZ0gRCnrd86k8hgSaGNr5llFE40CdTEyZQXKP_EtuuRREhaA5tJLcIJqM8VSqfZlIO1VilWRYT9puwhStAjyZqIKM4fm1HoPeP333qLi5bYn8RS98wNix2JV6QxNrXRizOwRRGrLbi88ygIngm_1k8YzCOusXD8w1y8dfTPAEAAA%3d%3d:1
[  942555ms] [WARNING] !! Há erros de scripts de terceiros !!
Por favor, contate a Empresa responsável pelo script.  @ https://d1hjvew1n9ss7u.cloudfront.net/assets/shjs.js?t=639255987001545277:0
[  942562ms] Uncaught Error: You must pass a string or Handlebars AST to Handlebars.compile. You passed null
    at e.compile (https://d1hjvew1n9ss7u.cloudfront.net/asset.axd?id=PAEAAB-LCAAAAAAAAAOtj0EPwUAQhf-KzLnsKqu64iBu4oSbOKzt0G2qKztTkQi_3abi6Ob43vfem8wDLIMGxjuLytwM2eCuPOvZ0gRCnrd86k8hgSaGNr5llFE40CdTEyZQXKP_EtuuRREhaA5tJLcIJqM8VSqfZlIO1VilWRYT9puwhStAjyZqIKM4fm1HoPeP333qLi5bYn8RS98wNix2JV6QxNrXRizOwRRGrLbi88ygIngm_1k8YzCOusXD8w1y8dfTPAEAAA%3d%3d:1794:49302)
    at i.compile (https://d1hjvew1n9ss7u.cloudfront.net/asset.axd?id=PAEAAB-LCAAAAAAAAAOtj0EPwUAQhf-KzLnsKqu64iBu4oSbOKzt0G2qKztTkQi_3abi6Ob43vfem8wDLIMGxjuLytwM2eCuPOvZ0gRCnrd86k8hgSaGNr5llFE40CdTEyZQXKP_EtuuRREhaA5tJLcIJqM8VSqfZlIO1VilWRYT9puwhStAjyZqIKM4fm1HoPeP333qLi5bYn8RS98wNix2JV6QxNrXRizOwRRGrLbi88ygIngm_1k8YzCOusXD8w1y8dfTPAEAAA%3d%3d:1794:343)
    at renderBasket (https://d1hjvew1n9ss7u.cloudfront.net/asset.axd?id=PAEAAB-LCAAAAAAAAAOtj0EPwUAQhf-KzLnsKqu64iBu4oSbOKzt0G2qKztTkQi_3abi6Ob43vfem8wDLIMGxjuLytwM2eCuPOvZ0gRCnrd86k8hgSaGNr5llFE40CdTEyZQXKP_EtuuRREhaA5tJLcIJqM8VSqfZlIO1VilWRYT9puwhStAjyZqIKM4fm1HoPeP333qLi5bYn8RS98wNix2JV6QxNrXRizOwRRGrLbi88ygIngm_1k8YzCOusXD8w1y8dfTPAEAAA%3d%3d:29:27)
    at <anonymous> (https://d1hjvew1n9ss7u.cloudfront.net/asset.axd?id=PAEAAB-LCAAAAAAAAAOtj0EPwUAQhf-KzLnsKqu64iBu4oSbOKzt0G2qKztTkQi_3abi6Ob43vfem8wDLIMGxjuLytwM2eCuPOvZ0gRCnrd86k8hgSaGNr5llFE40CdTEyZQXKP_EtuuRREhaA5tJLcIJqM8VSqfZlIO1VilWRYT9puwhStAjyZqIKM4fm1HoPeP333qLi5bYn8RS98wNix2JV6QxNrXRizOwRRGrLbi88ygIngm_1k8YzCOusXD8w1y8dfTPAEAAA%3d%3d:220:1)
    at f (https://d1hjvew1n9ss7u.cloudfront.net/assets/shjs.js?t=639255987001545277:0:10382)
    at fireWith (https://d1hjvew1n9ss7u.cloudfront.net/assets/shjs.js?t=639255987001545277:0:11137)
    at ready (https://d1hjvew1n9ss7u.cloudfront.net/assets/shjs.js?t=639255987001545277:0:5238)
    at r (https://d1hjvew1n9ss7u.cloudfront.net/assets/shjs.js?t=639255987001545277:0:9748)
[  942559ms] [VERBOSE] [DOM] Input elements should have autocomplete attributes (suggested: "current-password"): (More info: https://goo.gl/9p2vKq) %o @ https://www.lolacosmetics.com.br/tratamentos/cronograma-capilar/nutricao:0
[  942559ms] [VERBOSE] [DOM] Input elements should have autocomplete attributes (suggested: "current-password"): (More info: https://goo.gl/9p2vKq) %o @ https://www.lolacosmetics.com.br/tratamentos/cronograma-capilar/nutricao:0
[  942579ms] [ERROR] Failed to load resource: net::ERR_NAME_NOT_RESOLVED @ https://event.getblue.io/js/blue-tag.min.js:0
[  942755ms] [LOG] AffiseStorage availability: {cookie: true, localStorage: true, sessionStorage: true} @ https://rankmediabrasil.g2afse.com/websdk.js:0
[  942756ms] [LOG] Status RNK Media - ClickId: null UTM: null @ :3
[  942930ms] [WARNING] [Meta Pixel] - Invalid parameter format for currency. Please refer https://developers.facebook.com/docs/meta-pixel/reference/ for valid parameter specifications. @ https://connect.facebook.net/en_US/fbevents.js:203
[  943640ms] [INFO] É necessário definir o storeID no Plugin TrustVox @ https://d1hjvew1n9ss7u.cloudfront.net/asset.axd?id=_woAAB-LCAAAAAAAAAO9lsFunDAQhl-l4rw122w3m1D1lEfooYeqh8HMgrNgW_aYDYrSZ--EaFVgIZWK1aP9__b3Y3uwnxNJSZYQPlH6CC146ZSlLx9kBc4jfQ10_HiXbBLNpu-qKJG23FJJdoTa4yYpLAu_0m_9MM8SJhm5wErLwu3u_ma_v787bLef9p_3N4cDO-TFIQtVJNnudi-23Mgv3con2Y_n5fG-Jz4ET6ZJH4wm1JS-ZfOpamzgYKJBgkuq9FyIYb949MnL5l8JpTFljQI01B0p6YeUqbaO5DtP2AiHEizxhoh2N4TNyOt41pmj4vi1KZUekkZCRIYwEKhaJvVyHN4Za2kaFL4y1qKbY04s67i5M2evdCkkEJbGdQ3qMKTOGlZ_axEkCY_g5HRZB8o6iqxQnkwgkYM_Ic8ZmgZcVyEU43V917guA8_DM76uXg5aj7FTbR3pCJKjU2f5TGKL9ajcr8R4LOVpicRSDE7pTLDXjL470tkvneLflHE03qE5Pc7Jr5XmOla-mq7frCEis8FCgV8kvsnReaIFp4CU0X9F_3FGTMH3tafWPAkHrwW3mGHii5PAOiVxDtkLcRh56PJAZKa34Vj8DyyjUdZKntgUszanZXKtRqQtg1YxCuAXXfBQ8rtLSrQEenwuZg098-fLbwJGClv_CgAA:52
[  943652ms] Uncaught TypeError: Cannot read properties of undefined (reading 'replace')
    at validaFreteGratis (https://d1hjvew1n9ss7u.cloudfront.net/asset.axd?id=PAEAAB-LCAAAAAAAAAOtj0EPwUAQhf-KzLnsKqu64iBu4oSbOKzt0G2qKztTkQi_3abi6Ob43vfem8wDLIMGxjuLytwM2eCuPOvZ0gRCnrd86k8hgSaGNr5llFE40CdTEyZQXKP_EtuuRREhaA5tJLcIJqM8VSqfZlIO1VilWRYT9puwhStAjyZqIKM4fm1HoPeP333qLi5bYn8RS98wNix2JV6QxNrXRizOwRRGrLbi88ygIngm_1k8YzCOusXD8w1y8dfTPAEAAA%3d%3d:1:7633)
    at <anonymous> (https://d1hjvew1n9ss7u.cloudfront.net/asset.axd?id=PAEAAB-LCAAAAAAAAAOtj0EPwUAQhf-KzLnsKqu64iBu4oSbOKzt0G2qKztTkQi_3abi6Ob43vfem8wDLIMGxjuLytwM2eCuPOvZ0gRCnrd86k8hgSaGNr5llFE40CdTEyZQXKP_EtuuRREhaA5tJLcIJqM8VSqfZlIO1VilWRYT9puwhStAjyZqIKM4fm1HoPeP333qLi5bYn8RS98wNix2JV6QxNrXRizOwRRGrLbi88ygIngm_1k8YzCOusXD8w1y8dfTPAEAAA%3d%3d:1:49808)
    at dispatch (https://d1hjvew1n9ss7u.cloudfront.net/assets/shjs.js?t=639255987001545277:0:32701)
    at a (https://d1hjvew1n9ss7u.cloudfront.net/assets/shjs.js?t=639255987001545277:0:28480)
[  943650ms] [LOG] Banner não encontrado: banner-232 @ https://d1hjvew1n9ss7u.cloudfront.net/asset.axd?id=PAEAAB-LCAAAAAAAAAOtj0EPwUAQhf-KzLnsKqu64iBu4oSbOKzt0G2qKztTkQi_3abi6Ob43vfem8wDLIMGxjuLytwM2eCuPOvZ0gRCnrd86k8hgSaGNr5llFE40CdTEyZQXKP_EtuuRREhaA5tJLcIJqM8VSqfZlIO1VilWRYT9puwhStAjyZqIKM4fm1HoPeP333qLi5bYn8RS98wNix2JV6QxNrXRizOwRRGrLbi88ygIngm_1k8YzCOusXD8w1y8dfTPAEAAA%3d%3d:754
[  944081ms] [LOG] %c Widde Video Commerce %c v24604ee %c Build: 21/09/2026 20:39 %c border: 1px solid #2567f8; background: #2567f8; color: #fff; font-weight: bold; padding: 4px 8px; border-radius: 3px 0 0 0; border: 1px solid #2567f8; border-left: none; background: #FFF; color: #2567f8; font-weight: bold; padding: 4px 8px; border: 1px solid #2567f8; border-left: none; background: #f0f0f0; color: #333; font-weight: bold; padding: 4px 8px; border-radius: 0 3px 3px 0; background: transparent @ https://cdn.widde.io/assets/main.utzwjalemu.js:0
[  944508ms] [LOG] %c Tryon Widde.io %c %s %c border: 1px solid #2567f8; background: #2567f8; color: #fff; font-weight: bold; padding: 4px 8px; border-radius: 3px 0 0 3px; border: 1px solid #2567f8; background: #FFF; color: #2567f8; font-weight: bold; padding: 4px 8px; border-radius: 0 3px 3px 0; 47bf7c2 background: transparent @ https://cdn-tryon.widde.io/widde-tryon.js:86
[  944528ms] [LOG] [tryon-tracker] initialized {domain: www.lolacosmetics.com.br} @ https://cdn-tryon.widde.io/widde-tryon.js:8
[  950272ms] [WARNING] Error with Feature-Policy header: Some features are specified in both Feature-Policy and Permissions-Policy header: payment, fullscreen, microphone, camera. Values defined in Permissions-Policy header will be used. @ :0
[  950651ms] [ERROR] Failed to load resource: the server responded with a status of 500 () @ https://fonts.cdnfonts.com/css/leelawade:0
[  950935ms] [ERROR] Failed to load resource: the server responded with a status of 404 () @ https://lolacosmetics.admin.linxcommerce.com.br/Custom/Content/Themes/Lola/Styles/Fonts/FontAwesome/all.css:0
[  951046ms] [LOG] Banner não encontrado: banner-232 @ https://d1hjvew1n9ss7u.cloudfront.net/asset.axd?id=PAEAAB-LCAAAAAAAAAOtj0EPwUAQhf-KzLnsKqu64iBu4oSbOKzt0G2qKztTkQi_3abi6Ob43vfem8wDLIMGxjuLytwM2eCuPOvZ0gRCnrd86k8hgSaGNr5llFE40CdTEyZQXKP_EtuuRREhaA5tJLcIJqM8VSqfZlIO1VilWRYT9puwhStAjyZqIKM4fm1HoPeP333qLi5bYn8RS98wNix2JV6QxNrXRizOwRRGrLbi88ygIngm_1k8YzCOusXD8w1y8dfTPAEAAA%3d%3d:754
[  951047ms] [LOG] [Debug Carrinho] Polling ativo @ https://d1hjvew1n9ss7u.cloudfront.net/asset.axd?id=PAEAAB-LCAAAAAAAAAOtj0EPwUAQhf-KzLnsKqu64iBu4oSbOKzt0G2qKztTkQi_3abi6Ob43vfem8wDLIMGxjuLytwM2eCuPOvZ0gRCnrd86k8hgSaGNr5llFE40CdTEyZQXKP_EtuuRREhaA5tJLcIJqM8VSqfZlIO1VilWRYT9puwhStAjyZqIKM4fm1HoPeP333qLi5bYn8RS98wNix2JV6QxNrXRizOwRRGrLbi88ygIngm_1k8YzCOusXD8w1y8dfTPAEAAA%3d%3d:1790
[  951102ms] [LOG] categoria @ https://d1hjvew1n9ss7u.cloudfront.net/asset.axd?id=PAEAAB-LCAAAAAAAAAOtj0EPwUAQhf-KzLnsKqu64iBu4oSbOKzt0G2qKztTkQi_3abi6Ob43vfem8wDLIMGxjuLytwM2eCuPOvZ0gRCnrd86k8hgSaGNr5llFE40CdTEyZQXKP_EtuuRREhaA5tJLcIJqM8VSqfZlIO1VilWRYT9puwhStAjyZqIKM4fm1HoPeP333qLi5bYn8RS98wNix2JV6QxNrXRizOwRRGrLbi88ygIngm_1k8YzCOusXD8w1y8dfTPAEAAA%3d%3d:1
[  951103ms] [WARNING] !! Há erros de scripts de terceiros !!
Por favor, contate a Empresa responsável pelo script.  @ https://d1hjvew1n9ss7u.cloudfront.net/assets/shjs.js?t=639255987001545277:0
[  951193ms] Uncaught Error: You must pass a string or Handlebars AST to Handlebars.compile. You passed null
    at e.compile (https://d1hjvew1n9ss7u.cloudfront.net/asset.axd?id=PAEAAB-LCAAAAAAAAAOtj0EPwUAQhf-KzLnsKqu64iBu4oSbOKzt0G2qKztTkQi_3abi6Ob43vfem8wDLIMGxjuLytwM2eCuPOvZ0gRCnrd86k8hgSaGNr5llFE40CdTEyZQXKP_EtuuRREhaA5tJLcIJqM8VSqfZlIO1VilWRYT9puwhStAjyZqIKM4fm1HoPeP333qLi5bYn8RS98wNix2JV6QxNrXRizOwRRGrLbi88ygIngm_1k8YzCOusXD8w1y8dfTPAEAAA%3d%3d:1794:49302)
    at i.compile (https://d1hjvew1n9ss7u.cloudfront.net/asset.axd?id=PAEAAB-LCAAAAAAAAAOtj0EPwUAQhf-KzLnsKqu64iBu4oSbOKzt0G2qKztTkQi_3abi6Ob43vfem8wDLIMGxjuLytwM2eCuPOvZ0gRCnrd86k8hgSaGNr5llFE40CdTEyZQXKP_EtuuRREhaA5tJLcIJqM8VSqfZlIO1VilWRYT9puwhStAjyZqIKM4fm1HoPeP333qLi5bYn8RS98wNix2JV6QxNrXRizOwRRGrLbi88ygIngm_1k8YzCOusXD8w1y8dfTPAEAAA%3d%3d:1794:343)
    at renderBasket (https://d1hjvew1n9ss7u.cloudfront.net/asset.axd?id=PAEAAB-LCAAAAAAAAAOtj0EPwUAQhf-KzLnsKqu64iBu4oSbOKzt0G2qKztTkQi_3abi6Ob43vfem8wDLIMGxjuLytwM2eCuPOvZ0gRCnrd86k8hgSaGNr5llFE40CdTEyZQXKP_EtuuRREhaA5tJLcIJqM8VSqfZlIO1VilWRYT9puwhStAjyZqIKM4fm1HoPeP333qLi5bYn8RS98wNix2JV6QxNrXRizOwRRGrLbi88ygIngm_1k8YzCOusXD8w1y8dfTPAEAAA%3d%3d:29:27)
    at <anonymous> (https://d1hjvew1n9ss7u.cloudfront.net/asset.axd?id=PAEAAB-LCAAAAAAAAAOtj0EPwUAQhf-KzLnsKqu64iBu4oSbOKzt0G2qKztTkQi_3abi6Ob43vfem8wDLIMGxjuLytwM2eCuPOvZ0gRCnrd86k8hgSaGNr5llFE40CdTEyZQXKP_EtuuRREhaA5tJLcIJqM8VSqfZlIO1VilWRYT9puwhStAjyZqIKM4fm1HoPeP333qLi5bYn8RS98wNix2JV6QxNrXRizOwRRGrLbi88ygIngm_1k8YzCOusXD8w1y8dfTPAEAAA%3d%3d:220:1)
    at f (https://d1hjvew1n9ss7u.cloudfront.net/assets/shjs.js?t=639255987001545277:0:10382)
    at fireWith (https://d1hjvew1n9ss7u.cloudfront.net/assets/shjs.js?t=639255987001545277:0:11137)
    at ready (https://d1hjvew1n9ss7u.cloudfront.net/assets/shjs.js?t=639255987001545277:0:5238)
    at r (https://d1hjvew1n9ss7u.cloudfront.net/assets/shjs.js?t=639255987001545277:0:9748)
[  951111ms] [VERBOSE] [DOM] Input elements should have autocomplete attributes (suggested: "current-password"): (More info: https://goo.gl/9p2vKq) %o @ https://www.lolacosmetics.com.br/tratamentos/cronograma-capilar/reconstrucao:0
[  951111ms] [VERBOSE] [DOM] Input elements should have autocomplete attributes (suggested: "current-password"): (More info: https://goo.gl/9p2vKq) %o @ https://www.lolacosmetics.com.br/tratamentos/cronograma-capilar/reconstrucao:0
[  951156ms] [ERROR] Failed to load resource: net::ERR_NAME_NOT_RESOLVED @ https://event.getblue.io/js/blue-tag.min.js:0
[  951344ms] [LOG] AffiseStorage availability: {cookie: true, localStorage: true, sessionStorage: true} @ https://rankmediabrasil.g2afse.com/websdk.js:0
[  951345ms] [LOG] Status RNK Media - ClickId: null UTM: null @ :3
[  951473ms] [WARNING] [Meta Pixel] - Invalid parameter format for currency. Please refer https://developers.facebook.com/docs/meta-pixel/reference/ for valid parameter specifications. @ https://connect.facebook.net/en_US/fbevents.js:203
[  951799ms] [INFO] É necessário definir o storeID no Plugin TrustVox @ https://d1hjvew1n9ss7u.cloudfront.net/asset.axd?id=_woAAB-LCAAAAAAAAAO9lsFunDAQhl-l4rw122w3m1D1lEfooYeqh8HMgrNgW_aYDYrSZ--EaFVgIZWK1aP9__b3Y3uwnxNJSZYQPlH6CC146ZSlLx9kBc4jfQ10_HiXbBLNpu-qKJG23FJJdoTa4yYpLAu_0m_9MM8SJhm5wErLwu3u_ma_v787bLef9p_3N4cDO-TFIQtVJNnudi-23Mgv3con2Y_n5fG-Jz4ET6ZJH4wm1JS-ZfOpamzgYKJBgkuq9FyIYb949MnL5l8JpTFljQI01B0p6YeUqbaO5DtP2AiHEizxhoh2N4TNyOt41pmj4vi1KZUekkZCRIYwEKhaJvVyHN4Za2kaFL4y1qKbY04s67i5M2evdCkkEJbGdQ3qMKTOGlZ_axEkCY_g5HRZB8o6iqxQnkwgkYM_Ic8ZmgZcVyEU43V917guA8_DM76uXg5aj7FTbR3pCJKjU2f5TGKL9ajcr8R4LOVpicRSDE7pTLDXjL470tkvneLflHE03qE5Pc7Jr5XmOla-mq7frCEis8FCgV8kvsnReaIFp4CU0X9F_3FGTMH3tafWPAkHrwW3mGHii5PAOiVxDtkLcRh56PJAZKa34Vj8DyyjUdZKntgUszanZXKtRqQtg1YxCuAXXfBQ8rtLSrQEenwuZg098-fLbwJGClv_CgAA:52
[  951806ms] Uncaught TypeError: Cannot read properties of undefined (reading 'replace')
    at validaFreteGratis (https://d1hjvew1n9ss7u.cloudfront.net/asset.axd?id=PAEAAB-LCAAAAAAAAAOtj0EPwUAQhf-KzLnsKqu64iBu4oSbOKzt0G2qKztTkQi_3abi6Ob43vfem8wDLIMGxjuLytwM2eCuPOvZ0gRCnrd86k8hgSaGNr5llFE40CdTEyZQXKP_EtuuRREhaA5tJLcIJqM8VSqfZlIO1VilWRYT9puwhStAjyZqIKM4fm1HoPeP333qLi5bYn8RS98wNix2JV6QxNrXRizOwRRGrLbi88ygIngm_1k8YzCOusXD8w1y8dfTPAEAAA%3d%3d:1:7633)
    at <anonymous> (https://d1hjvew1n9ss7u.cloudfront.net/asset.axd?id=PAEAAB-LCAAAAAAAAAOtj0EPwUAQhf-KzLnsKqu64iBu4oSbOKzt0G2qKztTkQi_3abi6Ob43vfem8wDLIMGxjuLytwM2eCuPOvZ0gRCnrd86k8hgSaGNr5llFE40CdTEyZQXKP_EtuuRREhaA5tJLcIJqM8VSqfZlIO1VilWRYT9puwhStAjyZqIKM4fm1HoPeP333qLi5bYn8RS98wNix2JV6QxNrXRizOwRRGrLbi88ygIngm_1k8YzCOusXD8w1y8dfTPAEAAA%3d%3d:1:49808)
    at dispatch (https://d1hjvew1n9ss7u.cloudfront.net/assets/shjs.js?t=639255987001545277:0:32701)
    at a (https://d1hjvew1n9ss7u.cloudfront.net/assets/shjs.js?t=639255987001545277:0:28480)
[  951804ms] [LOG] Banner não encontrado: banner-232 @ https://d1hjvew1n9ss7u.cloudfront.net/asset.axd?id=PAEAAB-LCAAAAAAAAAOtj0EPwUAQhf-KzLnsKqu64iBu4oSbOKzt0G2qKztTkQi_3abi6Ob43vfem8wDLIMGxjuLytwM2eCuPOvZ0gRCnrd86k8hgSaGNr5llFE40CdTEyZQXKP_EtuuRREhaA5tJLcIJqM8VSqfZlIO1VilWRYT9puwhStAjyZqIKM4fm1HoPeP333qLi5bYn8RS98wNix2JV6QxNrXRizOwRRGrLbi88ygIngm_1k8YzCOusXD8w1y8dfTPAEAAA%3d%3d:754
[  951841ms] [LOG] %c Widde Video Commerce %c v24604ee %c Build: 21/09/2026 20:39 %c border: 1px solid #2567f8; background: #2567f8; color: #fff; font-weight: bold; padding: 4px 8px; border-radius: 3px 0 0 0; border: 1px solid #2567f8; border-left: none; background: #FFF; color: #2567f8; font-weight: bold; padding: 4px 8px; border: 1px solid #2567f8; border-left: none; background: #f0f0f0; color: #333; font-weight: bold; padding: 4px 8px; border-radius: 0 3px 3px 0; background: transparent @ https://cdn.widde.io/assets/main.utzwjalemu.js:0
[  951985ms] [LOG] %c Tryon Widde.io %c %s %c border: 1px solid #2567f8; background: #2567f8; color: #fff; font-weight: bold; padding: 4px 8px; border-radius: 3px 0 0 3px; border: 1px solid #2567f8; background: #FFF; color: #2567f8; font-weight: bold; padding: 4px 8px; border-radius: 0 3px 3px 0; 47bf7c2 background: transparent @ https://cdn-tryon.widde.io/widde-tryon.js:86
[  951999ms] [LOG] [tryon-tracker] initialized {domain: www.lolacosmetics.com.br} @ https://cdn-tryon.widde.io/widde-tryon.js:8
[  958277ms] [WARNING] Error with Feature-Policy header: Some features are specified in both Feature-Policy and Permissions-Policy header: payment, fullscreen, microphone, camera. Values defined in Permissions-Policy header will be used. @ :0
[  958663ms] [ERROR] Failed to load resource: the server responded with a status of 500 () @ https://fonts.cdnfonts.com/css/leelawade:0
[  958948ms] [ERROR] Failed to load resource: the server responded with a status of 404 () @ https://lolacosmetics.admin.linxcommerce.com.br/Custom/Content/Themes/Lola/Styles/Fonts/FontAwesome/all.css:0
[  959009ms] [LOG] Banner não encontrado: banner-232 @ https://d1hjvew1n9ss7u.cloudfront.net/asset.axd?id=PAEAAB-LCAAAAAAAAAOtj0EPwUAQhf-KzLnsKqu64iBu4oSbOKzt0G2qKztTkQi_3abi6Ob43vfem8wDLIMGxjuLytwM2eCuPOvZ0gRCnrd86k8hgSaGNr5llFE40CdTEyZQXKP_EtuuRREhaA5tJLcIJqM8VSqfZlIO1VilWRYT9puwhStAjyZqIKM4fm1HoPeP333qLi5bYn8RS98wNix2JV6QxNrXRizOwRRGrLbi88ygIngm_1k8YzCOusXD8w1y8dfTPAEAAA%3d%3d:754
[  959010ms] [LOG] [Debug Carrinho] Polling ativo @ https://d1hjvew1n9ss7u.cloudfront.net/asset.axd?id=PAEAAB-LCAAAAAAAAAOtj0EPwUAQhf-KzLnsKqu64iBu4oSbOKzt0G2qKztTkQi_3abi6Ob43vfem8wDLIMGxjuLytwM2eCuPOvZ0gRCnrd86k8hgSaGNr5llFE40CdTEyZQXKP_EtuuRREhaA5tJLcIJqM8VSqfZlIO1VilWRYT9puwhStAjyZqIKM4fm1HoPeP333qLi5bYn8RS98wNix2JV6QxNrXRizOwRRGrLbi88ygIngm_1k8YzCOusXD8w1y8dfTPAEAAA%3d%3d:1790
[  959049ms] [LOG] categoria @ https://d1hjvew1n9ss7u.cloudfront.net/asset.axd?id=PAEAAB-LCAAAAAAAAAOtj0EPwUAQhf-KzLnsKqu64iBu4oSbOKzt0G2qKztTkQi_3abi6Ob43vfem8wDLIMGxjuLytwM2eCuPOvZ0gRCnrd86k8hgSaGNr5llFE40CdTEyZQXKP_EtuuRREhaA5tJLcIJqM8VSqfZlIO1VilWRYT9puwhStAjyZqIKM4fm1HoPeP333qLi5bYn8RS98wNix2JV6QxNrXRizOwRRGrLbi88ygIngm_1k8YzCOusXD8w1y8dfTPAEAAA%3d%3d:1
[  959050ms] [WARNING] !! Há erros de scripts de terceiros !!
Por favor, contate a Empresa responsável pelo script.  @ https://d1hjvew1n9ss7u.cloudfront.net/assets/shjs.js?t=639255987001545277:0
[  959053ms] Uncaught Error: You must pass a string or Handlebars AST to Handlebars.compile. You passed null
    at e.compile (https://d1hjvew1n9ss7u.cloudfront.net/asset.axd?id=PAEAAB-LCAAAAAAAAAOtj0EPwUAQhf-KzLnsKqu64iBu4oSbOKzt0G2qKztTkQi_3abi6Ob43vfem8wDLIMGxjuLytwM2eCuPOvZ0gRCnrd86k8hgSaGNr5llFE40CdTEyZQXKP_EtuuRREhaA5tJLcIJqM8VSqfZlIO1VilWRYT9puwhStAjyZqIKM4fm1HoPeP333qLi5bYn8RS98wNix2JV6QxNrXRizOwRRGrLbi88ygIngm_1k8YzCOusXD8w1y8dfTPAEAAA%3d%3d:1794:49302)
    at i.compile (https://d1hjvew1n9ss7u.cloudfront.net/asset.axd?id=PAEAAB-LCAAAAAAAAAOtj0EPwUAQhf-KzLnsKqu64iBu4oSbOKzt0G2qKztTkQi_3abi6Ob43vfem8wDLIMGxjuLytwM2eCuPOvZ0gRCnrd86k8hgSaGNr5llFE40CdTEyZQXKP_EtuuRREhaA5tJLcIJqM8VSqfZlIO1VilWRYT9puwhStAjyZqIKM4fm1HoPeP333qLi5bYn8RS98wNix2JV6QxNrXRizOwRRGrLbi88ygIngm_1k8YzCOusXD8w1y8dfTPAEAAA%3d%3d:1794:343)
    at renderBasket (https://d1hjvew1n9ss7u.cloudfront.net/asset.axd?id=PAEAAB-LCAAAAAAAAAOtj0EPwUAQhf-KzLnsKqu64iBu4oSbOKzt0G2qKztTkQi_3abi6Ob43vfem8wDLIMGxjuLytwM2eCuPOvZ0gRCnrd86k8hgSaGNr5llFE40CdTEyZQXKP_EtuuRREhaA5tJLcIJqM8VSqfZlIO1VilWRYT9puwhStAjyZqIKM4fm1HoPeP333qLi5bYn8RS98wNix2JV6QxNrXRizOwRRGrLbi88ygIngm_1k8YzCOusXD8w1y8dfTPAEAAA%3d%3d:29:27)
    at <anonymous> (https://d1hjvew1n9ss7u.cloudfront.net/asset.axd?id=PAEAAB-LCAAAAAAAAAOtj0EPwUAQhf-KzLnsKqu64iBu4oSbOKzt0G2qKztTkQi_3abi6Ob43vfem8wDLIMGxjuLytwM2eCuPOvZ0gRCnrd86k8hgSaGNr5llFE40CdTEyZQXKP_EtuuRREhaA5tJLcIJqM8VSqfZlIO1VilWRYT9puwhStAjyZqIKM4fm1HoPeP333qLi5bYn8RS98wNix2JV6QxNrXRizOwRRGrLbi88ygIngm_1k8YzCOusXD8w1y8dfTPAEAAA%3d%3d:220:1)
    at f (https://d1hjvew1n9ss7u.cloudfront.net/assets/shjs.js?t=639255987001545277:0:10382)
    at fireWith (https://d1hjvew1n9ss7u.cloudfront.net/assets/shjs.js?t=639255987001545277:0:11137)
    at ready (https://d1hjvew1n9ss7u.cloudfront.net/assets/shjs.js?t=639255987001545277:0:5238)
    at r (https://d1hjvew1n9ss7u.cloudfront.net/assets/shjs.js?t=639255987001545277:0:9748)
[  959054ms] [VERBOSE] [DOM] Input elements should have autocomplete attributes (suggested: "current-password"): (More info: https://goo.gl/9p2vKq) %o @ https://www.lolacosmetics.com.br/tratamentos/cuidados-especificos:0
[  959054ms] [VERBOSE] [DOM] Input elements should have autocomplete attributes (suggested: "current-password"): (More info: https://goo.gl/9p2vKq) %o @ https://www.lolacosmetics.com.br/tratamentos/cuidados-especificos:0
[  959093ms] [ERROR] Failed to load resource: net::ERR_NAME_NOT_RESOLVED @ https://event.getblue.io/js/blue-tag.min.js:0
[  959261ms] [LOG] AffiseStorage availability: {cookie: true, localStorage: true, sessionStorage: true} @ https://rankmediabrasil.g2afse.com/websdk.js:0
[  959262ms] [LOG] Status RNK Media - ClickId: null UTM: null @ :3
[  959403ms] [WARNING] [Meta Pixel] - Invalid parameter format for currency. Please refer https://developers.facebook.com/docs/meta-pixel/reference/ for valid parameter specifications. @ https://connect.facebook.net/en_US/fbevents.js:203
[  959797ms] [INFO] É necessário definir o storeID no Plugin TrustVox @ https://d1hjvew1n9ss7u.cloudfront.net/asset.axd?id=_woAAB-LCAAAAAAAAAO9lsFunDAQhl-l4rw122w3m1D1lEfooYeqh8HMgrNgW_aYDYrSZ--EaFVgIZWK1aP9__b3Y3uwnxNJSZYQPlH6CC146ZSlLx9kBc4jfQ10_HiXbBLNpu-qKJG23FJJdoTa4yYpLAu_0m_9MM8SJhm5wErLwu3u_ma_v787bLef9p_3N4cDO-TFIQtVJNnudi-23Mgv3con2Y_n5fG-Jz4ET6ZJH4wm1JS-ZfOpamzgYKJBgkuq9FyIYb949MnL5l8JpTFljQI01B0p6YeUqbaO5DtP2AiHEizxhoh2N4TNyOt41pmj4vi1KZUekkZCRIYwEKhaJvVyHN4Za2kaFL4y1qKbY04s67i5M2evdCkkEJbGdQ3qMKTOGlZ_axEkCY_g5HRZB8o6iqxQnkwgkYM_Ic8ZmgZcVyEU43V917guA8_DM76uXg5aj7FTbR3pCJKjU2f5TGKL9ajcr8R4LOVpicRSDE7pTLDXjL470tkvneLflHE03qE5Pc7Jr5XmOla-mq7frCEis8FCgV8kvsnReaIFp4CU0X9F_3FGTMH3tafWPAkHrwW3mGHii5PAOiVxDtkLcRh56PJAZKa34Vj8DyyjUdZKntgUszanZXKtRqQtg1YxCuAXXfBQ8rtLSrQEenwuZg098-fLbwJGClv_CgAA:52
[  959809ms] Uncaught TypeError: Cannot read properties of undefined (reading 'replace')
    at validaFreteGratis (https://d1hjvew1n9ss7u.cloudfront.net/asset.axd?id=PAEAAB-LCAAAAAAAAAOtj0EPwUAQhf-KzLnsKqu64iBu4oSbOKzt0G2qKztTkQi_3abi6Ob43vfem8wDLIMGxjuLytwM2eCuPOvZ0gRCnrd86k8hgSaGNr5llFE40CdTEyZQXKP_EtuuRREhaA5tJLcIJqM8VSqfZlIO1VilWRYT9puwhStAjyZqIKM4fm1HoPeP333qLi5bYn8RS98wNix2JV6QxNrXRizOwRRGrLbi88ygIngm_1k8YzCOusXD8w1y8dfTPAEAAA%3d%3d:1:7633)
    at <anonymous> (https://d1hjvew1n9ss7u.cloudfront.net/asset.axd?id=PAEAAB-LCAAAAAAAAAOtj0EPwUAQhf-KzLnsKqu64iBu4oSbOKzt0G2qKztTkQi_3abi6Ob43vfem8wDLIMGxjuLytwM2eCuPOvZ0gRCnrd86k8hgSaGNr5llFE40CdTEyZQXKP_EtuuRREhaA5tJLcIJqM8VSqfZlIO1VilWRYT9puwhStAjyZqIKM4fm1HoPeP333qLi5bYn8RS98wNix2JV6QxNrXRizOwRRGrLbi88ygIngm_1k8YzCOusXD8w1y8dfTPAEAAA%3d%3d:1:49808)
    at dispatch (https://d1hjvew1n9ss7u.cloudfront.net/assets/shjs.js?t=639255987001545277:0:32701)
    at a (https://d1hjvew1n9ss7u.cloudfront.net/assets/shjs.js?t=639255987001545277:0:28480)
[  959804ms] [LOG] Banner não encontrado: banner-232 @ https://d1hjvew1n9ss7u.cloudfront.net/asset.axd?id=PAEAAB-LCAAAAAAAAAOtj0EPwUAQhf-KzLnsKqu64iBu4oSbOKzt0G2qKztTkQi_3abi6Ob43vfem8wDLIMGxjuLytwM2eCuPOvZ0gRCnrd86k8hgSaGNr5llFE40CdTEyZQXKP_EtuuRREhaA5tJLcIJqM8VSqfZlIO1VilWRYT9puwhStAjyZqIKM4fm1HoPeP333qLi5bYn8RS98wNix2JV6QxNrXRizOwRRGrLbi88ygIngm_1k8YzCOusXD8w1y8dfTPAEAAA%3d%3d:754
[  959847ms] [LOG] %c Widde Video Commerce %c v24604ee %c Build: 21/09/2026 20:39 %c border: 1px solid #2567f8; background: #2567f8; color: #fff; font-weight: bold; padding: 4px 8px; border-radius: 3px 0 0 0; border: 1px solid #2567f8; border-left: none; background: #FFF; color: #2567f8; font-weight: bold; padding: 4px 8px; border: 1px solid #2567f8; border-left: none; background: #f0f0f0; color: #333; font-weight: bold; padding: 4px 8px; border-radius: 0 3px 3px 0; background: transparent @ https://cdn.widde.io/assets/main.utzwjalemu.js:0
[  959873ms] [LOG] %c Tryon Widde.io %c %s %c border: 1px solid #2567f8; background: #2567f8; color: #fff; font-weight: bold; padding: 4px 8px; border-radius: 3px 0 0 3px; border: 1px solid #2567f8; background: #FFF; color: #2567f8; font-weight: bold; padding: 4px 8px; border-radius: 0 3px 3px 0; 47bf7c2 background: transparent @ https://cdn-tryon.widde.io/widde-tryon.js:86
[  959904ms] [LOG] [tryon-tracker] initialized {domain: www.lolacosmetics.com.br} @ https://cdn-tryon.widde.io/widde-tryon.js:8
[  966274ms] [WARNING] Error with Feature-Policy header: Some features are specified in both Feature-Policy and Permissions-Policy header: payment, fullscreen, microphone, camera. Values defined in Permissions-Policy header will be used. @ :0
[  966666ms] [ERROR] Failed to load resource: the server responded with a status of 500 () @ https://fonts.cdnfonts.com/css/leelawade:0
[  967098ms] [ERROR] Failed to load resource: the server responded with a status of 404 () @ https://lolacosmetics.admin.linxcommerce.com.br/Custom/Content/Themes/Lola/Styles/Fonts/FontAwesome/all.css:0
[  967201ms] [LOG] Banner não encontrado: banner-232 @ https://d1hjvew1n9ss7u.cloudfront.net/asset.axd?id=PAEAAB-LCAAAAAAAAAOtj0EPwUAQhf-KzLnsKqu64iBu4oSbOKzt0G2qKztTkQi_3abi6Ob43vfem8wDLIMGxjuLytwM2eCuPOvZ0gRCnrd86k8hgSaGNr5llFE40CdTEyZQXKP_EtuuRREhaA5tJLcIJqM8VSqfZlIO1VilWRYT9puwhStAjyZqIKM4fm1HoPeP333qLi5bYn8RS98wNix2JV6QxNrXRizOwRRGrLbi88ygIngm_1k8YzCOusXD8w1y8dfTPAEAAA%3d%3d:754
[  967204ms] [LOG] [Debug Carrinho] Polling ativo @ https://d1hjvew1n9ss7u.cloudfront.net/asset.axd?id=PAEAAB-LCAAAAAAAAAOtj0EPwUAQhf-KzLnsKqu64iBu4oSbOKzt0G2qKztTkQi_3abi6Ob43vfem8wDLIMGxjuLytwM2eCuPOvZ0gRCnrd86k8hgSaGNr5llFE40CdTEyZQXKP_EtuuRREhaA5tJLcIJqM8VSqfZlIO1VilWRYT9puwhStAjyZqIKM4fm1HoPeP333qLi5bYn8RS98wNix2JV6QxNrXRizOwRRGrLbi88ygIngm_1k8YzCOusXD8w1y8dfTPAEAAA%3d%3d:1790
[  967242ms] [LOG] categoria @ https://d1hjvew1n9ss7u.cloudfront.net/asset.axd?id=PAEAAB-LCAAAAAAAAAOtj0EPwUAQhf-KzLnsKqu64iBu4oSbOKzt0G2qKztTkQi_3abi6Ob43vfem8wDLIMGxjuLytwM2eCuPOvZ0gRCnrd86k8hgSaGNr5llFE40CdTEyZQXKP_EtuuRREhaA5tJLcIJqM8VSqfZlIO1VilWRYT9puwhStAjyZqIKM4fm1HoPeP333qLi5bYn8RS98wNix2JV6QxNrXRizOwRRGrLbi88ygIngm_1k8YzCOusXD8w1y8dfTPAEAAA%3d%3d:1
[  967243ms] [WARNING] !! Há erros de scripts de terceiros !!
Por favor, contate a Empresa responsável pelo script.  @ https://d1hjvew1n9ss7u.cloudfront.net/assets/shjs.js?t=639255987001545277:0
[  967249ms] Uncaught Error: You must pass a string or Handlebars AST to Handlebars.compile. You passed null
    at e.compile (https://d1hjvew1n9ss7u.cloudfront.net/asset.axd?id=PAEAAB-LCAAAAAAAAAOtj0EPwUAQhf-KzLnsKqu64iBu4oSbOKzt0G2qKztTkQi_3abi6Ob43vfem8wDLIMGxjuLytwM2eCuPOvZ0gRCnrd86k8hgSaGNr5llFE40CdTEyZQXKP_EtuuRREhaA5tJLcIJqM8VSqfZlIO1VilWRYT9puwhStAjyZqIKM4fm1HoPeP333qLi5bYn8RS98wNix2JV6QxNrXRizOwRRGrLbi88ygIngm_1k8YzCOusXD8w1y8dfTPAEAAA%3d%3d:1794:49302)
    at i.compile (https://d1hjvew1n9ss7u.cloudfront.net/asset.axd?id=PAEAAB-LCAAAAAAAAAOtj0EPwUAQhf-KzLnsKqu64iBu4oSbOKzt0G2qKztTkQi_3abi6Ob43vfem8wDLIMGxjuLytwM2eCuPOvZ0gRCnrd86k8hgSaGNr5llFE40CdTEyZQXKP_EtuuRREhaA5tJLcIJqM8VSqfZlIO1VilWRYT9puwhStAjyZqIKM4fm1HoPeP333qLi5bYn8RS98wNix2JV6QxNrXRizOwRRGrLbi88ygIngm_1k8YzCOusXD8w1y8dfTPAEAAA%3d%3d:1794:343)
    at renderBasket (https://d1hjvew1n9ss7u.cloudfront.net/asset.axd?id=PAEAAB-LCAAAAAAAAAOtj0EPwUAQhf-KzLnsKqu64iBu4oSbOKzt0G2qKztTkQi_3abi6Ob43vfem8wDLIMGxjuLytwM2eCuPOvZ0gRCnrd86k8hgSaGNr5llFE40CdTEyZQXKP_EtuuRREhaA5tJLcIJqM8VSqfZlIO1VilWRYT9puwhStAjyZqIKM4fm1HoPeP333qLi5bYn8RS98wNix2JV6QxNrXRizOwRRGrLbi88ygIngm_1k8YzCOusXD8w1y8dfTPAEAAA%3d%3d:29:27)
    at <anonymous> (https://d1hjvew1n9ss7u.cloudfront.net/asset.axd?id=PAEAAB-LCAAAAAAAAAOtj0EPwUAQhf-KzLnsKqu64iBu4oSbOKzt0G2qKztTkQi_3abi6Ob43vfem8wDLIMGxjuLytwM2eCuPOvZ0gRCnrd86k8hgSaGNr5llFE40CdTEyZQXKP_EtuuRREhaA5tJLcIJqM8VSqfZlIO1VilWRYT9puwhStAjyZqIKM4fm1HoPeP333qLi5bYn8RS98wNix2JV6QxNrXRizOwRRGrLbi88ygIngm_1k8YzCOusXD8w1y8dfTPAEAAA%3d%3d:220:1)
    at f (https://d1hjvew1n9ss7u.cloudfront.net/assets/shjs.js?t=639255987001545277:0:10382)
    at fireWith (https://d1hjvew1n9ss7u.cloudfront.net/assets/shjs.js?t=639255987001545277:0:11137)
    at ready (https://d1hjvew1n9ss7u.cloudfront.net/assets/shjs.js?t=639255987001545277:0:5238)
    at r (https://d1hjvew1n9ss7u.cloudfront.net/assets/shjs.js?t=639255987001545277:0:9748)
[  967247ms] [VERBOSE] [DOM] Input elements should have autocomplete attributes (suggested: "current-password"): (More info: https://goo.gl/9p2vKq) %o @ https://www.lolacosmetics.com.br/tratamentos/cuidados-especificos/anticaspa:0
[  967248ms] [VERBOSE] [DOM] Input elements should have autocomplete attributes (suggested: "current-password"): (More info: https://goo.gl/9p2vKq) %o @ https://www.lolacosmetics.com.br/tratamentos/cuidados-especificos/anticaspa:0
[  967265ms] [ERROR] Failed to load resource: net::ERR_NAME_NOT_RESOLVED @ https://event.getblue.io/js/blue-tag.min.js:0
[  967404ms] [LOG] AffiseStorage availability: {cookie: true, localStorage: true, sessionStorage: true} @ https://rankmediabrasil.g2afse.com/websdk.js:0
[  967407ms] [LOG] Status RNK Media - ClickId: null UTM: null @ :3
[  967552ms] [WARNING] [Meta Pixel] - Invalid parameter format for currency. Please refer https://developers.facebook.com/docs/meta-pixel/reference/ for valid parameter specifications. @ https://connect.facebook.net/en_US/fbevents.js:203
[  967823ms] [INFO] É necessário definir o storeID no Plugin TrustVox @ https://d1hjvew1n9ss7u.cloudfront.net/asset.axd?id=_woAAB-LCAAAAAAAAAO9lsFunDAQhl-l4rw122w3m1D1lEfooYeqh8HMgrNgW_aYDYrSZ--EaFVgIZWK1aP9__b3Y3uwnxNJSZYQPlH6CC146ZSlLx9kBc4jfQ10_HiXbBLNpu-qKJG23FJJdoTa4yYpLAu_0m_9MM8SJhm5wErLwu3u_ma_v787bLef9p_3N4cDO-TFIQtVJNnudi-23Mgv3con2Y_n5fG-Jz4ET6ZJH4wm1JS-ZfOpamzgYKJBgkuq9FyIYb949MnL5l8JpTFljQI01B0p6YeUqbaO5DtP2AiHEizxhoh2N4TNyOt41pmj4vi1KZUekkZCRIYwEKhaJvVyHN4Za2kaFL4y1qKbY04s67i5M2evdCkkEJbGdQ3qMKTOGlZ_axEkCY_g5HRZB8o6iqxQnkwgkYM_Ic8ZmgZcVyEU43V917guA8_DM76uXg5aj7FTbR3pCJKjU2f5TGKL9ajcr8R4LOVpicRSDE7pTLDXjL470tkvneLflHE03qE5Pc7Jr5XmOla-mq7frCEis8FCgV8kvsnReaIFp4CU0X9F_3FGTMH3tafWPAkHrwW3mGHii5PAOiVxDtkLcRh56PJAZKa34Vj8DyyjUdZKntgUszanZXKtRqQtg1YxCuAXXfBQ8rtLSrQEenwuZg098-fLbwJGClv_CgAA:52
[  967829ms] Uncaught TypeError: Cannot read properties of undefined (reading 'replace')
    at validaFreteGratis (https://d1hjvew1n9ss7u.cloudfront.net/asset.axd?id=PAEAAB-LCAAAAAAAAAOtj0EPwUAQhf-KzLnsKqu64iBu4oSbOKzt0G2qKztTkQi_3abi6Ob43vfem8wDLIMGxjuLytwM2eCuPOvZ0gRCnrd86k8hgSaGNr5llFE40CdTEyZQXKP_EtuuRREhaA5tJLcIJqM8VSqfZlIO1VilWRYT9puwhStAjyZqIKM4fm1HoPeP333qLi5bYn8RS98wNix2JV6QxNrXRizOwRRGrLbi88ygIngm_1k8YzCOusXD8w1y8dfTPAEAAA%3d%3d:1:7633)
    at <anonymous> (https://d1hjvew1n9ss7u.cloudfront.net/asset.axd?id=PAEAAB-LCAAAAAAAAAOtj0EPwUAQhf-KzLnsKqu64iBu4oSbOKzt0G2qKztTkQi_3abi6Ob43vfem8wDLIMGxjuLytwM2eCuPOvZ0gRCnrd86k8hgSaGNr5llFE40CdTEyZQXKP_EtuuRREhaA5tJLcIJqM8VSqfZlIO1VilWRYT9puwhStAjyZqIKM4fm1HoPeP333qLi5bYn8RS98wNix2JV6QxNrXRizOwRRGrLbi88ygIngm_1k8YzCOusXD8w1y8dfTPAEAAA%3d%3d:1:49808)
    at dispatch (https://d1hjvew1n9ss7u.cloudfront.net/assets/shjs.js?t=639255987001545277:0:32701)
    at a (https://d1hjvew1n9ss7u.cloudfront.net/assets/shjs.js?t=639255987001545277:0:28480)
[  967827ms] [LOG] Banner não encontrado: banner-232 @ https://d1hjvew1n9ss7u.cloudfront.net/asset.axd?id=PAEAAB-LCAAAAAAAAAOtj0EPwUAQhf-KzLnsKqu64iBu4oSbOKzt0G2qKztTkQi_3abi6Ob43vfem8wDLIMGxjuLytwM2eCuPOvZ0gRCnrd86k8hgSaGNr5llFE40CdTEyZQXKP_EtuuRREhaA5tJLcIJqM8VSqfZlIO1VilWRYT9puwhStAjyZqIKM4fm1HoPeP333qLi5bYn8RS98wNix2JV6QxNrXRizOwRRGrLbi88ygIngm_1k8YzCOusXD8w1y8dfTPAEAAA%3d%3d:754
[  967849ms] [LOG] %c Widde Video Commerce %c v24604ee %c Build: 21/09/2026 20:39 %c border: 1px solid #2567f8; background: #2567f8; color: #fff; font-weight: bold; padding: 4px 8px; border-radius: 3px 0 0 0; border: 1px solid #2567f8; border-left: none; background: #FFF; color: #2567f8; font-weight: bold; padding: 4px 8px; border: 1px solid #2567f8; border-left: none; background: #f0f0f0; color: #333; font-weight: bold; padding: 4px 8px; border-radius: 0 3px 3px 0; background: transparent @ https://cdn.widde.io/assets/main.utzwjalemu.js:0
[  967862ms] [LOG] %c Tryon Widde.io %c %s %c border: 1px solid #2567f8; background: #2567f8; color: #fff; font-weight: bold; padding: 4px 8px; border-radius: 3px 0 0 3px; border: 1px solid #2567f8; background: #FFF; color: #2567f8; font-weight: bold; padding: 4px 8px; border-radius: 0 3px 3px 0; 47bf7c2 background: transparent @ https://cdn-tryon.widde.io/widde-tryon.js:86
[  967874ms] [LOG] [tryon-tracker] initialized {domain: www.lolacosmetics.com.br} @ https://cdn-tryon.widde.io/widde-tryon.js:8
[  974149ms] [WARNING] Error with Feature-Policy header: Some features are specified in both Feature-Policy and Permissions-Policy header: payment, fullscreen, microphone, camera. Values defined in Permissions-Policy header will be used. @ :0
[  974542ms] [ERROR] Failed to load resource: the server responded with a status of 500 () @ https://fonts.cdnfonts.com/css/leelawade:0
[  974825ms] [ERROR] Failed to load resource: the server responded with a status of 404 () @ https://lolacosmetics.admin.linxcommerce.com.br/Custom/Content/Themes/Lola/Styles/Fonts/FontAwesome/all.css:0
[  974888ms] [LOG] Banner não encontrado: banner-232 @ https://d1hjvew1n9ss7u.cloudfront.net/asset.axd?id=PAEAAB-LCAAAAAAAAAOtj0EPwUAQhf-KzLnsKqu64iBu4oSbOKzt0G2qKztTkQi_3abi6Ob43vfem8wDLIMGxjuLytwM2eCuPOvZ0gRCnrd86k8hgSaGNr5llFE40CdTEyZQXKP_EtuuRREhaA5tJLcIJqM8VSqfZlIO1VilWRYT9puwhStAjyZqIKM4fm1HoPeP333qLi5bYn8RS98wNix2JV6QxNrXRizOwRRGrLbi88ygIngm_1k8YzCOusXD8w1y8dfTPAEAAA%3d%3d:754
[  974890ms] [LOG] [Debug Carrinho] Polling ativo @ https://d1hjvew1n9ss7u.cloudfront.net/asset.axd?id=PAEAAB-LCAAAAAAAAAOtj0EPwUAQhf-KzLnsKqu64iBu4oSbOKzt0G2qKztTkQi_3abi6Ob43vfem8wDLIMGxjuLytwM2eCuPOvZ0gRCnrd86k8hgSaGNr5llFE40CdTEyZQXKP_EtuuRREhaA5tJLcIJqM8VSqfZlIO1VilWRYT9puwhStAjyZqIKM4fm1HoPeP333qLi5bYn8RS98wNix2JV6QxNrXRizOwRRGrLbi88ygIngm_1k8YzCOusXD8w1y8dfTPAEAAA%3d%3d:1790
[  974930ms] [LOG] categoria @ https://d1hjvew1n9ss7u.cloudfront.net/asset.axd?id=PAEAAB-LCAAAAAAAAAOtj0EPwUAQhf-KzLnsKqu64iBu4oSbOKzt0G2qKztTkQi_3abi6Ob43vfem8wDLIMGxjuLytwM2eCuPOvZ0gRCnrd86k8hgSaGNr5llFE40CdTEyZQXKP_EtuuRREhaA5tJLcIJqM8VSqfZlIO1VilWRYT9puwhStAjyZqIKM4fm1HoPeP333qLi5bYn8RS98wNix2JV6QxNrXRizOwRRGrLbi88ygIngm_1k8YzCOusXD8w1y8dfTPAEAAA%3d%3d:1
[  974931ms] [WARNING] !! Há erros de scripts de terceiros !!
Por favor, contate a Empresa responsável pelo script.  @ https://d1hjvew1n9ss7u.cloudfront.net/assets/shjs.js?t=639255987001545277:0
[  974937ms] Uncaught Error: You must pass a string or Handlebars AST to Handlebars.compile. You passed null
    at e.compile (https://d1hjvew1n9ss7u.cloudfront.net/asset.axd?id=PAEAAB-LCAAAAAAAAAOtj0EPwUAQhf-KzLnsKqu64iBu4oSbOKzt0G2qKztTkQi_3abi6Ob43vfem8wDLIMGxjuLytwM2eCuPOvZ0gRCnrd86k8hgSaGNr5llFE40CdTEyZQXKP_EtuuRREhaA5tJLcIJqM8VSqfZlIO1VilWRYT9puwhStAjyZqIKM4fm1HoPeP333qLi5bYn8RS98wNix2JV6QxNrXRizOwRRGrLbi88ygIngm_1k8YzCOusXD8w1y8dfTPAEAAA%3d%3d:1794:49302)
    at i.compile (https://d1hjvew1n9ss7u.cloudfront.net/asset.axd?id=PAEAAB-LCAAAAAAAAAOtj0EPwUAQhf-KzLnsKqu64iBu4oSbOKzt0G2qKztTkQi_3abi6Ob43vfem8wDLIMGxjuLytwM2eCuPOvZ0gRCnrd86k8hgSaGNr5llFE40CdTEyZQXKP_EtuuRREhaA5tJLcIJqM8VSqfZlIO1VilWRYT9puwhStAjyZqIKM4fm1HoPeP333qLi5bYn8RS98wNix2JV6QxNrXRizOwRRGrLbi88ygIngm_1k8YzCOusXD8w1y8dfTPAEAAA%3d%3d:1794:343)
    at renderBasket (https://d1hjvew1n9ss7u.cloudfront.net/asset.axd?id=PAEAAB-LCAAAAAAAAAOtj0EPwUAQhf-KzLnsKqu64iBu4oSbOKzt0G2qKztTkQi_3abi6Ob43vfem8wDLIMGxjuLytwM2eCuPOvZ0gRCnrd86k8hgSaGNr5llFE40CdTEyZQXKP_EtuuRREhaA5tJLcIJqM8VSqfZlIO1VilWRYT9puwhStAjyZqIKM4fm1HoPeP333qLi5bYn8RS98wNix2JV6QxNrXRizOwRRGrLbi88ygIngm_1k8YzCOusXD8w1y8dfTPAEAAA%3d%3d:29:27)
    at <anonymous> (https://d1hjvew1n9ss7u.cloudfront.net/asset.axd?id=PAEAAB-LCAAAAAAAAAOtj0EPwUAQhf-KzLnsKqu64iBu4oSbOKzt0G2qKztTkQi_3abi6Ob43vfem8wDLIMGxjuLytwM2eCuPOvZ0gRCnrd86k8hgSaGNr5llFE40CdTEyZQXKP_EtuuRREhaA5tJLcIJqM8VSqfZlIO1VilWRYT9puwhStAjyZqIKM4fm1HoPeP333qLi5bYn8RS98wNix2JV6QxNrXRizOwRRGrLbi88ygIngm_1k8YzCOusXD8w1y8dfTPAEAAA%3d%3d:220:1)
    at f (https://d1hjvew1n9ss7u.cloudfront.net/assets/shjs.js?t=639255987001545277:0:10382)
    at fireWith (https://d1hjvew1n9ss7u.cloudfront.net/assets/shjs.js?t=639255987001545277:0:11137)
    at ready (https://d1hjvew1n9ss7u.cloudfront.net/assets/shjs.js?t=639255987001545277:0:5238)
    at r (https://d1hjvew1n9ss7u.cloudfront.net/assets/shjs.js?t=639255987001545277:0:9748)
[  974934ms] [VERBOSE] [DOM] Input elements should have autocomplete attributes (suggested: "current-password"): (More info: https://goo.gl/9p2vKq) %o @ https://www.lolacosmetics.com.br/tratamentos/cuidados-especificos/oleosidade:0
[  974934ms] [VERBOSE] [DOM] Input elements should have autocomplete attributes (suggested: "current-password"): (More info: https://goo.gl/9p2vKq) %o @ https://www.lolacosmetics.com.br/tratamentos/cuidados-especificos/oleosidade:0
[  974971ms] [ERROR] Failed to load resource: net::ERR_NAME_NOT_RESOLVED @ https://event.getblue.io/js/blue-tag.min.js:0
[  975143ms] [LOG] AffiseStorage availability: {cookie: true, localStorage: true, sessionStorage: true} @ https://rankmediabrasil.g2afse.com/websdk.js:0
[  975144ms] [LOG] Status RNK Media - ClickId: null UTM: null @ :3
[  975195ms] [WARNING] [Meta Pixel] - Invalid parameter format for currency. Please refer https://developers.facebook.com/docs/meta-pixel/reference/ for valid parameter specifications. @ https://connect.facebook.net/en_US/fbevents.js:203
[  975531ms] [INFO] É necessário definir o storeID no Plugin TrustVox @ https://d1hjvew1n9ss7u.cloudfront.net/asset.axd?id=_woAAB-LCAAAAAAAAAO9lsFunDAQhl-l4rw122w3m1D1lEfooYeqh8HMgrNgW_aYDYrSZ--EaFVgIZWK1aP9__b3Y3uwnxNJSZYQPlH6CC146ZSlLx9kBc4jfQ10_HiXbBLNpu-qKJG23FJJdoTa4yYpLAu_0m_9MM8SJhm5wErLwu3u_ma_v787bLef9p_3N4cDO-TFIQtVJNnudi-23Mgv3con2Y_n5fG-Jz4ET6ZJH4wm1JS-ZfOpamzgYKJBgkuq9FyIYb949MnL5l8JpTFljQI01B0p6YeUqbaO5DtP2AiHEizxhoh2N4TNyOt41pmj4vi1KZUekkZCRIYwEKhaJvVyHN4Za2kaFL4y1qKbY04s67i5M2evdCkkEJbGdQ3qMKTOGlZ_axEkCY_g5HRZB8o6iqxQnkwgkYM_Ic8ZmgZcVyEU43V917guA8_DM76uXg5aj7FTbR3pCJKjU2f5TGKL9ajcr8R4LOVpicRSDE7pTLDXjL470tkvneLflHE03qE5Pc7Jr5XmOla-mq7frCEis8FCgV8kvsnReaIFp4CU0X9F_3FGTMH3tafWPAkHrwW3mGHii5PAOiVxDtkLcRh56PJAZKa34Vj8DyyjUdZKntgUszanZXKtRqQtg1YxCuAXXfBQ8rtLSrQEenwuZg098-fLbwJGClv_CgAA:52
[  975538ms] Uncaught TypeError: Cannot read properties of undefined (reading 'replace')
    at validaFreteGratis (https://d1hjvew1n9ss7u.cloudfront.net/asset.axd?id=PAEAAB-LCAAAAAAAAAOtj0EPwUAQhf-KzLnsKqu64iBu4oSbOKzt0G2qKztTkQi_3abi6Ob43vfem8wDLIMGxjuLytwM2eCuPOvZ0gRCnrd86k8hgSaGNr5llFE40CdTEyZQXKP_EtuuRREhaA5tJLcIJqM8VSqfZlIO1VilWRYT9puwhStAjyZqIKM4fm1HoPeP333qLi5bYn8RS98wNix2JV6QxNrXRizOwRRGrLbi88ygIngm_1k8YzCOusXD8w1y8dfTPAEAAA%3d%3d:1:7633)
    at <anonymous> (https://d1hjvew1n9ss7u.cloudfront.net/asset.axd?id=PAEAAB-LCAAAAAAAAAOtj0EPwUAQhf-KzLnsKqu64iBu4oSbOKzt0G2qKztTkQi_3abi6Ob43vfem8wDLIMGxjuLytwM2eCuPOvZ0gRCnrd86k8hgSaGNr5llFE40CdTEyZQXKP_EtuuRREhaA5tJLcIJqM8VSqfZlIO1VilWRYT9puwhStAjyZqIKM4fm1HoPeP333qLi5bYn8RS98wNix2JV6QxNrXRizOwRRGrLbi88ygIngm_1k8YzCOusXD8w1y8dfTPAEAAA%3d%3d:1:49808)
    at dispatch (https://d1hjvew1n9ss7u.cloudfront.net/assets/shjs.js?t=639255987001545277:0:32701)
    at a (https://d1hjvew1n9ss7u.cloudfront.net/assets/shjs.js?t=639255987001545277:0:28480)
[  975536ms] [LOG] Banner não encontrado: banner-232 @ https://d1hjvew1n9ss7u.cloudfront.net/asset.axd?id=PAEAAB-LCAAAAAAAAAOtj0EPwUAQhf-KzLnsKqu64iBu4oSbOKzt0G2qKztTkQi_3abi6Ob43vfem8wDLIMGxjuLytwM2eCuPOvZ0gRCnrd86k8hgSaGNr5llFE40CdTEyZQXKP_EtuuRREhaA5tJLcIJqM8VSqfZlIO1VilWRYT9puwhStAjyZqIKM4fm1HoPeP333qLi5bYn8RS98wNix2JV6QxNrXRizOwRRGrLbi88ygIngm_1k8YzCOusXD8w1y8dfTPAEAAA%3d%3d:754
[  975570ms] [LOG] %c Widde Video Commerce %c v24604ee %c Build: 21/09/2026 20:39 %c border: 1px solid #2567f8; background: #2567f8; color: #fff; font-weight: bold; padding: 4px 8px; border-radius: 3px 0 0 0; border: 1px solid #2567f8; border-left: none; background: #FFF; color: #2567f8; font-weight: bold; padding: 4px 8px; border: 1px solid #2567f8; border-left: none; background: #f0f0f0; color: #333; font-weight: bold; padding: 4px 8px; border-radius: 0 3px 3px 0; background: transparent @ https://cdn.widde.io/assets/main.utzwjalemu.js:0
[  975585ms] [LOG] %c Tryon Widde.io %c %s %c border: 1px solid #2567f8; background: #2567f8; color: #fff; font-weight: bold; padding: 4px 8px; border-radius: 3px 0 0 3px; border: 1px solid #2567f8; background: #FFF; color: #2567f8; font-weight: bold; padding: 4px 8px; border-radius: 0 3px 3px 0; 47bf7c2 background: transparent @ https://cdn-tryon.widde.io/widde-tryon.js:86
[  975600ms] [LOG] [tryon-tracker] initialized {domain: www.lolacosmetics.com.br} @ https://cdn-tryon.widde.io/widde-tryon.js:8
[  982957ms] [WARNING] Error with Feature-Policy header: Some features are specified in both Feature-Policy and Permissions-Policy header: payment, fullscreen, microphone, camera. Values defined in Permissions-Policy header will be used. @ :0
[  983470ms] [ERROR] Failed to load resource: the server responded with a status of 500 () @ https://fonts.cdnfonts.com/css/leelawade:0
[  983904ms] [ERROR] Failed to load resource: the server responded with a status of 404 () @ https://lolacosmetics.admin.linxcommerce.com.br/Custom/Content/Themes/Lola/Styles/Fonts/FontAwesome/all.css:0
[  983994ms] [LOG] Banner não encontrado: banner-232 @ https://d1hjvew1n9ss7u.cloudfront.net/asset.axd?id=PAEAAB-LCAAAAAAAAAOtj0EPwUAQhf-KzLnsKqu64iBu4oSbOKzt0G2qKztTkQi_3abi6Ob43vfem8wDLIMGxjuLytwM2eCuPOvZ0gRCnrd86k8hgSaGNr5llFE40CdTEyZQXKP_EtuuRREhaA5tJLcIJqM8VSqfZlIO1VilWRYT9puwhStAjyZqIKM4fm1HoPeP333qLi5bYn8RS98wNix2JV6QxNrXRizOwRRGrLbi88ygIngm_1k8YzCOusXD8w1y8dfTPAEAAA%3d%3d:754
[  983996ms] [LOG] [Debug Carrinho] Polling ativo @ https://d1hjvew1n9ss7u.cloudfront.net/asset.axd?id=PAEAAB-LCAAAAAAAAAOtj0EPwUAQhf-KzLnsKqu64iBu4oSbOKzt0G2qKztTkQi_3abi6Ob43vfem8wDLIMGxjuLytwM2eCuPOvZ0gRCnrd86k8hgSaGNr5llFE40CdTEyZQXKP_EtuuRREhaA5tJLcIJqM8VSqfZlIO1VilWRYT9puwhStAjyZqIKM4fm1HoPeP333qLi5bYn8RS98wNix2JV6QxNrXRizOwRRGrLbi88ygIngm_1k8YzCOusXD8w1y8dfTPAEAAA%3d%3d:1790
[  984042ms] [LOG] categoria @ https://d1hjvew1n9ss7u.cloudfront.net/asset.axd?id=PAEAAB-LCAAAAAAAAAOtj0EPwUAQhf-KzLnsKqu64iBu4oSbOKzt0G2qKztTkQi_3abi6Ob43vfem8wDLIMGxjuLytwM2eCuPOvZ0gRCnrd86k8hgSaGNr5llFE40CdTEyZQXKP_EtuuRREhaA5tJLcIJqM8VSqfZlIO1VilWRYT9puwhStAjyZqIKM4fm1HoPeP333qLi5bYn8RS98wNix2JV6QxNrXRizOwRRGrLbi88ygIngm_1k8YzCOusXD8w1y8dfTPAEAAA%3d%3d:1
[  984043ms] [WARNING] !! Há erros de scripts de terceiros !!
Por favor, contate a Empresa responsável pelo script.  @ https://d1hjvew1n9ss7u.cloudfront.net/assets/shjs.js?t=639255987001545277:0
[  984050ms] Uncaught Error: You must pass a string or Handlebars AST to Handlebars.compile. You passed null
    at e.compile (https://d1hjvew1n9ss7u.cloudfront.net/asset.axd?id=PAEAAB-LCAAAAAAAAAOtj0EPwUAQhf-KzLnsKqu64iBu4oSbOKzt0G2qKztTkQi_3abi6Ob43vfem8wDLIMGxjuLytwM2eCuPOvZ0gRCnrd86k8hgSaGNr5llFE40CdTEyZQXKP_EtuuRREhaA5tJLcIJqM8VSqfZlIO1VilWRYT9puwhStAjyZqIKM4fm1HoPeP333qLi5bYn8RS98wNix2JV6QxNrXRizOwRRGrLbi88ygIngm_1k8YzCOusXD8w1y8dfTPAEAAA%3d%3d:1794:49302)
    at i.compile (https://d1hjvew1n9ss7u.cloudfront.net/asset.axd?id=PAEAAB-LCAAAAAAAAAOtj0EPwUAQhf-KzLnsKqu64iBu4oSbOKzt0G2qKztTkQi_3abi6Ob43vfem8wDLIMGxjuLytwM2eCuPOvZ0gRCnrd86k8hgSaGNr5llFE40CdTEyZQXKP_EtuuRREhaA5tJLcIJqM8VSqfZlIO1VilWRYT9puwhStAjyZqIKM4fm1HoPeP333qLi5bYn8RS98wNix2JV6QxNrXRizOwRRGrLbi88ygIngm_1k8YzCOusXD8w1y8dfTPAEAAA%3d%3d:1794:343)
    at renderBasket (https://d1hjvew1n9ss7u.cloudfront.net/asset.axd?id=PAEAAB-LCAAAAAAAAAOtj0EPwUAQhf-KzLnsKqu64iBu4oSbOKzt0G2qKztTkQi_3abi6Ob43vfem8wDLIMGxjuLytwM2eCuPOvZ0gRCnrd86k8hgSaGNr5llFE40CdTEyZQXKP_EtuuRREhaA5tJLcIJqM8VSqfZlIO1VilWRYT9puwhStAjyZqIKM4fm1HoPeP333qLi5bYn8RS98wNix2JV6QxNrXRizOwRRGrLbi88ygIngm_1k8YzCOusXD8w1y8dfTPAEAAA%3d%3d:29:27)
    at <anonymous> (https://d1hjvew1n9ss7u.cloudfront.net/asset.axd?id=PAEAAB-LCAAAAAAAAAOtj0EPwUAQhf-KzLnsKqu64iBu4oSbOKzt0G2qKztTkQi_3abi6Ob43vfem8wDLIMGxjuLytwM2eCuPOvZ0gRCnrd86k8hgSaGNr5llFE40CdTEyZQXKP_EtuuRREhaA5tJLcIJqM8VSqfZlIO1VilWRYT9puwhStAjyZqIKM4fm1HoPeP333qLi5bYn8RS98wNix2JV6QxNrXRizOwRRGrLbi88ygIngm_1k8YzCOusXD8w1y8dfTPAEAAA%3d%3d:220:1)
    at f (https://d1hjvew1n9ss7u.cloudfront.net/assets/shjs.js?t=639255987001545277:0:10382)
    at fireWith (https://d1hjvew1n9ss7u.cloudfront.net/assets/shjs.js?t=639255987001545277:0:11137)
    at ready (https://d1hjvew1n9ss7u.cloudfront.net/assets/shjs.js?t=639255987001545277:0:5238)
    at r (https://d1hjvew1n9ss7u.cloudfront.net/assets/shjs.js?t=639255987001545277:0:9748)
[  984049ms] [VERBOSE] [DOM] Input elements should have autocomplete attributes (suggested: "current-password"): (More info: https://goo.gl/9p2vKq) %o @ https://www.lolacosmetics.com.br/tratamentos/finalizacao:0
[  984049ms] [VERBOSE] [DOM] Input elements should have autocomplete attributes (suggested: "current-password"): (More info: https://goo.gl/9p2vKq) %o @ https://www.lolacosmetics.com.br/tratamentos/finalizacao:0
[  984075ms] [ERROR] Failed to load resource: net::ERR_NAME_NOT_RESOLVED @ https://event.getblue.io/js/blue-tag.min.js:0
[  984256ms] [LOG] AffiseStorage availability: {cookie: true, localStorage: true, sessionStorage: true} @ https://rankmediabrasil.g2afse.com/websdk.js:0
[  984259ms] [LOG] Status RNK Media - ClickId: null UTM: null @ :3
[  984403ms] [WARNING] [Meta Pixel] - Invalid parameter format for currency. Please refer https://developers.facebook.com/docs/meta-pixel/reference/ for valid parameter specifications. @ https://connect.facebook.net/en_US/fbevents.js:203
[  984685ms] [INFO] É necessário definir o storeID no Plugin TrustVox @ https://d1hjvew1n9ss7u.cloudfront.net/asset.axd?id=_woAAB-LCAAAAAAAAAO9lsFunDAQhl-l4rw122w3m1D1lEfooYeqh8HMgrNgW_aYDYrSZ--EaFVgIZWK1aP9__b3Y3uwnxNJSZYQPlH6CC146ZSlLx9kBc4jfQ10_HiXbBLNpu-qKJG23FJJdoTa4yYpLAu_0m_9MM8SJhm5wErLwu3u_ma_v787bLef9p_3N4cDO-TFIQtVJNnudi-23Mgv3con2Y_n5fG-Jz4ET6ZJH4wm1JS-ZfOpamzgYKJBgkuq9FyIYb949MnL5l8JpTFljQI01B0p6YeUqbaO5DtP2AiHEizxhoh2N4TNyOt41pmj4vi1KZUekkZCRIYwEKhaJvVyHN4Za2kaFL4y1qKbY04s67i5M2evdCkkEJbGdQ3qMKTOGlZ_axEkCY_g5HRZB8o6iqxQnkwgkYM_Ic8ZmgZcVyEU43V917guA8_DM76uXg5aj7FTbR3pCJKjU2f5TGKL9ajcr8R4LOVpicRSDE7pTLDXjL470tkvneLflHE03qE5Pc7Jr5XmOla-mq7frCEis8FCgV8kvsnReaIFp4CU0X9F_3FGTMH3tafWPAkHrwW3mGHii5PAOiVxDtkLcRh56PJAZKa34Vj8DyyjUdZKntgUszanZXKtRqQtg1YxCuAXXfBQ8rtLSrQEenwuZg098-fLbwJGClv_CgAA:52
[  984690ms] Uncaught TypeError: Cannot read properties of undefined (reading 'replace')
    at validaFreteGratis (https://d1hjvew1n9ss7u.cloudfront.net/asset.axd?id=PAEAAB-LCAAAAAAAAAOtj0EPwUAQhf-KzLnsKqu64iBu4oSbOKzt0G2qKztTkQi_3abi6Ob43vfem8wDLIMGxjuLytwM2eCuPOvZ0gRCnrd86k8hgSaGNr5llFE40CdTEyZQXKP_EtuuRREhaA5tJLcIJqM8VSqfZlIO1VilWRYT9puwhStAjyZqIKM4fm1HoPeP333qLi5bYn8RS98wNix2JV6QxNrXRizOwRRGrLbi88ygIngm_1k8YzCOusXD8w1y8dfTPAEAAA%3d%3d:1:7633)
    at <anonymous> (https://d1hjvew1n9ss7u.cloudfront.net/asset.axd?id=PAEAAB-LCAAAAAAAAAOtj0EPwUAQhf-KzLnsKqu64iBu4oSbOKzt0G2qKztTkQi_3abi6Ob43vfem8wDLIMGxjuLytwM2eCuPOvZ0gRCnrd86k8hgSaGNr5llFE40CdTEyZQXKP_EtuuRREhaA5tJLcIJqM8VSqfZlIO1VilWRYT9puwhStAjyZqIKM4fm1HoPeP333qLi5bYn8RS98wNix2JV6QxNrXRizOwRRGrLbi88ygIngm_1k8YzCOusXD8w1y8dfTPAEAAA%3d%3d:1:49808)
    at dispatch (https://d1hjvew1n9ss7u.cloudfront.net/assets/shjs.js?t=639255987001545277:0:32701)
    at a (https://d1hjvew1n9ss7u.cloudfront.net/assets/shjs.js?t=639255987001545277:0:28480)
[  984689ms] [LOG] Banner não encontrado: banner-232 @ https://d1hjvew1n9ss7u.cloudfront.net/asset.axd?id=PAEAAB-LCAAAAAAAAAOtj0EPwUAQhf-KzLnsKqu64iBu4oSbOKzt0G2qKztTkQi_3abi6Ob43vfem8wDLIMGxjuLytwM2eCuPOvZ0gRCnrd86k8hgSaGNr5llFE40CdTEyZQXKP_EtuuRREhaA5tJLcIJqM8VSqfZlIO1VilWRYT9puwhStAjyZqIKM4fm1HoPeP333qLi5bYn8RS98wNix2JV6QxNrXRizOwRRGrLbi88ygIngm_1k8YzCOusXD8w1y8dfTPAEAAA%3d%3d:754
[  984721ms] [LOG] %c Widde Video Commerce %c v24604ee %c Build: 21/09/2026 20:39 %c border: 1px solid #2567f8; background: #2567f8; color: #fff; font-weight: bold; padding: 4px 8px; border-radius: 3px 0 0 0; border: 1px solid #2567f8; border-left: none; background: #FFF; color: #2567f8; font-weight: bold; padding: 4px 8px; border: 1px solid #2567f8; border-left: none; background: #f0f0f0; color: #333; font-weight: bold; padding: 4px 8px; border-radius: 0 3px 3px 0; background: transparent @ https://cdn.widde.io/assets/main.utzwjalemu.js:0
[  984788ms] [LOG] %c Tryon Widde.io %c %s %c border: 1px solid #2567f8; background: #2567f8; color: #fff; font-weight: bold; padding: 4px 8px; border-radius: 3px 0 0 3px; border: 1px solid #2567f8; background: #FFF; color: #2567f8; font-weight: bold; padding: 4px 8px; border-radius: 0 3px 3px 0; 47bf7c2 background: transparent @ https://cdn-tryon.widde.io/widde-tryon.js:86
[  984806ms] [LOG] [tryon-tracker] initialized {domain: www.lolacosmetics.com.br} @ https://cdn-tryon.widde.io/widde-tryon.js:8
[  991308ms] [WARNING] Error with Feature-Policy header: Some features are specified in both Feature-Policy and Permissions-Policy header: payment, fullscreen, microphone, camera. Values defined in Permissions-Policy header will be used. @ :0
[  991717ms] [ERROR] Failed to load resource: the server responded with a status of 500 () @ https://fonts.cdnfonts.com/css/leelawade:0
[  992147ms] [ERROR] Failed to load resource: the server responded with a status of 404 () @ https://lolacosmetics.admin.linxcommerce.com.br/Custom/Content/Themes/Lola/Styles/Fonts/FontAwesome/all.css:0
[  992248ms] [LOG] Banner não encontrado: banner-232 @ https://d1hjvew1n9ss7u.cloudfront.net/asset.axd?id=PAEAAB-LCAAAAAAAAAOtj0EPwUAQhf-KzLnsKqu64iBu4oSbOKzt0G2qKztTkQi_3abi6Ob43vfem8wDLIMGxjuLytwM2eCuPOvZ0gRCnrd86k8hgSaGNr5llFE40CdTEyZQXKP_EtuuRREhaA5tJLcIJqM8VSqfZlIO1VilWRYT9puwhStAjyZqIKM4fm1HoPeP333qLi5bYn8RS98wNix2JV6QxNrXRizOwRRGrLbi88ygIngm_1k8YzCOusXD8w1y8dfTPAEAAA%3d%3d:754
[  992250ms] [LOG] [Debug Carrinho] Polling ativo @ https://d1hjvew1n9ss7u.cloudfront.net/asset.axd?id=PAEAAB-LCAAAAAAAAAOtj0EPwUAQhf-KzLnsKqu64iBu4oSbOKzt0G2qKztTkQi_3abi6Ob43vfem8wDLIMGxjuLytwM2eCuPOvZ0gRCnrd86k8hgSaGNr5llFE40CdTEyZQXKP_EtuuRREhaA5tJLcIJqM8VSqfZlIO1VilWRYT9puwhStAjyZqIKM4fm1HoPeP333qLi5bYn8RS98wNix2JV6QxNrXRizOwRRGrLbi88ygIngm_1k8YzCOusXD8w1y8dfTPAEAAA%3d%3d:1790
[  992294ms] [LOG] categoria @ https://d1hjvew1n9ss7u.cloudfront.net/asset.axd?id=PAEAAB-LCAAAAAAAAAOtj0EPwUAQhf-KzLnsKqu64iBu4oSbOKzt0G2qKztTkQi_3abi6Ob43vfem8wDLIMGxjuLytwM2eCuPOvZ0gRCnrd86k8hgSaGNr5llFE40CdTEyZQXKP_EtuuRREhaA5tJLcIJqM8VSqfZlIO1VilWRYT9puwhStAjyZqIKM4fm1HoPeP333qLi5bYn8RS98wNix2JV6QxNrXRizOwRRGrLbi88ygIngm_1k8YzCOusXD8w1y8dfTPAEAAA%3d%3d:1
[  992295ms] [WARNING] !! Há erros de scripts de terceiros !!
Por favor, contate a Empresa responsável pelo script.  @ https://d1hjvew1n9ss7u.cloudfront.net/assets/shjs.js?t=639255987001545277:0
[  992300ms] Uncaught Error: You must pass a string or Handlebars AST to Handlebars.compile. You passed null
    at e.compile (https://d1hjvew1n9ss7u.cloudfront.net/asset.axd?id=PAEAAB-LCAAAAAAAAAOtj0EPwUAQhf-KzLnsKqu64iBu4oSbOKzt0G2qKztTkQi_3abi6Ob43vfem8wDLIMGxjuLytwM2eCuPOvZ0gRCnrd86k8hgSaGNr5llFE40CdTEyZQXKP_EtuuRREhaA5tJLcIJqM8VSqfZlIO1VilWRYT9puwhStAjyZqIKM4fm1HoPeP333qLi5bYn8RS98wNix2JV6QxNrXRizOwRRGrLbi88ygIngm_1k8YzCOusXD8w1y8dfTPAEAAA%3d%3d:1794:49302)
    at i.compile (https://d1hjvew1n9ss7u.cloudfront.net/asset.axd?id=PAEAAB-LCAAAAAAAAAOtj0EPwUAQhf-KzLnsKqu64iBu4oSbOKzt0G2qKztTkQi_3abi6Ob43vfem8wDLIMGxjuLytwM2eCuPOvZ0gRCnrd86k8hgSaGNr5llFE40CdTEyZQXKP_EtuuRREhaA5tJLcIJqM8VSqfZlIO1VilWRYT9puwhStAjyZqIKM4fm1HoPeP333qLi5bYn8RS98wNix2JV6QxNrXRizOwRRGrLbi88ygIngm_1k8YzCOusXD8w1y8dfTPAEAAA%3d%3d:1794:343)
    at renderBasket (https://d1hjvew1n9ss7u.cloudfront.net/asset.axd?id=PAEAAB-LCAAAAAAAAAOtj0EPwUAQhf-KzLnsKqu64iBu4oSbOKzt0G2qKztTkQi_3abi6Ob43vfem8wDLIMGxjuLytwM2eCuPOvZ0gRCnrd86k8hgSaGNr5llFE40CdTEyZQXKP_EtuuRREhaA5tJLcIJqM8VSqfZlIO1VilWRYT9puwhStAjyZqIKM4fm1HoPeP333qLi5bYn8RS98wNix2JV6QxNrXRizOwRRGrLbi88ygIngm_1k8YzCOusXD8w1y8dfTPAEAAA%3d%3d:29:27)
    at <anonymous> (https://d1hjvew1n9ss7u.cloudfront.net/asset.axd?id=PAEAAB-LCAAAAAAAAAOtj0EPwUAQhf-KzLnsKqu64iBu4oSbOKzt0G2qKztTkQi_3abi6Ob43vfem8wDLIMGxjuLytwM2eCuPOvZ0gRCnrd86k8hgSaGNr5llFE40CdTEyZQXKP_EtuuRREhaA5tJLcIJqM8VSqfZlIO1VilWRYT9puwhStAjyZqIKM4fm1HoPeP333qLi5bYn8RS98wNix2JV6QxNrXRizOwRRGrLbi88ygIngm_1k8YzCOusXD8w1y8dfTPAEAAA%3d%3d:220:1)
    at f (https://d1hjvew1n9ss7u.cloudfront.net/assets/shjs.js?t=639255987001545277:0:10382)
    at fireWith (https://d1hjvew1n9ss7u.cloudfront.net/assets/shjs.js?t=639255987001545277:0:11137)
    at ready (https://d1hjvew1n9ss7u.cloudfront.net/assets/shjs.js?t=639255987001545277:0:5238)
    at r (https://d1hjvew1n9ss7u.cloudfront.net/assets/shjs.js?t=639255987001545277:0:9748)
[  992301ms] [VERBOSE] [DOM] Input elements should have autocomplete attributes (suggested: "current-password"): (More info: https://goo.gl/9p2vKq) %o @ https://www.lolacosmetics.com.br/tratamentos/finalizacao/creme-de-pentear:0
[  992301ms] [VERBOSE] [DOM] Input elements should have autocomplete attributes (suggested: "current-password"): (More info: https://goo.gl/9p2vKq) %o @ https://www.lolacosmetics.com.br/tratamentos/finalizacao/creme-de-pentear:0
[  992499ms] [LOG] AffiseStorage availability: {cookie: true, localStorage: true, sessionStorage: true} @ https://rankmediabrasil.g2afse.com/websdk.js:0
[  992500ms] [LOG] Status RNK Media - ClickId: null UTM: null @ :3
[  992881ms] [INFO] É necessário definir o storeID no Plugin TrustVox @ https://d1hjvew1n9ss7u.cloudfront.net/asset.axd?id=_woAAB-LCAAAAAAAAAO9lsFunDAQhl-l4rw122w3m1D1lEfooYeqh8HMgrNgW_aYDYrSZ--EaFVgIZWK1aP9__b3Y3uwnxNJSZYQPlH6CC146ZSlLx9kBc4jfQ10_HiXbBLNpu-qKJG23FJJdoTa4yYpLAu_0m_9MM8SJhm5wErLwu3u_ma_v787bLef9p_3N4cDO-TFIQtVJNnudi-23Mgv3con2Y_n5fG-Jz4ET6ZJH4wm1JS-ZfOpamzgYKJBgkuq9FyIYb949MnL5l8JpTFljQI01B0p6YeUqbaO5DtP2AiHEizxhoh2N4TNyOt41pmj4vi1KZUekkZCRIYwEKhaJvVyHN4Za2kaFL4y1qKbY04s67i5M2evdCkkEJbGdQ3qMKTOGlZ_axEkCY_g5HRZB8o6iqxQnkwgkYM_Ic8ZmgZcVyEU43V917guA8_DM76uXg5aj7FTbR3pCJKjU2f5TGKL9ajcr8R4LOVpicRSDE7pTLDXjL470tkvneLflHE03qE5Pc7Jr5XmOla-mq7frCEis8FCgV8kvsnReaIFp4CU0X9F_3FGTMH3tafWPAkHrwW3mGHii5PAOiVxDtkLcRh56PJAZKa34Vj8DyyjUdZKntgUszanZXKtRqQtg1YxCuAXXfBQ8rtLSrQEenwuZg098-fLbwJGClv_CgAA:52
[  992887ms] Uncaught TypeError: Cannot read properties of undefined (reading 'replace')
    at validaFreteGratis (https://d1hjvew1n9ss7u.cloudfront.net/asset.axd?id=PAEAAB-LCAAAAAAAAAOtj0EPwUAQhf-KzLnsKqu64iBu4oSbOKzt0G2qKztTkQi_3abi6Ob43vfem8wDLIMGxjuLytwM2eCuPOvZ0gRCnrd86k8hgSaGNr5llFE40CdTEyZQXKP_EtuuRREhaA5tJLcIJqM8VSqfZlIO1VilWRYT9puwhStAjyZqIKM4fm1HoPeP333qLi5bYn8RS98wNix2JV6QxNrXRizOwRRGrLbi88ygIngm_1k8YzCOusXD8w1y8dfTPAEAAA%3d%3d:1:7633)
    at <anonymous> (https://d1hjvew1n9ss7u.cloudfront.net/asset.axd?id=PAEAAB-LCAAAAAAAAAOtj0EPwUAQhf-KzLnsKqu64iBu4oSbOKzt0G2qKztTkQi_3abi6Ob43vfem8wDLIMGxjuLytwM2eCuPOvZ0gRCnrd86k8hgSaGNr5llFE40CdTEyZQXKP_EtuuRREhaA5tJLcIJqM8VSqfZlIO1VilWRYT9puwhStAjyZqIKM4fm1HoPeP333qLi5bYn8RS98wNix2JV6QxNrXRizOwRRGrLbi88ygIngm_1k8YzCOusXD8w1y8dfTPAEAAA%3d%3d:1:49808)
    at dispatch (https://d1hjvew1n9ss7u.cloudfront.net/assets/shjs.js?t=639255987001545277:0:32701)
    at a (https://d1hjvew1n9ss7u.cloudfront.net/assets/shjs.js?t=639255987001545277:0:28480)
[  992886ms] [LOG] Banner não encontrado: banner-232 @ https://d1hjvew1n9ss7u.cloudfront.net/asset.axd?id=PAEAAB-LCAAAAAAAAAOtj0EPwUAQhf-KzLnsKqu64iBu4oSbOKzt0G2qKztTkQi_3abi6Ob43vfem8wDLIMGxjuLytwM2eCuPOvZ0gRCnrd86k8hgSaGNr5llFE40CdTEyZQXKP_EtuuRREhaA5tJLcIJqM8VSqfZlIO1VilWRYT9puwhStAjyZqIKM4fm1HoPeP333qLi5bYn8RS98wNix2JV6QxNrXRizOwRRGrLbi88ygIngm_1k8YzCOusXD8w1y8dfTPAEAAA%3d%3d:754
[  992913ms] [LOG] %c Widde Video Commerce %c v24604ee %c Build: 21/09/2026 20:39 %c border: 1px solid #2567f8; background: #2567f8; color: #fff; font-weight: bold; padding: 4px 8px; border-radius: 3px 0 0 0; border: 1px solid #2567f8; border-left: none; background: #FFF; color: #2567f8; font-weight: bold; padding: 4px 8px; border: 1px solid #2567f8; border-left: none; background: #f0f0f0; color: #333; font-weight: bold; padding: 4px 8px; border-radius: 0 3px 3px 0; background: transparent @ https://cdn.widde.io/assets/main.utzwjalemu.js:0
[  993015ms] [LOG] %c Tryon Widde.io %c %s %c border: 1px solid #2567f8; background: #2567f8; color: #fff; font-weight: bold; padding: 4px 8px; border-radius: 3px 0 0 3px; border: 1px solid #2567f8; background: #FFF; color: #2567f8; font-weight: bold; padding: 4px 8px; border-radius: 0 3px 3px 0; 47bf7c2 background: transparent @ https://cdn-tryon.widde.io/widde-tryon.js:86
[  993042ms] [LOG] [tryon-tracker] initialized {domain: www.lolacosmetics.com.br} @ https://cdn-tryon.widde.io/widde-tryon.js:8
[  999584ms] [WARNING] Error with Feature-Policy header: Some features are specified in both Feature-Policy and Permissions-Policy header: payment, fullscreen, microphone, camera. Values defined in Permissions-Policy header will be used. @ :0
[  999929ms] [ERROR] Failed to load resource: the server responded with a status of 500 () @ https://fonts.cdnfonts.com/css/leelawade:0
[ 1000214ms] [ERROR] Failed to load resource: the server responded with a status of 404 () @ https://lolacosmetics.admin.linxcommerce.com.br/Custom/Content/Themes/Lola/Styles/Fonts/FontAwesome/all.css:0
[ 1000356ms] [ERROR] Failed to load resource: net::ERR_NAME_NOT_RESOLVED @ https://event.getblue.io/js/blue-tag.min.js:0
[ 1000377ms] [LOG] Banner não encontrado: banner-232 @ https://d1hjvew1n9ss7u.cloudfront.net/asset.axd?id=PAEAAB-LCAAAAAAAAAOtj0EPwUAQhf-KzLnsKqu64iBu4oSbOKzt0G2qKztTkQi_3abi6Ob43vfem8wDLIMGxjuLytwM2eCuPOvZ0gRCnrd86k8hgSaGNr5llFE40CdTEyZQXKP_EtuuRREhaA5tJLcIJqM8VSqfZlIO1VilWRYT9puwhStAjyZqIKM4fm1HoPeP333qLi5bYn8RS98wNix2JV6QxNrXRizOwRRGrLbi88ygIngm_1k8YzCOusXD8w1y8dfTPAEAAA%3d%3d:754
[ 1000378ms] [LOG] [Debug Carrinho] Polling ativo @ https://d1hjvew1n9ss7u.cloudfront.net/asset.axd?id=PAEAAB-LCAAAAAAAAAOtj0EPwUAQhf-KzLnsKqu64iBu4oSbOKzt0G2qKztTkQi_3abi6Ob43vfem8wDLIMGxjuLytwM2eCuPOvZ0gRCnrd86k8hgSaGNr5llFE40CdTEyZQXKP_EtuuRREhaA5tJLcIJqM8VSqfZlIO1VilWRYT9puwhStAjyZqIKM4fm1HoPeP333qLi5bYn8RS98wNix2JV6QxNrXRizOwRRGrLbi88ygIngm_1k8YzCOusXD8w1y8dfTPAEAAA%3d%3d:1790
[ 1000427ms] [LOG] categoria @ https://d1hjvew1n9ss7u.cloudfront.net/asset.axd?id=PAEAAB-LCAAAAAAAAAOtj0EPwUAQhf-KzLnsKqu64iBu4oSbOKzt0G2qKztTkQi_3abi6Ob43vfem8wDLIMGxjuLytwM2eCuPOvZ0gRCnrd86k8hgSaGNr5llFE40CdTEyZQXKP_EtuuRREhaA5tJLcIJqM8VSqfZlIO1VilWRYT9puwhStAjyZqIKM4fm1HoPeP333qLi5bYn8RS98wNix2JV6QxNrXRizOwRRGrLbi88ygIngm_1k8YzCOusXD8w1y8dfTPAEAAA%3d%3d:1
[ 1000428ms] [WARNING] !! Há erros de scripts de terceiros !!
Por favor, contate a Empresa responsável pelo script.  @ https://d1hjvew1n9ss7u.cloudfront.net/assets/shjs.js?t=639255987001545277:0
[ 1000438ms] Uncaught Error: You must pass a string or Handlebars AST to Handlebars.compile. You passed null
    at e.compile (https://d1hjvew1n9ss7u.cloudfront.net/asset.axd?id=PAEAAB-LCAAAAAAAAAOtj0EPwUAQhf-KzLnsKqu64iBu4oSbOKzt0G2qKztTkQi_3abi6Ob43vfem8wDLIMGxjuLytwM2eCuPOvZ0gRCnrd86k8hgSaGNr5llFE40CdTEyZQXKP_EtuuRREhaA5tJLcIJqM8VSqfZlIO1VilWRYT9puwhStAjyZqIKM4fm1HoPeP333qLi5bYn8RS98wNix2JV6QxNrXRizOwRRGrLbi88ygIngm_1k8YzCOusXD8w1y8dfTPAEAAA%3d%3d:1794:49302)
    at i.compile (https://d1hjvew1n9ss7u.cloudfront.net/asset.axd?id=PAEAAB-LCAAAAAAAAAOtj0EPwUAQhf-KzLnsKqu64iBu4oSbOKzt0G2qKztTkQi_3abi6Ob43vfem8wDLIMGxjuLytwM2eCuPOvZ0gRCnrd86k8hgSaGNr5llFE40CdTEyZQXKP_EtuuRREhaA5tJLcIJqM8VSqfZlIO1VilWRYT9puwhStAjyZqIKM4fm1HoPeP333qLi5bYn8RS98wNix2JV6QxNrXRizOwRRGrLbi88ygIngm_1k8YzCOusXD8w1y8dfTPAEAAA%3d%3d:1794:343)
    at renderBasket (https://d1hjvew1n9ss7u.cloudfront.net/asset.axd?id=PAEAAB-LCAAAAAAAAAOtj0EPwUAQhf-KzLnsKqu64iBu4oSbOKzt0G2qKztTkQi_3abi6Ob43vfem8wDLIMGxjuLytwM2eCuPOvZ0gRCnrd86k8hgSaGNr5llFE40CdTEyZQXKP_EtuuRREhaA5tJLcIJqM8VSqfZlIO1VilWRYT9puwhStAjyZqIKM4fm1HoPeP333qLi5bYn8RS98wNix2JV6QxNrXRizOwRRGrLbi88ygIngm_1k8YzCOusXD8w1y8dfTPAEAAA%3d%3d:29:27)
    at <anonymous> (https://d1hjvew1n9ss7u.cloudfront.net/asset.axd?id=PAEAAB-LCAAAAAAAAAOtj0EPwUAQhf-KzLnsKqu64iBu4oSbOKzt0G2qKztTkQi_3abi6Ob43vfem8wDLIMGxjuLytwM2eCuPOvZ0gRCnrd86k8hgSaGNr5llFE40CdTEyZQXKP_EtuuRREhaA5tJLcIJqM8VSqfZlIO1VilWRYT9puwhStAjyZqIKM4fm1HoPeP333qLi5bYn8RS98wNix2JV6QxNrXRizOwRRGrLbi88ygIngm_1k8YzCOusXD8w1y8dfTPAEAAA%3d%3d:220:1)
    at f (https://d1hjvew1n9ss7u.cloudfront.net/assets/shjs.js?t=639255987001545277:0:10382)
    at fireWith (https://d1hjvew1n9ss7u.cloudfront.net/assets/shjs.js?t=639255987001545277:0:11137)
    at ready (https://d1hjvew1n9ss7u.cloudfront.net/assets/shjs.js?t=639255987001545277:0:5238)
    at r (https://d1hjvew1n9ss7u.cloudfront.net/assets/shjs.js?t=639255987001545277:0:9748)
[ 1000435ms] [VERBOSE] [DOM] Input elements should have autocomplete attributes (suggested: "current-password"): (More info: https://goo.gl/9p2vKq) %o @ https://www.lolacosmetics.com.br/tratamentos/finalizacao/leave-in:0
[ 1000435ms] [VERBOSE] [DOM] Input elements should have autocomplete attributes (suggested: "current-password"): (More info: https://goo.gl/9p2vKq) %o @ https://www.lolacosmetics.com.br/tratamentos/finalizacao/leave-in:0
[ 1000497ms] [LOG] AffiseStorage availability: {cookie: true, localStorage: true, sessionStorage: true} @ https://rankmediabrasil.g2afse.com/websdk.js:0
[ 1000499ms] [LOG] Status RNK Media - ClickId: null UTM: null @ :3
[ 1000783ms] [WARNING] [Meta Pixel] - Invalid parameter format for currency. Please refer https://developers.facebook.com/docs/meta-pixel/reference/ for valid parameter specifications. @ https://connect.facebook.net/en_US/fbevents.js:203
[ 1001058ms] [INFO] É necessário definir o storeID no Plugin TrustVox @ https://d1hjvew1n9ss7u.cloudfront.net/asset.axd?id=_woAAB-LCAAAAAAAAAO9lsFunDAQhl-l4rw122w3m1D1lEfooYeqh8HMgrNgW_aYDYrSZ--EaFVgIZWK1aP9__b3Y3uwnxNJSZYQPlH6CC146ZSlLx9kBc4jfQ10_HiXbBLNpu-qKJG23FJJdoTa4yYpLAu_0m_9MM8SJhm5wErLwu3u_ma_v787bLef9p_3N4cDO-TFIQtVJNnudi-23Mgv3con2Y_n5fG-Jz4ET6ZJH4wm1JS-ZfOpamzgYKJBgkuq9FyIYb949MnL5l8JpTFljQI01B0p6YeUqbaO5DtP2AiHEizxhoh2N4TNyOt41pmj4vi1KZUekkZCRIYwEKhaJvVyHN4Za2kaFL4y1qKbY04s67i5M2evdCkkEJbGdQ3qMKTOGlZ_axEkCY_g5HRZB8o6iqxQnkwgkYM_Ic8ZmgZcVyEU43V917guA8_DM76uXg5aj7FTbR3pCJKjU2f5TGKL9ajcr8R4LOVpicRSDE7pTLDXjL470tkvneLflHE03qE5Pc7Jr5XmOla-mq7frCEis8FCgV8kvsnReaIFp4CU0X9F_3FGTMH3tafWPAkHrwW3mGHii5PAOiVxDtkLcRh56PJAZKa34Vj8DyyjUdZKntgUszanZXKtRqQtg1YxCuAXXfBQ8rtLSrQEenwuZg098-fLbwJGClv_CgAA:52
[ 1001071ms] Uncaught TypeError: Cannot read properties of undefined (reading 'replace')
    at validaFreteGratis (https://d1hjvew1n9ss7u.cloudfront.net/asset.axd?id=PAEAAB-LCAAAAAAAAAOtj0EPwUAQhf-KzLnsKqu64iBu4oSbOKzt0G2qKztTkQi_3abi6Ob43vfem8wDLIMGxjuLytwM2eCuPOvZ0gRCnrd86k8hgSaGNr5llFE40CdTEyZQXKP_EtuuRREhaA5tJLcIJqM8VSqfZlIO1VilWRYT9puwhStAjyZqIKM4fm1HoPeP333qLi5bYn8RS98wNix2JV6QxNrXRizOwRRGrLbi88ygIngm_1k8YzCOusXD8w1y8dfTPAEAAA%3d%3d:1:7633)
    at <anonymous> (https://d1hjvew1n9ss7u.cloudfront.net/asset.axd?id=PAEAAB-LCAAAAAAAAAOtj0EPwUAQhf-KzLnsKqu64iBu4oSbOKzt0G2qKztTkQi_3abi6Ob43vfem8wDLIMGxjuLytwM2eCuPOvZ0gRCnrd86k8hgSaGNr5llFE40CdTEyZQXKP_EtuuRREhaA5tJLcIJqM8VSqfZlIO1VilWRYT9puwhStAjyZqIKM4fm1HoPeP333qLi5bYn8RS98wNix2JV6QxNrXRizOwRRGrLbi88ygIngm_1k8YzCOusXD8w1y8dfTPAEAAA%3d%3d:1:49808)
    at dispatch (https://d1hjvew1n9ss7u.cloudfront.net/assets/shjs.js?t=639255987001545277:0:32701)
    at a (https://d1hjvew1n9ss7u.cloudfront.net/assets/shjs.js?t=639255987001545277:0:28480)
[ 1001065ms] [LOG] Banner não encontrado: banner-232 @ https://d1hjvew1n9ss7u.cloudfront.net/asset.axd?id=PAEAAB-LCAAAAAAAAAOtj0EPwUAQhf-KzLnsKqu64iBu4oSbOKzt0G2qKztTkQi_3abi6Ob43vfem8wDLIMGxjuLytwM2eCuPOvZ0gRCnrd86k8hgSaGNr5llFE40CdTEyZQXKP_EtuuRREhaA5tJLcIJqM8VSqfZlIO1VilWRYT9puwhStAjyZqIKM4fm1HoPeP333qLi5bYn8RS98wNix2JV6QxNrXRizOwRRGrLbi88ygIngm_1k8YzCOusXD8w1y8dfTPAEAAA%3d%3d:754
[ 1001088ms] [LOG] %c Widde Video Commerce %c v24604ee %c Build: 21/09/2026 20:39 %c border: 1px solid #2567f8; background: #2567f8; color: #fff; font-weight: bold; padding: 4px 8px; border-radius: 3px 0 0 0; border: 1px solid #2567f8; border-left: none; background: #FFF; color: #2567f8; font-weight: bold; padding: 4px 8px; border: 1px solid #2567f8; border-left: none; background: #f0f0f0; color: #333; font-weight: bold; padding: 4px 8px; border-radius: 0 3px 3px 0; background: transparent @ https://cdn.widde.io/assets/main.utzwjalemu.js:0
[ 1001169ms] [LOG] %c Tryon Widde.io %c %s %c border: 1px solid #2567f8; background: #2567f8; color: #fff; font-weight: bold; padding: 4px 8px; border-radius: 3px 0 0 3px; border: 1px solid #2567f8; background: #FFF; color: #2567f8; font-weight: bold; padding: 4px 8px; border-radius: 0 3px 3px 0; 47bf7c2 background: transparent @ https://cdn-tryon.widde.io/widde-tryon.js:86
[ 1001181ms] [LOG] [tryon-tracker] initialized {domain: www.lolacosmetics.com.br} @ https://cdn-tryon.widde.io/widde-tryon.js:8
[ 1008067ms] [WARNING] Error with Feature-Policy header: Some features are specified in both Feature-Policy and Permissions-Policy header: payment, fullscreen, microphone, camera. Values defined in Permissions-Policy header will be used. @ :0
[ 1008589ms] [ERROR] Failed to load resource: the server responded with a status of 500 () @ https://fonts.cdnfonts.com/css/leelawade:0
[ 1009021ms] [ERROR] Failed to load resource: the server responded with a status of 404 () @ https://lolacosmetics.admin.linxcommerce.com.br/Custom/Content/Themes/Lola/Styles/Fonts/FontAwesome/all.css:0
[ 1009145ms] [LOG] Banner não encontrado: banner-232 @ https://d1hjvew1n9ss7u.cloudfront.net/asset.axd?id=PAEAAB-LCAAAAAAAAAOtj0EPwUAQhf-KzLnsKqu64iBu4oSbOKzt0G2qKztTkQi_3abi6Ob43vfem8wDLIMGxjuLytwM2eCuPOvZ0gRCnrd86k8hgSaGNr5llFE40CdTEyZQXKP_EtuuRREhaA5tJLcIJqM8VSqfZlIO1VilWRYT9puwhStAjyZqIKM4fm1HoPeP333qLi5bYn8RS98wNix2JV6QxNrXRizOwRRGrLbi88ygIngm_1k8YzCOusXD8w1y8dfTPAEAAA%3d%3d:754
[ 1009147ms] [LOG] [Debug Carrinho] Polling ativo @ https://d1hjvew1n9ss7u.cloudfront.net/asset.axd?id=PAEAAB-LCAAAAAAAAAOtj0EPwUAQhf-KzLnsKqu64iBu4oSbOKzt0G2qKztTkQi_3abi6Ob43vfem8wDLIMGxjuLytwM2eCuPOvZ0gRCnrd86k8hgSaGNr5llFE40CdTEyZQXKP_EtuuRREhaA5tJLcIJqM8VSqfZlIO1VilWRYT9puwhStAjyZqIKM4fm1HoPeP333qLi5bYn8RS98wNix2JV6QxNrXRizOwRRGrLbi88ygIngm_1k8YzCOusXD8w1y8dfTPAEAAA%3d%3d:1790
[ 1009195ms] [LOG] categoria @ https://d1hjvew1n9ss7u.cloudfront.net/asset.axd?id=PAEAAB-LCAAAAAAAAAOtj0EPwUAQhf-KzLnsKqu64iBu4oSbOKzt0G2qKztTkQi_3abi6Ob43vfem8wDLIMGxjuLytwM2eCuPOvZ0gRCnrd86k8hgSaGNr5llFE40CdTEyZQXKP_EtuuRREhaA5tJLcIJqM8VSqfZlIO1VilWRYT9puwhStAjyZqIKM4fm1HoPeP333qLi5bYn8RS98wNix2JV6QxNrXRizOwRRGrLbi88ygIngm_1k8YzCOusXD8w1y8dfTPAEAAA%3d%3d:1
[ 1009196ms] [WARNING] !! Há erros de scripts de terceiros !!
Por favor, contate a Empresa responsável pelo script.  @ https://d1hjvew1n9ss7u.cloudfront.net/assets/shjs.js?t=639255987001545277:0
[ 1009200ms] Uncaught Error: You must pass a string or Handlebars AST to Handlebars.compile. You passed null
    at e.compile (https://d1hjvew1n9ss7u.cloudfront.net/asset.axd?id=PAEAAB-LCAAAAAAAAAOtj0EPwUAQhf-KzLnsKqu64iBu4oSbOKzt0G2qKztTkQi_3abi6Ob43vfem8wDLIMGxjuLytwM2eCuPOvZ0gRCnrd86k8hgSaGNr5llFE40CdTEyZQXKP_EtuuRREhaA5tJLcIJqM8VSqfZlIO1VilWRYT9puwhStAjyZqIKM4fm1HoPeP333qLi5bYn8RS98wNix2JV6QxNrXRizOwRRGrLbi88ygIngm_1k8YzCOusXD8w1y8dfTPAEAAA%3d%3d:1794:49302)
    at i.compile (https://d1hjvew1n9ss7u.cloudfront.net/asset.axd?id=PAEAAB-LCAAAAAAAAAOtj0EPwUAQhf-KzLnsKqu64iBu4oSbOKzt0G2qKztTkQi_3abi6Ob43vfem8wDLIMGxjuLytwM2eCuPOvZ0gRCnrd86k8hgSaGNr5llFE40CdTEyZQXKP_EtuuRREhaA5tJLcIJqM8VSqfZlIO1VilWRYT9puwhStAjyZqIKM4fm1HoPeP333qLi5bYn8RS98wNix2JV6QxNrXRizOwRRGrLbi88ygIngm_1k8YzCOusXD8w1y8dfTPAEAAA%3d%3d:1794:343)
    at renderBasket (https://d1hjvew1n9ss7u.cloudfront.net/asset.axd?id=PAEAAB-LCAAAAAAAAAOtj0EPwUAQhf-KzLnsKqu64iBu4oSbOKzt0G2qKztTkQi_3abi6Ob43vfem8wDLIMGxjuLytwM2eCuPOvZ0gRCnrd86k8hgSaGNr5llFE40CdTEyZQXKP_EtuuRREhaA5tJLcIJqM8VSqfZlIO1VilWRYT9puwhStAjyZqIKM4fm1HoPeP333qLi5bYn8RS98wNix2JV6QxNrXRizOwRRGrLbi88ygIngm_1k8YzCOusXD8w1y8dfTPAEAAA%3d%3d:29:27)
    at <anonymous> (https://d1hjvew1n9ss7u.cloudfront.net/asset.axd?id=PAEAAB-LCAAAAAAAAAOtj0EPwUAQhf-KzLnsKqu64iBu4oSbOKzt0G2qKztTkQi_3abi6Ob43vfem8wDLIMGxjuLytwM2eCuPOvZ0gRCnrd86k8hgSaGNr5llFE40CdTEyZQXKP_EtuuRREhaA5tJLcIJqM8VSqfZlIO1VilWRYT9puwhStAjyZqIKM4fm1HoPeP333qLi5bYn8RS98wNix2JV6QxNrXRizOwRRGrLbi88ygIngm_1k8YzCOusXD8w1y8dfTPAEAAA%3d%3d:220:1)
    at f (https://d1hjvew1n9ss7u.cloudfront.net/assets/shjs.js?t=639255987001545277:0:10382)
    at fireWith (https://d1hjvew1n9ss7u.cloudfront.net/assets/shjs.js?t=639255987001545277:0:11137)
    at ready (https://d1hjvew1n9ss7u.cloudfront.net/assets/shjs.js?t=639255987001545277:0:5238)
    at r (https://d1hjvew1n9ss7u.cloudfront.net/assets/shjs.js?t=639255987001545277:0:9748)
[ 1009201ms] [VERBOSE] [DOM] Input elements should have autocomplete attributes (suggested: "current-password"): (More info: https://goo.gl/9p2vKq) %o @ https://www.lolacosmetics.com.br/tratamentos/finalizacao/oleo:0
[ 1009201ms] [VERBOSE] [DOM] Input elements should have autocomplete attributes (suggested: "current-password"): (More info: https://goo.gl/9p2vKq) %o @ https://www.lolacosmetics.com.br/tratamentos/finalizacao/oleo:0
[ 1009217ms] [ERROR] Failed to load resource: net::ERR_NAME_NOT_RESOLVED @ https://event.getblue.io/js/blue-tag.min.js:0
[ 1009299ms] [LOG] AffiseStorage availability: {cookie: true, localStorage: true, sessionStorage: true} @ https://rankmediabrasil.g2afse.com/websdk.js:0
[ 1009300ms] [LOG] Status RNK Media - ClickId: null UTM: null @ :3
[ 1009484ms] [WARNING] [Meta Pixel] - Invalid parameter format for currency. Please refer https://developers.facebook.com/docs/meta-pixel/reference/ for valid parameter specifications. @ https://connect.facebook.net/en_US/fbevents.js:203
[ 1009862ms] [INFO] É necessário definir o storeID no Plugin TrustVox @ https://d1hjvew1n9ss7u.cloudfront.net/asset.axd?id=_woAAB-LCAAAAAAAAAO9lsFunDAQhl-l4rw122w3m1D1lEfooYeqh8HMgrNgW_aYDYrSZ--EaFVgIZWK1aP9__b3Y3uwnxNJSZYQPlH6CC146ZSlLx9kBc4jfQ10_HiXbBLNpu-qKJG23FJJdoTa4yYpLAu_0m_9MM8SJhm5wErLwu3u_ma_v787bLef9p_3N4cDO-TFIQtVJNnudi-23Mgv3con2Y_n5fG-Jz4ET6ZJH4wm1JS-ZfOpamzgYKJBgkuq9FyIYb949MnL5l8JpTFljQI01B0p6YeUqbaO5DtP2AiHEizxhoh2N4TNyOt41pmj4vi1KZUekkZCRIYwEKhaJvVyHN4Za2kaFL4y1qKbY04s67i5M2evdCkkEJbGdQ3qMKTOGlZ_axEkCY_g5HRZB8o6iqxQnkwgkYM_Ic8ZmgZcVyEU43V917guA8_DM76uXg5aj7FTbR3pCJKjU2f5TGKL9ajcr8R4LOVpicRSDE7pTLDXjL470tkvneLflHE03qE5Pc7Jr5XmOla-mq7frCEis8FCgV8kvsnReaIFp4CU0X9F_3FGTMH3tafWPAkHrwW3mGHii5PAOiVxDtkLcRh56PJAZKa34Vj8DyyjUdZKntgUszanZXKtRqQtg1YxCuAXXfBQ8rtLSrQEenwuZg098-fLbwJGClv_CgAA:52
[ 1009871ms] Uncaught TypeError: Cannot read properties of undefined (reading 'replace')
    at validaFreteGratis (https://d1hjvew1n9ss7u.cloudfront.net/asset.axd?id=PAEAAB-LCAAAAAAAAAOtj0EPwUAQhf-KzLnsKqu64iBu4oSbOKzt0G2qKztTkQi_3abi6Ob43vfem8wDLIMGxjuLytwM2eCuPOvZ0gRCnrd86k8hgSaGNr5llFE40CdTEyZQXKP_EtuuRREhaA5tJLcIJqM8VSqfZlIO1VilWRYT9puwhStAjyZqIKM4fm1HoPeP333qLi5bYn8RS98wNix2JV6QxNrXRizOwRRGrLbi88ygIngm_1k8YzCOusXD8w1y8dfTPAEAAA%3d%3d:1:7633)
    at <anonymous> (https://d1hjvew1n9ss7u.cloudfront.net/asset.axd?id=PAEAAB-LCAAAAAAAAAOtj0EPwUAQhf-KzLnsKqu64iBu4oSbOKzt0G2qKztTkQi_3abi6Ob43vfem8wDLIMGxjuLytwM2eCuPOvZ0gRCnrd86k8hgSaGNr5llFE40CdTEyZQXKP_EtuuRREhaA5tJLcIJqM8VSqfZlIO1VilWRYT9puwhStAjyZqIKM4fm1HoPeP333qLi5bYn8RS98wNix2JV6QxNrXRizOwRRGrLbi88ygIngm_1k8YzCOusXD8w1y8dfTPAEAAA%3d%3d:1:49808)
    at dispatch (https://d1hjvew1n9ss7u.cloudfront.net/assets/shjs.js?t=639255987001545277:0:32701)
    at a (https://d1hjvew1n9ss7u.cloudfront.net/assets/shjs.js?t=639255987001545277:0:28480)
[ 1009869ms] [LOG] Banner não encontrado: banner-232 @ https://d1hjvew1n9ss7u.cloudfront.net/asset.axd?id=PAEAAB-LCAAAAAAAAAOtj0EPwUAQhf-KzLnsKqu64iBu4oSbOKzt0G2qKztTkQi_3abi6Ob43vfem8wDLIMGxjuLytwM2eCuPOvZ0gRCnrd86k8hgSaGNr5llFE40CdTEyZQXKP_EtuuRREhaA5tJLcIJqM8VSqfZlIO1VilWRYT9puwhStAjyZqIKM4fm1HoPeP333qLi5bYn8RS98wNix2JV6QxNrXRizOwRRGrLbi88ygIngm_1k8YzCOusXD8w1y8dfTPAEAAA%3d%3d:754
[ 1009901ms] [LOG] %c Widde Video Commerce %c v24604ee %c Build: 21/09/2026 20:39 %c border: 1px solid #2567f8; background: #2567f8; color: #fff; font-weight: bold; padding: 4px 8px; border-radius: 3px 0 0 0; border: 1px solid #2567f8; border-left: none; background: #FFF; color: #2567f8; font-weight: bold; padding: 4px 8px; border: 1px solid #2567f8; border-left: none; background: #f0f0f0; color: #333; font-weight: bold; padding: 4px 8px; border-radius: 0 3px 3px 0; background: transparent @ https://cdn.widde.io/assets/main.utzwjalemu.js:0
[ 1009935ms] [LOG] %c Tryon Widde.io %c %s %c border: 1px solid #2567f8; background: #2567f8; color: #fff; font-weight: bold; padding: 4px 8px; border-radius: 3px 0 0 3px; border: 1px solid #2567f8; background: #FFF; color: #2567f8; font-weight: bold; padding: 4px 8px; border-radius: 0 3px 3px 0; 47bf7c2 background: transparent @ https://cdn-tryon.widde.io/widde-tryon.js:86
[ 1009951ms] [LOG] [tryon-tracker] initialized {domain: www.lolacosmetics.com.br} @ https://cdn-tryon.widde.io/widde-tryon.js:8
[ 1016474ms] [WARNING] Error with Feature-Policy header: Some features are specified in both Feature-Policy and Permissions-Policy header: payment, fullscreen, microphone, camera. Values defined in Permissions-Policy header will be used. @ :0
[ 1016858ms] [ERROR] Failed to load resource: the server responded with a status of 500 () @ https://fonts.cdnfonts.com/css/leelawade:0
[ 1017138ms] [ERROR] Failed to load resource: the server responded with a status of 404 () @ https://lolacosmetics.admin.linxcommerce.com.br/Custom/Content/Themes/Lola/Styles/Fonts/FontAwesome/all.css:0
[ 1017270ms] [LOG] Banner não encontrado: banner-232 @ https://d1hjvew1n9ss7u.cloudfront.net/asset.axd?id=PAEAAB-LCAAAAAAAAAOtj0EPwUAQhf-KzLnsKqu64iBu4oSbOKzt0G2qKztTkQi_3abi6Ob43vfem8wDLIMGxjuLytwM2eCuPOvZ0gRCnrd86k8hgSaGNr5llFE40CdTEyZQXKP_EtuuRREhaA5tJLcIJqM8VSqfZlIO1VilWRYT9puwhStAjyZqIKM4fm1HoPeP333qLi5bYn8RS98wNix2JV6QxNrXRizOwRRGrLbi88ygIngm_1k8YzCOusXD8w1y8dfTPAEAAA%3d%3d:754
[ 1017272ms] [LOG] [Debug Carrinho] Polling ativo @ https://d1hjvew1n9ss7u.cloudfront.net/asset.axd?id=PAEAAB-LCAAAAAAAAAOtj0EPwUAQhf-KzLnsKqu64iBu4oSbOKzt0G2qKztTkQi_3abi6Ob43vfem8wDLIMGxjuLytwM2eCuPOvZ0gRCnrd86k8hgSaGNr5llFE40CdTEyZQXKP_EtuuRREhaA5tJLcIJqM8VSqfZlIO1VilWRYT9puwhStAjyZqIKM4fm1HoPeP333qLi5bYn8RS98wNix2JV6QxNrXRizOwRRGrLbi88ygIngm_1k8YzCOusXD8w1y8dfTPAEAAA%3d%3d:1790
[ 1017322ms] [LOG] categoria @ https://d1hjvew1n9ss7u.cloudfront.net/asset.axd?id=PAEAAB-LCAAAAAAAAAOtj0EPwUAQhf-KzLnsKqu64iBu4oSbOKzt0G2qKztTkQi_3abi6Ob43vfem8wDLIMGxjuLytwM2eCuPOvZ0gRCnrd86k8hgSaGNr5llFE40CdTEyZQXKP_EtuuRREhaA5tJLcIJqM8VSqfZlIO1VilWRYT9puwhStAjyZqIKM4fm1HoPeP333qLi5bYn8RS98wNix2JV6QxNrXRizOwRRGrLbi88ygIngm_1k8YzCOusXD8w1y8dfTPAEAAA%3d%3d:1
[ 1017323ms] [WARNING] !! Há erros de scripts de terceiros !!
Por favor, contate a Empresa responsável pelo script.  @ https://d1hjvew1n9ss7u.cloudfront.net/assets/shjs.js?t=639255987001545277:0
[ 1017326ms] Uncaught Error: You must pass a string or Handlebars AST to Handlebars.compile. You passed null
    at e.compile (https://d1hjvew1n9ss7u.cloudfront.net/asset.axd?id=PAEAAB-LCAAAAAAAAAOtj0EPwUAQhf-KzLnsKqu64iBu4oSbOKzt0G2qKztTkQi_3abi6Ob43vfem8wDLIMGxjuLytwM2eCuPOvZ0gRCnrd86k8hgSaGNr5llFE40CdTEyZQXKP_EtuuRREhaA5tJLcIJqM8VSqfZlIO1VilWRYT9puwhStAjyZqIKM4fm1HoPeP333qLi5bYn8RS98wNix2JV6QxNrXRizOwRRGrLbi88ygIngm_1k8YzCOusXD8w1y8dfTPAEAAA%3d%3d:1794:49302)
    at i.compile (https://d1hjvew1n9ss7u.cloudfront.net/asset.axd?id=PAEAAB-LCAAAAAAAAAOtj0EPwUAQhf-KzLnsKqu64iBu4oSbOKzt0G2qKztTkQi_3abi6Ob43vfem8wDLIMGxjuLytwM2eCuPOvZ0gRCnrd86k8hgSaGNr5llFE40CdTEyZQXKP_EtuuRREhaA5tJLcIJqM8VSqfZlIO1VilWRYT9puwhStAjyZqIKM4fm1HoPeP333qLi5bYn8RS98wNix2JV6QxNrXRizOwRRGrLbi88ygIngm_1k8YzCOusXD8w1y8dfTPAEAAA%3d%3d:1794:343)
    at renderBasket (https://d1hjvew1n9ss7u.cloudfront.net/asset.axd?id=PAEAAB-LCAAAAAAAAAOtj0EPwUAQhf-KzLnsKqu64iBu4oSbOKzt0G2qKztTkQi_3abi6Ob43vfem8wDLIMGxjuLytwM2eCuPOvZ0gRCnrd86k8hgSaGNr5llFE40CdTEyZQXKP_EtuuRREhaA5tJLcIJqM8VSqfZlIO1VilWRYT9puwhStAjyZqIKM4fm1HoPeP333qLi5bYn8RS98wNix2JV6QxNrXRizOwRRGrLbi88ygIngm_1k8YzCOusXD8w1y8dfTPAEAAA%3d%3d:29:27)
    at <anonymous> (https://d1hjvew1n9ss7u.cloudfront.net/asset.axd?id=PAEAAB-LCAAAAAAAAAOtj0EPwUAQhf-KzLnsKqu64iBu4oSbOKzt0G2qKztTkQi_3abi6Ob43vfem8wDLIMGxjuLytwM2eCuPOvZ0gRCnrd86k8hgSaGNr5llFE40CdTEyZQXKP_EtuuRREhaA5tJLcIJqM8VSqfZlIO1VilWRYT9puwhStAjyZqIKM4fm1HoPeP333qLi5bYn8RS98wNix2JV6QxNrXRizOwRRGrLbi88ygIngm_1k8YzCOusXD8w1y8dfTPAEAAA%3d%3d:220:1)
    at f (https://d1hjvew1n9ss7u.cloudfront.net/assets/shjs.js?t=639255987001545277:0:10382)
    at fireWith (https://d1hjvew1n9ss7u.cloudfront.net/assets/shjs.js?t=639255987001545277:0:11137)
    at ready (https://d1hjvew1n9ss7u.cloudfront.net/assets/shjs.js?t=639255987001545277:0:5238)
    at r (https://d1hjvew1n9ss7u.cloudfront.net/assets/shjs.js?t=639255987001545277:0:9748)
[ 1017328ms] [VERBOSE] [DOM] Input elements should have autocomplete attributes (suggested: "current-password"): (More info: https://goo.gl/9p2vKq) %o @ https://www.lolacosmetics.com.br/tratamentos/fortalecimento:0
[ 1017328ms] [VERBOSE] [DOM] Input elements should have autocomplete attributes (suggested: "current-password"): (More info: https://goo.gl/9p2vKq) %o @ https://www.lolacosmetics.com.br/tratamentos/fortalecimento:0
[ 1017353ms] [ERROR] Failed to load resource: net::ERR_NAME_NOT_RESOLVED @ https://event.getblue.io/js/blue-tag.min.js:0
[ 1017539ms] [LOG] AffiseStorage availability: {cookie: true, localStorage: true, sessionStorage: true} @ https://rankmediabrasil.g2afse.com/websdk.js:0
[ 1017542ms] [LOG] Status RNK Media - ClickId: null UTM: null @ :3
[ 1017757ms] [WARNING] [Meta Pixel] - Invalid parameter format for currency. Please refer https://developers.facebook.com/docs/meta-pixel/reference/ for valid parameter specifications. @ https://connect.facebook.net/en_US/fbevents.js:203
[ 1018018ms] [INFO] É necessário definir o storeID no Plugin TrustVox @ https://d1hjvew1n9ss7u.cloudfront.net/asset.axd?id=_woAAB-LCAAAAAAAAAO9lsFunDAQhl-l4rw122w3m1D1lEfooYeqh8HMgrNgW_aYDYrSZ--EaFVgIZWK1aP9__b3Y3uwnxNJSZYQPlH6CC146ZSlLx9kBc4jfQ10_HiXbBLNpu-qKJG23FJJdoTa4yYpLAu_0m_9MM8SJhm5wErLwu3u_ma_v787bLef9p_3N4cDO-TFIQtVJNnudi-23Mgv3con2Y_n5fG-Jz4ET6ZJH4wm1JS-ZfOpamzgYKJBgkuq9FyIYb949MnL5l8JpTFljQI01B0p6YeUqbaO5DtP2AiHEizxhoh2N4TNyOt41pmj4vi1KZUekkZCRIYwEKhaJvVyHN4Za2kaFL4y1qKbY04s67i5M2evdCkkEJbGdQ3qMKTOGlZ_axEkCY_g5HRZB8o6iqxQnkwgkYM_Ic8ZmgZcVyEU43V917guA8_DM76uXg5aj7FTbR3pCJKjU2f5TGKL9ajcr8R4LOVpicRSDE7pTLDXjL470tkvneLflHE03qE5Pc7Jr5XmOla-mq7frCEis8FCgV8kvsnReaIFp4CU0X9F_3FGTMH3tafWPAkHrwW3mGHii5PAOiVxDtkLcRh56PJAZKa34Vj8DyyjUdZKntgUszanZXKtRqQtg1YxCuAXXfBQ8rtLSrQEenwuZg098-fLbwJGClv_CgAA:52
[ 1018023ms] Uncaught TypeError: Cannot read properties of undefined (reading 'replace')
    at validaFreteGratis (https://d1hjvew1n9ss7u.cloudfront.net/asset.axd?id=PAEAAB-LCAAAAAAAAAOtj0EPwUAQhf-KzLnsKqu64iBu4oSbOKzt0G2qKztTkQi_3abi6Ob43vfem8wDLIMGxjuLytwM2eCuPOvZ0gRCnrd86k8hgSaGNr5llFE40CdTEyZQXKP_EtuuRREhaA5tJLcIJqM8VSqfZlIO1VilWRYT9puwhStAjyZqIKM4fm1HoPeP333qLi5bYn8RS98wNix2JV6QxNrXRizOwRRGrLbi88ygIngm_1k8YzCOusXD8w1y8dfTPAEAAA%3d%3d:1:7633)
    at <anonymous> (https://d1hjvew1n9ss7u.cloudfront.net/asset.axd?id=PAEAAB-LCAAAAAAAAAOtj0EPwUAQhf-KzLnsKqu64iBu4oSbOKzt0G2qKztTkQi_3abi6Ob43vfem8wDLIMGxjuLytwM2eCuPOvZ0gRCnrd86k8hgSaGNr5llFE40CdTEyZQXKP_EtuuRREhaA5tJLcIJqM8VSqfZlIO1VilWRYT9puwhStAjyZqIKM4fm1HoPeP333qLi5bYn8RS98wNix2JV6QxNrXRizOwRRGrLbi88ygIngm_1k8YzCOusXD8w1y8dfTPAEAAA%3d%3d:1:49808)
    at dispatch (https://d1hjvew1n9ss7u.cloudfront.net/assets/shjs.js?t=639255987001545277:0:32701)
    at a (https://d1hjvew1n9ss7u.cloudfront.net/assets/shjs.js?t=639255987001545277:0:28480)
[ 1018021ms] [LOG] Banner não encontrado: banner-232 @ https://d1hjvew1n9ss7u.cloudfront.net/asset.axd?id=PAEAAB-LCAAAAAAAAAOtj0EPwUAQhf-KzLnsKqu64iBu4oSbOKzt0G2qKztTkQi_3abi6Ob43vfem8wDLIMGxjuLytwM2eCuPOvZ0gRCnrd86k8hgSaGNr5llFE40CdTEyZQXKP_EtuuRREhaA5tJLcIJqM8VSqfZlIO1VilWRYT9puwhStAjyZqIKM4fm1HoPeP333qLi5bYn8RS98wNix2JV6QxNrXRizOwRRGrLbi88ygIngm_1k8YzCOusXD8w1y8dfTPAEAAA%3d%3d:754
[ 1018052ms] [LOG] %c Widde Video Commerce %c v24604ee %c Build: 21/09/2026 20:39 %c border: 1px solid #2567f8; background: #2567f8; color: #fff; font-weight: bold; padding: 4px 8px; border-radius: 3px 0 0 0; border: 1px solid #2567f8; border-left: none; background: #FFF; color: #2567f8; font-weight: bold; padding: 4px 8px; border: 1px solid #2567f8; border-left: none; background: #f0f0f0; color: #333; font-weight: bold; padding: 4px 8px; border-radius: 0 3px 3px 0; background: transparent @ https://cdn.widde.io/assets/main.utzwjalemu.js:0
[ 1018119ms] [LOG] %c Tryon Widde.io %c %s %c border: 1px solid #2567f8; background: #2567f8; color: #fff; font-weight: bold; padding: 4px 8px; border-radius: 3px 0 0 3px; border: 1px solid #2567f8; background: #FFF; color: #2567f8; font-weight: bold; padding: 4px 8px; border-radius: 0 3px 3px 0; 47bf7c2 background: transparent @ https://cdn-tryon.widde.io/widde-tryon.js:86
[ 1018146ms] [LOG] [tryon-tracker] initialized {domain: www.lolacosmetics.com.br} @ https://cdn-tryon.widde.io/widde-tryon.js:8
[ 1024589ms] [WARNING] Error with Feature-Policy header: Some features are specified in both Feature-Policy and Permissions-Policy header: payment, fullscreen, microphone, camera. Values defined in Permissions-Policy header will be used. @ :0
[ 1024974ms] [ERROR] Failed to load resource: the server responded with a status of 500 () @ https://fonts.cdnfonts.com/css/leelawade:0
[ 1025253ms] [ERROR] Failed to load resource: the server responded with a status of 404 () @ https://lolacosmetics.admin.linxcommerce.com.br/Custom/Content/Themes/Lola/Styles/Fonts/FontAwesome/all.css:0
[ 1025374ms] [LOG] Banner não encontrado: banner-232 @ https://d1hjvew1n9ss7u.cloudfront.net/asset.axd?id=PAEAAB-LCAAAAAAAAAOtj0EPwUAQhf-KzLnsKqu64iBu4oSbOKzt0G2qKztTkQi_3abi6Ob43vfem8wDLIMGxjuLytwM2eCuPOvZ0gRCnrd86k8hgSaGNr5llFE40CdTEyZQXKP_EtuuRREhaA5tJLcIJqM8VSqfZlIO1VilWRYT9puwhStAjyZqIKM4fm1HoPeP333qLi5bYn8RS98wNix2JV6QxNrXRizOwRRGrLbi88ygIngm_1k8YzCOusXD8w1y8dfTPAEAAA%3d%3d:754
[ 1025376ms] [LOG] [Debug Carrinho] Polling ativo @ https://d1hjvew1n9ss7u.cloudfront.net/asset.axd?id=PAEAAB-LCAAAAAAAAAOtj0EPwUAQhf-KzLnsKqu64iBu4oSbOKzt0G2qKztTkQi_3abi6Ob43vfem8wDLIMGxjuLytwM2eCuPOvZ0gRCnrd86k8hgSaGNr5llFE40CdTEyZQXKP_EtuuRREhaA5tJLcIJqM8VSqfZlIO1VilWRYT9puwhStAjyZqIKM4fm1HoPeP333qLi5bYn8RS98wNix2JV6QxNrXRizOwRRGrLbi88ygIngm_1k8YzCOusXD8w1y8dfTPAEAAA%3d%3d:1790
[ 1025424ms] [LOG] categoria @ https://d1hjvew1n9ss7u.cloudfront.net/asset.axd?id=PAEAAB-LCAAAAAAAAAOtj0EPwUAQhf-KzLnsKqu64iBu4oSbOKzt0G2qKztTkQi_3abi6Ob43vfem8wDLIMGxjuLytwM2eCuPOvZ0gRCnrd86k8hgSaGNr5llFE40CdTEyZQXKP_EtuuRREhaA5tJLcIJqM8VSqfZlIO1VilWRYT9puwhStAjyZqIKM4fm1HoPeP333qLi5bYn8RS98wNix2JV6QxNrXRizOwRRGrLbi88ygIngm_1k8YzCOusXD8w1y8dfTPAEAAA%3d%3d:1
[ 1025425ms] [WARNING] !! Há erros de scripts de terceiros !!
Por favor, contate a Empresa responsável pelo script.  @ https://d1hjvew1n9ss7u.cloudfront.net/assets/shjs.js?t=639255987001545277:0
[ 1025668ms] Uncaught Error: You must pass a string or Handlebars AST to Handlebars.compile. You passed null
    at e.compile (https://d1hjvew1n9ss7u.cloudfront.net/asset.axd?id=PAEAAB-LCAAAAAAAAAOtj0EPwUAQhf-KzLnsKqu64iBu4oSbOKzt0G2qKztTkQi_3abi6Ob43vfem8wDLIMGxjuLytwM2eCuPOvZ0gRCnrd86k8hgSaGNr5llFE40CdTEyZQXKP_EtuuRREhaA5tJLcIJqM8VSqfZlIO1VilWRYT9puwhStAjyZqIKM4fm1HoPeP333qLi5bYn8RS98wNix2JV6QxNrXRizOwRRGrLbi88ygIngm_1k8YzCOusXD8w1y8dfTPAEAAA%3d%3d:1794:49302)
    at i.compile (https://d1hjvew1n9ss7u.cloudfront.net/asset.axd?id=PAEAAB-LCAAAAAAAAAOtj0EPwUAQhf-KzLnsKqu64iBu4oSbOKzt0G2qKztTkQi_3abi6Ob43vfem8wDLIMGxjuLytwM2eCuPOvZ0gRCnrd86k8hgSaGNr5llFE40CdTEyZQXKP_EtuuRREhaA5tJLcIJqM8VSqfZlIO1VilWRYT9puwhStAjyZqIKM4fm1HoPeP333qLi5bYn8RS98wNix2JV6QxNrXRizOwRRGrLbi88ygIngm_1k8YzCOusXD8w1y8dfTPAEAAA%3d%3d:1794:343)
    at renderBasket (https://d1hjvew1n9ss7u.cloudfront.net/asset.axd?id=PAEAAB-LCAAAAAAAAAOtj0EPwUAQhf-KzLnsKqu64iBu4oSbOKzt0G2qKztTkQi_3abi6Ob43vfem8wDLIMGxjuLytwM2eCuPOvZ0gRCnrd86k8hgSaGNr5llFE40CdTEyZQXKP_EtuuRREhaA5tJLcIJqM8VSqfZlIO1VilWRYT9puwhStAjyZqIKM4fm1HoPeP333qLi5bYn8RS98wNix2JV6QxNrXRizOwRRGrLbi88ygIngm_1k8YzCOusXD8w1y8dfTPAEAAA%3d%3d:29:27)
    at <anonymous> (https://d1hjvew1n9ss7u.cloudfront.net/asset.axd?id=PAEAAB-LCAAAAAAAAAOtj0EPwUAQhf-KzLnsKqu64iBu4oSbOKzt0G2qKztTkQi_3abi6Ob43vfem8wDLIMGxjuLytwM2eCuPOvZ0gRCnrd86k8hgSaGNr5llFE40CdTEyZQXKP_EtuuRREhaA5tJLcIJqM8VSqfZlIO1VilWRYT9puwhStAjyZqIKM4fm1HoPeP333qLi5bYn8RS98wNix2JV6QxNrXRizOwRRGrLbi88ygIngm_1k8YzCOusXD8w1y8dfTPAEAAA%3d%3d:220:1)
    at f (https://d1hjvew1n9ss7u.cloudfront.net/assets/shjs.js?t=639255987001545277:0:10382)
    at fireWith (https://d1hjvew1n9ss7u.cloudfront.net/assets/shjs.js?t=639255987001545277:0:11137)
    at ready (https://d1hjvew1n9ss7u.cloudfront.net/assets/shjs.js?t=639255987001545277:0:5238)
    at r (https://d1hjvew1n9ss7u.cloudfront.net/assets/shjs.js?t=639255987001545277:0:9748)
[ 1025429ms] [VERBOSE] [DOM] Input elements should have autocomplete attributes (suggested: "current-password"): (More info: https://goo.gl/9p2vKq) %o @ https://www.lolacosmetics.com.br/tratamentos/sos-reparacao:0
[ 1025429ms] [VERBOSE] [DOM] Input elements should have autocomplete attributes (suggested: "current-password"): (More info: https://goo.gl/9p2vKq) %o @ https://www.lolacosmetics.com.br/tratamentos/sos-reparacao:0
[ 1025446ms] [ERROR] Failed to load resource: net::ERR_NAME_NOT_RESOLVED @ https://event.getblue.io/js/blue-tag.min.js:0
[ 1025542ms] [LOG] AffiseStorage availability: {cookie: true, localStorage: true, sessionStorage: true} @ https://rankmediabrasil.g2afse.com/websdk.js:0
[ 1025543ms] [LOG] Status RNK Media - ClickId: null UTM: null @ :3
[ 1025675ms] [WARNING] [Meta Pixel] - Invalid parameter format for currency. Please refer https://developers.facebook.com/docs/meta-pixel/reference/ for valid parameter specifications. @ https://connect.facebook.net/en_US/fbevents.js:203
[ 1025949ms] [INFO] É necessário definir o storeID no Plugin TrustVox @ https://d1hjvew1n9ss7u.cloudfront.net/asset.axd?id=_woAAB-LCAAAAAAAAAO9lsFunDAQhl-l4rw122w3m1D1lEfooYeqh8HMgrNgW_aYDYrSZ--EaFVgIZWK1aP9__b3Y3uwnxNJSZYQPlH6CC146ZSlLx9kBc4jfQ10_HiXbBLNpu-qKJG23FJJdoTa4yYpLAu_0m_9MM8SJhm5wErLwu3u_ma_v787bLef9p_3N4cDO-TFIQtVJNnudi-23Mgv3con2Y_n5fG-Jz4ET6ZJH4wm1JS-ZfOpamzgYKJBgkuq9FyIYb949MnL5l8JpTFljQI01B0p6YeUqbaO5DtP2AiHEizxhoh2N4TNyOt41pmj4vi1KZUekkZCRIYwEKhaJvVyHN4Za2kaFL4y1qKbY04s67i5M2evdCkkEJbGdQ3qMKTOGlZ_axEkCY_g5HRZB8o6iqxQnkwgkYM_Ic8ZmgZcVyEU43V917guA8_DM76uXg5aj7FTbR3pCJKjU2f5TGKL9ajcr8R4LOVpicRSDE7pTLDXjL470tkvneLflHE03qE5Pc7Jr5XmOla-mq7frCEis8FCgV8kvsnReaIFp4CU0X9F_3FGTMH3tafWPAkHrwW3mGHii5PAOiVxDtkLcRh56PJAZKa34Vj8DyyjUdZKntgUszanZXKtRqQtg1YxCuAXXfBQ8rtLSrQEenwuZg098-fLbwJGClv_CgAA:52
[ 1025955ms] Uncaught TypeError: Cannot read properties of undefined (reading 'replace')
    at validaFreteGratis (https://d1hjvew1n9ss7u.cloudfront.net/asset.axd?id=PAEAAB-LCAAAAAAAAAOtj0EPwUAQhf-KzLnsKqu64iBu4oSbOKzt0G2qKztTkQi_3abi6Ob43vfem8wDLIMGxjuLytwM2eCuPOvZ0gRCnrd86k8hgSaGNr5llFE40CdTEyZQXKP_EtuuRREhaA5tJLcIJqM8VSqfZlIO1VilWRYT9puwhStAjyZqIKM4fm1HoPeP333qLi5bYn8RS98wNix2JV6QxNrXRizOwRRGrLbi88ygIngm_1k8YzCOusXD8w1y8dfTPAEAAA%3d%3d:1:7633)
    at <anonymous> (https://d1hjvew1n9ss7u.cloudfront.net/asset.axd?id=PAEAAB-LCAAAAAAAAAOtj0EPwUAQhf-KzLnsKqu64iBu4oSbOKzt0G2qKztTkQi_3abi6Ob43vfem8wDLIMGxjuLytwM2eCuPOvZ0gRCnrd86k8hgSaGNr5llFE40CdTEyZQXKP_EtuuRREhaA5tJLcIJqM8VSqfZlIO1VilWRYT9puwhStAjyZqIKM4fm1HoPeP333qLi5bYn8RS98wNix2JV6QxNrXRizOwRRGrLbi88ygIngm_1k8YzCOusXD8w1y8dfTPAEAAA%3d%3d:1:49808)
    at dispatch (https://d1hjvew1n9ss7u.cloudfront.net/assets/shjs.js?t=639255987001545277:0:32701)
    at a (https://d1hjvew1n9ss7u.cloudfront.net/assets/shjs.js?t=639255987001545277:0:28480)
[ 1025954ms] [LOG] Banner não encontrado: banner-232 @ https://d1hjvew1n9ss7u.cloudfront.net/asset.axd?id=PAEAAB-LCAAAAAAAAAOtj0EPwUAQhf-KzLnsKqu64iBu4oSbOKzt0G2qKztTkQi_3abi6Ob43vfem8wDLIMGxjuLytwM2eCuPOvZ0gRCnrd86k8hgSaGNr5llFE40CdTEyZQXKP_EtuuRREhaA5tJLcIJqM8VSqfZlIO1VilWRYT9puwhStAjyZqIKM4fm1HoPeP333qLi5bYn8RS98wNix2JV6QxNrXRizOwRRGrLbi88ygIngm_1k8YzCOusXD8w1y8dfTPAEAAA%3d%3d:754
[ 1025978ms] [LOG] %c Widde Video Commerce %c v24604ee %c Build: 21/09/2026 20:39 %c border: 1px solid #2567f8; background: #2567f8; color: #fff; font-weight: bold; padding: 4px 8px; border-radius: 3px 0 0 0; border: 1px solid #2567f8; border-left: none; background: #FFF; color: #2567f8; font-weight: bold; padding: 4px 8px; border: 1px solid #2567f8; border-left: none; background: #f0f0f0; color: #333; font-weight: bold; padding: 4px 8px; border-radius: 0 3px 3px 0; background: transparent @ https://cdn.widde.io/assets/main.utzwjalemu.js:0
[ 1026016ms] [LOG] %c Tryon Widde.io %c %s %c border: 1px solid #2567f8; background: #2567f8; color: #fff; font-weight: bold; padding: 4px 8px; border-radius: 3px 0 0 3px; border: 1px solid #2567f8; background: #FFF; color: #2567f8; font-weight: bold; padding: 4px 8px; border-radius: 0 3px 3px 0; 47bf7c2 background: transparent @ https://cdn-tryon.widde.io/widde-tryon.js:86
[ 1026032ms] [LOG] [tryon-tracker] initialized {domain: www.lolacosmetics.com.br} @ https://cdn-tryon.widde.io/widde-tryon.js:8
[ 1033552ms] [WARNING] Error with Feature-Policy header: Some features are specified in both Feature-Policy and Permissions-Policy header: payment, fullscreen, microphone, camera. Values defined in Permissions-Policy header will be used. @ :0
[ 1034092ms] [ERROR] Failed to load resource: the server responded with a status of 500 () @ https://fonts.cdnfonts.com/css/leelawade:0
[ 1034511ms] [ERROR] Failed to load resource: the server responded with a status of 404 () @ https://lolacosmetics.admin.linxcommerce.com.br/Custom/Content/Themes/Lola/Styles/Fonts/FontAwesome/all.css:0
[ 1034585ms] [LOG] Banner não encontrado: banner-232 @ https://d1hjvew1n9ss7u.cloudfront.net/asset.axd?id=PAEAAB-LCAAAAAAAAAOtj0EPwUAQhf-KzLnsKqu64iBu4oSbOKzt0G2qKztTkQi_3abi6Ob43vfem8wDLIMGxjuLytwM2eCuPOvZ0gRCnrd86k8hgSaGNr5llFE40CdTEyZQXKP_EtuuRREhaA5tJLcIJqM8VSqfZlIO1VilWRYT9puwhStAjyZqIKM4fm1HoPeP333qLi5bYn8RS98wNix2JV6QxNrXRizOwRRGrLbi88ygIngm_1k8YzCOusXD8w1y8dfTPAEAAA%3d%3d:754
[ 1034587ms] [LOG] [Debug Carrinho] Polling ativo @ https://d1hjvew1n9ss7u.cloudfront.net/asset.axd?id=PAEAAB-LCAAAAAAAAAOtj0EPwUAQhf-KzLnsKqu64iBu4oSbOKzt0G2qKztTkQi_3abi6Ob43vfem8wDLIMGxjuLytwM2eCuPOvZ0gRCnrd86k8hgSaGNr5llFE40CdTEyZQXKP_EtuuRREhaA5tJLcIJqM8VSqfZlIO1VilWRYT9puwhStAjyZqIKM4fm1HoPeP333qLi5bYn8RS98wNix2JV6QxNrXRizOwRRGrLbi88ygIngm_1k8YzCOusXD8w1y8dfTPAEAAA%3d%3d:1790
[ 1034640ms] [LOG] categoria @ https://d1hjvew1n9ss7u.cloudfront.net/asset.axd?id=PAEAAB-LCAAAAAAAAAOtj0EPwUAQhf-KzLnsKqu64iBu4oSbOKzt0G2qKztTkQi_3abi6Ob43vfem8wDLIMGxjuLytwM2eCuPOvZ0gRCnrd86k8hgSaGNr5llFE40CdTEyZQXKP_EtuuRREhaA5tJLcIJqM8VSqfZlIO1VilWRYT9puwhStAjyZqIKM4fm1HoPeP333qLi5bYn8RS98wNix2JV6QxNrXRizOwRRGrLbi88ygIngm_1k8YzCOusXD8w1y8dfTPAEAAA%3d%3d:1
[ 1034641ms] [WARNING] !! Há erros de scripts de terceiros !!
Por favor, contate a Empresa responsável pelo script.  @ https://d1hjvew1n9ss7u.cloudfront.net/assets/shjs.js?t=639255987001545277:0
[ 1034646ms] Uncaught Error: You must pass a string or Handlebars AST to Handlebars.compile. You passed null
    at e.compile (https://d1hjvew1n9ss7u.cloudfront.net/asset.axd?id=PAEAAB-LCAAAAAAAAAOtj0EPwUAQhf-KzLnsKqu64iBu4oSbOKzt0G2qKztTkQi_3abi6Ob43vfem8wDLIMGxjuLytwM2eCuPOvZ0gRCnrd86k8hgSaGNr5llFE40CdTEyZQXKP_EtuuRREhaA5tJLcIJqM8VSqfZlIO1VilWRYT9puwhStAjyZqIKM4fm1HoPeP333qLi5bYn8RS98wNix2JV6QxNrXRizOwRRGrLbi88ygIngm_1k8YzCOusXD8w1y8dfTPAEAAA%3d%3d:1794:49302)
    at i.compile (https://d1hjvew1n9ss7u.cloudfront.net/asset.axd?id=PAEAAB-LCAAAAAAAAAOtj0EPwUAQhf-KzLnsKqu64iBu4oSbOKzt0G2qKztTkQi_3abi6Ob43vfem8wDLIMGxjuLytwM2eCuPOvZ0gRCnrd86k8hgSaGNr5llFE40CdTEyZQXKP_EtuuRREhaA5tJLcIJqM8VSqfZlIO1VilWRYT9puwhStAjyZqIKM4fm1HoPeP333qLi5bYn8RS98wNix2JV6QxNrXRizOwRRGrLbi88ygIngm_1k8YzCOusXD8w1y8dfTPAEAAA%3d%3d:1794:343)
    at renderBasket (https://d1hjvew1n9ss7u.cloudfront.net/asset.axd?id=PAEAAB-LCAAAAAAAAAOtj0EPwUAQhf-KzLnsKqu64iBu4oSbOKzt0G2qKztTkQi_3abi6Ob43vfem8wDLIMGxjuLytwM2eCuPOvZ0gRCnrd86k8hgSaGNr5llFE40CdTEyZQXKP_EtuuRREhaA5tJLcIJqM8VSqfZlIO1VilWRYT9puwhStAjyZqIKM4fm1HoPeP333qLi5bYn8RS98wNix2JV6QxNrXRizOwRRGrLbi88ygIngm_1k8YzCOusXD8w1y8dfTPAEAAA%3d%3d:29:27)
    at <anonymous> (https://d1hjvew1n9ss7u.cloudfront.net/asset.axd?id=PAEAAB-LCAAAAAAAAAOtj0EPwUAQhf-KzLnsKqu64iBu4oSbOKzt0G2qKztTkQi_3abi6Ob43vfem8wDLIMGxjuLytwM2eCuPOvZ0gRCnrd86k8hgSaGNr5llFE40CdTEyZQXKP_EtuuRREhaA5tJLcIJqM8VSqfZlIO1VilWRYT9puwhStAjyZqIKM4fm1HoPeP333qLi5bYn8RS98wNix2JV6QxNrXRizOwRRGrLbi88ygIngm_1k8YzCOusXD8w1y8dfTPAEAAA%3d%3d:220:1)
    at f (https://d1hjvew1n9ss7u.cloudfront.net/assets/shjs.js?t=639255987001545277:0:10382)
    at fireWith (https://d1hjvew1n9ss7u.cloudfront.net/assets/shjs.js?t=639255987001545277:0:11137)
    at ready (https://d1hjvew1n9ss7u.cloudfront.net/assets/shjs.js?t=639255987001545277:0:5238)
    at r (https://d1hjvew1n9ss7u.cloudfront.net/assets/shjs.js?t=639255987001545277:0:9748)
[ 1034645ms] [VERBOSE] [DOM] Input elements should have autocomplete attributes (suggested: "current-password"): (More info: https://goo.gl/9p2vKq) %o @ https://www.lolacosmetics.com.br/tratamentos/uso-diario:0
[ 1034646ms] [VERBOSE] [DOM] Input elements should have autocomplete attributes (suggested: "current-password"): (More info: https://goo.gl/9p2vKq) %o @ https://www.lolacosmetics.com.br/tratamentos/uso-diario:0
[ 1034700ms] [ERROR] Failed to load resource: net::ERR_NAME_NOT_RESOLVED @ https://event.getblue.io/js/blue-tag.min.js:0
[ 1034789ms] [LOG] AffiseStorage availability: {cookie: true, localStorage: true, sessionStorage: true} @ https://rankmediabrasil.g2afse.com/websdk.js:0
[ 1034790ms] [LOG] Status RNK Media - ClickId: null UTM: null @ :3
[ 1035221ms] [INFO] É necessário definir o storeID no Plugin TrustVox @ https://d1hjvew1n9ss7u.cloudfront.net/asset.axd?id=_woAAB-LCAAAAAAAAAO9lsFunDAQhl-l4rw122w3m1D1lEfooYeqh8HMgrNgW_aYDYrSZ--EaFVgIZWK1aP9__b3Y3uwnxNJSZYQPlH6CC146ZSlLx9kBc4jfQ10_HiXbBLNpu-qKJG23FJJdoTa4yYpLAu_0m_9MM8SJhm5wErLwu3u_ma_v787bLef9p_3N4cDO-TFIQtVJNnudi-23Mgv3con2Y_n5fG-Jz4ET6ZJH4wm1JS-ZfOpamzgYKJBgkuq9FyIYb949MnL5l8JpTFljQI01B0p6YeUqbaO5DtP2AiHEizxhoh2N4TNyOt41pmj4vi1KZUekkZCRIYwEKhaJvVyHN4Za2kaFL4y1qKbY04s67i5M2evdCkkEJbGdQ3qMKTOGlZ_axEkCY_g5HRZB8o6iqxQnkwgkYM_Ic8ZmgZcVyEU43V917guA8_DM76uXg5aj7FTbR3pCJKjU2f5TGKL9ajcr8R4LOVpicRSDE7pTLDXjL470tkvneLflHE03qE5Pc7Jr5XmOla-mq7frCEis8FCgV8kvsnReaIFp4CU0X9F_3FGTMH3tafWPAkHrwW3mGHii5PAOiVxDtkLcRh56PJAZKa34Vj8DyyjUdZKntgUszanZXKtRqQtg1YxCuAXXfBQ8rtLSrQEenwuZg098-fLbwJGClv_CgAA:52
[ 1035226ms] Uncaught TypeError: Cannot read properties of undefined (reading 'replace')
    at validaFreteGratis (https://d1hjvew1n9ss7u.cloudfront.net/asset.axd?id=PAEAAB-LCAAAAAAAAAOtj0EPwUAQhf-KzLnsKqu64iBu4oSbOKzt0G2qKztTkQi_3abi6Ob43vfem8wDLIMGxjuLytwM2eCuPOvZ0gRCnrd86k8hgSaGNr5llFE40CdTEyZQXKP_EtuuRREhaA5tJLcIJqM8VSqfZlIO1VilWRYT9puwhStAjyZqIKM4fm1HoPeP333qLi5bYn8RS98wNix2JV6QxNrXRizOwRRGrLbi88ygIngm_1k8YzCOusXD8w1y8dfTPAEAAA%3d%3d:1:7633)
    at <anonymous> (https://d1hjvew1n9ss7u.cloudfront.net/asset.axd?id=PAEAAB-LCAAAAAAAAAOtj0EPwUAQhf-KzLnsKqu64iBu4oSbOKzt0G2qKztTkQi_3abi6Ob43vfem8wDLIMGxjuLytwM2eCuPOvZ0gRCnrd86k8hgSaGNr5llFE40CdTEyZQXKP_EtuuRREhaA5tJLcIJqM8VSqfZlIO1VilWRYT9puwhStAjyZqIKM4fm1HoPeP333qLi5bYn8RS98wNix2JV6QxNrXRizOwRRGrLbi88ygIngm_1k8YzCOusXD8w1y8dfTPAEAAA%3d%3d:1:49808)
    at dispatch (https://d1hjvew1n9ss7u.cloudfront.net/assets/shjs.js?t=639255987001545277:0:32701)
    at a (https://d1hjvew1n9ss7u.cloudfront.net/assets/shjs.js?t=639255987001545277:0:28480)
[ 1035225ms] [LOG] Banner não encontrado: banner-232 @ https://d1hjvew1n9ss7u.cloudfront.net/asset.axd?id=PAEAAB-LCAAAAAAAAAOtj0EPwUAQhf-KzLnsKqu64iBu4oSbOKzt0G2qKztTkQi_3abi6Ob43vfem8wDLIMGxjuLytwM2eCuPOvZ0gRCnrd86k8hgSaGNr5llFE40CdTEyZQXKP_EtuuRREhaA5tJLcIJqM8VSqfZlIO1VilWRYT9puwhStAjyZqIKM4fm1HoPeP333qLi5bYn8RS98wNix2JV6QxNrXRizOwRRGrLbi88ygIngm_1k8YzCOusXD8w1y8dfTPAEAAA%3d%3d:754
[ 1035238ms] [LOG] %c Widde Video Commerce %c v24604ee %c Build: 21/09/2026 20:39 %c border: 1px solid #2567f8; background: #2567f8; color: #fff; font-weight: bold; padding: 4px 8px; border-radius: 3px 0 0 0; border: 1px solid #2567f8; border-left: none; background: #FFF; color: #2567f8; font-weight: bold; padding: 4px 8px; border: 1px solid #2567f8; border-left: none; background: #f0f0f0; color: #333; font-weight: bold; padding: 4px 8px; border-radius: 0 3px 3px 0; background: transparent @ https://cdn.widde.io/assets/main.utzwjalemu.js:0
[ 1035328ms] [LOG] %c Tryon Widde.io %c %s %c border: 1px solid #2567f8; background: #2567f8; color: #fff; font-weight: bold; padding: 4px 8px; border-radius: 3px 0 0 3px; border: 1px solid #2567f8; background: #FFF; color: #2567f8; font-weight: bold; padding: 4px 8px; border-radius: 0 3px 3px 0; 47bf7c2 background: transparent @ https://cdn-tryon.widde.io/widde-tryon.js:86
[ 1035351ms] [LOG] [tryon-tracker] initialized {domain: www.lolacosmetics.com.br} @ https://cdn-tryon.widde.io/widde-tryon.js:8
[ 1045113ms] [WARNING] The resource https://fonts.cdnfonts.com/css/leelawade was preloaded using link preload but not used within a few seconds from the window's load event. Please make sure it has an appropriate `as` value and it is preloaded intentionally. @ https://www.lolacosmetics.com.br/tratamentos/uso-diario:0
[ 1048257ms] [WARNING] The resource https://fonts.cdnfonts.com/css/leelawade was preloaded using link preload but not used within a few seconds from the window's load event. Please make sure it has an appropriate `as` value and it is preloaded intentionally. @ https://www.lolacosmetics.com.br/tratamentos/uso-diario:0
[ 1128535ms] [WARNING] The resource https://fonts.cdnfonts.com/css/leelawade was preloaded using link preload but not used within a few seconds from the window's load event. Please make sure it has an appropriate `as` value and it is preloaded intentionally. @ https://www.lolacosmetics.com.br/tratamentos/uso-diario:0
[ 9027707ms] [VERBOSE] [DOM] Input elements should have autocomplete attributes (suggested: "current-password"): (More info: https://goo.gl/9p2vKq) %o @ http://127.0.0.1:4360/:0
[ 9027709ms] [VERBOSE] [DOM] Input elements should have autocomplete attributes (suggested: "current-password"): (More info: https://goo.gl/9p2vKq) %o @ http://127.0.0.1:4360/:0
[ 9036665ms] [VERBOSE] [DOM] Input elements should have autocomplete attributes (suggested: "current-password"): (More info: https://goo.gl/9p2vKq) %o @ http://127.0.0.1:4360/tipos-de-cabelo/liso:0
[ 9036665ms] [VERBOSE] [DOM] Input elements should have autocomplete attributes (suggested: "current-password"): (More info: https://goo.gl/9p2vKq) %o @ http://127.0.0.1:4360/tipos-de-cabelo/liso:0
[ 9038468ms] [VERBOSE] [DOM] Input elements should have autocomplete attributes (suggested: "current-password"): (More info: https://goo.gl/9p2vKq) %o @ http://127.0.0.1:4360/:0
[ 9038468ms] [VERBOSE] [DOM] Input elements should have autocomplete attributes (suggested: "current-password"): (More info: https://goo.gl/9p2vKq) %o @ http://127.0.0.1:4360/:0
[ 9041369ms] [VERBOSE] [DOM] Input elements should have autocomplete attributes (suggested: "current-password"): (More info: https://goo.gl/9p2vKq) %o @ http://127.0.0.1:4360/volumao-spray-250ml-ps-19629-322-p46391:0
[ 9041369ms] [VERBOSE] [DOM] Input elements should have autocomplete attributes (suggested: "current-password"): (More info: https://goo.gl/9p2vKq) %o @ http://127.0.0.1:4360/volumao-spray-250ml-ps-19629-322-p46391:0
[39184214ms] [VERBOSE] [DOM] Input elements should have autocomplete attributes (suggested: "current-password"): (More info: https://goo.gl/9p2vKq) %o @ http://127.0.0.1:4360/:0
[39184215ms] [VERBOSE] [DOM] Input elements should have autocomplete attributes (suggested: "current-password"): (More info: https://goo.gl/9p2vKq) %o @ http://127.0.0.1:4360/:0
[39186027ms] [VERBOSE] [DOM] Input elements should have autocomplete attributes (suggested: "current-password"): (More info: https://goo.gl/9p2vKq) %o @ http://127.0.0.1:4360/kits:0
[39186027ms] [VERBOSE] [DOM] Input elements should have autocomplete attributes (suggested: "current-password"): (More info: https://goo.gl/9p2vKq) %o @ http://127.0.0.1:4360/kits:0
[39187424ms] [VERBOSE] [DOM] Input elements should have autocomplete attributes (suggested: "current-password"): (More info: https://goo.gl/9p2vKq) %o @ http://127.0.0.1:4360/tratamentos:0
[39187424ms] [VERBOSE] [DOM] Input elements should have autocomplete attributes (suggested: "current-password"): (More info: https://goo.gl/9p2vKq) %o @ http://127.0.0.1:4360/tratamentos:0
[39188763ms] [VERBOSE] [DOM] Input elements should have autocomplete attributes (suggested: "current-password"): (More info: https://goo.gl/9p2vKq) %o @ http://127.0.0.1:4360/tipos-de-cabelo:0
[39188763ms] [VERBOSE] [DOM] Input elements should have autocomplete attributes (suggested: "current-password"): (More info: https://goo.gl/9p2vKq) %o @ http://127.0.0.1:4360/tipos-de-cabelo:0
[39190129ms] [VERBOSE] [DOM] Input elements should have autocomplete attributes (suggested: "current-password"): (More info: https://goo.gl/9p2vKq) %o @ http://127.0.0.1:4360/colecoes:0
[39190129ms] [VERBOSE] [DOM] Input elements should have autocomplete attributes (suggested: "current-password"): (More info: https://goo.gl/9p2vKq) %o @ http://127.0.0.1:4360/colecoes:0
[39191851ms] [VERBOSE] [DOM] Input elements should have autocomplete attributes (suggested: "current-password"): (More info: https://goo.gl/9p2vKq) %o @ http://127.0.0.1:4360/lancamentos:0
[39191851ms] [VERBOSE] [DOM] Input elements should have autocomplete attributes (suggested: "current-password"): (More info: https://goo.gl/9p2vKq) %o @ http://127.0.0.1:4360/lancamentos:0
[39193223ms] [VERBOSE] [DOM] Input elements should have autocomplete attributes (suggested: "current-password"): (More info: https://goo.gl/9p2vKq) %o @ http://127.0.0.1:4360/promocao:0
[39193223ms] [VERBOSE] [DOM] Input elements should have autocomplete attributes (suggested: "current-password"): (More info: https://goo.gl/9p2vKq) %o @ http://127.0.0.1:4360/promocao:0
[39194576ms] [VERBOSE] [DOM] Input elements should have autocomplete attributes (suggested: "current-password"): (More info: https://goo.gl/9p2vKq) %o @ http://127.0.0.1:4360/colecoes/babados-da-lola:0
[39194577ms] [VERBOSE] [DOM] Input elements should have autocomplete attributes (suggested: "current-password"): (More info: https://goo.gl/9p2vKq) %o @ http://127.0.0.1:4360/colecoes/babados-da-lola:0
[39195898ms] [VERBOSE] [DOM] Input elements should have autocomplete attributes (suggested: "current-password"): (More info: https://goo.gl/9p2vKq) %o @ http://127.0.0.1:4360/tratamentos/cronograma-capilar:0
[39195899ms] [VERBOSE] [DOM] Input elements should have autocomplete attributes (suggested: "current-password"): (More info: https://goo.gl/9p2vKq) %o @ http://127.0.0.1:4360/tratamentos/cronograma-capilar:0
[39197216ms] [VERBOSE] [DOM] Input elements should have autocomplete attributes (suggested: "current-password"): (More info: https://goo.gl/9p2vKq) %o @ http://127.0.0.1:4360/volumao-shampoo-250ml-ps-19629-321-p46389:0
[39197216ms] [VERBOSE] [DOM] Input elements should have autocomplete attributes (suggested: "current-password"): (More info: https://goo.gl/9p2vKq) %o @ http://127.0.0.1:4360/volumao-shampoo-250ml-ps-19629-321-p46389:0
[39198579ms] [VERBOSE] [DOM] Input elements should have autocomplete attributes (suggested: "current-password"): (More info: https://goo.gl/9p2vKq) %o @ http://127.0.0.1:4360/kit-rapunzel-colecao-completa-p46395:0
[39198579ms] [VERBOSE] [DOM] Input elements should have autocomplete attributes (suggested: "current-password"): (More info: https://goo.gl/9p2vKq) %o @ http://127.0.0.1:4360/kit-rapunzel-colecao-completa-p46395:0
[39199892ms] [VERBOSE] [DOM] Input elements should have autocomplete attributes (suggested: "current-password"): (More info: https://goo.gl/9p2vKq) %o @ http://127.0.0.1:4360/plot-twist-guava-oil-90-ml-ps-19629-151-p45413:0
[39199892ms] [VERBOSE] [DOM] Input elements should have autocomplete attributes (suggested: "current-password"): (More info: https://goo.gl/9p2vKq) %o @ http://127.0.0.1:4360/plot-twist-guava-oil-90-ml-ps-19629-151-p45413:0
[39200674ms] [ERROR] Failed to load resource: the server responded with a status of 404 () @ https://d1hjvew1n9ss7u.cloudfront.net/Custom/Content:0
[39201971ms] [VERBOSE] [DOM] Input elements should have autocomplete attributes (suggested: "current-password"): (More info: https://goo.gl/9p2vKq) %o @ http://127.0.0.1:4360/login:0
[39201972ms] [VERBOSE] [DOM] Input elements should have autocomplete attributes (suggested: "current-password"): (More info: https://goo.gl/9p2vKq) %o @ http://127.0.0.1:4360/login:0
[39201972ms] [VERBOSE] [DOM] Input elements should have autocomplete attributes (suggested: "current-password"): (More info: https://goo.gl/9p2vKq) %o @ http://127.0.0.1:4360/login:0
[39203242ms] [VERBOSE] [DOM] Input elements should have autocomplete attributes (suggested: "current-password"): (More info: https://goo.gl/9p2vKq) %o @ http://127.0.0.1:4360/carrinho:0
[39203242ms] [VERBOSE] [DOM] Input elements should have autocomplete attributes (suggested: "current-password"): (More info: https://goo.gl/9p2vKq) %o @ http://127.0.0.1:4360/carrinho:0
[39227090ms] [VERBOSE] [DOM] Input elements should have autocomplete attributes (suggested: "current-password"): (More info: https://goo.gl/9p2vKq) %o @ http://127.0.0.1:4360/:0
[39227090ms] [VERBOSE] [DOM] Input elements should have autocomplete attributes (suggested: "current-password"): (More info: https://goo.gl/9p2vKq) %o @ http://127.0.0.1:4360/:0
[39229048ms] [VERBOSE] [DOM] Input elements should have autocomplete attributes (suggested: "current-password"): (More info: https://goo.gl/9p2vKq) %o @ http://127.0.0.1:4360/kits:0
[39229048ms] [VERBOSE] [DOM] Input elements should have autocomplete attributes (suggested: "current-password"): (More info: https://goo.gl/9p2vKq) %o @ http://127.0.0.1:4360/kits:0
[39230992ms] [VERBOSE] [DOM] Input elements should have autocomplete attributes (suggested: "current-password"): (More info: https://goo.gl/9p2vKq) %o @ http://127.0.0.1:4360/tratamentos:0
[39230993ms] [VERBOSE] [DOM] Input elements should have autocomplete attributes (suggested: "current-password"): (More info: https://goo.gl/9p2vKq) %o @ http://127.0.0.1:4360/tratamentos:0
[39232900ms] [VERBOSE] [DOM] Input elements should have autocomplete attributes (suggested: "current-password"): (More info: https://goo.gl/9p2vKq) %o @ http://127.0.0.1:4360/tipos-de-cabelo/liso:0
[39232900ms] [VERBOSE] [DOM] Input elements should have autocomplete attributes (suggested: "current-password"): (More info: https://goo.gl/9p2vKq) %o @ http://127.0.0.1:4360/tipos-de-cabelo/liso:0
[39234816ms] [VERBOSE] [DOM] Input elements should have autocomplete attributes (suggested: "current-password"): (More info: https://goo.gl/9p2vKq) %o @ http://127.0.0.1:4360/tratamentos/finalizacao:0
[39234816ms] [VERBOSE] [DOM] Input elements should have autocomplete attributes (suggested: "current-password"): (More info: https://goo.gl/9p2vKq) %o @ http://127.0.0.1:4360/tratamentos/finalizacao:0
[39236827ms] [VERBOSE] [DOM] Input elements should have autocomplete attributes (suggested: "current-password"): (More info: https://goo.gl/9p2vKq) %o @ http://127.0.0.1:4360/colecoes/rapunzel:0
[39236828ms] [VERBOSE] [DOM] Input elements should have autocomplete attributes (suggested: "current-password"): (More info: https://goo.gl/9p2vKq) %o @ http://127.0.0.1:4360/colecoes/rapunzel:0
[39238780ms] [VERBOSE] [DOM] Input elements should have autocomplete attributes (suggested: "current-password"): (More info: https://goo.gl/9p2vKq) %o @ http://127.0.0.1:4360/lancamentos/embaixadoras:0
[39238781ms] [VERBOSE] [DOM] Input elements should have autocomplete attributes (suggested: "current-password"): (More info: https://goo.gl/9p2vKq) %o @ http://127.0.0.1:4360/lancamentos/embaixadoras:0
[39240757ms] [VERBOSE] [DOM] Input elements should have autocomplete attributes (suggested: "current-password"): (More info: https://goo.gl/9p2vKq) %o @ http://127.0.0.1:4360/promocao/achadinhos:0
[39240757ms] [VERBOSE] [DOM] Input elements should have autocomplete attributes (suggested: "current-password"): (More info: https://goo.gl/9p2vKq) %o @ http://127.0.0.1:4360/promocao/achadinhos:0
[39242659ms] [VERBOSE] [DOM] Input elements should have autocomplete attributes (suggested: "current-password"): (More info: https://goo.gl/9p2vKq) %o @ http://127.0.0.1:4360/volumao-shampoo-250ml-ps-19629-321-p46389:0
[39242660ms] [VERBOSE] [DOM] Input elements should have autocomplete attributes (suggested: "current-password"): (More info: https://goo.gl/9p2vKq) %o @ http://127.0.0.1:4360/volumao-shampoo-250ml-ps-19629-321-p46389:0
[39244787ms] [VERBOSE] [DOM] Input elements should have autocomplete attributes (suggested: "current-password"): (More info: https://goo.gl/9p2vKq) %o @ http://127.0.0.1:4360/kit-rapunzel-colecao-completa-p46395:0
[39244787ms] [VERBOSE] [DOM] Input elements should have autocomplete attributes (suggested: "current-password"): (More info: https://goo.gl/9p2vKq) %o @ http://127.0.0.1:4360/kit-rapunzel-colecao-completa-p46395:0
[39246716ms] [VERBOSE] [DOM] Input elements should have autocomplete attributes (suggested: "current-password"): (More info: https://goo.gl/9p2vKq) %o @ http://127.0.0.1:4360/conteudo/ajuda/entrega-e-envios:0
[39246717ms] [VERBOSE] [DOM] Input elements should have autocomplete attributes (suggested: "current-password"): (More info: https://goo.gl/9p2vKq) %o @ http://127.0.0.1:4360/conteudo/ajuda/entrega-e-envios:0
[39248606ms] [VERBOSE] [DOM] Input elements should have autocomplete attributes (suggested: "current-password"): (More info: https://goo.gl/9p2vKq) %o @ http://127.0.0.1:4360/login:0
[39248607ms] [VERBOSE] [DOM] Input elements should have autocomplete attributes (suggested: "current-password"): (More info: https://goo.gl/9p2vKq) %o @ http://127.0.0.1:4360/login:0
[39248607ms] [VERBOSE] [DOM] Input elements should have autocomplete attributes (suggested: "current-password"): (More info: https://goo.gl/9p2vKq) %o @ http://127.0.0.1:4360/login:0
[39250479ms] [VERBOSE] [DOM] Input elements should have autocomplete attributes (suggested: "current-password"): (More info: https://goo.gl/9p2vKq) %o @ http://127.0.0.1:4360/carrinho:0
[39250479ms] [VERBOSE] [DOM] Input elements should have autocomplete attributes (suggested: "current-password"): (More info: https://goo.gl/9p2vKq) %o @ http://127.0.0.1:4360/carrinho:0
[39264285ms] [VERBOSE] [DOM] Input elements should have autocomplete attributes (suggested: "current-password"): (More info: https://goo.gl/9p2vKq) %o @ http://127.0.0.1:4360/carrinho:0
[39264285ms] [VERBOSE] [DOM] Input elements should have autocomplete attributes (suggested: "current-password"): (More info: https://goo.gl/9p2vKq) %o @ http://127.0.0.1:4360/carrinho:0
[39268155ms] [WARNING] Error with Feature-Policy header: Some features are specified in both Feature-Policy and Permissions-Policy header: payment, fullscreen, microphone, camera. Values defined in Permissions-Policy header will be used. @ :0
[39268758ms] [ERROR] Failed to load resource: the server responded with a status of 500 () @ https://fonts.cdnfonts.com/css/leelawade:0
[39271527ms] [ERROR] Failed to load resource: the server responded with a status of 404 () @ https://lolacosmetics.admin.linxcommerce.com.br/Custom/Content/Themes/Lola/Styles/Fonts/FontAwesome/all.css:0
[39271730ms] [LOG] Banner não encontrado: banner-233 @ https://d1hjvew1n9ss7u.cloudfront.net/asset.axd?id=PAEAAB-LCAAAAAAAAAOtj0EPwUAQhf-KzLnsKqu64iBu4oSbOKzt0G2qKztTkQi_3abi6Ob43vfem8wDLIMGxjuLytwM2eCuPOvZ0gRCnrd86k8hgSaGNr5llFE40CdTEyZQXKP_EtuuRREhaA5tJLcIJqM8VSqfZlIO1VilWRYT9puwhStAjyZqIKM4fm1HoPeP333qLi5bYn8RS98wNix2JV6QxNrXRizOwRRGrLbi88ygIngm_1k8YzCOusXD8w1y8dfTPAEAAA%3d%3d:754
[39271730ms] [LOG] [Debug Carrinho] Polling ativo @ https://d1hjvew1n9ss7u.cloudfront.net/asset.axd?id=PAEAAB-LCAAAAAAAAAOtj0EPwUAQhf-KzLnsKqu64iBu4oSbOKzt0G2qKztTkQi_3abi6Ob43vfem8wDLIMGxjuLytwM2eCuPOvZ0gRCnrd86k8hgSaGNr5llFE40CdTEyZQXKP_EtuuRREhaA5tJLcIJqM8VSqfZlIO1VilWRYT9puwhStAjyZqIKM4fm1HoPeP333qLi5bYn8RS98wNix2JV6QxNrXRizOwRRGrLbi88ygIngm_1k8YzCOusXD8w1y8dfTPAEAAA%3d%3d:1790
[39271750ms] [WARNING] !! Há erros de scripts de terceiros !!
Por favor, contate a Empresa responsável pelo script.  @ https://d1hjvew1n9ss7u.cloudfront.net/assets/shjs.js?t=639255987001545277:0
[39271751ms] Uncaught Error: You must pass a string or Handlebars AST to Handlebars.compile. You passed null
    at e.compile (https://d1hjvew1n9ss7u.cloudfront.net/asset.axd?id=PAEAAB-LCAAAAAAAAAOtj0EPwUAQhf-KzLnsKqu64iBu4oSbOKzt0G2qKztTkQi_3abi6Ob43vfem8wDLIMGxjuLytwM2eCuPOvZ0gRCnrd86k8hgSaGNr5llFE40CdTEyZQXKP_EtuuRREhaA5tJLcIJqM8VSqfZlIO1VilWRYT9puwhStAjyZqIKM4fm1HoPeP333qLi5bYn8RS98wNix2JV6QxNrXRizOwRRGrLbi88ygIngm_1k8YzCOusXD8w1y8dfTPAEAAA%3d%3d:1794:49302)
    at i.compile (https://d1hjvew1n9ss7u.cloudfront.net/asset.axd?id=PAEAAB-LCAAAAAAAAAOtj0EPwUAQhf-KzLnsKqu64iBu4oSbOKzt0G2qKztTkQi_3abi6Ob43vfem8wDLIMGxjuLytwM2eCuPOvZ0gRCnrd86k8hgSaGNr5llFE40CdTEyZQXKP_EtuuRREhaA5tJLcIJqM8VSqfZlIO1VilWRYT9puwhStAjyZqIKM4fm1HoPeP333qLi5bYn8RS98wNix2JV6QxNrXRizOwRRGrLbi88ygIngm_1k8YzCOusXD8w1y8dfTPAEAAA%3d%3d:1794:343)
    at renderBasket (https://d1hjvew1n9ss7u.cloudfront.net/asset.axd?id=PAEAAB-LCAAAAAAAAAOtj0EPwUAQhf-KzLnsKqu64iBu4oSbOKzt0G2qKztTkQi_3abi6Ob43vfem8wDLIMGxjuLytwM2eCuPOvZ0gRCnrd86k8hgSaGNr5llFE40CdTEyZQXKP_EtuuRREhaA5tJLcIJqM8VSqfZlIO1VilWRYT9puwhStAjyZqIKM4fm1HoPeP333qLi5bYn8RS98wNix2JV6QxNrXRizOwRRGrLbi88ygIngm_1k8YzCOusXD8w1y8dfTPAEAAA%3d%3d:29:27)
    at <anonymous> (https://d1hjvew1n9ss7u.cloudfront.net/asset.axd?id=PAEAAB-LCAAAAAAAAAOtj0EPwUAQhf-KzLnsKqu64iBu4oSbOKzt0G2qKztTkQi_3abi6Ob43vfem8wDLIMGxjuLytwM2eCuPOvZ0gRCnrd86k8hgSaGNr5llFE40CdTEyZQXKP_EtuuRREhaA5tJLcIJqM8VSqfZlIO1VilWRYT9puwhStAjyZqIKM4fm1HoPeP333qLi5bYn8RS98wNix2JV6QxNrXRizOwRRGrLbi88ygIngm_1k8YzCOusXD8w1y8dfTPAEAAA%3d%3d:220:1)
    at f (https://d1hjvew1n9ss7u.cloudfront.net/assets/shjs.js?t=639255987001545277:0:10382)
    at fireWith (https://d1hjvew1n9ss7u.cloudfront.net/assets/shjs.js?t=639255987001545277:0:11137)
    at ready (https://d1hjvew1n9ss7u.cloudfront.net/assets/shjs.js?t=639255987001545277:0:5238)
    at r (https://d1hjvew1n9ss7u.cloudfront.net/assets/shjs.js?t=639255987001545277:0:9748)
[39272604ms] [ERROR] Failed to load resource: net::ERR_NAME_NOT_RESOLVED @ https://event.getblue.io/js/blue-tag.min.js:0
[39272893ms] [WARNING] [Meta Pixel] - Invalid parameter format for currency. Please refer https://developers.facebook.com/docs/meta-pixel/reference/ for valid parameter specifications. @ https://connect.facebook.net/en_US/fbevents.js:203
[39273445ms] [LOG] AffiseStorage availability: {cookie: true, localStorage: true, sessionStorage: true} @ https://rankmediabrasil.g2afse.com/websdk.js:0
[39273447ms] [LOG] Status RNK Media - ClickId: null UTM: null @ :3
[39273753ms] Uncaught TypeError: Cannot read properties of undefined (reading 'replace')
    at validaFreteGratis (https://d1hjvew1n9ss7u.cloudfront.net/asset.axd?id=PAEAAB-LCAAAAAAAAAOtj0EPwUAQhf-KzLnsKqu64iBu4oSbOKzt0G2qKztTkQi_3abi6Ob43vfem8wDLIMGxjuLytwM2eCuPOvZ0gRCnrd86k8hgSaGNr5llFE40CdTEyZQXKP_EtuuRREhaA5tJLcIJqM8VSqfZlIO1VilWRYT9puwhStAjyZqIKM4fm1HoPeP333qLi5bYn8RS98wNix2JV6QxNrXRizOwRRGrLbi88ygIngm_1k8YzCOusXD8w1y8dfTPAEAAA%3d%3d:1:7633)
    at <anonymous> (https://d1hjvew1n9ss7u.cloudfront.net/asset.axd?id=PAEAAB-LCAAAAAAAAAOtj0EPwUAQhf-KzLnsKqu64iBu4oSbOKzt0G2qKztTkQi_3abi6Ob43vfem8wDLIMGxjuLytwM2eCuPOvZ0gRCnrd86k8hgSaGNr5llFE40CdTEyZQXKP_EtuuRREhaA5tJLcIJqM8VSqfZlIO1VilWRYT9puwhStAjyZqIKM4fm1HoPeP333qLi5bYn8RS98wNix2JV6QxNrXRizOwRRGrLbi88ygIngm_1k8YzCOusXD8w1y8dfTPAEAAA%3d%3d:1:49808)
    at dispatch (https://d1hjvew1n9ss7u.cloudfront.net/assets/shjs.js?t=639255987001545277:0:32701)
    at a (https://d1hjvew1n9ss7u.cloudfront.net/assets/shjs.js?t=639255987001545277:0:28480)
[39273753ms] [LOG] Banner não encontrado: banner-233 @ https://d1hjvew1n9ss7u.cloudfront.net/asset.axd?id=PAEAAB-LCAAAAAAAAAOtj0EPwUAQhf-KzLnsKqu64iBu4oSbOKzt0G2qKztTkQi_3abi6Ob43vfem8wDLIMGxjuLytwM2eCuPOvZ0gRCnrd86k8hgSaGNr5llFE40CdTEyZQXKP_EtuuRREhaA5tJLcIJqM8VSqfZlIO1VilWRYT9puwhStAjyZqIKM4fm1HoPeP333qLi5bYn8RS98wNix2JV6QxNrXRizOwRRGrLbi88ygIngm_1k8YzCOusXD8w1y8dfTPAEAAA%3d%3d:754
[39274066ms] [LOG] %c Widde Video Commerce %c v24604ee %c Build: 21/09/2026 20:39 %c border: 1px solid #2567f8; background: #2567f8; color: #fff; font-weight: bold; padding: 4px 8px; border-radius: 3px 0 0 0; border: 1px solid #2567f8; border-left: none; background: #FFF; color: #2567f8; font-weight: bold; padding: 4px 8px; border: 1px solid #2567f8; border-left: none; background: #f0f0f0; color: #333; font-weight: bold; padding: 4px 8px; border-radius: 0 3px 3px 0; background: transparent @ https://cdn.widde.io/assets/main.utzwjalemu.js:0
[39274404ms] [LOG] %c Tryon Widde.io %c %s %c border: 1px solid #2567f8; background: #2567f8; color: #fff; font-weight: bold; padding: 4px 8px; border-radius: 3px 0 0 3px; border: 1px solid #2567f8; background: #FFF; color: #2567f8; font-weight: bold; padding: 4px 8px; border-radius: 0 3px 3px 0; 47bf7c2 background: transparent @ https://cdn-tryon.widde.io/widde-tryon.js:86
[39274413ms] [LOG] [tryon-tracker] initialized {domain: www.lolacosmetics.com.br} @ https://cdn-tryon.widde.io/widde-tryon.js:8
[39280759ms] [WARNING] The resource https://fonts.cdnfonts.com/css/leelawade was preloaded using link preload but not used within a few seconds from the window's load event. Please make sure it has an appropriate `as` value and it is preloaded intentionally. @ https://www.lolacosmetics.com.br/carrinho:0
[39286483ms] [WARNING] The resource https://fonts.cdnfonts.com/css/leelawade was preloaded using link preload but not used within a few seconds from the window's load event. Please make sure it has an appropriate `as` value and it is preloaded intentionally. @ https://www.lolacosmetics.com.br/carrinho:0
[39319706ms] [VERBOSE] [DOM] Input elements should have autocomplete attributes (suggested: "current-password"): (More info: https://goo.gl/9p2vKq) %o @ http://127.0.0.1:4360/carrinho:0
[39319706ms] [VERBOSE] [DOM] Input elements should have autocomplete attributes (suggested: "current-password"): (More info: https://goo.gl/9p2vKq) %o @ http://127.0.0.1:4360/carrinho:0
